Date,A,ABBV,ACN,ADSK,AEE,AEP,AJG,ALL,AMAT,AME,AMGN,AMP,AMT,AON,APD,APH,AVB,AVGO,AXON,AXP,AZO,BDX,BKNG,BKR,BLK,BRK-B,CAH,CARR,CAT,CCI,CCL,CL,CMI,CMS,COR,CSCO,CSX,CTAS,CTSH,CVS,CVX,DASH,DECK,DHR,DOV,ECL,EIX,EL,ELV,EQIX,EQR,FAST,FISV,FTV,GD,GE,GLW,GM,GOOG,GRMN,HAL,HCA,HD,HIG,HUM,IBM,ICE,ITW,JPM,KDP,KLAC,KMI,KO,LEN,LH,LHX,LIN,LMT,MA,MAA,MAR,MCK,MDT,MET,MLM,MMM,MPC,MS,MSFT,MTD,NKE,NVDA,NVR,ORCL,ORLY,OTIS,PAYX,PEP,PFE,PFG,PG,PGR,PH,PM,PPL,PSX,PTC,QCOM,RCL,REGN,RF,RL,ROK,RSG,RTX,SHW,SLB,SNPS,SPGI,SRE,STT,STX,SYK,T,TEL,TFC,TJX,TMUS,TPR,TT,UNH,UNP,UPS,USB,V,VMC,VZ,WAB,WEC,WM,WSM,XOM,ZTS
2025-01-02,131.80958557128906,169.37318420410156,336.96624755859375,293.32000732421875,85.2698974609375,87.51130676269531,271.75732421875,186.3255157470703,161.84259033203125,176.59202575683594,247.50936889648438,519.8168334960938,171.52464294433594,351.9208679199219,272.5210266113281,68.24488830566406,205.29432678222656,229.05873107910156,596.489990234375,292.8649597167969,3250.0,171.96922302246094,194.62416076660156,40.40212631225586,985.8882446289062,451.1000061035156,116.02224731445312,66.88111114501953,352.2652282714844,82.87142944335938,24.743371963500977,86.83360290527344,338.624267578125,63.58007049560547,222.12628173828125,56.786293029785156,31.452587127685547,179.7089080810547,74.28954315185547,41.69453430175781,137.59178161621094,170.64999389648438,204.5399932861328,227.41778564453125,182.71148681640625,227.34817504882812,72.73148345947266,72.19132995605469,355.24090576171875,913.5386962890625,65.7286605834961,34.44028854370117,205.97999572753906,55.707881927490234,252.4275665283203,167.1824951171875,45.68341064453125,50.61367416381836,189.64291381835938,199.63307189941406,26.686519622802734,294.5042724609375,373.6907653808594,106.26854705810547,247.3252716064453,211.62738037109375,146.64724731445312,240.91664123535156,231.73416137695312,30.087472915649414,62.9601936340332,26.420440673828125,59.274898529052734,125.90435028076172,224.50450134277344,201.93801879882812,406.01531982421875,462.95489501953125,516.8804931640625,141.2959442138672,270.7382507324219,562.7335815429688,76.44755554199219,78.310546875,506.28118896484375,126.07596588134766,137.20265197753906,120.0704574584961,413.6726379394531,1220.780029296875,70.87034606933594,138.1037139892578,7989.89013671875,162.82432556152344,79.1806640625,89.65963745117188,131.2190704345703,141.66856384277344,24.009389877319336,73.24955749511719,159.36758422851562,221.53659057617188,620.878173828125,114.97925567626953,30.690963745117188,108.5838623046875,183.00999450683594,148.7679443359375,223.75575256347656,709.3313598632812,21.87052345275879,227.48748779296875,274.5706787109375,196.8717803955078,113.0388412475586,328.6377258300781,36.81039047241211,482.75,463.18145751953125,83.18951416015625,94.00382995605469,84.53765869140625,353.52996826171875,21.091812133789062,137.99053955078125,40.449913024902344,118.9397201538086,213.96224975585938,64.23131561279297,369.4204406738281,485.81109619140625,221.4661865234375,112.41450500488281,44.983909606933594,310.8957214355469,252.7057647705078,35.81977462768555,187.56288146972656,89.369873046875,195.9672088623047,182.82005310058594,102.1324234008789,158.0016326904297
2025-01-03,134.04217529296875,171.05332946777344,341.8253173828125,294.05999755859375,85.13574981689453,87.61600494384766,276.1997375488281,185.8401641845703,167.95602416992188,177.81991577148438,249.36129760742188,525.5843505859375,172.97430419921875,350.9294738769531,273.1174621582031,69.32279968261719,207.28041076660156,229.62156677246094,601.0599975585938,298.1275634765625,3268.780029296875,173.46498107910156,193.7769775390625,41.47148132324219,989.2120361328125,453.55999755859375,117.28059387207031,67.79138946533203,356.2013854980469,83.54918670654297,24.120086669921875,86.45001220703125,345.15032958984375,63.65652084350586,226.534423828125,56.941078186035156,31.628625869750977,183.41973876953125,74.26036834716797,43.156009674072266,138.66091918945312,174.9600067138672,207.25,232.39541625976562,185.06378173828125,228.33265686035156,72.54057312011719,70.41533660888672,360.80511474609375,928.7671508789062,66.50724029541016,34.72119903564453,208.57000732421875,56.823387145996094,254.70993041992188,170.52438354492188,46.456050872802734,51.007781982421875,192.12998962402344,202.17056274414062,26.638402938842773,293.46575927734375,374.3833923339844,106.71685028076172,256.9383239746094,214.23492431640625,147.13824462890625,243.09425354003906,234.9011993408203,30.097015380859375,64.9767074584961,26.570819854736328,59.18863296508789,127.3192367553711,225.44898986816406,204.26551818847656,405.3585205078125,462.5420837402344,515.8514404296875,143.6961212158203,271.5570068359375,573.8946533203125,77.14322662353516,78.7223129272461,512.3400268554688,126.2412109375,138.41476440429688,121.18668365478516,418.38671875,1238.280029296875,70.52404022216797,144.25454711914062,8070.60009765625,163.10874938964844,80.28133392333984,90.29147338867188,132.32754516601562,141.140380859375,23.99134635925293,73.74174499511719,158.55145263671875,222.98191833496094,628.92626953125,115.8527603149414,30.77680015563965,110.17830657958984,184.5399932861328,152.8250732421875,223.67759704589844,712.2671508789062,22.209016799926758,230.36595153808594,276.42791748046875,197.80645751953125,112.90242004394531,331.9718017578125,36.99252700805664,493.7099914550781,466.9859924316406,83.7051010131836,93.735107421875,87.23847198486328,356.2894287109375,20.94399642944336,139.71737670898438,41.16872787475586,118.52738189697266,213.5529022216797,65.3470230102539,376.6044921875,493.9864196777344,223.7666778564453,112.3418960571289,45.92382049560547,311.4000549316406,254.248291015625,35.86431884765625,189.0318603515625,89.1797103881836,197.05191040039062,187.84017944335938,102.6558837890625,158.68179321289062
2025-01-06,134.77316284179688,169.9961700439453,339.39093017578125,292.510009765625,83.23853302001953,85.96932983398438,272.2793884277344,180.46250915527344,175.2842254638672,177.68128967285156,246.85069274902344,520.6505737304688,170.79505920410156,345.46697998046875,272.4729309082031,70.34139251708984,201.237060546875,233.43295288085938,570.7100219726562,296.9471435546875,3293.4599609375,175.165771484375,194.0116729736328,41.63674545288086,981.37255859375,451.4100036621094,117.60498809814453,67.25304412841797,356.6028137207031,82.20297241210938,23.872753143310547,83.94715118408203,348.74456787109375,62.519283294677734,226.2181396484375,56.85401153564453,31.296106338500977,182.67953491210938,73.80342102050781,43.203155517578125,138.1075897216797,175.02000427246094,208.47000122070312,235.720458984375,185.06378173828125,227.7912139892578,71.30429077148438,71.7912368774414,368.6609191894531,909.4462280273438,64.15274047851562,34.8568115234375,205.6300048828125,57.28755569458008,249.50689697265625,171.01028442382812,47.277587890625,52.74186706542969,196.9349822998047,202.834228515625,26.61915397644043,293.6833190917969,374.5661926269531,105.88845825195312,258.7200012207031,214.2541961669922,143.93702697753906,241.23460388183594,233.75595092773438,29.658061981201172,68.26901245117188,26.157270431518555,58.287628173828125,126.55087280273438,226.20655822753906,198.9482879638672,404.7801513671875,447.3550720214844,506.5210876464844,138.79380798339844,268.93292236328125,576.8662719726562,76.08541870117188,78.51165008544922,513.0340576171875,126.64945983886719,136.27171325683594,123.78477478027344,422.8339538574219,1252.25,69.2638168334961,149.20713806152344,7988.669921875,162.49090576171875,80.697998046875,89.70825958251953,128.90733337402344,137.95260620117188,24.26202392578125,73.65655517578125,154.20191955566406,220.56077575683594,632.2005615234375,114.88431549072266,30.26178741455078,109.30516052246094,184.8300018310547,154.78103637695312,223.15975952148438,710.3926391601562,22.359458923339844,238.68699645996094,275.12786865234375,197.71792602539062,111.1777572631836,333.2344970703125,37.15549087524414,501.05999755859375,461.9569091796875,80.68802642822266,94.4645004272461,87.19933319091797,356.1317443847656,20.87932586669922,140.73780822753906,41.16872787475586,118.67465209960938,206.9935760498047,66.21804809570312,378.98602294921875,494.6315612792969,222.32644653320312,112.72306060791016,45.80162811279297,309.5509033203125,254.49549865722656,35.285282135009766,190.79861450195312,87.591796875,197.1593780517578,195.26800537109375,102.54167175292969,161.19839477539062
2025-01-07,135.74130249023438,169.45816040039062,344.2789611816406,290.82000732421875,84.28296661376953,86.11210632324219,275.5791320800781,180.5886688232422,175.62001037597656,176.948486328125,250.16314697265625,518.7084350585938,167.86732482910156,345.4372253417969,275.44549560546875,70.667724609375,199.77114868164062,225.76077270507812,562.030029296875,297.0848388671875,3259.909912109375,176.26673889160156,189.51918029785156,42.190860748291016,950.383056640625,452.9200134277344,119.34503936767578,66.76364135742188,355.4278259277344,81.20025634765625,23.585844039916992,83.80329895019531,350.6341552734375,62.796424865722656,231.51580810546875,57.0088005065918,31.48192596435547,186.25218200683594,73.52145385742188,43.16543960571289,140.29275512695312,170.0,205.10000610351562,236.61106872558594,185.01458740234375,227.85028076171875,71.09114837646484,72.37672424316406,369.7290954589844,909.5140380859375,63.27098846435547,35.02147674560547,203.82000732421875,57.38488006591797,251.11227416992188,170.87144470214844,46.79835510253906,51.21468734741211,195.69146728515625,203.5369415283203,26.705768585205078,304.8502502441406,369.6216125488281,106.2490463256836,261.5783996582031,215.4954376220703,143.79953002929688,239.5291290283203,236.00759887695312,29.27635955810547,68.17012023925781,26.138469696044922,58.31637954711914,124.7518539428711,231.30288696289062,197.69203186035156,406.7799987792969,445.39666748046875,505.9967041015625,137.3944549560547,266.1313781738281,581.646728515625,76.114013671875,78.65528869628906,504.38720703125,129.0601806640625,137.36749267578125,122.09120178222656,417.4181823730469,1254.989990234375,69.35039520263672,139.93099975585938,7897.0,158.9015655517578,79.98133087158203,89.54302215576172,131.93910217285156,137.13204956054688,24.478567123413086,74.11087036132812,154.8740234375,223.0371551513672,626.509765625,115.26409912109375,30.5192928314209,109.32414245605469,183.08999633789062,155.42977905273438,220.15057373046875,724.317626953125,22.42527961730957,238.25473022460938,274.9812316894531,199.78416442871094,111.8598403930664,329.86090087890625,37.740234375,487.6199951171875,459.3020935058594,80.42068481445312,93.7831039428711,87.67881774902344,350.0411682128906,20.509780883789062,141.05177307128906,41.04737091064453,117.9481430053711,206.95458984375,65.92445373535156,375.46807861328125,495.19012451171875,222.83876037597656,113.4218521118164,45.773433685302734,308.19622802734375,249.156005859375,34.670616149902344,187.73162841796875,88.60919952392578,198.752197265625,190.44284057617188,103.50294494628906,158.856689453125
2025-01-08,135.33624267578125,168.4859161376953,345.573486328125,296.3699951171875,85.50945281982422,87.8158950805664,281.2233581542969,186.17991638183594,174.80029296875,176.71083068847656,252.2155303955078,524.6917114257812,169.78125,349.4126892089844,274.406494140625,71.03363800048828,200.8492889404297,226.42234802246094,577.3400268554688,297.9012756347656,3303.35009765625,177.99789428710938,192.53500366210938,42.2297477722168,955.5576171875,451.8399963378906,120.4559097290039,66.9985580444336,353.5381164550781,81.2374038696289,23.92222023010254,83.87041473388672,350.41009521484375,63.360267639160156,235.06405639648438,57.269996643066406,31.491708755493164,190.13079833984375,73.91036224365234,43.38230514526367,140.95864868164062,173.72000122070312,207.52000427246094,235.61158752441406,184.2666015625,230.93173217773438,63.85157775878906,71.87907409667969,372.14697265625,920.12744140625,63.33665084838867,35.32661056518555,205.22999572753906,57.459747314453125,252.87242126464844,171.44664001464844,46.680992126464844,50.24911880493164,194.3782501220703,206.3086395263672,26.012863159179688,307.85711669921875,372.47869873046875,106.63888549804688,262.4790344238281,214.7449188232422,143.92721557617188,238.58485412597656,235.96881103515625,29.696229934692383,67.86353302001953,26.589618682861328,59.150291442871094,125.12664794921875,230.52565002441406,201.7335205078125,411.7403564453125,450.09100341796875,510.9438781738281,138.3953094482422,269.83062744140625,586.635986328125,78.79186248779297,79.30643463134766,512.9151611328125,130.77099609375,138.01718139648438,123.03421783447266,419.5824890136719,1246.510009765625,68.58079528808594,139.9010467529297,8005.9501953125,159.9901580810547,80.3826675415039,89.22222900390625,132.8770751953125,138.2072296142578,24.234956741333008,74.13927459716797,155.64215087890625,224.2430877685547,632.693603515625,115.70085144042969,30.681427001953125,110.33015441894531,184.36000061035156,154.03543090820312,221.9971160888672,727.5806274414062,22.397069931030273,238.77540588378906,273.2705993652344,203.63128662109375,112.95114135742188,332.958251953125,37.20342254638672,502.0,463.5179443359375,79.0744400024414,93.79270935058594,86.788330078125,358.8321228027344,20.491304397583008,140.992919921875,41.0286979675293,119.43059539794922,210.05397033691406,67.06951904296875,381.5355224609375,505.0794982910156,224.0760040283203,115.03722381591797,45.604248046875,309.1158142089844,252.41900634765625,34.688438415527344,189.84576416015625,90.09251403808594,201.86949157714844,189.68251037597656,101.770751953125,160.3433380126953
2025-01-10,135.80055236816406,165.34274291992188,337.9032897949219,284.9599914550781,84.35961151123047,89.00566864013672,282.7107238769531,175.68666076660156,169.5263214111328,174.43324279785156,250.32546997070312,505.6139831542969,164.3521270751953,346.49798583984375,281.9388427734375,69.42168426513672,199.33609008789062,221.4853057861328,570.0,288.5072937011719,3251.320068359375,177.42083740234375,187.28460693359375,42.05476379394531,926.0410766601562,442.6600036621094,119.51215362548828,65.09969329833984,343.6781921386719,78.2942886352539,24.011260986328125,82.81556701660156,345.6665344238281,62.203914642333984,233.443115234375,56.824989318847656,31.080947875976562,186.82460021972656,73.22978973388672,45.26807403564453,143.62213134765625,170.1199951171875,207.5,232.62301635742188,180.74305725097656,226.15695190429688,59.71730041503906,71.67413330078125,370.1175231933594,870.5819702148438,62.830108642578125,34.692138671875,200.50999450683594,56.35921096801758,250.85118103027344,170.25662231445312,46.08439636230469,49.116050720214844,192.16976928710938,204.13226318359375,25.95511817932129,299.5190124511719,375.06640625,103.60792541503906,263.369873046875,211.4445343017578,140.2251739501953,235.97360229492188,232.80479431152344,28.990087509155273,67.5530014038086,26.467432022094727,58.536842346191406,121.39739227294922,228.2529754638672,202.83395385742188,405.9957275390625,449.322998046875,500.07373046875,137.32958984375,267.09814453125,578.1682739257812,76.86686706542969,76.845458984375,504.4466857910156,127.54376983642578,137.95899963378906,118.79066467285156,414.0382995605469,1210.989990234375,68.49420928955078,135.7073211669922,7845.22021484375,151.88937377929688,79.83999633789062,88.23076629638672,131.74961853027344,134.52899169921875,24.108638763427734,72.25572204589844,152.24317932128906,221.07167053222656,621.3909912109375,111.2289047241211,30.26178741455078,108.1282958984375,182.3800048828125,152.00201416015625,221.73333740234375,691.17138671875,21.68246841430664,233.1658172607422,267.2491455078125,202.97203063964844,112.1618881225586,325.6784362792969,37.02128219604492,492.5400085449219,451.23504638671875,75.16942596435547,90.12659454345703,86.9644775390625,360.36956787109375,20.29295539855957,138.2554473876953,39.93647003173828,117.8696060180664,205.9409942626953,65.71891784667969,372.66168212890625,501.3913879394531,217.6868133544922,111.87905883789062,44.53275680541992,304.2803039550781,248.86924743652344,34.278656005859375,187.46360778808594,88.8183822631836,202.5242156982422,192.00247192382812,101.39956665039062,158.6915283203125
2025-01-13,140.22613525390625,166.82464599609375,337.2753601074219,284.82000732421875,85.09741973876953,89.98605346679688,281.5287170410156,177.19122314453125,168.74610900878906,174.77984619140625,257.9241027832031,507.68359375,167.64938354492188,351.6234436035156,290.2696228027344,67.58232116699219,204.07431030273438,222.45298767089844,568.6799926757812,292.16656494140625,3239.6201171875,179.33421325683594,188.24679565429688,43.58102798461914,925.4306640625,443.9100036621094,118.81417083740234,65.68697357177734,354.9382629394531,79.59408569335938,23.635311126708984,83.52519989013672,351.6958312988281,62.10834503173828,233.34426879882812,56.844337463378906,31.18852424621582,188.1076202392578,74.55204010009766,48.57761764526367,145.6947784423828,168.3699951171875,204.58999633789062,237.38296508789062,183.8040008544922,229.83895874023438,52.61553955078125,73.1866683959961,385.0134582519531,870.4078369140625,64.92193603515625,35.302391052246094,201.52999877929688,56.96562957763672,255.00013732910156,170.13763427734375,45.5562744140625,49.19487380981445,191.29432678222656,203.42955017089844,26.75388526916504,304.8205871582031,374.3833923339844,104.74820709228516,281.3037109375,209.18338012695312,141.29550170898438,240.5986785888672,237.01699829101562,29.37178611755371,68.33724975585938,26.805795669555664,59.0927848815918,123.29013061523438,230.31906127929688,208.32647705078125,413.13232421875,463.8284912109375,500.3115539550781,139.1830291748047,268.607421875,581.48779296875,77.94371032714844,78.4350357055664,508.899169921875,130.83905029296875,142.30325317382812,119.3102798461914,412.2989501953125,1267.219970703125,69.34078216552734,133.03131103515625,7962.0,151.3191680908203,80.6760025024414,88.60986328125,133.14236450195312,136.2832489013672,24.18082046508789,73.63762664794922,152.51202392578125,221.23117065429688,629.2318725585938,111.60870361328125,30.214099884033203,110.07391357421875,182.4199981689453,152.14727783203125,222.0068817138672,711.0274658203125,22.209016799926758,232.34059143066406,269.3312683105469,203.88710021972656,114.72452545166016,331.5575256347656,38.20037078857422,487.42999267578125,451.1134948730469,73.46037292480469,90.64484405517578,87.02318572998047,355.75726318359375,20.171329498291016,138.50074768066406,40.253868103027344,117.70270538330078,208.04620361328125,65.32745361328125,372.52337646484375,521.0834350585938,219.18502807617188,113.44908142089844,45.48206329345703,303.4991149902344,253.16062927246094,34.5597038269043,190.4114990234375,89.27478790283203,202.79782104492188,190.33560180664062,104.01689147949219,161.6064910888672
2025-01-14,141.6881561279297,165.701416015625,337.1304626464844,286.8699951171875,85.66276550292969,89.947998046875,284.7792663574219,181.33612060546875,171.50160217285156,177.4040069580078,254.97434997558594,516.5897216796875,169.41172790527344,359.5247497558594,296.2532653808594,69.49092102050781,206.3724822998047,221.87039184570312,579.7999877929688,295.45196533203125,3227.800048828125,179.03810119628906,188.83596801757812,43.814334869384766,933.337890625,450.0299987792969,121.93051147460938,66.94961547851562,363.8190612792969,80.466796875,24.248703002929688,84.07180786132812,354.79327392578125,62.653076171875,237.25823974609375,57.395755767822266,31.433029174804688,189.76565551757812,75.02845764160156,48.624759674072266,147.14842224121094,169.3300018310547,206.13999938964844,235.146484375,185.82167053222656,230.27212524414062,53.68125534057617,72.08399200439453,381.7798767089844,868.8985595703125,65.58795166015625,35.71406555175781,204.47000122070312,57.90894317626953,256.4023742675781,175.3834686279297,46.38758850097656,50.19000244140625,190.06076049804688,207.1675262451172,27.138837814331055,302.4566345214844,377.8465270996094,106.60964965820312,276.6734313964844,209.5201416015625,142.63101196289062,243.74949645996094,240.1809539794922,29.715316772460938,69.35293579101562,27.369733810424805,59.46660614013672,126.6633071899414,230.71258544921875,209.27114868164062,418.87701416015625,465.0764465332031,504.38409423828125,140.2765350341797,272.6914367675781,590.0846557617188,81.24101257324219,80.2735824584961,513.341552734375,133.37612915039062,144.89234924316406,119.91651153564453,410.79681396484375,1271.3599853515625,68.4653549194336,131.56349182128906,8143.64013671875,153.66880798339844,80.28866577148438,89.21250915527344,134.2603302001953,136.70765686035156,23.828935623168945,74.62198638916016,153.3761749267578,224.965576171875,638.1281127929688,112.48218536376953,30.500215530395508,111.2982177734375,185.5,154.47117614746094,224.44943237304688,685.2105102539062,22.56631851196289,233.3524932861328,270.7486572265625,203.67062377929688,116.41022491455078,337.0025634765625,38.219539642333984,490.3599853515625,452.870849609375,74.57745361328125,91.59495544433594,89.27388000488281,357.5509338378906,20.395870208740234,140.2079620361328,40.991355895996094,117.0645523071289,208.74790954589844,66.21804809570312,378.1855773925781,523.587158203125,221.71749877929688,114.20230865478516,46.11180114746094,305.6449279785156,257.1553649902344,34.70475769042969,196.62489318847656,89.93087005615234,202.44602966308594,187.74270629882812,104.42613220214844,159.75064086914062
2025-01-15,140.50271606445312,163.26226806640625,337.8453369140625,290.94000244140625,87.31086730957031,90.53812408447266,285.8430480957031,182.52037048339844,176.17308044433594,178.3051300048828,256.7308654785156,526.96728515625,170.85191345214844,358.06744384765625,295.2334899902344,70.16337585449219,205.3321533203125,225.1288299560547,580.0,307.216552734375,3206.050048828125,176.600830078125,190.8445281982422,44.44622802734375,981.7988891601562,458.510009765625,122.59900665283203,67.34113311767578,367.0698547363281,80.43895721435547,24.674118041992188,84.2540054321289,351.4328308105469,63.65652084350586,234.9059295654297,58.024566650390625,31.745986938476562,193.14089965820312,75.62151336669922,49.16220474243164,148.4895782470703,171.19000244140625,203.72999572753906,235.4928436279297,187.73104858398438,232.88101196289062,56.3180046081543,72.71826934814453,378.0219421386719,870.756103515625,65.15644836425781,35.97075271606445,204.25,58.30573272705078,257.34051513671875,178.78480529785156,47.73725891113281,50.938812255859375,195.9600372314453,208.3191375732422,27.82211685180664,302.91162109375,390.6505126953125,108.40288543701172,273.5995788574219,211.71395874023438,145.56707763671875,244.5492401123047,244.91722106933594,29.55309295654297,70.83541107177734,27.670499801635742,59.207801818847656,129.83973693847656,233.4673614501953,208.5407257080078,419.55340576171875,464.6060485839844,517.5927124023438,139.90679931640625,272.31658935546875,579.8677368164062,81.38395690917969,81.3269271850586,526.83740234375,133.93019104003906,147.3456573486328,125.62271118164062,421.3119812011719,1279.72998046875,68.3691635131836,136.03684997558594,8259.080078125,155.635009765625,80.26933288574219,89.66936492919922,136.6857452392578,136.5473175048828,23.657506942749023,75.79563903808594,153.28976440429688,227.50836181640625,647.310302734375,112.52017211914062,30.624202728271484,112.94011688232422,185.3699951171875,159.19642639160156,227.13621520996094,697.667724609375,23.22450065612793,232.55674743652344,269.8981628417969,206.38623046875,116.03994750976562,342.2207946777344,38.95766067504883,507.19000244140625,464.1349792480469,78.69254302978516,95.7505111694336,92.31719207763672,363.27691650390625,20.49878692626953,140.76722717285156,42.372982025146484,116.93693542480469,208.7674102783203,66.2082748413086,380.99200439453125,523.2789916992188,223.14805603027344,115.68156433105469,47.84122848510742,312.7547912597656,265.1843566894531,34.614097595214844,198.798583984375,90.8722152709961,203.25709533691406,193.5231170654297,106.12976837158203,162.43238830566406
2025-01-16,142.96249389648438,165.50132751464844,340.0863037109375,290.0799865722656,89.93631744384766,92.1562271118164,291.35919189453125,185.5004119873047,184.17286682128906,179.09735107421875,257.1985778808594,535.9715576171875,180.08999633789062,364.9377136230469,300.1973571777344,69.08545684814453,206.0792999267578,226.52110290527344,585.8400268554688,306.3902893066406,3193.9599609375,179.41775512695312,192.24179077148438,45.03922653198242,964.8796997070312,462.80999755859375,124.8797378540039,68.26119995117188,372.6117248535156,84.16195678710938,24.782943725585938,84.9252700805664,356.8192443847656,65.0040054321289,238.0884552001953,57.869781494140625,32.244773864746094,195.460205078125,75.28123474121094,48.99248504638672,149.47430419921875,170.85000610351562,208.22000122070312,239.38192749023438,191.41204833984375,235.44068908691406,56.189388275146484,76.18243408203125,374.1085510253906,889.9899291992188,65.89749145507812,36.212913513183594,206.25999450683594,58.91963577270508,259.9904479980469,178.2394256591797,48.15781021118164,51.076751708984375,193.40333557128906,209.40243530273438,28.16857147216797,306.06683349609375,393.76727294921875,109.61136627197266,269.98736572265625,214.2445831298828,147.52120971679688,246.60157775878906,246.78067016601562,29.84891128540039,73.90222930908203,28.253231048583984,59.66789627075195,131.82614135742188,234.91360473632812,212.7672576904297,423.9745788574219,467.38043212890625,518.3755493164062,141.0019989013672,272.2672424316406,591.53564453125,83.06118774414062,82.2461929321289,526.7779541015625,135.2910919189453,147.10325622558594,130.68417358398438,419.6022644042969,1297.52001953125,68.40763854980469,133.3708038330078,8355.8095703125,156.84420776367188,80.31466674804688,90.59278869628906,139.12063598632812,138.2072296142578,23.901119232177734,76.7989273071289,154.10589599609375,230.38893127441406,649.6181030273438,113.7449722290039,31.635156631469727,113.53804016113281,186.97000122070312,156.31089782714844,227.91783142089844,687.55126953125,23.055253982543945,233.53915405273438,274.6390686035156,208.51148986816406,117.37486267089844,349.3625183105469,39.389034271240234,515.8099975585938,472.21136474609375,80.1915283203125,96.44151306152344,93.03153228759766,376.2662048339844,20.601701736450195,140.98309326171875,41.990234375,119.16551971435547,210.2781219482422,68.14607238769531,384.26287841796875,491.66571044921875,227.04345703125,117.92315673828125,45.14369583129883,313.7139892578125,266.1533508300781,34.7591552734375,197.86558532714844,93.5535888671875,206.19847106933594,194.10800170898438,105.94894409179688,164.57005310058594
2025-01-17,145.5704345703125,163.4623565673828,342.0556640625,291.45001220703125,90.23336029052734,92.56552124023438,290.40374755859375,183.3648681640625,189.6739501953125,178.96861267089844,259.75689697265625,541.621337890625,180.39317321777344,363.0144348144531,305.7191467285156,68.65034484863281,206.3062744140625,234.44996643066406,593.8900146484375,307.4526062011719,3228.39990234375,180.2377471923828,194.68382263183594,45.24338150024414,973.83349609375,467.95001220703125,124.13259887695312,68.18289947509766,377.96759033203125,84.5426025390625,25.574417114257812,85.04995727539062,356.82904052734375,65.06134796142578,239.2349853515625,58.26641845703125,32.010047912597656,195.716796875,75.65068054199219,49.61478805541992,151.4344024658203,174.47999572753906,209.91000366210938,235.8787841796875,192.00259399414062,233.73753356933594,57.60422897338867,75.9775161743164,374.13763427734375,885.8297119140625,65.4472427368164,36.84738540649414,208.5800018310547,59.07685470581055,259.2709655761719,181.323486328125,48.74462127685547,50.21956253051758,196.527099609375,210.51504516601562,28.774864196777344,307.0658264160156,393.8153991699219,109.08509063720703,276.6734313964844,216.29405212402344,146.42140197753906,247.03518676757812,251.52664184570312,30.173355102539062,74.91197967529297,28.488204956054688,60.10881042480469,132.6226043701172,234.70700073242188,212.4556427001953,427.4154968261719,470.7019958496094,519.9213256835938,140.8990478515625,273.4313049316406,588.9318237304688,83.93792724609375,83.09843444824219,538.0130004882812,137.08937072753906,148.0729522705078,132.6664276123047,424.0000915527344,1295.4300537109375,68.14789581298828,137.504638671875,8362.8603515625,158.30905151367188,81.11933135986328,92.11886596679688,138.59954833984375,139.82000732421875,23.729686737060547,77.29112243652344,154.71080017089844,228.64370727539062,660.2698974609375,115.44449615478516,31.711450576782227,114.3922119140625,187.7899932861328,159.34165954589844,236.2517547607422,675.9966430664062,22.754371643066406,236.23097229003906,280.1522521972656,210.29238891601562,118.00820922851562,349.1750793457031,41.775962829589844,526.7000122070312,469.12664794921875,81.32771301269531,93.69673156738281,95.57579040527344,377.8726501464844,20.854312896728516,142.97483825683594,44.48276901245117,119.626953125,213.41644287109375,69.86856079101562,384.5890197753906,490.8664855957031,226.43447875976562,117.73257446289062,45.45386505126953,316.05755615234375,267.0729675292969,35.15805435180664,200.18817138671875,94.1621322631836,206.88253784179688,198.28225708007812,106.90069580078125,161.18869018554688
2025-01-21,150.71717834472656,164.46278381347656,345.7712097167969,296.9100036621094,92.21682739257812,93.09855651855469,292.32452392578125,184.18997192382812,190.4838104248047,182.89993286132812,262.3343505859375,548.0459594726562,179.9573211669922,364.9079284667969,307.60467529296875,71.91375732421875,207.3466033935547,237.28382873535156,605.5800170898438,312.7545471191406,3297.719970703125,182.5080108642578,185.18475341796875,45.72945022583008,980.74267578125,468.57000732421875,125.66619110107422,69.05403137207031,391.48016357421875,84.20836639404297,25.32708168029785,85.08853149414062,357.63751220703125,65.27159118652344,242.2198486328125,59.04033279418945,32.538169860839844,198.59861755371094,76.27291870117188,50.114532470703125,148.40516662597656,178.10000610351562,214.11000061035156,241.5689239501953,195.2800750732422,237.33091735839844,57.17242431640625,76.91429901123047,377.9539489746094,903.6412353515625,65.7849349975586,36.85222625732422,208.97999572753906,60.43941879272461,264.0933532714844,185.93463134765625,50.41703414916992,53.09656524658203,198.59632873535156,212.5841064453125,28.418787002563477,314.9983825683594,402.52130126953125,109.1435546875,278.6704406738281,215.78408813476562,148.98434448242188,251.86257934570312,255.2825927734375,30.259235382080078,75.8781967163086,29.343507766723633,59.830841064453125,128.86865234375,240.04931640625,217.03273010253906,433.7482604980469,486.0330810546875,523.2506103515625,140.88966369628906,273.9639892578125,582.481689453125,84.22381591796875,83.1941909790039,548.008544921875,142.78562927246094,146.24990844726562,132.11793518066406,423.4763488769531,1324.47998046875,70.38933563232422,140.61997985839844,8347.0498046875,169.654052734375,82.7386703491211,92.82845306396484,138.00267028808594,140.10293579101562,24.036457061767578,78.12403106689453,155.2772979736328,226.13845825195312,669.10693359375,117.55229187011719,32.01664352416992,114.35424041748047,187.89999389648438,161.96571350097656,237.68797302246094,682.1656494140625,23.177490234375,243.37310791015625,284.2283935546875,211.48291015625,122.52938079833984,356.61273193359375,41.92934036254883,529.75,476.782470703125,82.5975570678711,95.01153564453125,99.07902526855469,390.12274169921875,21.04142951965332,145.5062255859375,44.70681381225586,121.05049133300781,213.92327880859375,72.47188568115234,392.45489501953125,505.5320739746094,228.8219451904297,120.5821762084961,46.356178283691406,320.02288818359375,272.4421081542969,35.37564468383789,204.11866760253906,95.30315399169922,208.07469177246094,205.11553955078125,106.09170532226562,163.27432250976562
2025-01-22,150.74681091308594,161.21372985839844,348.3808288574219,301.45001220703125,89.44763946533203,92.79395294189453,289.1034851074219,179.8218231201172,193.0911407470703,186.8609619140625,261.0265808105469,550.7826538085938,175.56094360351562,364.1446228027344,304.93994140625,76.97698974609375,202.77862548828125,237.87628173828125,607.5999755859375,316.9842834472656,3326.010009765625,180.6477813720703,182.52932739257812,44.53372573852539,975.1707153320312,460.510009765625,126.57061004638672,68.54505920410156,390.7430725097656,82.10083770751953,24.980812072753906,84.43272399902344,356.49786376953125,63.64696502685547,244.087890625,59.62077713012695,32.50883102416992,196.41751098632812,76.85627746582031,49.96366500854492,146.6889190673828,177.67999267578125,214.9199981689453,241.63818359375,195.67376708984375,237.8822479248047,53.552642822265625,77.77303314208984,379.42022705078125,895.1563110351562,64.14334869384766,36.61490249633789,209.4499969482422,60.04262924194336,261.3807373046875,186.7874755859375,52.82297134399414,51.98320388793945,198.9942626953125,211.00302124023438,27.40829849243164,316.0270690917969,394.5080261230469,108.72449493408203,278.9151916503906,214.82188415527344,151.39016723632812,249.69461059570312,255.09823608398438,30.058847427368164,76.34004974365234,28.929956436157227,59.21738815307617,131.7627410888672,238.53419494628906,214.3059539794922,433.88555908203125,479.361083984375,522.378662109375,137.7257080078125,276.61761474609375,580.7920532226562,83.7092056274414,82.12171173095703,545.0733032226562,144.95333862304688,143.13719177246094,130.86700439453125,440.9688720703125,1324.6800537109375,71.22628784179688,146.85069274902344,8381.5,181.10719299316406,82.75533294677734,92.7215347290039,137.16893005371094,139.66908264160156,23.468027114868164,77.29112243652344,158.177001953125,224.4119873046875,665.2308349609375,116.67878723144531,31.14875030517578,112.51304626464844,187.92999267578125,164.841552734375,230.73159790039062,674.4594116210938,22.867202758789062,246.01577758789062,282.4493103027344,209.06248474121094,121.19446563720703,352.884033203125,39.90668487548828,544.7000122070312,477.63311767578125,79.05534362792969,93.25526428222656,105.86044311523438,384.8403015136719,20.882375717163086,152.16831970214844,43.88530731201172,120.33381652832031,212.64646911621094,71.77699279785156,394.8363952636719,500.45733642578125,227.92303466796875,120.2917709350586,45.707637786865234,319.9536437988281,271.30499267578125,35.31217956542969,205.43875122070312,92.78340148925781,206.61865234375,207.3542022705078,104.24530029296875,162.3971710205078
2025-01-23,150.59861755371094,162.61434936523438,352.4068603515625,301.0799865722656,89.40930938720703,92.7749252319336,283.6858825683594,179.24913024902344,188.3406524658203,188.57406616210938,265.2649841308594,552.6265869140625,176.60321044921875,361.5273742675781,311.6834716796875,77.67912292480469,202.2017059326172,237.25421142578125,613.3800048828125,320.54510498046875,3373.570068359375,182.5839385986328,190.39010620117188,44.387901306152344,986.2079467773438,459.8299865722656,127.11129760742188,68.39823913574219,399.38128662109375,82.29580688476562,25.33697509765625,84.77991485595703,359.332275390625,62.93977737426758,245.05648803710938,60.20121383666992,32.92937088012695,195.21347045898438,77.46879577636719,51.391197204589844,146.31375122070312,183.1300048828125,218.57000732421875,243.102783203125,196.00839233398438,239.1522216796875,52.62472152709961,78.17311096191406,389.74249267578125,910.3460083007812,63.96513366699219,36.547096252441406,206.49000549316406,60.07257080078125,261.1085510253906,199.12359619140625,52.79362869262695,53.42171096801758,198.54660034179688,210.39794921875,26.91748809814453,321.81329345703125,398.6348876953125,108.07151794433594,287.6080017089844,217.496826171875,154.83685302734375,250.4268798828125,258.1166687011719,29.62943458557129,75.25613403320312,28.647987365722656,58.977760314941406,130.1947021484375,240.3739776611328,214.04299926757812,432.150390625,477.38348388671875,529.3546142578125,137.5104217529297,281.2146301269531,593.5034790039062,85.05290222167969,83.07927703857422,544.1710815429688,145.44908142089844,149.63417053222656,132.59906005859375,441.4728088378906,1335.2900390625,71.466796875,147.00045776367188,8345.349609375,183.3191680908203,84.10800170898438,93.50887298583984,137.14051818847656,140.16896057128906,23.856002807617188,77.4898681640625,159.5308074951172,224.7310028076172,670.7540283203125,119.09040832519531,31.225051879882812,116.37579345703125,189.07000732421875,168.83090209960938,232.67588806152344,688.9498291015625,22.810787200927734,252.0084991455078,284.15997314453125,208.8558807373047,123.05555725097656,356.20831298828125,40.290122985839844,551.5399780273438,480.04486083984375,79.06488800048828,93.61035919189453,106.09529113769531,387.8067626953125,21.0788516998291,154.02272033691406,43.651920318603516,120.3632583618164,210.56076049804688,72.05104064941406,395.55780029296875,510.1349792480469,239.76385498046875,121.25374603271484,45.51966094970703,324.55181884765625,271.7499084472656,35.520694732666016,207.43382263183594,92.52667999267578,205.30921936035156,206.99249267578125,104.83539581298828,162.7187957763672
2025-01-24,149.6008758544922,162.26182556152344,351.5822448730469,300.8299865722656,90.18545532226562,93.45072174072266,285.17327880859375,180.61781311035156,184.4395294189453,186.14796447753906,262.91668701171875,552.7933959960938,175.36199951171875,365.9786682128906,316.7435302734375,76.33419799804688,203.10015869140625,241.61854553222656,610.3200073242188,316.089111328125,3332.530029296875,184.8466033935547,188.2859344482422,44.28096389770508,988.8436889648438,463.19000244140625,126.6492691040039,68.6331558227539,400.5900573730469,82.15654754638672,25.14900016784668,84.7509765625,358.07574462890625,62.901546478271484,245.59019470214844,60.20121383666992,31.970930099487305,194.80882263183594,77.82852935791016,52.0882568359375,145.97613525390625,183.32000732421875,217.16000366210938,243.2413330078125,195.5753173828125,238.30555725097656,54.08549499511719,80.48582458496094,389.3540954589844,910.2686157226562,64.02142333984375,36.58100128173828,208.83999633789062,60.282196044921875,259.0376281738281,195.10740661621094,53.05769729614258,53.11627197265625,200.8545684814453,209.0803680419922,26.75388526916504,309.6572570800781,398.74072265625,108.65626525878906,288.4205627441406,216.30369567871094,154.6306915283203,250.4268798828125,257.039306640625,29.7248592376709,74.15540313720703,28.450611114501953,59.35158157348633,128.11366271972656,242.02685546875,212.9328155517578,430.60150146484375,477.07635498046875,528.6311645507812,138.92391967773438,280.2675476074219,587.9478759765625,85.9487075805664,82.3802490234375,543.9627075195312,145.25466918945312,147.0159912109375,132.6182861328125,438.85394287109375,1331.0999755859375,70.7741470336914,142.4073028564453,8200.5595703125,180.4976806640625,83.5999984741211,93.96572875976562,138.42901611328125,140.6405487060547,23.929378509521484,77.45201110839844,158.5425567626953,224.08358764648438,670.0142822265625,120.84691619873047,31.358572006225586,115.65447998046875,188.9600067138672,166.6522216796875,226.7649383544922,670.2540893554688,23.008243560791016,251.49765014648438,281.9410095214844,208.42294311523438,122.10066223144531,355.2613220214844,40.501014709472656,546.1900024414062,480.2411193847656,78.96940612792969,95.06912231445312,105.8702163696289,388.60504150390625,21.25661277770996,151.77587890625,43.875972747802734,120.49089813232422,213.026611328125,73.05908966064453,396.12103271484375,512.7733764648438,240.46942138671875,120.72737884521484,46.12120056152344,326.5196533203125,274.4295959472656,35.84708023071289,207.30477905273438,93.19227600097656,204.6544952392578,208.81082153320312,103.41728210449219,164.3268585205078
2025-01-27,149.12672424316406,168.55029296875,362.0013732910156,299.07000732421875,90.19503021240234,97.68637084960938,291.5660705566406,187.5291748046875,172.41021728515625,183.14749145507812,270.1048278808594,550.6355590820312,181.95652770996094,373.5528259277344,314.2038879394531,66.74173736572266,208.39637756347656,199.58462524414062,604.6799926757812,311.24957275390625,3372.820068359375,188.83282470703125,184.74813842773438,42.3366813659668,998.0398559570312,474.70001220703125,128.51707458496094,66.00018310546875,388.15850830078125,85.8145523071289,25.406227111816406,87.96240234375,339.78338623046875,64.21080017089844,251.9256591796875,57.153907775878906,32.9000358581543,199.9112091064453,78.86884307861328,53.66379165649414,147.45791625976562,182.47999572753906,211.89999389648438,247.98147583007812,192.84902954101562,242.38134765625,53.04733657836914,81.53970336914062,399.3365173339844,870.8431396484375,65.79432678222656,36.93939971923828,213.1300048828125,59.720699310302734,262.3529968261719,192.83653259277344,48.44143295288086,54.11140060424805,192.7666778564453,209.7440185546875,26.224584579467773,328.3808898925781,408.7164611816406,111.51180267333984,291.48455810546875,215.65902709960938,157.93006896972656,254.78216552734375,258.01959228515625,30.37374496459961,69.49634552001953,25.80950355529785,61.220699310302734,133.39852905273438,245.63755798339844,216.47763061523438,430.8367614746094,483.5370788574219,542.6524047851562,143.8102569580078,284.15423583984375,600.718994140625,88.11194610595703,83.27079010009766,541.4638061523438,147.28628540039062,147.97598266601562,131.49244689941406,429.4653015136719,1347.2099609375,72.707763671875,118.24339294433594,8382.6298828125,155.60548400878906,85.50199890136719,95.00578308105469,140.25755310058594,145.81837463378906,24.6356143951416,78.19975280761719,163.89431762695312,231.6743927001953,653.6717529296875,123.83769989013672,31.95941925048828,116.81236267089844,188.47999572753906,165.75172424316406,231.37644958496094,679.1010131835938,23.290321350097656,243.35345458984375,277.8257751464844,212.10279846191406,121.8473129272461,359.2267761230469,40.779014587402344,510.7300109863281,486.7845153808594,78.43474578857422,96.20157623291016,101.26122283935547,394.1141662597656,22.585153579711914,147.4195098876953,44.4454231262207,122.6213150024414,215.8140411376953,70.96469116210938,363.27398681640625,523.375244140625,245.9210205078125,123.65866088867188,46.562957763671875,330.811279296875,271.90814208984375,36.844337463378906,202.80850219726562,95.92120361328125,208.75872802734375,206.89474487304688,104.85442352294922,168.6345977783203
2025-01-28,148.5142364501953,166.55892944335938,367.0848388671875,309.92999267578125,89.32308197021484,95.18305206298828,289.0148620605469,185.3645477294922,170.71148681640625,181.1075439453125,267.5751037597656,560.8953247070312,177.11483764648438,368.2786865234375,314.56939697265625,67.81965637207031,207.4506378173828,204.748779296875,637.530029296875,311.8594055175781,3318.580078125,189.121337890625,185.11642456054688,42.0742073059082,1018.641357421875,469.9700012207031,125.5678939819336,65.8729476928711,383.5495910644531,83.32636260986328,27.473947525024414,86.66046905517578,341.17620849609375,62.70086669921875,252.13320922851562,57.49250030517578,31.961143493652344,197.80908203125,78.71326446533203,54.7427978515625,146.50132751464844,184.49000549316406,215.9199981689453,245.2600860595703,194.95526123046875,245.64984130859375,51.549808502197266,80.96397399902344,393.6656188964844,877.3350830078125,64.96884155273438,36.222599029541016,211.72000122070312,60.184871673583984,255.2847137451172,192.80677795410156,50.10407257080078,49.30325698852539,196.04957580566406,212.5450439453125,25.64716339111328,325.1169128417969,402.90606689453125,110.53722381591797,296.7217712402344,217.13119506835938,155.9759521484375,249.28025817871094,259.2716064453125,29.906166076660156,69.51710510253906,25.80950355529785,59.77333068847656,131.66595458984375,244.49630737304688,207.7227325439453,426.9351501464844,439.1471862792969,542.3748779296875,141.73214721679688,284.736328125,599.2479858398438,87.6545181274414,82.04509735107422,537.6262817382812,147.1696319580078,146.0753936767578,133.3111114501953,441.95709228515625,1352.8199462890625,71.56298828125,128.7976531982422,8064.08984375,161.22885131835938,85.22266387939453,93.1881103515625,139.72698974609375,141.70628356933594,24.53472137451172,78.45530700683594,160.54220581054688,229.92916870117188,657.084228515625,122.44200134277344,31.320423126220703,115.00911712646484,190.92999267578125,166.11000061035156,259.1529541015625,680.707763671875,23.271516799926758,252.92214965820312,275.8902587890625,212.58489990234375,125.06278991699219,359.2267761230469,39.60951614379883,526.1199951171875,486.50408935546875,78.05282592773438,96.35513305664062,98.12004089355469,389.4328918457031,22.828405380249023,145.65342712402344,44.12802505493164,122.07151794433594,215.5314178466797,72.21741485595703,361.43597412109375,522.3738403320312,240.83676147460938,122.89635467529297,45.529052734375,330.751953125,272.01690673828125,36.62675476074219,203.5330810546875,94.05753326416016,208.77825927734375,209.88612365722656,102.82720184326172,166.0908966064453
2025-01-29,145.30369567871094,166.98768615722656,363.23345947265625,304.1700134277344,88.91104888916016,93.32698059082031,289.69451904296875,185.2189178466797,173.11141967773438,180.74118041992188,268.8924865722656,564.122314453125,173.9881134033203,363.57952880859375,314.86767578125,68.61077880859375,203.28933715820312,203.75148010253906,639.969970703125,310.0986328125,3314.050048828125,187.4661102294922,186.5855712890625,41.87005615234375,1020.0076904296875,469.260009765625,125.59738159179688,63.42595672607422,386.43878173828125,81.5994873046875,27.61245346069336,86.38081359863281,344.828857421875,62.85376739501953,252.96343994140625,57.60858917236328,32.254547119140625,195.9635009765625,78.9368896484375,54.33219909667969,146.01364135742188,185.77999877929688,218.89999389648438,221.4010467529297,194.24661254882812,243.1000213623047,51.26500701904297,80.29065704345703,388.71319580078125,878.7089233398438,64.23716735839844,35.87873458862305,212.50999450683594,60.379520416259766,244.47328186035156,197.43780517578125,48.70549392700195,49.04707717895508,196.1590118408203,209.187744140625,25.377696990966797,324.04864501953125,397.70184326171875,110.61517333984375,288.0289611816406,219.9889373779297,154.38516235351562,247.03518676757812,258.72808837890625,30.40237808227539,70.51102447509766,25.65912628173828,60.22383499145508,128.46002197265625,242.24330139160156,206.4080047607422,429.6898193359375,436.1807556152344,543.8018188476562,139.06430053710938,285.7425537109375,599.4766845703125,87.11133575439453,82.96436309814453,535.3157958984375,147.3057098388672,146.80264282226562,133.47471618652344,437.1441955566406,1335.5,73.6697769165039,123.51553344726562,7965.009765625,159.28231811523438,85.87200164794922,92.00224304199219,139.1680145263672,141.81942749023438,24.415489196777344,78.91908264160156,160.58087158203125,231.19586181640625,656.669921875,123.04015350341797,31.21551513671875,115.939208984375,189.0800018310547,166.26495361328125,262.9046936035156,681.64013671875,23.111669540405273,252.29342651367188,272.6254577636719,208.8952178955078,121.92525482177734,355.51776123046875,39.245243072509766,512.7100219726562,483.4847412109375,78.27243041992188,96.78699493408203,97.2491226196289,385.4119567871094,22.669357299804688,144.92735290527344,44.286720275878906,121.94389343261719,229.1860809326172,72.80463409423828,359.6968078613281,518.1561279296875,241.21371459960938,121.40802764892578,44.795928955078125,332.1363220214844,269.1493835449219,36.51795959472656,205.27005004882812,93.21129608154297,204.77178955078125,211.84127807617188,103.42679595947266,165.89598083496094
2025-01-30,149.5416259765625,167.35928344726562,369.374267578125,309.95001220703125,90.17586517333984,93.30795288085938,294.5506591796875,188.15042114257812,179.47177124023438,184.187255859375,271.1262512207031,537.3546752929688,176.06314086914062,368.9429016113281,322.361572265625,70.86550903320312,207.95187377929688,212.9442596435547,653.4299926757812,313.7381896972656,3351.010009765625,188.67337036132812,188.658935546875,43.35742950439453,1038.3319091796875,472.3500061035156,126.08891296386719,64.57115936279297,368.50396728515625,82.65789794921875,28.18627166748047,87.65380096435547,350.3419494628906,63.26469421386719,255.45413208007812,58.498592376708984,32.13719177246094,199.53616333007812,80.46331787109375,54.25580978393555,146.60450744628906,188.57000732421875,223.11000061035156,220.75784301757812,202.1794891357422,248.59344482421875,49.666419982910156,83.41327667236328,387.7615661621094,892.1571044921875,65.41910552978516,36.31462478637695,215.91000366210938,61.113216400146484,249.8012237548828,203.85377502441406,48.89132308959961,48.771202087402344,201.58079528808594,211.82281494140625,25.54129981994629,330.9624328613281,398.74072265625,111.35587310791016,290.6524658203125,248.50868225097656,156.56515502929688,250.6485137939453,260.3294677734375,30.764991760253906,73.42454528808594,26.411039352416992,61.39323425292969,131.40362548828125,247.4773712158203,206.51512145996094,437.59112548828125,441.2591247558594,560.8550415039062,142.13465881347656,288.5835876464844,600.8878173828125,87.66405487060547,83.30909729003906,541.7514038085938,150.08578491210938,145.41598510742188,134.65829467773438,410.1247253417969,1364.5,75.35325622558594,124.464111328125,8140.56982421875,167.50108337402344,87.34400177001953,92.69237518310547,140.26702880859375,143.26243591308594,24.681468963623047,79.0421371459961,161.72076416015625,233.8418426513672,694.227294921875,123.7332763671875,31.92127227783203,114.6864242553711,192.00999450683594,166.47793579101562,268.47369384765625,677.4844360351562,23.290321350097656,253.95370483398438,272.72320556640625,214.84791564941406,125.67665100097656,360.5880432128906,39.32193374633789,526.3599853515625,489.3925476074219,79.523193359375,98.11141204833984,96.17271423339844,384.78118896484375,22.472881317138672,146.98779296875,44.82817459106445,123.78959655761719,228.42587280273438,74.29224395751953,361.9893493652344,525.3491821289062,241.5713653564453,104.2740478515625,45.11549377441406,339.2264099121094,273.26275634765625,35.78361511230469,208.29733276367188,94.56148529052734,217.35804748535156,212.66241455078125,104.28337860107422,168.32272338867188
2025-01-31,149.67991638183594,175.21987915039062,373.4488525390625,311.3399963378906,90.2621078491211,93.62205505371094,297.2988586425781,186.6943817138672,178.1186981201172,182.76129150390625,272.46270751953125,532.9602661132812,175.2388153076172,367.6243591308594,322.5154724121094,69.99526977539062,209.4934539794922,218.48361206054688,652.1799926757812,312.2627258300781,3350.2099609375,187.9976043701172,187.20596313476562,44.893409729003906,1042.188720703125,468.6700134277344,121.56678771972656,63.993656158447266,365.02508544921875,82.89000701904297,27.37501335144043,83.61299133300781,347.0010070800781,63.07356643676758,251.25357055664062,58.624351501464844,32.14696502685547,197.94723510742188,80.31747436523438,53.931156158447266,139.9176483154297,188.8300018310547,177.36000061035156,220.42140197753906,200.46693420410156,246.30946350097656,49.61130142211914,81.412841796875,384.2463684082031,883.96240234375,66.25395202636719,35.67649841308594,216.0399932861328,60.888614654541016,249.849853515625,201.8704833984375,50.935394287109375,48.73179244995117,204.53543090820312,210.66143798828125,25.040870666503906,326.313720703125,396.3165588378906,108.71475219726562,287.050048828125,246.03582763671875,156.94808959960938,249.71385192871094,259.4269104003906,30.631391525268555,73.01016235351562,25.828306198120117,60.84687042236328,127.49824523925781,245.7654571533203,206.4664306640625,437.3362121582031,444.4270935058594,550.3714599609375,142.82737731933594,286.659912109375,591.098388671875,86.549072265625,82.83988952636719,539.5599975585938,147.947265625,141.29478454589844,134.09161376953125,410.1938781738281,1364.43994140625,73.97760772705078,119.89094543457031,8016.18017578125,167.1864776611328,86.29467010498047,92.75070190429688,139.906982421875,142.1212615966797,24.32377052307129,78.0388412475586,160.34901428222656,231.2333984375,697.3438720703125,123.61932373046875,32.045257568359375,111.86766052246094,193.47999572753906,167.44622802734375,260.471923828125,667.4671020507812,23.1680850982666,245.30845642089844,272.166015625,213.38186645507812,125.64742279052734,353.29840087890625,38.61256790161133,525.47998046875,487.4015197753906,79.1794662475586,97.5259780883789,94.29386901855469,385.6287536621094,22.201560974121094,145.18246459960938,44.45475769042969,122.51331329345703,227.06137084960938,71.38552856445312,358.4615783691406,522.3834838867188,239.51251220703125,103.66600036621094,44.90871810913086,337.9903259277344,271.07757568359375,35.71108627319336,206.37179565429688,94.3808364868164,215.237548828125,206.6307830810547,101.67558288574219,166.55868530273438
2025-02-03,146.82501220703125,181.1653594970703,373.7010192871094,306.2300109863281,91.99644470214844,94.57389068603516,304.371337890625,186.35464477539062,176.587890625,182.33551025390625,275.75604248046875,526.8397216796875,175.6367645263672,372.3271179199219,325.2186279296875,69.34257507324219,208.3585662841797,214.98817443847656,658.1099853515625,311.3577575683594,3432.199951171875,188.00521850585938,185.4412384033203,46.07942199707031,982.351318359375,464.6099853515625,123.20850372314453,61.81094741821289,355.30584716796875,82.93643188476562,26.76162338256836,83.93123626708984,339.169677734375,63.53228759765625,251.4709930419922,59.05001449584961,31.794885635375977,199.56581115722656,80.59944152832031,53.425071716308594,140.05828857421875,190.8000030517578,170.6300048828125,212.02963256835938,199.08900451660156,245.63999938964844,48.17808151245117,80.76880645751953,393.374267578125,885.2589111328125,65.97254943847656,35.91032028198242,216.6199951171875,60.07257080078125,249.4706573486328,202.40597534179688,50.221435546875,47.19476318359375,201.59071350097656,210.31008911132812,24.550060272216797,330.6558532714844,393.2189636230469,109.44569396972656,286.8248596191406,250.87574768066406,157.4980010986328,246.1294403076172,258.9513244628906,31.051265716552734,73.20500183105469,26.19684410095215,60.72226333618164,122.59222412109375,243.85679626464844,207.21629333496094,445.26690673828125,437.1983947753906,558.8137817382812,142.7431182861328,286.53167724609375,596.1372680664062,86.27271270751953,81.8631591796875,531.4584350585938,145.84764099121094,142.54568481445312,132.86143493652344,406.1024475097656,1342.4300537109375,73.67938232421875,116.48603820800781,7737.5,165.7511444091797,87.73733520507812,91.90503692626953,140.8070526123047,141.72512817382812,24.030271530151367,76.63803100585938,163.02488708496094,233.56036376953125,686.21875,123.79972076416016,32.245540618896484,111.85816955566406,189.8800048828125,164.841552734375,254.8638458251953,661.3872680664062,22.613330841064453,241.6735382080078,264.9520263671875,217.50450134277344,126.59258270263672,352.785400390625,38.497535705566406,520.25,484.569091796875,78.85484313964844,94.21497344970703,91.47563934326172,385.4809265136719,22.688066482543945,142.3272705078125,43.773284912109375,122.04206848144531,232.061279296875,71.96295928955078,356.2579345703125,527.862548828125,234.90185546875,100.99789428710938,44.05340576171875,341.965576171875,268.12103271484375,36.24597930908203,203.11619567871094,95.51232147216797,218.61865234375,199.89529418945312,101.92303466796875,167.57228088378906
2025-02-04,145.2543182373047,180.9843292236328,379.9195251464844,306.8500061035156,91.49818420410156,93.16517639160156,307.53326416015625,185.2771453857422,176.35086059570312,178.74085998535156,275.89923095703125,525.1527099609375,174.46188354492188,374.8895263671875,322.90985107421875,68.9371337890625,208.77467346191406,219.6289825439453,662.9099731445312,310.669189453125,3459.0,184.06454467773438,184.88958740234375,46.62382125854492,984.2021484375,467.489990234375,123.05122375488281,62.52546310424805,355.69903564453125,82.2122573852539,26.801197052001953,83.42011260986328,354.072509765625,63.2455940246582,248.64427185058594,59.34022521972656,32.14696502685547,197.98672485351562,81.22167205810547,53.8070182800293,143.69715881347656,194.57000732421875,169.49000549316406,212.77183532714844,199.7189178466797,244.9803924560547,47.516597747802734,67.79036712646484,390.3445739746094,894.2373046875,66.24458312988281,35.65214157104492,214.22000122070312,59.975250244140625,250.28733825683594,200.49208068847656,50.896270751953125,47.854896545410156,206.6344757080078,212.9744873046875,25.34882926940918,331.150390625,395.8451843261719,109.12406921386719,289.301513671875,254.46475219726562,156.4473114013672,245.39715576171875,260.04803466796875,29.84891128540039,74.10595703125,26.120859146118164,60.070472717285156,124.63235473632812,242.68603515625,205.200439453125,445.8453063964844,435.5279846191406,554.0179443359375,144.746337890625,286.81781005859375,599.61572265625,86.6920166015625,81.5595932006836,532.7970581054688,147.44180297851562,152.15538024902344,132.48365783691406,407.535400390625,1339.7099609375,73.80445098876953,118.47305297851562,7788.5498046875,165.05313110351562,88.94599914550781,91.78839111328125,141.65028381347656,135.33065795898438,23.72760009765625,76.37300109863281,162.41632080078125,232.69712829589844,680.2321166992188,123.79972076416016,32.0547981262207,117.31535339355469,191.07000732421875,167.55274963378906,257.5311279296875,691.3399658203125,22.904813766479492,242.50856018066406,264.2580261230469,215.71377563476562,125.082275390625,352.736083984375,39.51365661621094,523.8800048828125,480.18499755859375,77.747314453125,94.41651153564453,92.4835433959961,386.71282958984375,22.688066482543945,142.042724609375,44.230716705322266,122.85691833496094,231.2328338623047,71.40511322021484,351.28741455078125,525.2337036132812,235.36581420898438,101.43350219726562,44.598548889160156,341.3030090332031,269.0209045410156,36.09185791015625,204.55538940429688,94.34280395507812,217.07467651367188,203.5220947265625,104.65454864501953,167.86468505859375
2025-02-05,146.19277954101562,182.69935607910156,386.3514709472656,311.3599853515625,92.58094024658203,94.60244750976562,311.5619201660156,187.3544158935547,178.4347381591797,178.47349548339844,293.83624267578125,527.9874267578125,177.61703491210938,379.7859802246094,320.48565673828125,68.74922943115234,212.11318969726562,229.0784912109375,680.52001953125,315.2923889160156,3474.080078125,186.06903076171875,185.69766235351562,47.48902130126953,983.0780029296875,473.7300109863281,125.29261779785156,63.191036224365234,352.65252685546875,83.41920471191406,26.900131225585938,83.53584289550781,360.3063659667969,64.14390563964844,250.33436584472656,60.53013229370117,32.15675354003906,198.96377563476562,81.28001403808594,53.17680358886719,143.4814453125,195.99000549316406,172.52000427246094,209.9218292236328,201.50035095214844,245.83689880371094,48.17808151245117,64.34571838378906,390.51934814453125,906.0599975585938,67.47341918945312,35.822635650634766,229.52999877929688,59.511077880859375,251.4054412841797,202.87203979492188,52.118797302246094,47.10608673095703,192.29910278320312,213.58932495117188,25.300710678100586,333.1582336425781,398.08660888671875,110.7223892211914,284.40692138671875,253.3485565185547,157.8024139404297,244.9731903076172,262.46466064453125,29.705772399902344,75.07811737060547,26.253835678100586,60.501808166503906,123.85517120361328,245.95240783691406,203.50592041015625,444.7669677734375,431.8704528808594,561.132568359375,146.84315490722656,288.43560791015625,603.1737670898438,87.37816619873047,81.91617584228516,535.4348754882812,148.1903076171875,152.5432586669922,134.57595825195312,408.4446716308594,1363.56005859375,71.73614501953125,124.64384460449219,7790.0,168.75942993164062,89.8826675415039,91.90503692626953,142.9387664794922,137.3772735595703,24.250396728515625,76.25943756103516,163.2664031982422,233.63543701171875,679.4134521484375,124.35989379882812,32.3504524230957,117.04012298583984,189.75999450683594,170.28330993652344,260.7356872558594,710.8487548828125,22.867202758789062,244.6207733154297,264.47308349609375,217.44544982910156,125.85205841064453,359.5325622558594,39.393001556396484,528.4199829101562,480.7272033691406,78.57796478271484,95.32823944091797,93.38381958007812,393.31585693359375,22.893896102905273,143.46542358398438,44.501434326171875,123.22017669677734,236.2814483642578,71.81615447998047,353.58984375,519.802734375,236.31307983398438,101.55148315429688,44.53275680541992,345.5451965332031,271.25555419921875,36.3819694519043,205.6968536376953,95.93070220947266,219.6447296142578,204.79293823242188,104.57842254638672,171.20753479003906
2025-02-06,145.84703063964844,183.86178588867188,375.7674255371094,307.70001220703125,92.70551300048828,95.3448715209961,315.1966857910156,186.257568359375,180.5384063720703,181.11744689941406,284.26153564453125,531.2830810546875,179.78677368164062,382.10009765625,315.6565246582031,69.25357818603516,209.74880981445312,228.44654846191406,677.4000244140625,314.9185791015625,3466.68994140625,172.51588439941406,188.8715362548828,45.67112731933594,975.4420776367188,477.2200012207031,124.89939880371094,63.8272590637207,359.1385803222656,83.78128814697266,27.147464752197266,82.62930297851562,359.5660095214844,65.30026245117188,243.26751708984375,60.239906311035156,32.01982879638672,201.61859130859375,84.67315673828125,51.7922477722168,142.45919799804688,196.4499969482422,172.19000244140625,207.8238525390625,201.43145751953125,246.15194702148438,46.99292755126953,62.70634460449219,379.167724609375,907.8401489257812,67.65164947509766,36.363338470458984,231.24000549316406,59.77310562133789,248.4400634765625,204.33969116210938,52.470890045166016,47.22431945800781,192.30905151367188,214.4969482421875,24.521188735961914,320.9922790527344,398.4136657714844,110.59569549560547,273.6876525878906,243.8612518310547,164.6565704345703,245.79222106933594,268.7441101074219,29.58171844482422,75.34217071533203,25.436965942382812,60.731849670410156,123.62200164794922,243.73873901367188,201.25633239746094,451.60955810546875,430.5744323730469,561.99462890625,148.70596313476562,298.852783203125,596.0676879882812,86.549072265625,80.63441467285156,540.8689575195312,148.06393432617188,147.3262939453125,136.65855407714844,410.9449768066406,1357.260009765625,69.0136947631836,128.48809814453125,7739.75,169.43775939941406,88.71600341796875,93.36308288574219,142.1239776611328,137.08489990234375,23.6909122467041,75.71992492675781,163.1408233642578,235.84042358398438,682.1060180664062,137.97512817382812,32.53166198730469,114.66744232177734,171.61000061035156,163.95071411132812,263.9891662597656,716.155029296875,23.1680850982666,268.3362121582031,262.6744689941406,218.0062713623047,125.48178100585938,360.26251220703125,38.659385681152344,533.1799926757812,485.20477294921875,78.36791229248047,95.57775115966797,94.47001647949219,390.3395690917969,22.875186920166016,143.71070861816406,44.94953155517578,123.85831451416016,240.90122985839844,80.44818115234375,353.4713134765625,510.3948059082031,235.37548828125,102.9762954711914,44.87112808227539,343.6070251464844,274.103271484375,36.209712982177734,205.94497680664062,95.83562469482422,219.79129028320312,206.26907348632812,103.19837951660156,169.6968994140625
2025-02-07,143.44656372070312,181.60365295410156,374.44805908203125,301.1499938964844,93.03129577636719,95.51618194580078,317.50164794921875,184.66563415527344,177.77304077148438,182.71177673339844,280.2140197753906,528.2914428710938,178.92454528808594,383.8778991699219,298.638916015625,69.02613067626953,208.21669006347656,222.03826904296875,679.239990234375,311.59381103515625,3420.18994140625,174.5203857421875,193.1297149658203,44.9128532409668,961.3136596679688,472.739990234375,125.21397399902344,62.8093147277832,357.5956726074219,83.10354614257812,26.464820861816406,83.67086029052734,362.2056884765625,65.65384674072266,244.99717712402344,60.239906311035156,31.873125076293945,199.4177703857422,83.80784606933594,51.57261657714844,143.1344451904297,195.5399932861328,168.24000549316406,204.6077423095703,199.3448944091797,243.56272888183594,46.01906967163086,63.45771408081055,380.0902404785156,902.9349975585938,66.91059112548828,35.96876907348633,230.05999755859375,59.211612701416016,247.75950622558594,203.56619262695312,51.80582809448242,46.69226837158203,186.17098999023438,212.4376983642578,24.242101669311523,318.5393371582031,391.8818054199219,110.63467407226562,268.54833984375,242.8028106689453,163.82188415527344,246.2450714111328,267.6764831542969,29.61989402770996,73.94573974609375,25.683927536010742,61.19194030761719,118.4634017944336,242.29249572753906,200.74021911621094,446.09039306640625,426.60968017578125,557.6246948242188,148.02261352539062,299.85894775390625,592.0326538085938,85.77716064453125,80.87535095214844,534.086181640625,145.682373046875,145.57113647460938,135.59303283691406,404.9461669921875,1390.0,66.06999206542969,129.6463623046875,7558.0498046875,171.51211547851562,87.78333282470703,92.17720031738281,139.94012451171875,136.35865783691406,23.60836410522461,77.92526245117188,162.26171875,235.13670349121094,676.1447143554688,137.1111297607422,32.56026840209961,114.1739273071289,169.02000427246094,162.63385009765625,258.3517761230469,704.1838989257812,22.989437103271484,264.21990966796875,262.36163330078125,217.51434326171875,124.67303466796875,355.6756591796875,38.765567779541016,525.8200073242188,485.2889099121094,78.27243041992188,95.43380737304688,94.08837890625,385.7371520996094,22.959392547607422,144.1129913330078,44.510772705078125,122.4151382446289,239.9948272705078,78.6669692993164,351.92974853515625,507.4964599609375,233.99327087402344,102.64958190917969,44.39176940917969,344.1410217285156,269.861328125,36.15531921386719,205.2601318359375,96.78646087646484,219.78150939941406,202.59339904785156,103.63618469238281,167.07522583007812
2025-02-10,141.94500732421875,181.35592651367188,375.33087158203125,304.989990234375,93.1366958618164,96.8708267211914,319.43231201171875,181.1128692626953,181.38775634765625,184.15753173828125,281.40728759765625,520.4820556640625,179.9099578857422,382.9740905761719,298.7447509765625,71.00395202636719,207.3655242919922,232.0802001953125,677.8499755859375,305.19024658203125,3427.550048828125,174.29261779785156,194.15748596191406,46.089141845703125,955.024658203125,470.1700134277344,125.0468521118164,64.82563781738281,356.94708251953125,83.25208282470703,25.82175064086914,82.89933013916016,364.1927185058594,66.1125717163086,243.51463317871094,60.762306213378906,32.35235595703125,201.3027801513672,84.54676055908203,51.839988708496094,146.08868408203125,192.6300048828125,161.64999389648438,201.3816375732422,200.32911682128906,242.12538146972656,46.092567443847656,67.04874420166016,384.67364501953125,912.4841918945312,66.51661682128906,35.91032028198242,230.64999389648438,60.2672233581543,249.22756958007812,203.50672912597656,51.88407516479492,45.88433837890625,187.2255096435547,210.5443115234375,25.00237274169922,314.79071044921875,398.2500915527344,109.11432647705078,261.17706298828125,241.44676208496094,164.10667419433594,248.2203369140625,263.05670166015625,29.486295700073242,74.31759643554688,25.712425231933594,61.872493743896484,119.19200897216797,241.1217041015625,202.9800567626953,451.7860107421875,430.2864685058594,560.3397827148438,146.8337860107422,300.3324890136719,599.6952514648438,86.56813049316406,80.0658187866211,526.5201416015625,145.50741577148438,149.12020874023438,133.00672912597656,407.38720703125,1340.489990234375,68.24410247802734,133.3708038330078,7518.0,175.89674377441406,87.33466339111328,93.37278747558594,140.19760131835938,136.1417694091797,23.72760009765625,79.86558532714844,161.83670043945312,234.2828369140625,672.9020385742188,139.1619415283203,32.6461067199707,117.41027069091797,168.4199981689453,165.926025390625,255.1471710205078,684.7047119140625,22.64154052734375,263.8269348144531,295.5381164550781,218.52777099609375,124.9653549194336,354.2847595214844,39.77910614013672,531.3300170898438,481.6900329589844,78.49203491210938,94.09981536865234,95.70301818847656,386.9197692871094,23.258777618408203,146.87005615234375,44.01600646972656,122.69002532958984,249.34158325195312,77.36532592773438,356.1789245605469,513.6014404296875,236.1680908203125,103.60247802734375,44.06280517578125,347.3152770996094,265.5501708984375,36.21878433227539,206.8184051513672,96.24449157714844,220.93460083007812,204.66586303710938,105.61583709716797,167.54307556152344
2025-02-11,140.02854919433594,182.7755889892578,378.3576354980469,299.7200012207031,94.07573699951172,97.87959289550781,317.1765441894531,183.8793487548828,180.93344116210938,183.51388549804688,283.1923828125,520.1082153320312,183.26406860351562,381.5836486816406,297.7250671386719,69.17446899414062,207.04396057128906,232.0802001953125,669.260009765625,304.511474609375,3445.7900390625,174.26983642578125,193.5189208984375,46.020755767822266,957.5925903320312,472.6099853515625,126.21671295166016,63.77832794189453,355.9741516113281,84.69114685058594,25.33697509765625,84.25914001464844,362.8777770996094,66.37059783935547,243.88031005859375,60.394691467285156,32.381690979003906,202.71408081054688,85.43152618408203,52.5179443359375,147.65487670898438,193.08999633789062,157.63999938964844,199.521240234375,199.44329833984375,257.17822265625,46.6805534362793,69.00038146972656,379.8960266113281,912.9679565429688,67.01377868652344,36.20745849609375,229.88999938964844,60.02765655517578,249.85955810546875,207.07666015625,51.24835968017578,46.012428283691406,186.10137939453125,206.4843292236328,25.493183135986328,320.2010192871094,400.52996826171875,108.6075439453125,251.91639709472656,246.7063446044922,163.92990112304688,249.25135803222656,266.8903503417969,30.116100311279297,75.02570343017578,25.44646644592285,64.79597473144531,121.35843658447266,241.18072509765625,201.34397888183594,451.6683654785156,431.38079833984375,559.5570068359375,146.0568389892578,284.10491943359375,606.6621704101562,86.91119384765625,80.15254974365234,524.566650390625,145.8767852783203,150.59417724609375,133.47166442871094,406.6163635253906,1331.969970703125,68.62890625,132.6019744873047,7494.35986328125,174.1959686279297,88.26266479492188,93.97544860839844,139.32977294921875,137.35838317871094,23.415756225585938,80.87833404541016,163.67210388183594,241.6766357421875,673.248046875,140.50067138671875,32.92268753051758,122.952880859375,167.97999572753906,166.5360565185547,250.7701873779297,660.0087890625,22.93301773071289,267.38330078125,296.9163818359375,219.65927124023438,125.80333709716797,356.4647521972656,40.329315185546875,529.1400146484375,505.2557067871094,79.65685272216797,94.63725280761719,95.73236083984375,384.83050537109375,23.53009796142578,146.05567932128906,44.19336700439453,122.40531158447266,252.13880920410156,79.62608337402344,360.4576721191406,514.1310424804688,239.45449829101562,103.93826293945312,44.730140686035156,347.3945007324219,264.7690734863281,36.708351135253906,206.57028198242188,97.65172576904297,221.57955932617188,201.772216796875,106.28204345703125,169.86257934570312
2025-02-12,136.40313720703125,183.89036560058594,377.212890625,297.2799987792969,93.19418334960938,98.33114624023438,319.74749755859375,183.7822723388672,178.6520233154297,183.69212341308594,281.6650085449219,518.2000732421875,179.56886291503906,384.1062927246094,298.5523986816406,68.9569091796875,205.98471069335938,233.3737030029297,665.0800170898438,301.39324951171875,3432.9599609375,171.48329162597656,198.2919921875,45.336944580078125,943.551513671875,471.7300109863281,124.90922546386719,62.25139617919922,345.96014404296875,83.30779266357422,25.613988876342773,83.64193725585938,355.0854797363281,66.46617126464844,240.75706481933594,60.49142837524414,32.19586944580078,201.9344024658203,85.63568878173828,60.36698913574219,145.27272033691406,200.88999938964844,154.02999877929688,200.0753936767578,197.8882598876953,257.9658203125,48.39857864379883,67.36100769042969,374.4969787597656,904.80224609375,66.57289123535156,35.89083480834961,227.72999572753906,60.02016830444336,244.35659790039062,207.88978576660156,50.8669319152832,46.98784637451172,184.46983337402344,204.59095764160156,24.992748260498047,308.9748229980469,391.6605529785156,108.37364196777344,254.54971313476562,247.78152465820312,163.5567626953125,246.71722412109375,267.3368225097656,30.221067428588867,74.22759246826172,24.962039947509766,65.85993957519531,118.13309478759766,237.25518798828125,195.36451721191406,449.53131103515625,424.2865295410156,559.4579467773438,145.86026000976562,286.5218200683594,591.3468017578125,87.05414581298828,79.7285385131836,512.8060302734375,144.71031188964844,144.688720703125,132.81297302246094,404.2445068359375,1312.5999755859375,69.5139389038086,130.94444274902344,7300.3701171875,169.30996704101562,88.28666687011719,94.03376007080078,140.140380859375,135.80224609375,23.3607234954834,80.3956298828125,163.81703186035156,240.94473266601562,670.6875610351562,142.3141326904297,32.92268753051758,118.67255401611328,166.57000732421875,164.8899383544922,250.40869140625,658.421875,22.556915283203125,268.2085266113281,295.1568908691406,219.90524291992188,123.53298950195312,350.6744384765625,40.01077651977539,509.7099914550781,496.84271240234375,79.1794662475586,94.2629623413086,97.08277130126953,380.0506591796875,23.726573944091797,143.7303466796875,43.297176361083984,122.14025115966797,248.80555725097656,83.31574249267578,357.38446044921875,507.8527526855469,240.20846557617188,103.69322967529297,44.636146545410156,348.1571960449219,260.85345458984375,36.74460983276367,187.8606414794922,97.39500427246094,222.21475219726562,199.29893493652344,103.08436584472656,169.4630126953125
2025-02-13,134.79293823242188,184.31912231445312,377.8919982910156,303.4800109863281,94.16197204589844,97.02455139160156,323.6383361816406,187.12149047851562,181.99021911621094,182.63253784179688,283.48834228515625,530.868408203125,180.01419067382812,387.6321716308594,303.1795959472656,68.60090637207031,208.15994262695312,232.8306427001953,664.7000122070312,302.47528076171875,3469.7099609375,170.84548950195312,197.92015075683594,45.08295822143555,949.9373168945312,480.489990234375,124.63395690917969,62.31991958618164,347.5914611816406,83.43777465820312,25.58431053161621,84.62560272216797,359.7316589355469,66.72418975830078,241.68614196777344,61.758724212646484,32.371910095214844,203.29638671875,87.09405517578125,63.37483596801758,146.19183349609375,205.63999938964844,158.11000061035156,201.47071838378906,199.49253845214844,261.35247802734375,47.33285140991211,67.98553466796875,380.2650146484375,892.9988403320312,67.08881378173828,36.4315299987793,229.8699951171875,61.14316177368164,239.33004760742188,206.62049865722656,50.9647331237793,47.184906005859375,186.9071502685547,205.176513671875,25.29108428955078,318.4107971191406,396.7494201660156,109.42620086669922,247.55043029785156,251.05545043945312,165.53053283691406,250.60995483398438,268.1812438964844,30.41191864013672,75.58545684814453,25.227998733520508,66.61717224121094,120.22179412841797,240.91510009765625,194.77047729492188,451.9722900390625,417.3266296386719,561.15234375,146.95550537109375,284.3417053222656,598.7709350585938,87.86417388916016,79.3526611328125,527.204345703125,144.5644989013672,149.42083740234375,132.55145263671875,405.72686767578125,1297.1400146484375,70.4278335571289,135.08824157714844,7341.47998046875,170.92225646972656,89.04533386230469,95.2779541015625,141.74253845214844,136.35865783691406,23.516645431518555,82.29808807373047,165.2080841064453,245.95523071289062,685.9119873046875,141.63999938964844,32.817771911621094,119.14708709716797,167.92999267578125,166.69097900390625,254.11154174804688,668.74658203125,22.613330841064453,273.63140869140625,291.94085693359375,220.87933349609375,122.61708068847656,356.2279968261719,40.618900299072266,528.2899780273438,506.94769287109375,80.0674057006836,95.03072357177734,99.3041000366211,382.7510070800781,23.97918128967285,150.33355712890625,43.371864318847656,123.9275131225586,258.3569641113281,84.79356384277344,357.0089416503906,511.4925842285156,242.58627319335938,104.94561004638672,44.54216003417969,352.2579345703125,266.3115234375,37.20697784423828,195.01695251464844,98.67863464355469,222.41017150878906,202.41741943359375,103.8333740234375,160.7403564453125
2025-02-14,133.0345458984375,183.7664794921875,376.4076843261719,302.7200012207031,93.97032165527344,97.8315658569336,316.6840515136719,182.13209533691406,167.1066436767578,181.751220703125,280.1875915527344,536.9566650390625,179.4362335205078,384.3546142578125,304.10302734375,68.11632537841797,206.5048828125,230.10537719726562,683.4099731445312,305.95745849609375,3458.550048828125,170.68601989746094,199.330810546875,45.327178955078125,943.7549438476562,479.5899963378906,124.07361602783203,63.74895095825195,347.2180480957031,81.66447448730469,25.95036506652832,82.97649383544922,364.07586669921875,66.27439880371094,240.3488311767578,62.75514602661133,32.63597106933594,201.9318389892578,88.18297576904297,62.859214782714844,147.30128479003906,213.3800048828125,155.07000732421875,204.1525115966797,199.13821411132812,260.6337890625,45.99150848388672,67.02922058105469,377.9830627441406,903.2542724609375,66.81678771972656,36.42666244506836,230.60000610351562,60.34208679199219,235.22714233398438,206.53123474121094,51.38528060913086,47.657840728759766,185.90240478515625,207.5090789794922,25.175601959228516,312.7630615234375,393.9308166503906,109.13381958007812,248.48037719726562,253.07986450195312,163.7040557861328,248.70211791992188,268.4432678222656,30.201982498168945,74.24638366699219,25.2185001373291,66.01329803466797,120.30923461914062,242.50894165039062,192.44296264648438,448.00201416015625,406.2579040527344,559.6165161132812,146.96484375,279.6855163574219,590.0448608398438,88.44548797607422,78.73588562011719,522.9602661132812,145.179931640625,151.33114624023438,134.59535217285156,403.6416320800781,1271.9100341796875,70.2643051147461,138.6429443359375,7365.72021484375,171.21717834472656,87.91999816894531,94.4094009399414,140.4264678955078,135.23635864257812,23.415756225585938,81.06763458251953,157.3543701171875,246.39625549316406,692.268798828125,142.85531616210938,32.16923522949219,121.519775390625,171.10000610351562,166.76844787597656,257.0426330566406,668.0819702148438,22.867202758789062,277.6593017578125,287.7767028808594,227.64865112304688,119.27493286132812,352.0159912109375,40.30036163330078,522.530029296875,504.48919677734375,80.29656219482422,95.16509246826172,99.29431915283203,379.60711669921875,24.203725814819336,149.8920440673828,44.19322967529297,122.4405746459961,263.951416015625,85.83097076416016,358.96551513671875,504.1069030761719,240.89474487304688,105.47196960449219,44.880523681640625,350.4551696777344,267.42889404296875,37.161651611328125,186.78868103027344,98.75825500488281,222.53721618652344,209.78839111328125,103.93901062011719,153.5186004638672
2025-02-18,133.55810546875,186.9869842529297,375.9808349609375,295.6600036621094,94.22903442382812,98.1870346069336,321.41217041015625,183.4134063720703,169.87200927734375,182.563232421875,281.76580810546875,538.0680541992188,179.5972900390625,388.42669677734375,304.9495544433594,68.26465606689453,206.18333435058594,225.65216064453125,710.010009765625,307.7379150390625,3384.429931640625,170.93661499023438,203.18276977539062,45.893768310546875,947.5728759765625,482.82000732421875,124.1129379272461,65.1780014038086,347.88629150390625,82.91785430908203,25.4556941986084,83.31402587890625,369.2869873046875,66.97749328613281,239.17001342773438,62.48426818847656,32.9000358581543,201.45721435546875,86.60252380371094,62.61094284057617,148.078857421875,211.97000122070312,155.83999633789062,202.40090942382812,202.12042236328125,262.0908203125,47.13072967529297,70.4446029663086,371.40899658203125,901.6095581054688,66.84492492675781,36.4412727355957,236.27999877929688,61.210540771484375,235.8688201904297,208.32611083984375,51.72758865356445,47.4213752746582,184.8379364013672,209.61715698242188,25.724153518676758,313.257568359375,387.9761657714844,109.95247650146484,251.81851196289062,254.81365966796875,163.49783325195312,252.6912384033203,271.70428466796875,30.965381622314453,74.9891128540039,25.408470153808594,66.18583679199219,119.00743103027344,242.31216430664062,190.58290100097656,456.6581115722656,411.39385986328125,563.431396484375,147.48904418945312,284.5193176269531,595.7396850585938,82.02244567871094,79.43939971923828,529.5147705078125,145.54136657714844,154.2111358642578,136.3001708984375,404.83746337890625,1273.1800537109375,74.64137268066406,139.192138671875,7263.39990234375,176.7618865966797,86.38800048828125,95.2584457397461,141.523193359375,135.9059600830078,23.443269729614258,81.96681213378906,159.80804443359375,247.6441650390625,687.5333862304688,141.27923583984375,32.617496490478516,123.64571380615234,170.7899932861328,168.1337127685547,255.78224182128906,674.4295654296875,23.1868896484375,281.69696044921875,295.69061279296875,224.8740234375,120.59034729003906,348.19854736328125,41.16910934448242,525.0,508.3030700683594,80.79304504394531,96.39352416992188,100.88935852050781,380.0308837890625,24.390840530395508,151.51092529296875,44.948509216308594,121.93836975097656,256.534423828125,87.10326385498047,358.61968994140625,482.17120361328125,242.77960205078125,106.24520111083984,45.059104919433594,353.3475341796875,269.703125,37.35203170776367,186.8780059814453,98.89253234863281,223.14308166503906,212.8286590576172,105.76350402832031,152.50498962402344
2025-02-19,135.48440551757812,188.03504943847656,378.5613708496094,299.05999755859375,93.80743408203125,99.0420913696289,322.4267272949219,185.9857940673828,171.90652465820312,187.01937866210938,283.180419921875,540.4089965820312,178.6592559814453,392.1809997558594,304.9976806640625,69.03601837158203,205.7672119140625,225.8496551513672,593.4199829101562,304.85577392578125,3396.4599609375,172.78163146972656,201.94674682617188,45.80584716796875,955.790283203125,483.7699890136719,124.6044692993164,64.58094024658203,346.9035339355469,82.87142944335938,25.811857223510742,84.30735778808594,376.04681396484375,67.56503295898438,243.1125946044922,62.72611999511719,31.69708824157715,205.8079071044922,86.27083587646484,63.40348434448242,149.0934600830078,213.24000549316406,152.5500030517578,202.84625244140625,201.6479949951172,262.1104736328125,48.159706115722656,69.67371368408203,380.3718566894531,908.5562133789062,66.71360778808594,36.811485290527344,236.33999633789062,62.12390899658203,237.4049835205078,208.74261474609375,51.51242446899414,47.09623336791992,186.16104125976562,236.114501953125,25.733774185180664,317.0656433105469,380.395751953125,110.06942749023438,259.9239807128906,256.0244445800781,163.94955444335938,254.47381591796875,271.0249328613281,31.280282974243164,76.62091827392578,25.54145050048828,67.16351318359375,117.49190521240234,243.81744384765625,189.5603485107422,452.9721984863281,415.6274108886719,563.3223266601562,147.3954315185547,283.6709289550781,599.039306640625,82.90870666503906,80.0561752319336,516.5841064453125,146.72337341308594,152.76771545410156,136.28079223632812,409.90728759765625,1302.9300537109375,73.8621597290039,139.02235412597656,7176.91015625,178.45281982421875,86.38666534423828,95.93182373046875,143.08718872070312,137.51873779296875,23.745941162109375,81.5787582397461,160.83204650878906,252.9830780029297,693.5538940429688,142.22869873046875,32.7987060546875,123.34201049804688,169.9199981689453,169.66363525390625,257.9414978027344,680.043212890625,23.055253982543945,281.4023132324219,293.91339111328125,225.96617126464844,122.19808959960938,347.0740051269531,40.71542739868164,500.9800109863281,507.3028869628906,81.48047637939453,95.78888702392578,100.79151153564453,382.8988037109375,24.54989242553711,153.11026000976562,44.87297821044922,121.53462982177734,256.6708984375,87.30879211425781,366.1693420410156,492.09912109375,238.806884765625,105.85858917236328,44.28837966918945,351.8617248535156,262.0004577636719,38.08638381958008,191.8804931640625,99.34330749511719,223.30918884277344,208.85964965820312,105.91715240478516,152.6609344482422
2025-02-20,135.12876892089844,191.3984375,373.34210205078125,291.0199890136719,93.14627075195312,100.25261688232422,320.2597351074219,183.63665771484375,174.23280334472656,186.94015502929688,286.70245361328125,532.1175537109375,182.27870178222656,390.39324951171875,302.3329772949219,68.60090637207031,207.47901916503906,223.8847198486328,541.8099975585938,298.894775390625,3406.659912109375,173.0625762939453,198.29672241210938,45.825382232666016,958.736083984375,481.79998779296875,125.22380828857422,65.68697357177734,343.1200866699219,84.70043182373047,24.298168182373047,84.74134063720703,374.410400390625,68.0947494506836,241.17103576660156,62.56166458129883,31.745986938476562,203.62266540527344,85.4025650024414,62.15259552001953,150.57273864746094,202.25,150.02000427246094,205.78530883789062,203.17352294921875,263.1934814453125,47.68197250366211,69.61514282226562,379.1968688964844,909.6880493164062,67.22014617919922,36.602020263671875,234.42999267578125,61.27043151855469,239.36892700195312,206.997314453125,50.730003356933594,47.184906005859375,185.673583984375,223.5050811767578,25.974369049072266,317.995361328125,379.6358337402344,109.513916015625,265.58221435546875,256.43121337890625,163.78262329101562,255.86131286621094,258.9415588378906,31.623815536499023,76.9057388305664,25.256494522094727,67.134765625,119.19200897216797,245.14564514160156,192.07290649414062,452.8055419921875,418.83380126953125,558.1500244140625,149.8479766845703,283.3157958984375,599.8045654296875,83.80450439453125,79.7381591796875,501.7991027832031,145.6292724609375,154.35743713378906,130.1298065185547,412.07598876953125,1303.1300048828125,74.2950668334961,139.9010467529297,7258.0,173.02609252929688,87.49600219726562,96.64422607421875,143.29698181152344,140.62167358398438,23.755111694335938,81.92894744873047,161.52757263183594,251.15342712402344,687.5333862304688,143.90924072265625,32.56980514526367,124.85104370117188,165.75999450683594,168.19180297851562,238.28392028808594,691.2055053710938,22.622732162475586,281.4612121582031,297.6838073730469,227.1468505859375,121.90576934814453,345.26885986328125,41.1208381652832,493.9700012207031,500.507080078125,82.12017822265625,95.62574768066406,100.43922424316406,380.8193359375,24.46569061279297,152.84532165527344,44.042171478271484,121.10136413574219,258.6688537597656,84.67611694335938,362.3055725097656,483.798583984375,239.37718200683594,107.3313980102539,43.95001220703125,347.1666564941406,255.69195556640625,38.52155303955078,190.6795196533203,99.29534149169922,223.89552307128906,204.63653564453125,107.54960632324219,153.42112731933594
2025-02-21,133.72604370117188,192.5417938232422,353.37701416015625,285.0,94.42068481445312,101.19414520263672,320.6832275390625,180.21981811523438,170.24349975585938,184.37542724609375,291.5910339355469,521.7606201171875,181.4922637939453,386.9071350097656,298.1098937988281,66.83074951171875,207.04396057128906,215.90646362304688,513.219970703125,290.57305908203125,3368.97998046875,172.68292236328125,197.2064971923828,44.565208435058594,944.0455932617188,478.739990234375,124.90922546386719,64.72775268554688,334.1673583984375,85.59172821044922,22.972454071044922,86.28436279296875,359.09417724609375,68.85563659667969,239.1600799560547,61.89415740966797,31.589509963989258,202.13946533203125,82.7977523803711,60.615257263183594,148.79953002929688,199.94000244140625,146.57000732421875,208.04161071777344,197.37644958496094,260.58453369140625,47.930023193359375,70.06402587890625,373.95318603515625,889.7866821289062,67.12633514404297,36.42666244506836,232.33999633789062,59.915348052978516,236.31605529785156,198.1616973876953,50.35835647583008,45.608463287353516,180.63978576660156,219.3084716796875,25.271839141845703,312.970703125,370.65093994140625,108.6075439453125,250.51657104492188,253.2735595703125,164.84312438964844,254.6472625732422,256.4570007324219,32.482635498046875,74.59845733642578,25.08552360534668,68.39043426513672,117.13246154785156,245.81468200683594,193.81610107421875,448.9823303222656,423.0865478515625,552.4324340820312,150.40023803710938,273.7173767089844,594.0402221679688,85.71044921875,78.07093048095703,485.7348327636719,141.62417602539062,149.93942260742188,127.56285858154297,404.233154296875,1286.5400390625,73.59280395507812,134.22952270507812,7094.7998046875,164.97447204589844,86.89399719238281,96.00012969970703,141.6280975341797,144.77146911621094,24.121986389160156,79.86558532714844,164.44491577148438,249.76467895507812,659.3680419921875,146.59617614746094,33.113433837890625,122.22208404541016,161.64999389648438,160.18405151367188,228.87530517578125,695.4856567382812,21.992753982543945,272.7963562011719,289.8680725097656,227.15670776367188,120.74038696289062,339.8928527832031,40.290706634521484,474.8399963378906,498.6094665527344,83.16088104248047,94.72361755371094,98.68760681152344,377.2418518066406,24.905414581298828,152.2344512939453,43.107521057128906,119.25992584228516,258.4447326660156,82.78724670410156,350.6352233886719,449.13287353515625,237.3473663330078,107.08285522460938,43.11349868774414,345.2252197265625,250.02613830566406,38.76633834838867,183.49398803710938,99.79407501220703,222.83038330078125,190.80380249023438,106.29166412353516,156.3839111328125
2025-02-24,133.63714599609375,194.44740295410156,353.0374450683594,285.260009765625,94.7081298828125,102.11643981933594,323.5693359375,183.21926879882812,166.86793518066406,183.96939086914062,298.04815673828125,522.3016357421875,181.9186553955078,389.50927734375,297.6288757324219,66.38572692871094,208.98275756835938,205.3115692138672,499.7300109863281,290.70086669921875,3401.0,174.8696746826172,199.5157470703125,43.58832931518555,923.2890625,498.4200134277344,125.39093017578125,65.13884735107422,333.06671142578125,85.93524169921875,23.378082275390625,86.9015884399414,352.78179931640625,69.46243286132812,241.94371032714844,61.178287506103516,31.110286712646484,201.0715789794922,82.48556518554688,60.1760139465332,149.7193145751953,195.8699951171875,140.11000061035156,208.94212341308594,196.31350708007812,259.71820068359375,47.98514938354492,73.28425598144531,374.1085510253906,879.4635620117188,67.73606872558594,36.42666244506836,232.08999633789062,59.96776580810547,239.43699645996094,197.0510711669922,49.66395950317383,45.88433837890625,180.25181579589844,217.4541473388672,25.733774185180664,316.0863952636719,367.8804016113281,110.92705535888672,249.62574768066406,253.65130615234375,165.3832244873047,252.06494140625,253.64244079589844,32.55897903442383,73.10868835449219,25.142513275146484,67.66194915771484,116.39411926269531,247.369140625,194.62440490722656,449.5018615722656,422.6545104980469,553.908935546875,152.44093322753906,273.0169982910156,602.040771484375,85.92963409423828,78.26366424560547,486.52813720703125,142.11260986328125,148.9251251220703,125.89675903320312,400.06414794921875,1309.969970703125,77.22915649414062,130.08572387695312,7062.02001953125,167.088134765625,87.6606674194336,96.30265808105469,142.94415283203125,145.1015625,24.443002700805664,80.55653381347656,164.74440002441406,255.80735778808594,651.5680541992188,148.38116455078125,33.266029357910156,121.69539642333984,162.5800018310547,155.99136352539062,232.1971435546875,708.3162841796875,22.039772033691406,270.8020324707031,287.3251037597656,228.9671173095703,122.83612823486328,339.2022705078125,40.08799362182617,470.0799865722656,498.441162109375,83.23725891113281,94.57965850830078,97.93411254882812,382.30755615234375,25.017688751220703,150.94374084472656,42.80540466308594,119.61441802978516,261.32965087890625,82.59150695800781,342.7792053222656,444.4144592285156,234.23492431640625,106.92637634277344,42.86912536621094,346.5426330566406,248.74070739746094,39.27403259277344,180.8801727294922,100.59012603759766,224.44273376464844,190.30520629882812,106.84860229492188,161.11070251464844
2025-02-25,132.5504913330078,194.50454711914062,352.10614013671875,283.7200012207031,95.25431060791016,103.41343688964844,326.8592834472656,184.89859008789062,163.86851501464844,185.12799072265625,303.7354431152344,513.4199829101562,193.05166625976562,394.86260986328125,305.29583740234375,64.28923797607422,211.48899841308594,199.98944091796875,496.6499938964844,288.54669189453125,3425.60009765625,174.67227172851562,198.91317749023438,43.02174377441406,928.3377075195312,499.82000732421875,125.64653015136719,65.77506256103516,336.44732666015625,86.65013122558594,23.486909866333008,89.00395965576172,353.3493957519531,70.3870620727539,248.174560546875,62.174705505371094,31.38412857055664,203.51390075683594,82.76847839355469,60.78713607788086,148.3253936767578,191.27000427246094,142.7899932861328,208.21971130371094,195.23086547851562,261.5690612792969,47.92083740234375,72.97198486328125,390.2959899902344,877.1898803710938,68.45836639404297,36.3389778137207,232.3800048828125,59.59342956542969,242.9760284423828,197.6063690185547,48.57835006713867,46.02227783203125,176.45156860351562,220.60647583007812,25.24296760559082,329.4392395019531,378.337158203125,113.45122528076172,253.8057403564453,249.6605987548828,168.12290954589844,254.88812255859375,249.8184814453125,33.34145736694336,71.85974884033203,24.791067123413086,68.52462005615234,120.77555084228516,248.78587341308594,198.6366729736328,458.2854919433594,430.5168151855469,558.8931274414062,154.19140625,273.7074890136719,623.2298583984375,86.22506713867188,79.2177505493164,486.1810607910156,143.14808654785156,146.86729431152344,125.5383529663086,394.0235595703125,1308.8900146484375,78.61443328857422,126.44115447998047,7335.39990234375,165.692138671875,89.77200317382812,97.63965606689453,144.00271606445312,147.52542114257812,24.52555274963379,80.79315185546875,166.78269958496094,261.33392333984375,649.6798095703125,149.4635467529297,33.36139678955078,120.91014862060547,162.72000122070312,156.10757446289062,232.10922241210938,718.4655151367188,21.97395133972168,263.45361328125,283.515380859375,229.75424194335938,124.70662689208984,348.23797607421875,39.5860481262207,457.95001220703125,498.59075927734375,67.44528198242188,93.29364013671875,97.58184814453125,384.65301513671875,24.933483123779297,149.70230102539062,42.62602615356445,120.82563781738281,263.67852783203125,82.23918151855469,344.6567077636719,452.9460754394531,237.67599487304688,108.72135925292969,43.151092529296875,348.7514953613281,246.9905548095703,39.62760925292969,180.9298553466797,101.5588150024414,225.48834228515625,191.95733642578125,105.36980438232422,164.24893188476562
2025-02-26,132.83697509765625,193.42787170410156,347.6435546875,285.6700134277344,95.17765045166016,102.69288635253906,323.4117736816406,182.9086456298828,166.8085174560547,186.3459930419922,294.83404541015625,516.63623046875,190.19021606445312,396.51129150390625,301.9193420410156,65.4957046508789,209.55967712402344,210.25851440429688,572.4000244140625,291.2615661621094,3392.969970703125,172.80442810058594,198.94161987304688,42.503997802734375,924.2290649414062,494.1000061035156,125.0271987915039,64.69837951660156,336.6634826660156,85.07179260253906,23.86285972595215,86.95944213867188,358.8984375,70.50263214111328,248.29342651367188,61.99089813232422,31.276546478271484,202.02081298828125,82.0953369140625,60.97810745239258,147.11163330078125,198.60000610351562,144.97000122070312,207.25982666015625,194.5615692138672,262.3369445800781,48.334266662597656,71.50825500488281,374.9533386230469,885.2716674804688,68.30827331542969,35.993125915527344,229.7100067138672,59.82551193237305,242.3245849609375,199.92684936523438,48.910884857177734,47.74650955200195,173.79539489746094,221.46534729003906,24.94463348388672,316.4226989746094,375.6339416503906,112.64231872558594,249.69427490234375,247.81056213378906,168.0836181640625,251.8818817138672,251.1675262451172,32.19636535644531,73.20284271240234,24.85755729675293,67.86324310302734,118.05536651611328,247.9988250732422,197.03955078125,452.46240234375,423.8352966308594,556.1582641601562,153.7233428955078,278.34393310546875,619.7910766601562,86.32035827636719,79.54541778564453,487.0140686035156,144.01747131347656,142.683349609375,126.94291687011719,395.83575439453125,1289.52001953125,78.0853271484375,131.08421325683594,7209.669921875,169.55572509765625,88.69466400146484,96.35145568847656,142.3433380126953,142.89462280273438,24.232051849365234,81.30426025390625,165.47857666015625,256.5579528808594,653.0608520507812,146.91900634765625,33.256492614746094,120.12488555908203,163.02999877929688,156.9596710205078,238.49887084960938,702.0499267578125,21.983352661132812,270.9396057128906,281.885498046875,227.84544372558594,124.67725372314453,354.70892333984375,39.190284729003906,470.4599914550781,495.6128234863281,69.55534362792969,93.40882110595703,98.12004089355469,386.07220458984375,24.8586368560791,150.4708251953125,42.80540466308594,122.982177734375,256.8949890136719,84.71526336669922,346.5639343261719,446.4077453613281,237.27969360351562,107.59834289550781,43.00070571899414,347.3053283691406,247.72225952148438,39.147117614746094,181.8740234375,101.38616943359375,223.4752960205078,193.88314819335938,105.11052703857422,160.79884338378906
2025-02-27,125.53671264648438,195.34303283691406,346.2077941894531,282.3500061035156,95.31180572509766,101.03082275390625,328.17926025390625,189.3443603515625,155.05838012695312,185.5042724609375,294.29510498046875,517.4231567382812,193.26011657714844,401.248779296875,300.5340881347656,64.73424530029297,210.9215545654297,195.3091583251953,525.4400024414062,289.39263916015625,3444.68994140625,170.20008850097656,194.34124755859375,42.572383880615234,915.6240234375,502.4100036621094,125.31228637695312,62.72122573852539,334.1280212402344,86.76155090332031,23.249467849731445,86.98837280273438,356.3930969238281,69.67430877685547,246.66883850097656,61.72970962524414,31.305885314941406,201.0913543701172,81.93923950195312,61.570133209228516,148.5624542236328,195.83999633789062,138.49000549316406,203.5686492919922,193.4100341796875,263.035888671875,47.16748046875,71.20574951171875,381.4982604980469,885.3689575195312,69.114990234375,36.09054946899414,231.5800018310547,59.59342956542969,244.63856506347656,199.7483367919922,47.9230842590332,46.928733825683594,169.3286590576172,218.67408752441406,25.117860794067383,317.44146728515625,375.43194580078125,114.48428344726562,255.93003845214844,245.282470703125,167.75958251953125,251.6313018798828,251.41986083984375,32.07230758666992,69.30143737792969,24.895549774169922,67.93035888671875,116.93816375732422,244.4862518310547,199.54234313964844,451.2174377441406,428.59686279296875,559.6759643554688,156.23204040527344,274.07281494140625,617.0380859375,86.47283172607422,81.00062561035156,478.29766845703125,147.03594970703125,144.32180786132812,125.18962860107422,388.7059020996094,1253.300048828125,76.97903442382812,119.9708251953125,7181.9501953125,161.97601318359375,90.23066711425781,95.72687530517578,141.86648559570312,143.37562561035156,23.938552856445312,82.84706115722656,166.1258087158203,261.5684814453125,647.5344848632812,146.2353973388672,32.85592269897461,122.01141357421875,162.75,149.54258728027344,232.68565368652344,697.918701171875,22.00215721130371,265.9685974121094,279.1755065917969,228.9474334716797,127.82086181640625,350.6843566894531,39.48952102661133,454.7099914550781,491.9793395996094,68.64830780029297,93.59115600585938,98.51145935058594,383.2733459472656,25.167381286621094,149.5249481201172,43.154720306396484,121.60356140136719,257.4700622558594,82.51321411132812,340.2099304199219,451.1935119628906,236.8833770751953,108.27952575683594,43.49885559082031,352.36688232421875,242.37286376953125,39.228702545166016,180.07513427734375,101.28067779541016,224.3743438720703,187.96881103515625,105.77310943603516,160.78909301757812
2025-02-28,126.36650848388672,199.16375732421875,338.0878601074219,274.2099914550781,97.31442260742188,101.88587188720703,332.6808166503906,193.3145294189453,156.47393798828125,187.45509338378906,296.45068359375,528.468505859375,194.82350158691406,406.3339538574219,304.13189697265625,65.86161041259766,213.91012573242188,196.9186248779297,528.4500122070312,296.0421447753906,3493.010009765625,171.24029541015625,198.208984375,43.559024810791016,947.4954223632812,513.8300170898438,127.28824615478516,63.42595672607422,338.0098876953125,87.36502075195312,23.674884796142578,87.92383575439453,360.3272705078125,70.35816192626953,251.15626525878906,62.01992416381836,31.433544158935547,205.17506408691406,81.29535675048828,62.75416946411133,150.41156005859375,198.44000244140625,139.36000061035156,205.59730529785156,196.1484375,264.8375549316406,50.015533447265625,70.50958251953125,385.3922119140625,879.7671508789062,69.57463073730469,36.88942337036133,235.69000244140625,59.60841369628906,245.59136962890625,205.2519989013672,49.32969665527344,48.40665054321289,171.3282470703125,223.42701721191406,25.377696990966797,302.9610290527344,381.5213317871094,115.27369689941406,264.72076416015625,244.5172882080078,170.10650634765625,254.358154296875,256.85491943359375,31.986427307128906,70.26093292236328,25.74091911315918,68.25623321533203,116.2192611694336,247.6929473876953,200.72071838378906,457.8541259765625,432.35040283203125,571.061279296875,157.3740692138672,277.2762145996094,636.3289794921875,87.69263458251953,83.05335235595703,479.09100341796875,151.52947998046875,146.4674072265625,128.9383544921875,393.1224060058594,1272.719970703125,76.41145324707031,124.73371124267578,7245.580078125,163.2540283203125,91.57599639892578,97.37615966796875,144.64166259765625,144.74317932128906,24.241220474243164,84.27628326416016,167.9322509765625,264.5992126464844,660.8905029296875,147.4316864013672,33.58075714111328,124.19481658935547,163.6300048828125,152.18600463867188,240.4431610107422,693.9066772460938,22.293638229370117,266.37139892578125,281.94439697265625,233.20777893066406,130.2397918701172,357.3525695800781,40.213478088378906,457.2799987792969,499.826904296875,68.3332290649414,95.23226928710938,99.72488403320312,380.6025390625,25.644535064697266,151.7615203857422,43.758949279785156,122.85415649414062,263.7286071777344,83.59955596923828,349.5185546875,457.3562927246094,239.76022338867188,109.56824493408203,44.081600189208984,359.2707824707031,244.538330078125,39.074581146240234,184.21951293945312,102.32609558105469,227.47206115722656,190.21725463867188,106.90621948242188,162.99168395996094
2025-03-03,124.79582977294922,201.49810791015625,334.68267822265625,272.0299987792969,99.33621978759766,103.4710693359375,336.67999267578125,196.13926696777344,150.5939178466797,184.73190307617188,299.0682373046875,523.1769409179688,198.60398864746094,406.5325927734375,298.84100341796875,62.74653244018555,215.70704650878906,185.01048278808594,525.75,290.6615295410156,3477.760009765625,173.45741271972656,195.44845581054688,42.59191131591797,936.53564453125,510.0799865722656,126.99332427978516,61.91861343383789,326.3055419921875,88.99905395507812,23.012027740478516,89.50543975830078,348.37774658203125,71.33094024658203,252.97897338867188,61.41046142578125,31.354984283447266,205.10585021972656,81.47096252441406,61.97117614746094,145.16773986816406,198.10000610351562,137.24000549316406,203.54885864257812,190.74070739746094,265.6349792480469,50.778079986572266,68.81327056884766,384.0521545410156,885.5634155273438,70.3719711303711,36.2318115234375,237.7899932861328,59.203731536865234,246.99139404296875,200.27391052246094,47.46077346801758,46.68241500854492,167.7866973876953,220.78216552734375,24.06887435913086,307.8867492675781,374.8740234375,117.24125671386719,256.0279235839844,242.33790588378906,170.07704162597656,252.67196655273438,252.94363403320312,32.568519592285156,68.50748443603516,25.778911590576172,69.3201904296875,114.5677261352539,250.65292358398438,202.26913452148438,453.1486511230469,437.06005859375,569.6839599609375,159.99510192871094,274.5770568847656,641.283935546875,89.86542510986328,82.59075927734375,466.62579345703125,149.8688201904297,142.2152099609375,125.08309173583984,384.7052307128906,1268.6400146484375,75.81200408935547,113.88990020751953,7200.2900390625,159.28231811523438,91.732666015625,98.30327606201172,146.26287841796875,147.119873046875,24.076128005981445,83.8976821899414,169.62277221679688,267.4891052246094,643.1451416015625,150.76429748535156,34.019466400146484,119.69395446777344,160.55999755859375,148.74856567382812,235.57762145996094,680.1326293945312,21.98954963684082,257.74578857421875,273.578857421875,235.76597595214844,131.0624237060547,352.6568603515625,38.4373664855957,443.260009765625,495.6783752441406,68.2091064453125,93.07292175292969,97.91454315185547,389.1668395996094,25.9345645904541,148.38204956054688,42.89037322998047,121.65279388427734,266.7991943359375,82.29790496826172,342.1467590332031,449.739501953125,238.90493774414062,109.77996063232422,43.461265563964844,358.3892517089844,237.08287048339844,39.772666931152344,180.53231811523438,103.92778778076172,228.44924926757812,183.48171997070312,103.47808074951172,166.19810485839844
2025-03-04,121.56553649902344,197.9536895751953,335.4491271972656,267.42999267578125,95.81964874267578,101.107666015625,332.21783447265625,193.19805908203125,151.32643127441406,181.5432891845703,300.4250793457031,489.9817199707031,196.24472045898438,401.9241638183594,293.742431640625,62.3509635925293,210.8931884765625,185.11912536621094,528.280029296875,278.8379821777344,3473.659912109375,170.28359985351562,193.56161499023438,41.8690299987793,922.3103637695312,495.8599853515625,124.17192840576172,60.75384521484375,321.1069030761719,87.4671401977539,21.676420211791992,87.8177490234375,339.9122009277344,70.1847915649414,250.89869689941406,61.1976318359375,30.638134002685547,202.2680206298828,81.69534301757812,61.312313079833984,144.13412475585938,193.41000366210938,133.77999877929688,203.76658630371094,181.63243103027344,263.6167297363281,50.364654541015625,66.76395416259766,385.7709045410156,885.0381469726562,68.88986206054688,36.15874481201172,223.9199981689453,57.86227798461914,243.84130859375,197.1105499267578,45.729557037353516,44.55421829223633,171.7162322998047,214.82879638671875,23.241233825683594,308.6484069824219,367.1685485839844,114.51016998291016,257.2418212890625,245.26312255859375,166.7874298095703,246.0138397216797,242.87905883789062,32.062767028808594,69.28558349609375,25.63643455505371,67.2785415649414,115.36434936523438,253.3860321044922,201.66534423828125,452.2663879394531,434.0428161621094,550.0147094726562,157.40216064453125,267.7353210449219,640.4480590820312,88.65513610839844,78.6009750366211,458.7990417480469,142.48382568359375,139.09429931640625,117.90530395507812,384.82403564453125,1240.969970703125,74.75811767578125,115.81702423095703,7201.7099609375,154.80918884277344,90.45133209228516,97.21025848388672,144.9563751220703,145.42222595214844,23.617534637451172,81.03924560546875,167.294677734375,265.7157287597656,617.777587890625,146.16893005371094,33.113433837890625,117.10836029052734,158.44000244140625,149.56195068359375,221.80172729492188,670.8175048828125,21.248332977294922,248.27532958984375,263.013916015625,232.14517211914062,126.03849792480469,351.2233581542969,37.72306442260742,445.4700012207031,483.97259521484375,67.43573760986328,88.00563049316406,92.06275939941406,384.2785949707031,24.531179428100586,145.85975646972656,41.31372833251953,119.88030242919922,258.8000183105469,79.53800964355469,339.1427001953125,457.019287109375,234.73545837402344,107.50630187988281,41.92921447753906,348.89019775390625,232.22787475585938,38.866065979003906,176.55691528320312,101.18476867675781,224.71636962890625,179.42477416992188,103.2668228149414,165.5841064453125
2025-03-05,124.9736328125,201.55526733398438,337.85504150390625,267.239990234375,94.60274505615234,99.3302993774414,335.68511962890625,193.71250915527344,153.75172424316406,183.23660278320312,304.6400451660156,500.7221984863281,197.73228454589844,401.3183288574219,299.7356262207031,63.99256134033203,212.2928924560547,189.16749572753906,534.9600219726562,279.5363464355469,3555.8798828125,170.16970825195312,194.31475830078125,41.34150695800781,938.1539306640625,498.5,125.26312255859375,63.494468688964844,332.6441650390625,87.8570785522461,22.101837158203125,88.48319244384766,339.9122009277344,69.71285247802734,249.16514587402344,61.87480926513672,30.363176345825195,202.9898223876953,82.23191833496094,62.97378921508789,143.00570678710938,195.0800018310547,136.08999633789062,208.36814880371094,187.2276611328125,265.44793701171875,50.7045783996582,70.50958251953125,385.96514892578125,895.7166137695312,69.10560607910156,36.285396575927734,225.9600067138672,58.5367546081543,255.6638641357422,200.8094024658203,46.270565032958984,47.76622009277344,174.0839385986328,219.4060516357422,23.44476890563965,316.1457214355469,371.6610107421875,115.23453521728516,256.59564208984375,243.4615020751953,168.51571655273438,251.53494262695312,244.12136840820312,31.776491165161133,70.9518051147461,25.38947296142578,67.17311096191406,118.55083465576172,250.8996124267578,205.02513122558594,459.030517578125,445.26092529296875,553.2152709960938,159.1619873046875,268.031982421875,636.3986206054688,89.63670349121094,80.04654693603516,474.40289306640625,144.1933135986328,131.7797088623047,119.87168884277344,397.1131286621094,1257.8399658203125,75.23188781738281,117.12506866455078,7387.7900390625,158.830078125,89.31133270263672,98.91810607910156,145.05174255371094,145.1298370361328,23.791799545288086,82.40220642089844,168.6760711669922,264.4677734375,632.7549438476562,145.39988708496094,32.94176483154297,114.66639709472656,161.16000366210938,153.4641571044922,225.99310302734375,682.3968505859375,20.99175262451172,246.04525756835938,268.698974609375,231.96804809570312,126.9590835571289,358.1829528808594,38.060916900634766,447.9599914550781,489.6756591796875,68.64830780029297,88.81178283691406,90.44815063476562,389.9650573730469,24.493757247924805,148.55938720703125,40.700069427490234,121.16043853759766,256.9322509765625,79.54779815673828,344.5282897949219,458.33856201171875,236.76675415039062,109.55903625488281,41.98561096191406,349.33587646484375,237.65635681152344,38.838863372802734,178.7831573486328,100.1968994140625,225.1365509033203,183.4132843017578,101.2502670288086,162.75778198242188
2025-03-06,125.01315307617188,200.8025665283203,331.6268310546875,260.3900146484375,93.0792007446289,98.56172180175781,334.75921630859375,191.64491271972656,150.0098419189453,182.34539794921875,305.8428955078125,494.68316650390625,196.06468200683594,398.86517333984375,299.13916015625,61.06538009643555,206.64675903320312,177.19024658203125,499.30999755859375,271.13592529296875,3615.7900390625,171.09603881835938,185.5625457763672,40.93122863769531,929.917236328125,497.8399963378906,124.86006927490234,63.983863830566406,335.1206359863281,88.36772155761719,20.647506713867188,89.96835327148438,337.5046691894531,69.0001220703125,251.3841094970703,61.342742919921875,30.372995376586914,198.35240173339844,81.51972961425781,62.30537796020508,145.0349578857422,180.11000061035156,131.92999267578125,212.5738983154297,183.5666046142578,262.1203308105469,50.6035270690918,70.14678955078125,391.1116943359375,847.9461059570312,67.45466613769531,37.922115325927734,219.9499969482422,57.85478973388672,257.20977783203125,194.4132537841797,44.76558303833008,46.50506591796875,173.30795288085938,216.57577514648438,23.696760177612305,318.24261474609375,367.2166442871094,114.22628784179688,260.15899658203125,240.8849639892578,166.5910186767578,255.44692993164062,239.27833557128906,31.995969772338867,68.60462188720703,24.990537643432617,67.53733825683594,122.54366302490234,250.68255615234375,208.1999053955078,456.981689453125,446.3053283691406,544.8125,156.1103515625,259.6578369140625,638.4581909179688,88.75043487548828,79.23703002929688,472.69451904296875,143.53883361816406,134.15940856933594,115.62895965576172,393.0234069824219,1272.5400390625,75.13520050048828,110.40510559082031,7494.919921875,148.38954162597656,88.73733520507812,100.09894561767578,142.94415283203125,145.81837463378906,24.066957473754883,82.00466918945312,168.72438049316406,263.8204040527344,623.7388305664062,145.78915405273438,32.32183837890625,117.58717346191406,160.55999755859375,151.90650939941406,210.58558654785156,693.6087036132812,20.858715057373047,234.1482391357422,266.8923034667969,227.76673889160156,125.627197265625,355.968505859375,38.379451751708984,445.7300109863281,481.5378112792969,66.4714126586914,86.21096801757812,84.78228759765625,376.7786560058594,25.008333206176758,145.12078857421875,39.878700256347656,118.80694580078125,257.1376037597656,76.39262390136719,337.6900634765625,469.64337158203125,238.380126953125,110.92139434814453,41.71303939819336,340.8966979980469,232.53439331054688,40.09904479980469,176.49729919433594,99.55430603027344,220.80758666992188,178.33966064453125,103.34364318847656,163.00140380859375
2025-03-07,125.16133117675781,204.1754608154297,331.9566955566406,259.75,94.46857452392578,100.51201629638672,319.7581787109375,194.8482208251953,154.10806274414062,182.1968536376953,312.61761474609375,491.1324462890625,201.14324951171875,400.3450012207031,304.38201904296875,62.232295989990234,206.59945678710938,192.5049285888672,526.4000244140625,268.74560546875,3614.969970703125,174.2850341796875,185.0481719970703,41.89833450317383,922.6000366210938,495.6199951171875,124.35869598388672,65.9610366821289,344.2502136230469,90.73521423339844,20.419960021972656,93.29550170898438,334.8329162597656,70.3870620727539,252.1864776611328,61.85546112060547,30.697052001953125,200.78482055664062,81.19779968261719,63.336647033691406,148.24954223632812,178.0800018310547,126.72000122070312,209.86244201660156,183.19158935546875,265.0837097167969,51.81624984741211,71.88230895996094,397.6080627441406,835.90625,67.51094055175781,38.959678649902344,218.0399932861328,57.40513610839844,264.0252685546875,192.2316131591797,45.17871856689453,46.86066436767578,174.83998107910156,214.06753540039062,24.229812622070312,326.5510559082031,362.47406005859375,115.31285095214844,254.28546142578125,253.3316650390625,167.17042541503906,264.4754638671875,235.143798828125,31.814664840698242,70.50376892089844,24.82906150817871,68.46710968017578,121.62073516845703,249.6564178466797,214.34490966796875,459.540283203125,458.0552978515625,541.7903442382812,155.72657775878906,259.7764587402344,640.975341796875,90.05601501464844,79.26593780517578,457.27935791015625,142.9136199951172,134.149658203125,115.55146026611328,389.478271484375,1291.56005859375,75.98603057861328,112.52195739746094,7393.2099609375,152.5382080078125,87.93399810791016,101.5042495727539,146.3677978515625,146.94583129882812,24.516374588012695,81.02977752685547,169.97055053710938,262.5536804199219,627.515380859375,143.320556640625,32.493507385253906,120.83353424072266,162.64999389648438,156.94932556152344,209.81106567382812,702.6160888671875,20.97274398803711,228.53868103027344,271.5267333984375,230.41346740722656,125.74470520019531,359.4681091308594,39.93355178833008,450.8800048828125,465.4212646484375,66.16588592529297,86.0382308959961,86.11312866210938,373.81219482421875,25.373212814331055,148.5889434814453,39.83149719238281,117.44802856445312,259.3769226074219,73.64043426513672,341.62396240234375,475.1899108886719,242.30662536621094,111.95236206054688,42.0326042175293,342.0456848144531,218.42434692382812,41.75812911987305,178.18682861328125,102.4699478149414,224.31573486328125,184.18557739257812,104.68801879882812,166.04217529296875
2025-03-10,120.41962432861328,206.43362426757812,325.2821960449219,248.39999389648438,95.10100555419922,103.10598754882812,317.63629150390625,193.88243103027344,148.47552490234375,177.62188720703125,315.0233459472656,472.4742431640625,201.88230895996094,396.27288818359375,292.1648254394531,61.10493850708008,204.63229370117188,182.1272735595703,515.4500122070312,257.0498962402344,3690.1201171875,173.48414611816406,176.24395751953125,40.20833206176758,891.7532958984375,497.1000061035156,121.83220672607422,65.62824249267578,339.2480773925781,91.46865844726562,18.876590728759766,94.02845764160156,327.1111755371094,71.28279876708984,259.10089111328125,60.03675842285156,30.098037719726562,198.36227416992188,81.9489974975586,62.286285400390625,149.41590881347656,177.86000061035156,121.11000061035156,203.0936279296875,175.3957977294922,261.5591735839844,52.35829544067383,70.63704681396484,399.36328125,807.8099365234375,66.48847198486328,38.87199401855469,214.6199951171875,56.14612579345703,264.3947448730469,190.8705291748047,44.273765563964844,47.492855072021484,167.1312713623047,210.14418029785156,24.123201370239258,332.49554443359375,360.4057922363281,114.87234497070312,245.95477294921875,248.83729553222656,166.1000518798828,257.9136657714844,225.380126953125,31.051265716552734,67.23971557617188,24.82906150817871,68.48627471923828,121.64988708496094,240.8750762939453,213.31678771972656,452.96240234375,463.3935852050781,532.2281494140625,156.64393615722656,254.30905151367188,655.5219116210938,89.3889389038086,76.30731201171875,464.9670715332031,144.2030792236328,132.89154052734375,108.18964385986328,376.4563903808594,1294.4000244140625,73.86859893798828,106.82046508789062,7503.419921875,146.27586364746094,89.77200317382812,101.41641998291016,147.35960388183594,148.6680145263672,24.43383026123047,79.20303344726562,170.27000427246094,261.4934387207031,599.6861572265625,142.978759765625,32.957881927490234,120.78565216064453,161.02000427246094,150.87460327148438,203.17359924316406,739.6779174804688,20.4595947265625,214.55892944335938,265.4685974121094,229.547607421875,125.86223602294922,353.69482421875,39.71154022216797,429.8500061035156,457.3583984375,66.32820129394531,83.30303955078125,84.55722045898438,364.7650451660156,25.522907257080078,145.86959838867188,38.11323547363281,115.81338500976562,260.7362365722656,69.49250030517578,335.28216552734375,464.3976135253906,241.31527709960938,111.03185272216797,39.82382583618164,338.2421569824219,219.34593200683594,42.14796447753906,174.42018127441406,104.52243041992188,222.57632446289062,181.06710815429688,107.35755157470703,167.4358673095703
2025-03-11,119.56019592285156,203.50851440429688,317.99658203125,250.85000610351562,94.45437622070312,100.32948303222656,321.4852600097656,196.65301513671875,145.50582885742188,177.11685180664062,306.87261962890625,470.1923522949219,198.7650604248047,397.0177917480469,286.748779296875,60.956600189208984,201.3883819580078,187.6962432861328,526.6400146484375,251.216796875,3562.760009765625,171.55441284179688,172.37857055664062,40.88237762451172,886.9888916015625,496.25,122.0681381225586,64.25792694091797,333.90203857421875,90.64236450195312,18.896377563476562,90.74951171875,322.3744201660156,69.42390441894531,258.21923828125,58.69206619262695,28.988388061523438,194.35765075683594,80.45635986328125,62.047569274902344,146.1064910888672,183.72999572753906,120.52999877929688,203.4696807861328,178.38583374023438,255.0418701171875,51.50387191772461,68.24456024169922,411.54266357421875,813.2657470703125,65.45661926269531,37.67855453491211,213.41000366210938,55.606544494628906,256.7917175292969,190.47312927246094,44.17540740966797,47.69041061401367,165.3086700439453,208.08489990234375,23.900287628173828,320.0229797363281,354.1625671386719,114.71572875976562,244.92689514160156,241.13677978515625,165.3242950439453,245.5320587158203,222.39083862304688,31.719240188598633,65.8381576538086,25.08552360534668,68.09329223632812,117.97765350341797,236.06015014648438,207.91163635253906,445.1297302246094,453.4423828125,521.01123046875,154.4534912109375,243.52252197265625,649.9002685546875,88.89338684082031,75.60380554199219,461.2722473144531,144.1249237060547,131.38958740234375,108.52867889404297,376.74359130859375,1243.1700439453125,71.71248626708984,108.59781646728516,7361.22021484375,141.74374389648438,88.27066802978516,98.71316528320312,139.71124267578125,144.93824768066406,23.837661743164062,78.44583892822266,167.23672485351562,259.8514099121094,604.223876953125,144.41244506835938,32.957881927490234,118.31497192382812,157.27999877929688,149.04440307617188,203.11476135253906,713.1922607421875,19.946441650390625,219.2744903564453,260.34320068359375,227.98321533203125,125.46070861816406,348.9891357421875,38.6883430480957,430.67999267578125,449.5014343261719,65.678955078125,82.26654815673828,85.105224609375,360.00494384765625,24.334705352783203,142.43099975585938,37.678955078125,114.34616088867188,250.99642944335938,70.7408218383789,330.92218017578125,470.0258483886719,231.1005096435547,107.1104736328125,39.06250762939453,328.99066162109375,222.6855926513672,39.37376403808594,174.83758544921875,101.4437255859375,219.09747314453125,170.99803161621094,104.82245635986328,160.2140655517578
2025-03-12,118.39452362060547,202.05072021484375,314.6399841308594,251.85000610351562,94.04902648925781,98.91719818115234,320.82403564453125,193.4044189453125,147.554931640625,175.48292541503906,300.723388671875,472.5627746582031,195.83731079101562,395.57769775390625,283.44921875,62.13340377807617,198.6456756591797,191.7841033935547,557.8900146484375,256.4892272949219,3547.1298828125,170.71542358398438,174.24395751953125,41.4978141784668,886.6868286132812,495.94000244140625,124.68312072753906,64.0426025390625,332.2904052734375,88.4698486328125,19.292112350463867,87.58629608154297,323.656494140625,68.55706787109375,251.61192321777344,58.48891830444336,29.017845153808594,190.05638122558594,77.55886840820312,61.913883209228516,144.7694549560547,187.6999969482422,121.58000183105469,202.8264617919922,179.35292053222656,251.22203063964844,50.97101593017578,65.14610290527344,400.81622314453125,831.5006103515625,64.69680786132812,37.01607894897461,211.3300018310547,55.36673355102539,252.79579162597656,193.7318115234375,44.65739059448242,47.31505584716797,168.3164520263672,210.4272003173828,23.948745727539062,309.4594421386719,350.86297607421875,113.33549499511719,243.85986328125,241.79547119140625,165.972412109375,242.14036560058594,221.1873779296875,31.308914184570312,67.44094848632812,25.190006256103516,67.03892517089844,115.5392074584961,233.6724090576172,204.60195922851562,442.2868347167969,446.3053283691406,519.8618774414062,151.42994689941406,241.0508270263672,637.433349609375,87.20661926269531,76.30731201171875,461.5205383300781,146.76243591308594,133.7302703857422,110.42725372314453,379.53607177734375,1216.02001953125,71.14204406738281,115.57803344726562,7350.47998046875,148.34036254882812,87.28600311279297,97.50304412841797,138.29026794433594,140.98008728027344,23.580846786499023,78.35032653808594,162.6481475830078,260.4237060546875,606.1516723632812,143.67189025878906,32.65983581542969,118.72674560546875,157.0,148.7523651123047,203.30104064941406,684.7305908203125,20.01296043395996,221.29827880859375,257.230712890625,226.9205780029297,125.31381225585938,345.8355712890625,38.659385681152344,432.4599914550781,447.87200927734375,65.83171844482422,82.30493927001953,84.870361328125,358.57586669921875,24.063383102416992,141.07131958007812,37.61286544799805,113.57806396484375,249.9598388671875,70.46559143066406,336.282958984375,465.25830078125,230.81866455078125,106.0979232788086,39.175289154052734,329.68402099609375,225.12342834472656,38.61220932006836,174.9170684814453,100.45584869384766,217.77828979492188,170.97850036621094,104.79364013671875,157.57290649414062
2025-03-13,115.90512084960938,201.56480407714844,307.5968933105469,246.92999267578125,94.5412368774414,100.14692687988281,318.6232604980469,197.06275939941406,148.43592834472656,171.224853515625,300.8581237792969,464.5270690917969,196.860595703125,391.5155334472656,281.7176208496094,60.93682098388672,196.58395385742188,188.9502410888672,534.5599975585938,252.23980712890625,3545.64990234375,169.92979431152344,170.0815887451172,40.77492141723633,877.3333740234375,504.25,124.13259887695312,62.88762283325195,327.5536193847656,88.28416442871094,18.91616439819336,87.2969741821289,306.2459411621094,69.23126983642578,253.60304260253906,57.72467041015625,28.605409622192383,188.4446563720703,76.42718505859375,62.78282165527344,145.6608123779297,178.2899932861328,117.04000091552734,201.96551513671875,174.75436401367188,247.2151641845703,51.292572021484375,63.59687423706055,406.87176513671875,811.0386962890625,64.049560546875,35.89570617675781,209.4499969482422,53.822940826416016,253.91387939453125,191.1685791015625,44.8541145324707,46.534698486328125,164.063720703125,204.33717346191406,23.59014320373535,311.3585205078125,336.16748046875,114.04029846191406,246.42465209960938,238.08566284179688,166.09022521972656,241.24424743652344,218.55718994140625,31.595186233520508,67.55096435546875,25.209003448486328,66.73219299316406,113.01335144042969,232.5081329345703,206.78553771972656,445.8179016113281,452.52362060546875,515.0956420898438,151.40188598632812,234.60459899902344,640.4480590820312,87.98806762695312,74.88101196289062,461.9178161621094,142.71826171875,133.63275146484375,108.1799545288086,375.0799255371094,1201.989990234375,70.23318481445312,115.41825103759766,7130.75,145.16494750976562,85.96600341796875,97.21025848388672,136.90745544433594,141.14181518554688,23.479957580566406,76.92716217041016,162.86065673828125,262.15960693359375,584.9066772460938,142.88380432128906,32.83289337158203,117.30945587158203,153.3000030517578,147.9151153564453,203.83045959472656,675.9020385742188,19.803897857666016,212.86917114257812,250.66195678710938,225.59226989746094,126.52815246582031,338.19384765625,38.54355239868164,428.5799865722656,449.3609924316406,64.78146362304688,81.0669174194336,83.78416442871094,358.3985290527344,24.40955352783203,139.1401824951172,37.27299118041992,111.08671569824219,253.37269592285156,68.51941680908203,335.8172302246094,465.6547546386719,227.7085418701172,106.0703125,38.460968017578125,325.4347229003906,223.0126190185547,39.62760925292969,175.16554260253906,100.81071472167969,218.1105194091797,161.36891174316406,104.3519287109375,155.99407958984375
2025-03-14,119.70836639404297,201.77442932128906,309.29461669921875,254.42999267578125,95.6607437133789,101.41510009765625,320.9819641113281,202.4185791015625,154.08827209472656,174.7366180419922,301.8877868652344,477.8445129394531,199.8546600341797,396.07427978515625,280.822998046875,62.30152130126953,198.25796508789062,193.07760620117188,556.260009765625,261.28948974609375,3554.909912109375,172.36293029785156,176.81613159179688,41.849483489990234,904.84814453125,514.5999755859375,125.83331298828125,65.1192626953125,333.7743225097656,97.4358901977539,19.7076358795166,86.62189483642578,314.83868408203125,70.08848571777344,255.6436767578125,58.52761459350586,29.469562530517578,190.67933654785156,77.18815612792969,62.715972900390625,148.8943634033203,183.5,118.68000030517578,208.5463104248047,178.75096130371094,247.0675048828125,52.36747741699219,65.22454071044922,410.4700012207031,814.6661376953125,64.66867065429688,36.66048049926758,214.61000061035156,55.23933410644531,254.75973510742188,195.82809448242188,45.98530197143555,47.74967956542969,166.94204711914062,209.50880432128906,24.29765510559082,315.9084167480469,340.0978698730469,116.37982940673828,247.55043029785156,240.55563354492188,167.97560119628906,245.18519592285156,225.5936737060547,32.053226470947266,70.67327880859375,25.74091911315918,66.78047180175781,114.73287200927734,236.33641052246094,206.66806030273438,448.0210876464844,450.8216247558594,522.8345947265625,152.87152099609375,240.35874938964844,647.1541748046875,88.69326782226562,77.4926986694336,474.22412109375,146.92849731445312,137.66062927246094,111.72525787353516,384.7745666503906,1230.25,69.28565979003906,121.49972534179688,7236.52978515625,146.7477569580078,88.49400329589844,98.19593048095703,138.70034790039062,141.3797149658203,23.59001922607422,79.0666732788086,162.26171875,266.18487548828125,600.9515991210938,144.2035675048828,33.54435348510742,121.36022186279297,155.8000030517578,152.43223571777344,207.86984252929688,662.257080078125,20.364564895629883,216.43533325195312,255.47312927246094,228.2783660888672,127.30184173583984,337.8774719238281,39.67292022705078,446.2300109863281,455.5790710449219,67.03473663330078,83.3126449584961,86.01527404785156,364.18359375,24.86799430847168,143.73155212402344,38.28317642211914,111.52984619140625,250.3216552734375,69.2566146850586,344.63629150390625,472.5498352050781,230.8575439453125,107.47868347167969,39.49486541748047,328.65386962890625,229.2360382080078,39.50068664550781,177.59054565429688,102.3836441040039,220.5478515625,163.74441528320312,107.45358276367188,157.16358947753906
2025-03-17,121.0024642944336,204.34698486328125,315.9787292480469,260.6199951171875,97.21456146240234,101.70332336425781,324.8309020996094,204.96478271484375,153.8903045654297,177.206787109375,305.2174072265625,484.6114196777344,201.5222625732422,388.3174743652344,284.38232421875,63.15198516845703,200.262939453125,192.05072021484375,554.8200073242188,260.0599060058594,3620.820068359375,173.77398681640625,180.69297790527344,42.86544418334961,933.3955078125,523.010009765625,127.82894134521484,66.1959457397461,336.7225341796875,97.14326477050781,20.667293548583984,87.48020935058594,319.1937561035156,70.5604248046875,258.5064697265625,58.9048957824707,29.78380012512207,192.98324584960938,78.06616973876953,63.64220428466797,150.50636291503906,189.86000061035156,117.4800033569336,210.38693237304688,180.54696655273438,247.97325134277344,54.16818618774414,67.54839324951172,419.8799743652344,833.6985473632812,65.71927642822266,37.05504608154297,218.16000366210938,56.01123046875,257.8222961425781,200.71607971191406,46.093509674072266,48.401615142822266,165.89630126953125,208.0787811279297,24.44303321838379,325.6134948730469,342.8279113769531,117.91667938232422,258.8374328613281,245.0306396484375,170.18141174316406,246.7943115234375,227.03976440429688,32.291786193847656,71.19762420654297,26.39631462097168,67.70744323730469,115.56836700439453,237.2244110107422,208.548095703125,452.7521057128906,452.2141418457031,527.1448364257812,153.97610473632812,245.30215454101562,651.949951171875,88.96009826660156,79.17921447753906,485.4278869628906,149.6636962890625,142.5467987060547,114.26314544677734,384.9132080078125,1235.02001953125,71.258056640625,119.36272430419922,7213.25,151.4076385498047,89.86599731445312,98.94738006591797,141.13218688964844,143.99627685546875,23.892690658569336,80.11734008789062,163.99090576171875,273.2502746582031,614.4954223632812,147.83998107910156,33.79432678222656,123.71599578857422,158.7899932861328,153.76593017578125,215.11517333984375,673.7271728515625,20.469099044799805,216.1504669189453,257.2405090332031,231.96804809570312,129.31924438476562,338.34210205078125,39.99147033691406,453.510009765625,462.86474609375,67.8462905883789,84.27234649658203,88.5693130493164,368.08624267578125,25.101892471313477,144.57888793945312,38.755226135253906,112.77059173583984,254.41903686523438,70.00363159179688,347.74774169921875,482.57818603515625,231.17825317382812,108.67533874511719,39.64524459838867,331.3778076171875,232.962158203125,39.573211669921875,180.75096130371094,102.73851013183594,223.81399536132812,171.07626342773438,109.23966979980469,160.97427368164062
2025-03-18,121.60504913330078,203.75624084472656,314.38775634765625,259.95001220703125,96.36528015136719,101.8282241821289,325.34405517578125,200.32110595703125,151.95999145507812,174.67710876464844,306.6416320800781,480.8935546875,203.58779907226562,387.393798828125,280.72674560546875,63.3056640625,198.8443145751953,186.29412841796875,539.989990234375,258.42706298828125,3614.27001953125,177.04612731933594,177.0548858642578,42.68960189819336,933.9996337890625,523.1400146484375,129.2347412109375,65.8729476928711,330.89483642578125,99.05950927734375,19.905502319335938,86.30364990234375,315.6705017089844,70.79158020019531,261.6566162109375,58.33413314819336,29.715059280395508,191.24295043945312,77.63692474365234,64.52068328857422,152.4882049560547,185.2100067138672,115.30000305175781,210.56504821777344,178.39572143554688,250.4112091064453,53.929317474365234,66.7149429321289,425.3992004394531,818.1478271484375,65.20335388183594,37.06478500366211,216.94000244140625,55.74143600463867,260.0973815917969,199.484130859375,46.496803283691406,48.07564926147461,162.01206970214844,202.3880615234375,24.229812622070312,327.29876708984375,338.4134216308594,116.39942169189453,264.09423828125,239.19955444335938,170.20111083984375,245.35862731933594,228.04913330078125,32.053226470947266,70.37592315673828,26.139854431152344,66.99288940429688,115.1214828491211,236.48439025878906,208.00955200195312,453.1455078125,453.82916259765625,525.361328125,151.94480895996094,237.6695098876953,658.2778930664062,87.87371826171875,78.67807006835938,484.89154052734375,147.42669677734375,142.39076232910156,114.408447265625,379.7836608886719,1242.72998046875,70.8809814453125,115.26846313476562,7182.509765625,146.92471313476562,89.25,99.22063446044922,140.17852783203125,141.7602996826172,24.13115882873535,79.50604248046875,162.01058959960938,265.8001708984375,609.37451171875,146.06448364257812,33.477054595947266,122.96903991699219,160.02000427246094,152.14988708496094,199.39894104003906,660.3603515625,20.412078857421875,215.95396423339844,253.4504852294922,230.2757110595703,129.9459991455078,331.6988830566406,39.70188522338867,447.989990234375,459.2312927246094,67.55030822753906,84.56027221679688,86.7394027709961,370.47125244140625,24.89606285095215,144.69711303710938,38.56640625,113.4992904663086,254.96669006347656,69.75789642333984,340.9303283691406,487.20068359375,230.42990112304688,109.4117431640625,39.739234924316406,331.595703125,234.36936950683594,40.09904479980469,180.6317138671875,103.40027618408203,221.53846740722656,168.417236328125,109.12442779541016,160.25306701660156
2025-03-19,120.72586059570312,202.2317657470703,314.7757568359375,268.29998779296875,96.56793975830078,101.6841049194336,322.3636474609375,199.8625946044922,152.900390625,175.6592254638672,303.8509216308594,490.82757568359375,202.53607177734375,387.7215576171875,282.8238830566406,66.8353271484375,199.40228271484375,193.1072540283203,568.1099853515625,266.2274475097656,3591.610107421875,176.79440307617188,181.8214874267578,43.56879425048828,932.6453247070312,525.27001953125,129.88357543945312,66.24488067626953,332.77191162109375,98.5025634765625,20.82558822631836,87.21983337402344,320.1821594238281,70.99384307861328,263.3109130859375,59.12739562988281,29.52848243713379,194.16978454589844,77.7149658203125,64.8453369140625,155.56056213378906,190.66000366210938,119.05000305175781,208.07125854492188,179.8660430908203,250.8257598876953,53.74557113647461,66.28350830078125,419.7727355957031,831.8313598632812,65.4472427368164,37.24501419067383,220.35000610351562,56.3934326171875,260.5349426269531,204.23306274414062,47.962425231933594,49.181976318359375,165.60745239257812,204.48411560058594,24.307350158691406,331.2839660644531,342.14056396484375,117.14335632324219,261.7056579589844,244.37197875976562,171.03814697265625,246.90028381347656,232.0671844482422,31.938720703125,71.3284683227539,26.453306198120117,66.89634704589844,116.87015533447266,236.5238800048828,208.60684204101562,452.2012939453125,455.0573425292969,531.2076416015625,151.44866943359375,244.81768798828125,660.4468383789062,87.54969787597656,80.00799560546875,486.8879699707031,149.6636962890625,145.8725128173828,116.09391784667969,384.0417785644531,1220.43994140625,70.57158660888672,117.35553741455078,7274.85009765625,149.87400817871094,89.3393325805664,100.29412841796875,140.69349670410156,140.9230194091797,24.039440155029297,80.62357330322266,162.8413543701172,256.4266052246094,622.829345703125,146.49172973632812,33.640499114990234,123.53404235839844,161.24000549316406,154.0677032470703,210.9091339111328,667.7091674804688,20.668657302856445,220.6204376220703,255.31605529785156,230.787353515625,132.52162170410156,331.0958251953125,39.653621673583984,450.2799987792969,463.75439453125,67.87493133544922,86.5756607055664,87.73585510253906,372.58026123046875,25.111248016357422,145.58387756347656,38.962928771972656,116.0595703125,253.51937866210938,72.24468994140625,346.875732421875,486.6204833984375,229.74957275390625,108.13224029541016,40.11520004272461,336.6473693847656,238.9378204345703,39.83613586425781,184.45803833007812,103.15092468261719,222.9999237060547,162.5419921875,110.82410430908203,159.59033203125
2025-03-20,118.81929016113281,201.95547485351562,291.9197082519531,267.82000732421875,96.48109436035156,102.03958129882812,330.0614929199219,205.04281616210938,152.8212127685547,174.52828979492188,303.167724609375,484.975341796875,203.01930236816406,390.4925537109375,281.7850036621094,65.79427337646484,200.0264892578125,188.70986938476562,558.4099731445312,266.40447998046875,3573.3798828125,176.84019470214844,181.708251953125,43.656715393066406,929.6639404296875,528.72998046875,130.82733154296875,65.02140045166016,330.4428405761719,98.72911071777344,20.973989486694336,87.06552124023438,318.459716796875,70.97457122802734,265.3218078613281,58.64369583129883,29.440101623535156,192.28118896484375,75.32479095458984,65.54238891601562,156.24330139160156,192.92999267578125,115.66999816894531,208.06138610839844,178.90884399414062,248.67404174804688,54.13143539428711,66.69532775878906,423.47821044921875,828.3204956054688,65.82244873046875,36.782257080078125,221.7899932861328,55.95127487182617,258.3279113769531,202.6037139892578,47.873905181884766,48.83624267578125,164.3824462890625,204.42535400390625,24.22011947631836,330.6296691894531,344.1735534667969,117.14335632324219,261.2064208984375,235.68350219726562,172.90911865234375,244.12525939941406,231.9701385498047,31.900543212890625,71.01624298095703,26.652772903442383,67.3115463256836,116.6467056274414,232.63638305664062,205.52239990234375,450.2341613769531,451.3727722167969,531.4949340820312,152.17881774902344,242.0691375732422,663.0039672851562,86.93026733398438,79.71888732910156,480.51129150390625,147.76861572265625,148.1936492919922,116.69449615478516,383.07135009765625,1200.3800048828125,69.47903442382812,118.36412048339844,7287.919921875,150.13946533203125,89.5433349609375,99.44509887695312,138.50009155273438,140.00958251953125,24.02109718322754,80.35612487792969,161.85601806640625,257.6745300292969,617.599609375,146.04159545898438,33.63087844848633,123.36167907714844,159.89999389648438,153.76593017578125,210.5169677734375,658.0364990234375,20.602140426635742,221.1705780029297,253.41122436523438,231.08253479003906,131.689208984375,332.1931457519531,39.846675872802734,449.989990234375,465.60858154296875,67.4461669921875,86.87316131591797,87.19322204589844,368.80572509765625,25.064468383789062,144.1256561279297,39.01957321166992,114.47416687011719,251.3484649658203,71.66476440429688,346.1523742675781,494.45355224609375,228.1945037841797,107.68119812011719,40.04940414428711,336.2808837890625,236.56935119628906,39.66387176513672,184.2692108154297,103.40027618408203,222.54872131347656,161.2906951904297,111.29462432861328,159.0153045654297
2025-03-21,119.28358459472656,200.0974884033203,296.1979675292969,267.25,95.45809173583984,100.98278045654297,327.44622802734375,201.42349243164062,150.5840301513672,173.12953186035156,304.1300048828125,484.5426025390625,204.87637329101562,387.6917724609375,280.563232421875,66.0322265625,198.19174194335938,189.8191375732422,560.0,266.0897216796875,3606.340087890625,175.60455322265625,182.82603454589844,43.090126037597656,927.2865600585938,521.9099731445312,129.657470703125,64.76690673828125,329.9809875488281,100.4282455444336,20.716760635375977,87.08482360839844,315.2301330566406,70.79158020019531,264.9156494140625,58.33413314819336,29.037487030029297,189.0280303955078,74.55406951904297,64.02415466308594,156.22433471679688,190.6199951171875,117.86000061035156,209.15985107421875,177.27073669433594,247.74623107910156,53.44239044189453,65.64617156982422,416.56451416015625,811.6611938476562,65.48475646972656,36.40230941772461,218.08999633789062,56.048702239990234,256.1014709472656,202.8024139404297,47.73619079589844,49.19184875488281,165.5775909423828,205.87496948242188,23.97782325744629,325.940673828125,339.9429931640625,116.73223114013672,260.5603332519531,236.21624755859375,171.72743225097656,242.1789093017578,234.51296997070312,32.01505661010742,70.02799987792969,26.529293060302734,66.30732727050781,111.93498992919922,231.0873565673828,203.6521453857422,450.8045959472656,425.22308349609375,530.8112182617188,150.9619140625,234.80233764648438,657.8400268554688,86.08211517333984,79.3719482421875,473.8069152832031,146.879638671875,146.2528533935547,116.37483215332031,387.4482421875,1199.2099609375,65.68891143798828,117.5352783203125,7184.7900390625,149.65773010253906,89.27266693115234,98.77171325683594,136.39248657226562,138.39207458496094,24.1036434173584,79.52513885498047,161.02523803710938,256.02313232421875,615.0094604492188,145.09332275390625,33.41936492919922,120.17276763916016,159.83999633789062,152.66586303710938,211.2718963623047,653.9251708984375,20.630643844604492,220.08990478515625,254.09852600097656,229.5869598388672,129.63259887695312,330.5916442871094,39.566749572753906,448.6000061035156,466.2453918457031,67.00296020507812,86.90196990966797,87.08470916748047,365.7406921386719,25.279653549194336,144.01727294921875,39.10453796386719,114.34616088867188,250.1847686767578,71.87117767333984,343.9823303222656,499.82073974609375,227.31007385253906,105.95063781738281,40.26557922363281,332.477294921875,231.97117614746094,39.8814582824707,183.64306640625,102.44117736816406,220.59690856933594,159.98072814941406,110.9105224609375,158.88861083984375
2025-03-24,120.48877716064453,199.29714965820312,298.0023498535156,269.19000244140625,95.361572265625,100.08929443359375,333.2492370605469,202.2332305908203,153.38543701171875,177.3953094482422,302.5325012207031,499.797607421875,201.62648010253906,390.4726867675781,282.2948303222656,68.70921325683594,202.73133850097656,189.41305541992188,572.52001953125,273.3196105957031,3657.820068359375,174.81130981445312,186.48709106445312,43.56879425048828,938.7543334960938,525.8499755859375,130.9551239013672,66.51895141601562,335.76922607421875,98.46479797363281,21.2114315032959,87.6634521484375,324.0185546875,70.4448471069336,264.9850158691406,58.9822883605957,29.312442779541016,192.38995361328125,76.0369644165039,64.52068328857422,156.48036193847656,198.97999572753906,124.68000030517578,210.58485412597656,183.06332397460938,249.34519958496094,53.82825469970703,66.13643646240234,416.6035461425781,829.0206909179688,66.93873596191406,37.47883987426758,221.7899932861328,56.88804626464844,258.5029296875,208.8627471923828,49.07394790649414,50.831581115722656,169.24270629882812,210.06710815429688,24.811330795288086,330.9468994140625,352.1602478027344,118.52359008789062,265.9933776855469,240.65249633789062,172.57431030273438,246.32215881347656,240.7535858154297,32.301326751708984,72.13333129882812,27.270172119140625,66.57769012451172,114.20826721191406,233.28761291503906,206.32534790039062,451.5520935058594,420.6584777832031,538.7185668945312,153.24595642089844,240.17088317871094,657.5315551757812,85.89151763916016,81.12591552734375,487.3746337890625,149.60507202148438,145.00450134277344,120.37539672851562,389.25048828125,1212.06005859375,65.15711975097656,121.24009704589844,7361.52001953125,152.25311279296875,90.84933471679688,98.93761444091797,138.11862182617188,139.3435516357422,23.975238800048828,81.4258804321289,160.02056884765625,257.0928039550781,635.256103515625,145.16033935546875,33.43859100341797,121.11124420166016,161.4499969482422,155.83950805664062,220.98789978027344,656.427734375,21.16280746459961,231.88868713378906,263.102294921875,232.19435119628906,131.90464782714844,338.796875,40.25209426879883,457.7699890136719,471.92034912109375,67.69668579101562,89.118896484375,87.59772491455078,368.8550109863281,25.2235164642334,146.785888671875,39.793731689453125,117.77298736572266,253.2357940673828,74.42677307128906,354.3471374511719,499.48223876953125,228.59300231933594,106.5949935913086,41.13029479980469,340.60943603515625,238.6405487060547,39.49162292480469,187.69796752929688,101.45331573486328,221.90139770507812,166.4816436767578,111.1986083984375,159.0250701904297
2025-03-25,119.04650115966797,191.83673095703125,299.6709899902344,273.0799865722656,93.7884521484375,98.47525787353516,332.9432678222656,203.0331573486328,152.08868408203125,178.2682647705078,295.2959289550781,502.1778564453125,198.49977111816406,393.4423522949219,282.01580810546875,68.89759063720703,201.12356567382812,186.45176696777344,577.1799926757812,274.7164611816406,3672.22998046875,173.9646759033203,189.18716430664062,44.13538360595703,948.4779663085938,528.8699951171875,130.50291442871094,66.665771484375,336.70281982421875,94.82110595703125,21.033349990844727,86.40009307861328,323.8130798339844,69.3853759765625,265.9558410644531,59.00164031982422,28.998207092285156,191.2924041748047,76.89547729492188,63.4798698425293,157.3527374267578,199.72000122070312,122.97000122070312,210.18899536132812,183.290283203125,247.943603515625,52.597164154052734,64.7931137084961,412.93707275390625,818.1089477539062,66.6291732788086,37.551902770996094,222.6199951171875,56.933006286621094,260.1168518066406,210.75039672851562,48.18867111206055,51.947776794433594,172.0911102294922,214.08294677734375,24.898555755615234,333.544189453125,349.4689636230469,118.89556884765625,268.0001525878906,242.05699157714844,172.94851684570312,245.6958465576172,243.73313903808594,32.28224563598633,71.55049133300781,27.384157180786133,66.44251251220703,114.38314819335938,231.32412719726562,208.1368408203125,449.9390869140625,427.5150451660156,540.1949462890625,152.6187744140625,243.69058227539062,660.2578125,84.42393493652344,80.70187377929688,485.0007629394531,149.94696044921875,145.4043731689453,121.2762451171875,391.3102722167969,1195.0999755859375,64.33528900146484,120.5210952758789,7321.35009765625,151.32899475097656,91.69866943359375,98.95713806152344,137.45106506347656,138.47769165039062,23.434099197387695,81.82704162597656,157.31573486328125,257.49627685546875,643.93603515625,145.79254150390625,32.76559829711914,120.17276763916016,162.8000030517578,155.9076385498047,220.6153564453125,629.7535400390625,21.30534553527832,227.65447998046875,267.9036560058594,233.9653778076172,132.85458374023438,337.2645568847656,40.81195068359375,457.2300109863281,480.55450439453125,66.5886459350586,88.79259490966797,86.77886199951172,367.4752502441406,25.550973892211914,148.5791015625,39.65211868286133,118.04871368408203,253.03042602539062,73.44386291503906,360.6889343261719,496.5133972167969,229.1664276123047,101.21000671386719,41.07390213012695,341.352294921875,238.80902099609375,39.42816162109375,188.43341064453125,100.04344177246094,222.7154998779297,165.37698364257812,111.95721435546875,157.2025604248047
2025-03-26,118.44391632080078,191.79861450195312,301.8634338378906,271.2099914550781,95.42913055419922,99.8202896118164,332.321533203125,204.16482543945312,149.1585693359375,175.49057006835938,294.18927001953125,496.8076171875,198.9924774169922,394.0283203125,284.0360412597656,67.00387573242188,202.47598266601562,177.5481414794922,559.0599975585938,271.4900207519531,3681.679931640625,173.90365600585938,188.64271545410156,43.00220489501953,943.37255859375,533.2100219726562,131.7120819091797,65.5499496459961,335.2189025878906,95.42524719238281,20.706867218017578,88.75320434570312,321.02386474609375,70.60857391357422,268.8384704589844,59.78522491455078,29.361541748046875,202.4163360595703,75.94915771484375,64.16737365722656,159.27769470214844,192.8699951171875,118.16000366210938,208.21971130371094,179.8463134765625,249.11819458007812,53.08408737182617,64.6068115234375,419.8215026855469,808.2183837890625,67.1357192993164,37.551902770996094,221.69000244140625,56.34846496582031,262.1002502441406,206.02134704589844,46.3295783996582,50.32780456542969,166.4639892578125,212.37867736816406,24.908245086669922,334.3669738769531,350.57257080078125,120.07023620605469,264.7795104980469,242.48316955566406,173.07652282714844,246.56304931640625,243.63609313964844,32.5017204284668,69.933837890625,27.05171012878418,67.61087036132812,114.50943756103516,230.2289276123047,207.5199432373047,453.85369873046875,430.51300048828125,544.0693969726562,153.98545837402344,243.92787170410156,659.6807250976562,84.08087158203125,80.8849868774414,479.60748291015625,149.1459503173828,146.1065673828125,118.37026977539062,386.1708068847656,1191.030029296875,63.561790466308594,113.60079956054688,7314.919921875,145.30258178710938,92.0653305053711,100.21605682373047,143.23023986816406,141.4272918701172,23.12225341796875,81.76018524169922,160.91896057128906,255.722900390625,630.2438354492188,147.82315063476562,33.26553726196289,121.2070083618164,162.14999389648438,154.1942596435547,215.55638122558594,635.7120361328125,21.134294509887695,224.74655151367188,264.39837646484375,233.92605590820312,131.55209350585938,340.48736572265625,40.94709014892578,449.8999938964844,475.53509521484375,68.18807220458984,88.9173583984375,86.45329284667969,362.4490661621094,25.86907386779785,147.53469848632812,39.633235931396484,117.8714599609375,256.7073059082031,72.42161560058594,348.8575134277344,501.1262512207031,231.34349060058594,102.18576049804688,41.13969802856445,340.91650390625,234.92433166503906,40.053714752197266,186.53517150878906,101.47249603271484,224.53981018066406,161.6523895263672,113.57044982910156,158.6839599609375
2025-03-27,117.52519989013672,193.15159606933594,299.3120422363281,269.80999755859375,95.18785095214844,101.02120208740234,336.5356140136719,204.17457580566406,146.18882751464844,174.16123962402344,294.24700927734375,490.64068603515625,202.80137634277344,396.8191833496094,283.9013366699219,67.58882904052734,201.57752990722656,170.3380584716797,550.6500244140625,267.5750732421875,3828.110107421875,174.4451904296875,188.1929168701172,42.621219635009766,943.080322265625,534.52001953125,134.33688354492188,64.27749633789062,333.4401550292969,96.8411865234375,20.558467864990234,89.87191772460938,316.5415344238281,70.4544677734375,271.3941345214844,59.39827346801758,29.38118553161621,203.9390869140625,75.68575286865234,64.5397720336914,158.0260009765625,194.02000427246094,116.94999694824219,207.92283630371094,176.7871856689453,249.40443420410156,52.6339111328125,65.64617156982422,421.2061767578125,802.6361083984375,66.84492492675781,37.86366271972656,219.17999267578125,55.8988151550293,262.0127258300781,204.5410614013672,45.79841613769531,46.623600006103516,163.41636657714844,212.50599670410156,24.559337615966797,339.3732604980469,351.1534118652344,120.38347625732422,264.6816101074219,238.4827880859375,173.66737365722656,242.7763214111328,240.81179809570312,32.692569732666016,69.38471221923828,26.814247131347656,68.30610656738281,114.61630249023438,228.58120727539062,208.27392578125,457.09954833984375,427.7181091308594,552.4920043945312,154.68753051757812,241.68356323242188,662.3174438476562,84.79560089111328,80.03691864013672,481.02783203125,145.0041046142578,143.70738220214844,115.27054595947266,386.77490234375,1193.3299560546875,63.61981964111328,111.27406311035156,7314.43994140625,143.31671142578125,94.90799713134766,100.5283432006836,144.79425048828125,142.4073028564453,22.938819885253906,81.26351928710938,162.9766082763672,257.72149658203125,619.1220092773438,148.47447204589844,33.63087844848633,119.43539428710938,160.30999755859375,153.78541564941406,212.98765563964844,631.431884765625,20.839706420898438,221.20005798339844,263.2200927734375,235.91355895996094,130.67066955566406,341.7033386230469,40.63820266723633,446.2300109863281,476.3216857910156,67.50398254394531,88.08241271972656,86.3250503540039,362.22235107421875,26.383651733398438,144.94345092773438,39.08565902709961,118.7281723022461,262.3497619628906,71.50749969482422,343.44720458984375,498.7279357910156,229.3413543701172,102.18576049804688,40.63214874267578,346.5426330566406,235.40000915527344,40.7608642578125,185.7698974609375,101.87532806396484,224.62808227539062,160.7334747314453,113.20555114746094,160.8280792236328
2025-03-28,115.27288818359375,195.60028076171875,295.2375183105469,261.6300048828125,96.22051239013672,102.76013946533203,336.29876708984375,201.40396118164062,143.5952911376953,169.03244018554688,295.382568359375,474.2938537597656,204.2415771484375,391.86309814453125,281.1596374511719,66.02229309082031,201.99365234375,167.49560546875,534.9500122070312,261.1419677734375,3771.0,173.52227783203125,183.49838256835938,42.083946228027344,922.3858032226562,526.3099975585938,134.1304473876953,61.987125396728516,323.9961242675781,97.79458618164062,19.65816879272461,89.51508331298828,307.32244873046875,71.44651794433594,272.62249755859375,58.87587356567383,28.585771560668945,200.94302368164062,74.0467758178711,64.1100845336914,157.49497985839844,182.61000061035156,111.55999755859375,204.0178985595703,172.34654235839844,246.27552795410156,53.45158004760742,64.14596557617188,421.2549133300781,780.93896484375,66.95748138427734,37.103755950927734,216.1300048828125,54.42996597290039,261.61407470703125,198.580078125,45.109859466552734,46.109954833984375,155.42880249023438,209.27374267578125,24.29765510559082,339.19476318359375,346.7196044921875,119.6395263671875,259.8543701171875,236.34214782714844,172.0425567626953,237.47679138183594,235.69703674316406,32.413970947265625,66.76790618896484,26.947229385375977,67.9488296508789,110.68177795410156,226.95318603515625,203.4269256591797,451.57177734375,426.9541320800781,535.6864013671875,155.29598999023438,234.32777404785156,664.6953735351562,84.17125701904297,76.35551452636719,474.7703552246094,141.4874267578125,140.5377197265625,111.715576171875,375.109619140625,1177.0899658203125,61.1929817199707,109.51652526855469,7181.68017578125,138.4896697998047,93.90333557128906,99.65003204345703,144.03131103515625,142.02671813964844,23.12225341796875,79.33411407470703,162.31968688964844,261.65289306640625,594.5750732421875,148.61814880371094,34.33272933959961,116.60081481933594,154.8000030517578,148.67446899414062,203.51673889160156,632.9512329101562,20.355066299438477,212.66600036621094,253.94142150878906,234.7033233642578,128.99606323242188,335.8706970214844,40.425846099853516,437.95001220703125,470.5811767578125,67.18602752685547,85.45280456542969,83.77967834472656,359.226318359375,26.364938735961914,140.03677368164062,38.19820785522461,116.40422058105469,259.07379150390625,69.05020141601562,328.9800109863281,499.03741455078125,225.628662109375,100.94306182861328,39.720436096191406,339.59912109375,230.84146118164062,40.733665466308594,180.67144775390625,103.15092468261719,223.54917907714844,155.41543579101562,113.05191802978516,158.96661376953125
2025-03-31,115.55937957763672,199.63063049316406,302.7171936035156,261.79998779296875,96.89608764648438,104.97942352294922,340.7200927734375,202.0088348388672,143.65469360351562,170.76849365234375,299.8091735839844,476.1528015136719,206.17445373535156,396.37225341796875,283.70892333984375,65.03083038330078,204.65408325195312,165.82183837890625,525.9500122070312,264.6535949707031,3812.780029296875,174.71214294433594,182.41619873046875,42.9338264465332,922.1714477539062,532.5800170898438,135.4379425048828,62.055641174316406,324.10418701171875,98.38928985595703,19.321792602539062,90.3637466430664,306.75482177734375,72.34225463867188,275.4754638671875,59.69816589355469,28.900007247924805,203.22714233398438,74.63211822509766,64.69256591796875,158.63287353515625,182.77000427246094,111.80999755859375,203.17547607421875,173.3629608154297,250.23355102539062,54.13143539428711,64.71466827392578,424.14129638671875,792.9497680664062,67.80337524414062,37.77597427368164,220.8300018310547,54.84214401245117,265.0169677734375,198.8483123779297,45.03117370605469,46.45567321777344,155.59811401367188,212.67250061035156,24.588415145874023,342.555419921875,354.7934265136719,121.11764526367188,259.8740539550781,240.8559112548828,169.86630249023438,240.43357849121094,238.07485961914062,32.87510681152344,67.38246154785156,27.09920310974121,69.15583038330078,111.50753784179688,229.63693237304688,204.9544677734375,457.99462890625,432.00225830078125,543.1280517578125,156.86859130859375,235.5043182373047,669.6005859375,86.313232421875,77.3770523071289,474.8995056152344,143.46066284179688,142.0884246826172,113.01358032226562,371.7328796386719,1180.9100341796875,61.37668228149414,108.22831726074219,7244.39013671875,137.44760131835938,95.50533294677734,100.7137680053711,147.13070678710938,142.66419982910156,23.241491317749023,80.58536529541016,164.6284637451172,265.546875,600.9219360351562,152.03761291503906,34.71730041503906,118.2479248046875,154.9499969482422,149.5408935546875,201.4186248779297,629.8429565429688,20.6496524810791,217.65530395507812,253.6959686279297,238.26512145996094,129.7207489013672,345.2029113769531,40.34861755371094,428.8500061035156,475.8160400390625,68.75656127929688,85.92305755615234,83.80928802490234,367.711669921875,26.45849609375,139.23870849609375,38.84963607788086,119.93938446044922,260.8144836425781,69.20746612548828,333.8552551269531,506.4933776855469,229.60379028320312,101.246826171875,40.1579704284668,347.136962890625,231.19821166992188,41.123504638671875,180.23416137695312,104.52243041992188,227.07032775878906,154.55519104003906,114.20423889160156,160.4674835205078
2025-04-01,112.90432739257812,196.53402709960938,304.21112060546875,264.6099853515625,97.15666198730469,104.1147689819336,339.358154296875,202.42831420898438,144.1892547607422,170.52049255371094,295.35369873046875,480.6476745605469,207.91783142089844,396.0941467285156,284.0186462402344,65.50674438476562,204.5491943359375,166.90138244628906,541.2000122070312,266.0602722167969,3813.27001953125,172.40869140625,185.53797912597656,43.7641716003418,919.8330688476562,532.989990234375,135.3057403564453,62.19267654418945,324.8609619140625,98.74800109863281,19.183284759521484,90.55662536621094,308.6338806152344,72.37114715576172,274.8018493652344,59.78522491455078,29.008028030395508,205.54092407226562,74.58333587646484,64.91218566894531,159.7897491455078,182.4199981689453,113.3499984741211,198.6064910888672,174.14254760742188,250.97384643554688,53.97525405883789,66.54825592041016,421.91796875,794.5057983398438,67.51920318603516,37.805206298828125,222.00999450683594,55.08195114135742,266.5337219238281,202.46463012695312,44.79510498046875,46.682865142822266,158.23739624023438,213.10348510742188,24.762866973876953,342.73388671875,353.8543701171875,121.76371765136719,260.01153564453125,242.48316955566406,168.87173461914062,241.1024932861328,236.48318481445312,33.59562683105469,67.64612579345703,27.19418716430664,69.39723205566406,111.2452392578125,229.54812622070312,205.3852996826172,459.4208068847656,433.8687438964844,543.5144653320312,156.77496337890625,235.54385375976562,670.2970581054688,84.997314453125,78.21549224853516,481.2860412597656,144.25192260742188,143.0052032470703,112.11273193359375,378.4666442871094,1156.3800048828125,62.614280700683594,109.995849609375,7213.6201171875,139.54161071777344,95.45333099365234,101.55306243896484,147.4263458251953,142.4073028564453,22.50774574279785,81.33036804199219,164.7637176513672,266.74786376953125,602.9089965820312,151.42462158203125,34.66923141479492,119.08106994628906,156.1999969482422,148.9957275390625,204.04615783691406,612.7320556640625,20.497604370117188,225.72097778320312,254.04942321777344,239.8000030517578,130.10269165039062,346.567138671875,40.73473358154297,435.94000244140625,478.3257141113281,68.94924926757812,85.97145080566406,83.40480041503906,368.7488098144531,26.645612716674805,138.6278533935547,38.726905822753906,120.84532165527344,262.6040344238281,71.64511108398438,338.542236328125,505.88409423828125,230.5076446533203,100.57485961914062,39.72994613647461,343.0659484863281,235.1324462890625,41.141639709472656,182.5299530029297,104.43610382080078,229.30661010742188,155.30792236328125,114.30986022949219,157.79708862304688
2025-04-02,114.8248291015625,195.5050048828125,306.8789367675781,267.92999267578125,97.32072448730469,103.51911163330078,339.5654296875,200.40890502929688,146.25814819335938,171.3438720703125,294.1796569824219,486.23431396484375,206.45867919921875,393.33306884765625,285.4801025390625,67.32113647460938,205.59812927246094,170.43710327148438,558.4199829101562,270.75225830078125,3809.260009765625,172.6985321044922,185.6785430908203,43.88139343261719,937.1369018554688,537.719970703125,136.82522583007812,63.66087341308594,328.8802795410156,97.99282836914062,19.806568145751953,90.2190933227539,313.1651306152344,71.90884399414062,276.8821105957031,59.8045768737793,29.204423904418945,206.33197021484375,74.85651397705078,64.99812316894531,157.85531616210938,189.25,117.9800033569336,203.3340606689453,176.65890502929688,250.3717498779297,55.0501594543457,67.4209213256836,418.65130615234375,808.7046508789062,67.85073852539062,38.00004959106445,226.14999389648438,55.67399215698242,268.3809814453125,198.47080993652344,45.77873992919922,47.394073486328125,158.2174835205078,213.59320068359375,24.908245086669922,344.0225830078125,359.0530090332031,122.22379302978516,261.0526123046875,242.13449096679688,167.83773803710938,244.71856689453125,238.57955932617188,33.758949279785156,68.0158462524414,27.46964454650879,68.87581634521484,112.36245727539062,233.21853637695312,207.4905548095703,462.0272521972656,437.95947265625,542.394775390625,157.26174926757812,239.81497192382812,690.037109375,85.35270690917969,79.49723052978516,489.1426086425781,144.33982849121094,144.2437744140625,115.5320816040039,378.4171447753906,1172.5,62.80764389038086,110.26546478271484,7302.06982421875,143.39537048339844,94.46733093261719,101.43594360351562,147.7601318359375,141.88401794433594,22.654491424560547,82.32371520996094,163.73974609375,263.876708984375,621.8111572265625,149.5855712890625,34.736534118652344,118.80335235595703,157.16000366210938,149.99844360351562,207.8992462158203,621.2726440429688,20.92523193359375,233.04714965820312,256.1309814453125,241.4569549560547,130.396484375,349.6218566894531,40.72507858276367,438.54998779296875,481.3223876953125,70.18255615234375,86.71675109863281,84.37163543701172,372.85809326171875,26.327510833740234,140.1944122314453,39.236717224121094,123.02157592773438,258.7120056152344,73.46350860595703,344.7749938964844,505.96148681640625,231.76141357421875,101.44013214111328,40.909385681152344,343.04608154296875,237.9369354248047,40.56140899658203,184.76611328125,104.38814544677734,230.0618438720703,161.3102569580078,113.9545669555664,159.3466796875
2025-04-03,108.56831359863281,192.12254333496094,292.4532775878906,257.1499938964844,98.13142395019531,104.82571411132812,339.89111328125,200.30160522460938,134.1417236328125,160.20335388183594,298.1732482910156,448.3179626464844,216.20840454101562,391.60491943359375,274.0981140136719,62.12581253051758,196.30087280273438,152.53074645996094,539.6900024414062,243.7705078125,3826.14990234375,169.01451110839844,176.22415161132812,39.91526794433594,864.8524169921875,530.1599731445312,135.2662353515625,59.432472229003906,300.47943115234375,101.06071472167969,17.095781326293945,92.58185577392578,289.0506591796875,72.72750854492188,286.6394958496094,55.811763763427734,27.485939025878906,202.5547637939453,71.48098754882812,64.46338653564453,148.04090881347656,173.99000549316406,100.87999725341797,196.13864135742188,160.58375549316406,246.99607849121094,53.635318756103516,57.056766510009766,441.4302673339844,779.421875,64.93324279785156,38.00004959106445,216.89999389648438,50.67539596557617,262.13909912109375,186.4097442626953,41.59825897216797,45.3394775390625,152.01266479492188,181.53514099121094,21.700220108032227,346.11431884765625,344.55108642578125,120.8337631225586,260.73834228515625,235.84817504882812,165.001708984375,232.1254119873047,221.9541015625,34.22969436645508,61.53630065917969,26.329824447631836,70.66215515136719,105.30943298339844,230.34735107421875,205.5713653564453,459.54864501953125,439.80657958984375,525.7179565429688,153.18043518066406,222.07798767089844,713.3192138671875,84.42098999023438,73.15596008300781,481.69329833984375,136.5054931640625,125.41114807128906,104.5474853515625,369.4750671386719,1095.239990234375,53.738441467285156,101.65753936767578,7109.990234375,134.91119384765625,96.1259994506836,101.78727722167969,146.4154815673828,144.02481079101562,22.278446197509766,75.76188659667969,166.5315399169922,269.3864440917969,550.35498046875,155.23683166503906,34.832672119140625,102.63859558105469,149.52999877929688,135.72677612304688,184.957275390625,606.4161376953125,18.63504981994629,195.12461853027344,234.8243865966797,245.0272216796875,127.53684997558594,336.7604064941406,37.84855270385742,417.760009765625,458.2854309082031,68.14954376220703,80.1735610961914,70.56949615478516,363.6616516113281,26.757883071899414,128.0657196044922,34.969390869140625,123.51392364501953,261.9683837890625,63.97831726074219,328.0287780761719,522.6334838867188,217.67845153808594,92.16141510009766,36.89549255371094,336.1719055175781,235.04324340820312,41.35921859741211,172.511962890625,104.0908203125,232.28831481933594,135.74658203125,107.96251678466797,155.55548095703125
2025-04-04,101.96531677246094,178.13548278808594,276.543212890625,245.50999450683594,92.44697570800781,100.37751007080078,315.0703430175781,182.00990295410156,125.66815948486328,151.44371032714844,283.2958984375,415.2505798339844,208.60952758789062,373.20111083984375,255.00218200683594,58.58624267578125,182.7983856201172,144.88490295410156,497.1300048828125,230.62464904785156,3653.239990234375,158.14552307128906,169.63099670410156,34.59128189086914,801.4925537109375,493.5400085449219,127.90550994873047,55.967529296875,283.104736328125,95.3214111328125,16.324094772338867,88.39639282226562,271.69879150390625,70.01143646240234,275.7726135253906,53.11417770385742,26.719985961914062,188.19744873046875,67.06159973144531,60.78713607788086,135.86538696289062,163.16000366210938,106.0199966430664,180.15223693847656,151.52484130859375,234.68772888183594,50.30033874511719,51.89920425415039,418.2222595214844,745.1597290039062,60.42438507080078,36.25130081176758,198.60000610351562,48.059940338134766,243.07321166992188,165.72515869140625,38.43093490600586,43.640480041503906,147.1424560546875,174.79637145996094,19.36446762084961,328.77587890625,342.605224609375,111.17214965820312,249.2374725341797,220.3406219482422,154.34693908691406,218.67910766601562,205.34344482421875,32.481224060058594,57.14623260498047,24.021690368652344,67.52397155761719,107.86445617675781,222.0001220703125,197.8553466796875,430.7690734863281,417.92169189453125,485.3094177246094,143.29541015625,212.151611328125,679.6695556640625,79.60873413085938,66.5641098022461,467.51971435546875,123.97245025634766,118.07704162597656,96.70133209228516,356.3343505859375,1022.6599731445312,55.35310363769531,94.17801666259766,7410.93017578125,126.10260009765625,92.65799713134766,92.68204498291016,136.67860412597656,139.4957733154297,21.067758560180664,69.66808319091797,158.18515014648438,241.82830810546875,511.33477783203125,144.26956176757812,33.13093566894531,94.62324523925781,139.77000427246094,124.08361053466797,174.44711303710938,569.4832763671875,17.732282638549805,194.85838317871094,222.99285888671875,232.18606567382812,115.02115631103516,328.26849365234375,33.57236862182617,388.1300048828125,422.81231689453125,63.47648239135742,73.8045883178711,65.83395385742188,341.5841064453125,24.924129486083984,120.20325469970703,32.84517288208008,120.29388427734375,242.62562561035156,61.86504364013672,315.2163391113281,507.75054931640625,207.26931762695312,89.94297790527344,35.03122329711914,310.1609191894531,228.66127014160156,39.01111602783203,159.95968627929688,100.09140014648438,220.88133239746094,138.50332641601562,100.19397735595703,147.8756866455078
2025-04-07,102.54939270019531,177.7448272705078,276.21337890625,243.6199951171875,91.04756927490234,97.58177185058594,306.7901916503906,176.11752319335938,131.50860595703125,152.1083526611328,278.7729797363281,420.9158935546875,202.1855010986328,361.86883544921875,250.7726287841797,60.38081359863281,180.04258728027344,152.6595001220703,502.54998779296875,231.21681213378906,3478.3798828125,156.42176818847656,168.07327270507812,34.884342193603516,796.5040893554688,490.3800048828125,124.0080337524414,55.62495422363281,275.2232360839844,92.70663452148438,16.25484275817871,86.01433563232422,269.7904052734375,68.3259048461914,271.9786071777344,52.987579345703125,26.602148056030273,188.40509033203125,65.73480987548828,60.96855926513672,132.89735412597656,166.3000030517578,106.12999725341797,179.01246643066406,149.47225952148438,227.34417724609375,50.01862716674805,51.9188117980957,412.61529541015625,727.1970825195312,59.22139358520508,35.15041732788086,198.44000244140625,48.44963455200195,240.80787658691406,166.60934448242188,38.962093353271484,42.998416900634766,148.6363983154297,177.1470947265625,19.374156951904297,326.77337646484375,330.61065673828125,107.51111602783203,250.1606903076172,218.69398498535156,152.288818359375,214.97581481933594,209.40576171875,32.279476165771484,59.9305419921875,24.097681045532227,66.01765441894531,104.02708435058594,220.5201416015625,196.04383850097656,418.86773681640625,416.6354675292969,481.0981140136719,141.07688903808594,210.94540405273438,658.635986328125,79.86808776855469,66.8243179321289,456.7132263183594,125.57450103759766,118.65247344970703,97.7571792602539,354.3736572265625,1032.1500244140625,53.7674446105957,97.50335693359375,7046.72998046875,125.01134490966797,88.92266845703125,89.74456024169922,133.979736328125,136.2417449951172,20.75591468811035,68.43594360351562,154.7847442626953,239.60374450683594,525.5905151367188,144.85386657714844,32.22719192504883,92.49730682373047,139.69000244140625,126.28374481201172,176.035400390625,568.8180541992188,17.75128936767578,190.47056579589844,223.49359130859375,227.75775146484375,114.89384460449219,319.1241149902344,31.98931312561035,380.8999938964844,410.46038818359375,61.57835388183594,73.85298919677734,67.73802947998047,341.12969970703125,25.101892471313477,121.68115997314453,33.17560577392578,117.31017303466797,241.2174530029297,61.9141960144043,313.2940368652344,507.4120788574219,204.07174682617188,87.96388244628906,35.002685546875,309.358642578125,226.47117614746094,38.603145599365234,160.42678833007812,98.98843383789062,216.33030700683594,141.83689880371094,98.84961700439453,145.3125
2025-04-08,98.2925796508789,167.3783416748047,272.9828796386719,238.83999633789062,90.94140625,97.30316162109375,307.45147705078125,178.9856414794922,127.65788269042969,150.2036590576172,269.6983642578125,419.017578125,193.91390991210938,357.7768859863281,240.61976623535156,59.557891845703125,178.5359649658203,154.53134155273438,504.0299987792969,228.36459350585938,3499.080078125,153.1801300048828,164.88458251953125,34.19076156616211,794.7697143554688,492.6400146484375,123.33708190917969,54.37209701538086,269.208984375,89.51603698730469,16.51207160949707,85.44534301757812,261.4227600097656,67.60355377197266,272.1470642089844,51.79947280883789,26.209352493286133,187.97991943359375,64.8470230102539,64.57797241210938,129.84397888183594,165.75,101.87999725341797,173.085693359375,149.14662170410156,222.72483825683594,48.97385025024414,49.08509826660156,420.1822814941406,719.7379150390625,58.558319091796875,34.682777404785156,195.58999633789062,46.89834976196289,247.34141540527344,168.26849365234375,38.539127349853516,41.961238861083984,145.98715209960938,170.06552124023438,18.66664695739746,329.30126953125,324.540771484375,107.77542114257812,276.9141845703125,214.0930633544922,149.3050994873047,211.7378387451172,211.77871704101562,32.25065612792969,59.424034118652344,23.945701599121094,66.06592559814453,100.0245361328125,214.77772521972656,196.57260131835938,406.54345703125,428.7626037597656,475.5491638183594,140.38418579101562,208.7307586669922,649.5420532226562,78.64820098876953,65.93769073486328,449.45263671875,124.21665954589844,115.61935424804688,97.16629028320312,351.10577392578125,972.510009765625,51.50497817993164,96.16522979736328,6700.0,122.39629364013672,87.68000030517578,88.6905746459961,130.66099548339844,133.4919891357422,20.03133773803711,66.439697265625,153.00729370117188,244.40016174316406,519.49072265625,142.93817138671875,32.246421813964844,88.93494415283203,136.74000549316406,121.35778045654297,176.6628875732422,552.9583740234375,17.428192138671875,179.79190063476562,215.00042724609375,224.07896423339844,117.96891021728516,309.9302673339844,30.840633392333984,381.5899963378906,413.4476623535156,61.45309829711914,72.91409301757812,65.64649963378906,333.2568664550781,24.690231323242188,120.5185317993164,32.9679069519043,118.1964111328125,240.8556365966797,59.56501007080078,312.3427429199219,534.8569946289062,202.41949462890625,84.61322784423828,34.622215270996094,305.34698486328125,224.44955444335938,38.231441497802734,159.2341766357422,98.73906707763672,212.31875610351562,136.08871459960938,96.76582336425781,140.7416229248047
2025-04-09,105.97463989257812,171.35153198242188,290.9786376953125,263.5299987792969,92.9874267578125,98.33114624023438,319.5805358886719,188.28271484375,148.21815490722656,159.71725463867188,280.1202392578125,465.22540283203125,196.58580017089844,370.827392578125,261.5158996582031,65.61579895019531,191.08486938476562,183.3716278076172,559.8400268554688,258.92962646484375,3575.1201171875,159.67861938476562,182.78880310058594,37.85405349731445,874.040283203125,521.4099731445312,128.71458435058594,59.481407165527344,295.81146240234375,90.1862564086914,19.40093994140625,87.01730346679688,290.22503662109375,68.50891876220703,271.31494140625,56.610328674316406,28.143871307373047,201.70440673828125,71.11026763916016,67.01289367675781,138.4730682373047,188.5800018310547,116.05999755859375,190.18214416503906,163.67247009277344,234.47056579589844,52.29474639892578,55.06629943847656,424.8433532714844,775.5220336914062,63.3324089050293,37.2498893737793,210.3800048828125,50.780311584472656,263.9863586425781,186.0520782470703,42.552391052246094,45.181427001953125,160.40858459472656,188.7538299560547,21.390079498291016,335.59625244140625,344.04766845703125,113.91304016113281,280.4302062988281,227.9248809814453,154.4158477783203,227.69500732421875,228.83860778808594,33.326629638671875,69.71279907226562,24.933544158935547,67.54328155517578,105.56201934814453,227.40707397460938,209.8896026611328,438.6475830078125,447.02093505859375,511.5457763671875,147.76052856445312,230.7487335205078,668.3767700195312,81.91400909423828,72.51026153564453,478.3758544921875,135.11834716796875,128.17120361328125,108.19933319091797,386.68572998046875,1061.6600341796875,57.35451889038086,114.17000579833984,7121.08984375,137.3296356201172,89.89666748046875,92.0086669921875,139.37744140625,138.5252685546875,20.627511978149414,73.80384826660156,156.8037567138672,253.53297424316406,589.3058471679688,145.3998260498047,32.84251022338867,98.76019287109375,149.24000549316406,139.78631591796875,205.40895080566406,572.7306518554688,19.005661010742188,205.4581298828125,238.03509521484375,235.9733123779297,125.77408599853516,332.41064453125,34.7307014465332,428.70001220703125,443.8733215332031,65.57693481445312,79.67991638183594,73.29243469238281,358.5447692871094,24.765079498291016,131.88858032226562,35.86628341674805,124.12445831298828,249.26551818847656,66.13092041015625,339.6817932128906,559.4395141601562,217.2508087158203,91.73797607421875,37.38058090209961,329.2779235839844,237.3720703125,38.884193420410156,174.7382049560547,100.09140014648438,220.11630249023438,154.70184326171875,101.59596252441406,149.64942932128906
2025-04-10,98.94595336914062,165.97772216796875,278.0705871582031,256.9200134277344,93.34452056884766,99.14776611328125,321.4556579589844,186.12672424316406,136.84417724609375,156.16578674316406,270.8050231933594,449.01629638671875,197.38172912597656,366.50701904296875,253.61814880371094,63.58327865600586,184.6006317138672,170.6450958251953,551.25,243.6619415283203,3615.239990234375,151.8758544921875,177.9707489013672,35.8123779296875,836.723876953125,515.8099975585938,127.16548156738281,57.797882080078125,284.16607666015625,89.82755279541016,17.412368774414062,88.53141021728516,275.74072265625,68.91344451904297,276.5254821777344,55.11058807373047,27.319002151489258,200.45851135253906,67.80303192138672,65.85750579833984,127.99490356445312,178.52000427246094,109.62999725341797,179.15121459960938,157.45556640625,229.535400390625,51.679073333740234,52.26199722290039,425.51617431640625,749.5652465820312,60.87905502319336,36.91865158081055,204.3800048828125,47.7901496887207,264.278076171875,180.32952880859375,41.00807189941406,43.19597625732422,154.74159240722656,182.99453735351562,19.645532608032227,332.0869445800781,342.33416748046875,112.36640167236328,285.0658874511719,222.34567260742188,152.82057189941406,219.8812255859375,221.77833557128906,33.384273529052734,65.09871673583984,24.49661636352539,68.32542419433594,101.51091003417969,215.69532775878906,209.06707763671875,424.7889404296875,448.43292236328125,495.5770568847656,144.97100830078125,220.397216796875,675.90869140625,79.28215789794922,68.53010559082031,472.0588073730469,129.89218139648438,118.52567291259766,103.23980712890625,377.6347961425781,997.6900024414062,52.597537994384766,107.4194564819336,6998.830078125,131.56768798828125,91.55733489990234,92.0477066040039,137.71807861328125,137.14566040039062,19.80204200744629,68.73204803466797,158.00160217285156,256.41461181640625,553.7952880859375,144.79637145996094,32.88096618652344,92.88035583496094,143.75999450683594,130.83975219726562,188.74172973632812,542.6104736328125,18.05537986755371,191.94960021972656,225.98756408691406,236.92999267578125,124.44221496582031,326.14306640625,31.41014862060547,406.8900146484375,428.674560546875,64.45925903320312,76.46639251708984,68.80352783203125,344.14251708984375,24.95229148864746,125.47445678710938,33.64765548706055,125.52276611328125,250.45855712890625,62.828304290771484,335.25244140625,574.8156127929688,213.1591033935547,88.88438415527344,35.43070983886719,321.53204345703125,233.45767211914062,39.536376953125,167.63218688964844,101.1943588256836,222.1073760986328,144.57408142089844,95.95921325683594,143.2658233642578
2025-04-11,101.67823791503906,166.78759765625,277.21258544921875,258.45001220703125,94.12625122070312,100.52162170410156,329.6470031738281,187.84371948242188,143.4765167236328,157.68357849121094,275.20281982421875,461.06494140625,203.68663024902344,373.7374267578125,260.3641662597656,64.84245300292969,184.03802490234375,180.19248962402344,567.97998046875,247.8464813232422,3659.60009765625,153.90475463867188,181.60923767089844,37.05301284790039,856.2101440429688,524.1099853515625,130.01702880859375,58.00342559814453,288.38201904296875,91.25292205810547,17.451942443847656,90.65306854248047,279.7826232910156,69.1734848022461,281.65673828125,55.83124542236328,27.50558090209961,203.7314453125,68.45667266845703,66.37313842773438,128.61126708984375,180.49000549316406,109.05000305175781,187.05027770996094,159.97193908691406,232.2694854736328,52.332054138183594,54.15441131591797,428.8706359863281,755.488037109375,61.22953414916992,39.281166076660156,208.13999938964844,48.696937561035156,270.4665832519531,180.4884796142578,40.585105895996094,43.09719467163086,158.75527954101562,185.88397216796875,20.420886993408203,330.48095703125,342.5664978027344,113.59980010986328,289.7703552246094,228.0895538330078,153.52960205078125,225.222900390625,230.65492248535156,33.778160095214844,66.43287658691406,25.142513275146484,68.97236633300781,102.2395248413086,218.50733947753906,217.4097900390625,434.57550048828125,459.2641296386719,505.90863037109375,144.43740844726562,222.67120361328125,685.8880615234375,79.6279525756836,68.80958557128906,488.3678894042969,132.80319213867188,120.37870788574219,104.73152923583984,384.6656188964844,1041.9000244140625,52.58786392211914,110.7747573852539,7203.2998046875,130.5810546875,92.65266418457031,94.75096893310547,139.9496612548828,137.42156982421875,20.09554100036621,69.35287475585938,161.23776245117188,258.7236022949219,558.9260864257812,147.4016876220703,33.400142669677734,93.25382995605469,145.32000732421875,135.56129455566406,188.2515106201172,550.3466186523438,18.026866912841797,195.1541748046875,225.22169494628906,240.56932067871094,125.60760498046875,332.9247131347656,32.78084182739258,421.2099914550781,435.58563232421875,65.81782531738281,76.86324310302734,69.20802307128906,346.0094909667969,25.330501556396484,126.06562042236328,33.41162872314453,126.19236755371094,252.95220947265625,62.31718826293945,342.6643981933594,579.718505859375,212.44960021972656,89.3630599975586,36.01091384887695,330.23870849609375,240.1171417236328,40.28252029418945,170.69322204589844,102.58504486083984,224.98118591308594,144.92604064941406,99.04165649414062,145.6438446044922
2025-04-14,104.13331604003906,170.64645385742188,282.5260009765625,260.7099914550781,95.55460357666016,102.39505767822266,338.4305419921875,190.7216339111328,143.07066345214844,160.0743865966797,282.84356689453125,466.6515808105469,208.0522918701172,381.7226867675781,263.81939697265625,64.90193176269531,191.59024047851562,176.6468505859375,574.8300170898438,252.0409393310547,3680.780029296875,156.9022674560547,180.4336395263672,36.935791015625,867.0933227539062,529.52001953125,132.98696899414062,59.30522918701172,292.9713134765625,94.24528503417969,17.630022048950195,91.59817504882812,282.415283203125,70.82047271728516,281.61712646484375,55.909149169921875,27.76089859008789,207.2713165283203,69.08104705810547,66.0771255493164,128.3173065185547,181.85000610351562,107.1500015258789,191.2525634765625,161.50149536132812,235.52670288085938,53.376834869384766,54.50740432739258,430.19683837890625,762.3345336914062,63.389244079589844,39.6026725769043,212.24000549316406,49.468833923339844,272.5489807128906,184.79034423828125,40.92938232421875,44.5887565612793,160.8169403076172,188.15634155273438,20.595338821411133,337.6681213378906,345.7999267578125,115.18559265136719,279.7328796386719,231.55718994140625,157.35035705566406,226.4153289794922,229.20965576171875,34.306549072265625,66.40808868408203,25.455963134765625,69.95726776123047,103.04586791992188,224.99960327148438,218.05604553222656,438.7065734863281,459.6896667480469,508.5982360839844,148.30343627929688,220.96078491210938,690.48486328125,80.8958511352539,70.3033447265625,499.5319519042969,132.86180114746094,121.76360321044922,105.69050598144531,384.0318908691406,1082.8499755859375,53.57406997680664,110.55506896972656,7240.97998046875,132.84043884277344,94.27999877929688,96.14651489257812,142.16213989257812,139.62899780273438,20.28815269470215,70.13610076904297,163.38232421875,261.46441650390625,563.1177978515625,150.94570922851562,34.08275604248047,93.6751937866211,146.5399932861328,135.5028839111328,188.06524658203125,567.10986328125,18.31195640563965,198.93064880371094,229.18844604492188,242.18678283691406,126.46941375732422,337.1261291503906,32.74222946166992,421.9800109863281,441.6258239746094,67.18602752685547,78.31513977050781,71.69418334960938,349.1112060546875,25.718164443969727,128.03616333007812,34.157466888427734,128.60494995117188,256.8344421386719,62.69070053100586,344.3291015625,567.7174072265625,216.02621459960938,90.82666778564453,36.33430862426758,332.0018615722656,241.2864990234375,40.807586669921875,172.2138214111328,104.04288482666016,227.84518432617188,142.0030517578125,99.28172302246094,146.99853515625
2025-04-15,102.08412170410156,170.01177978515625,281.4243469238281,265.3399963378906,95.57389831542969,102.49112701416016,331.1668395996094,189.7850799560547,143.98138427734375,158.93356323242188,284.1715393066406,468.6088562011719,208.262451171875,376.5282897949219,256.7733459472656,65.19938659667969,191.1897735595703,177.231201171875,578.4199829101562,254.48851013183594,3631.169921875,154.10304260253906,182.6352081298828,37.27769470214844,865.6221313476562,528.1699829101562,132.4640350341797,59.187774658203125,288.36236572265625,94.87775421142578,17.80810546875,90.90380859375,281.2310485839844,70.03068542480469,281.86480712890625,55.70463943481445,27.397560119628906,205.8672332763672,69.52007293701172,65.80975341796875,127.57766723632812,181.5500030517578,104.18000030517578,188.22970581054688,161.1265106201172,235.0924072265625,53.078330993652344,53.35038375854492,426.8813781738281,765.8551025390625,63.483970642089844,39.773162841796875,212.8300018310547,49.30397033691406,270.9456481933594,184.4624786376953,41.09660339355469,43.99608612060547,158.0382080078125,188.36203002929688,20.595338821411133,332.6420593261719,342.8085632324219,114.68636322021484,281.6578674316406,233.14572143554688,157.50790405273438,224.42794799804688,227.6570281982422,33.999122619628906,67.02661895751953,25.85489845275879,69.3875732421875,102.08409118652344,223.0065460205078,216.3522491455078,443.56549072265625,454.1192932128906,513.4811401367188,146.3895721435547,220.06109619140625,689.3704833984375,79.11886596679688,70.07205200195312,495.6781005859375,132.12918090820312,119.2083740234375,106.97882843017578,381.9721374511719,1046.5799560546875,53.01329040527344,112.04297637939453,7205.169921875,132.14981079101562,93.1953353881836,96.4100112915039,140.77932739257812,135.90872192382812,20.581649780273438,69.81134796142578,162.7447509765625,259.16473388671875,561.7732543945312,153.3402862548828,34.005836486816406,92.13341522216797,147.05999755859375,134.92852783203125,189.58486938476562,554.05078125,18.464000701904297,200.4195556640625,228.82516479492188,241.6344757080078,125.97975158691406,333.0334777832031,32.58778381347656,425.6499938964844,440.8017272949219,67.65814971923828,78.7894287109375,71.03318786621094,342.5718994140625,26.001819610595703,127.63219451904297,34.450138092041016,126.53704071044922,260.8144836425781,62.84796142578125,340.8312072753906,564.36181640625,213.89773559570312,88.82916259765625,36.74330520629883,332.6258850097656,242.32701110839844,40.97339630126953,171.52806091308594,103.83187866210938,227.04090881347656,139.69598388671875,99.00324249267578,145.42941284179688
2025-04-16,101.66832733154297,165.08836364746094,278.0900573730469,260.1600036621094,94.57984924316406,101.76095581054688,328.3048095703125,189.49240112304688,136.794677734375,157.2570037841797,271.98870849609375,455.6061706542969,208.25291442871094,370.2811584472656,252.92129516601562,64.21781158447266,190.77020263671875,172.93287658691406,571.8499755859375,249.6130828857422,3566.860107421875,152.85214233398438,179.8000946044922,37.248390197753906,843.5440673828125,516.4500122070312,132.57257080078125,57.93490982055664,285.12921142578125,95.57628631591797,17.67949104309082,90.1612319946289,274.57611083984375,69.51058197021484,281.7657165527344,54.30228042602539,26.857465744018555,202.4262237548828,68.30059051513672,65.45645904541016,128.355224609375,179.38999938964844,103.0199966430664,188.96311950683594,159.82391357421875,232.9011993408203,52.54661178588867,51.634464263916016,424.2193298339844,757.2871704101562,63.512386322021484,39.18861770629883,210.11000061035156,48.711936950683594,270.4470520019531,181.263427734375,40.60478210449219,43.679996490478516,154.8710479736328,185.080810546875,20.76979637145996,328.13153076171875,334.94769287109375,114.67656707763672,280.5087585449219,231.0825653076172,156.02098083496094,222.7799072265625,224.21963500976562,33.730125427246094,63.65451431274414,25.59844207763672,69.2137680053711,99.83023071289062,217.6291961669922,214.32534790039062,440.6343994140625,461.3723449707031,509.56085205078125,145.37831115722656,216.31396484375,691.2012329101562,79.43584442138672,69.09868621826172,487.7521057128906,127.4402847290039,121.00289154052734,104.47967529296875,367.9896545410156,1016.6500244140625,51.77570343017578,104.3437728881836,7045.009765625,128.02566528320312,90.95733642578125,94.44843292236328,138.8243408203125,133.29217529296875,20.214778900146484,68.4263916015625,160.73541259765625,258.2449035644531,553.0736083984375,153.71383666992188,33.9193115234375,92.47815704345703,143.97999572753906,132.14427185058594,187.9475555419922,545.4805297851562,18.2169246673584,199.22647094726562,223.97471618652344,240.26358032226562,126.57714080810547,327.4974060058594,32.96424865722656,415.6499938964844,434.49932861328125,67.82193756103516,77.07618713378906,71.8421630859375,342.4435119628906,25.547969818115234,125.03107452392578,33.98753356933594,124.38047790527344,253.90077209472656,61.796241760253906,327.63238525390625,565.7639770507812,210.51548767089844,86.71198272705078,35.972869873046875,328.1883850097656,238.3828887939453,40.1719856262207,168.66578674316406,102.96868133544922,225.16754150390625,134.53436279296875,100.04994201660156,143.0319061279297
2025-04-17,101.45054626464844,166.34808349609375,275.2724914550781,259.4700012207031,95.2071533203125,103.48068237304688,324.9098205566406,189.90216064453125,136.07205200195312,156.55267333984375,266.8403015136719,456.92413330078125,212.7045440673828,364.907958984375,254.4505157470703,64.5053482055664,193.93603515625,169.34767150878906,559.530029296875,248.02413940429688,3603.469970703125,151.5631103515625,181.08578491210938,38.01035690307617,853.2872314453125,518.2100219726562,132.91790771484375,58.62986373901367,289.1681823730469,97.78514862060547,17.7982120513916,92.61478424072266,275.7994384765625,70.22332000732422,284.04412841796875,54.30228042602539,27.1815242767334,203.45457458496094,67.74451446533203,64.25331115722656,130.73533630371094,181.24000549316406,105.66999816894531,185.1671905517578,158.95555114746094,235.63526916503906,53.53541564941406,53.40921401977539,413.970703125,768.4420776367188,64.63958740234375,39.73906326293945,208.66000366210938,49.04167556762695,269.9093322753906,180.60769653320312,40.84085464477539,44.02572250366211,152.73973083496094,186.6969451904297,21.835908889770508,332.10675048828125,343.72821044921875,115.31285095214844,259.7561950683594,231.31504821777344,156.21791076660156,223.78811645507812,226.5144805908203,34.00873565673828,62.885337829589844,25.74091911315918,70.48834228515625,101.74407958984375,214.22520446777344,213.6790771484375,444.69659423828125,448.8004150390625,513.4314575195312,148.4593963623047,217.91563415527344,693.5692749023438,79.33978271484375,69.91785430908203,490.9006652832031,127.19606018066406,124.56266021728516,105.75831604003906,364.1969909667969,1004.9600219726562,53.912471771240234,101.34797668457031,7190.06982421875,126.9009017944336,92.72666931152344,96.14651489257812,138.18536376953125,135.90872192382812,20.306493759155273,68.90396881103516,164.83135986328125,249.15899658203125,554.6058959960938,156.32875061035156,34.342342376708984,94.90096282958984,143.55999755859375,133.03990173339844,188.91819763183594,559.2645263671875,18.34996795654297,203.61428833007812,228.07891845703125,239.93809509277344,126.2245864868164,329.57342529296875,33.89091110229492,413.32000732421875,433.4692077636719,68.52531433105469,78.65391540527344,74.76241302490234,342.2756042480469,25.670886993408203,127.33663940429688,33.893123626708984,125.67048645019531,256.2476806640625,62.55309295654297,330.1294860839844,439.14788818359375,214.07266235351562,88.76472473144531,36.33430862426758,326.484619140625,239.75045776367188,40.568084716796875,169.87826538085938,103.95655822753906,226.48182678222656,136.74452209472656,102.67144775390625,144.89340209960938
2025-04-21,99.25283813476562,163.62672424316406,272.230712890625,254.27000427246094,93.1128921508789,101.38627624511719,315.21844482421875,182.380615234375,134.19122314453125,154.01307678222656,263.3663024902344,443.7345275878906,208.24334716796875,353.5260314941406,249.30148315429688,63.04788589477539,192.41986083984375,164.6135711669922,541.9299926757812,239.3391876220703,3569.239990234375,149.96139526367188,175.71337890625,36.92601776123047,832.066650390625,506.9200134277344,129.42501831054688,56.94633102416992,281.1697692871094,96.40696716308594,17.05620574951172,91.83895874023438,268.3615417480469,69.44316101074219,278.5166015625,52.9486198425293,26.965482711791992,198.16452026367188,66.398193359375,62.22898483276367,126.8095703125,171.82000732421875,103.55000305175781,183.31385803222656,155.93589782714844,228.50888061523438,52.0615348815918,53.33076858520508,396.57440185546875,751.9576416015625,63.93864059448242,39.110679626464844,207.4600067138672,47.9625129699707,267.0741882324219,177.19009399414062,40.03426742553711,43.84791564941406,149.25387573242188,182.99453735351562,21.244699478149414,314.8575439453125,335.8286437988281,111.80844116210938,241.51785278320312,228.80633544921875,152.66302490234375,220.65676879882812,223.6142120361328,33.922271728515625,61.534324645996094,24.49661636352539,70.26626586914062,100.75314331054688,209.39051818847656,209.6643829345703,436.5623779296875,443.2397155761719,505.48187255859375,146.3234100341797,213.2490234375,679.052734375,78.57137298583984,67.84586334228516,481.7926025390625,123.17142486572266,123.5873794555664,102.96857452392578,355.62139892578125,970.1500244140625,54.26055145263672,96.77438354492188,7133.83984375,121.17842864990234,91.23332977294922,94.71192932128906,133.8843536376953,134.8525848388672,20.214778900146484,67.1082992553711,161.115234375,241.61241149902344,541.0521240234375,155.3421630859375,33.948158264160156,92.89952087402344,139.6199951171875,132.53367614746094,185.80043029785156,557.6060791015625,18.140901565551758,201.1886444091797,222.81610107421875,235.09555053710938,123.51185607910156,318.61993408203125,33.41791915893555,402.3599853515625,420.4617919921875,67.88937377929688,78.04411315917969,72.93727111816406,335.4498291015625,24.89556121826172,126.85384368896484,33.33610153198242,122.0860824584961,247.8769073486328,62.10094451904297,319.4376220703125,411.31610107421875,209.98094177246094,88.59902954101562,35.963356018066406,317.0648498535156,232.06036376953125,39.54559326171875,166.03207397460938,102.58504486083984,223.20590209960938,135.42823791503906,101.16383361816406,143.6026153564453
2025-04-22,101.7772216796875,167.1077423095703,276.8421325683594,261.1400146484375,95.68971252441406,103.90340423583984,326.4198303222656,189.16073608398438,136.903564453125,158.37799072265625,267.9084167480469,459.9633483886719,211.09011840820312,366.0104064941406,256.8313903808594,65.18946838378906,196.8539581298828,167.95120239257812,555.52001953125,249.11962890625,3678.659912109375,152.4555206298828,182.0665740966797,37.47307205200195,864.4334106445312,520.7899780273438,131.91148376464844,58.2089729309082,287.5191650390625,98.52145385742188,17.78831672668457,92.9154281616211,273.1570129394531,70.98419952392578,283.5785217285156,53.601112365722656,27.279722213745117,203.5336456298828,68.02742004394531,63.1406364440918,130.19485473632812,176.61000061035156,106.41999816894531,190.36056518554688,161.40281677246094,233.7401580810547,53.93653106689453,54.850589752197266,405.5553894042969,769.3853149414062,65.2931900024414,39.67086410522461,214.2899932861328,49.453853607177734,268.6579284667969,187.94964599609375,41.06708908081055,44.60851287841797,153.27752685546875,187.4805145263672,20.062284469604492,321.8067932128906,343.1183166503906,116.23299407958984,254.29547119140625,233.33944702148438,158.22674560546875,229.03285217285156,230.0592498779297,34.08558654785156,63.07664489746094,25.265995025634766,71.35738372802734,104.84310913085938,217.31346130371094,210.60440063476562,447.14569091796875,446.8662414550781,523.3561401367188,149.63134765625,218.09359741210938,691.6687622070312,80.07940673828125,70.43826293945312,487.68255615234375,133.17442321777344,128.1419219970703,106.92070770263672,363.246337890625,1003.1599731445312,55.169403076171875,98.75159454345703,7166.919921875,125.53935241699219,92.90266418457031,96.56615447998047,136.64996337890625,136.49864196777344,20.664199829101562,69.58211517333984,163.18569946289062,248.81167602539062,560.1915283203125,157.19081115722656,34.81344223022461,96.62468719482422,143.80999755859375,135.0648193359375,195.7615509033203,581.4400634765625,18.796600341796875,206.6610870361328,230.1703338623047,239.2378692626953,111.39766693115234,328.16961669921875,33.40827178955078,413.3999938964844,436.7843017578125,69.6718978881836,81.15116119384766,74.34806823730469,343.87579345703125,25.49123764038086,131.484619140625,34.30852127075195,123.78965759277344,252.59033203125,63.81122589111328,329.5943908691406,413.1051940917969,210.8070526123047,89.14212036132812,37.095237731933594,328.2576904296875,238.40272521972656,39.78509521484375,170.7031707763672,104.66629791259766,225.55007934570312,139.41632080078125,103.99663543701172,146.67315673828125
2025-04-23,103.94522857666016,170.252197265625,280.9368591308594,264.44000244140625,95.18785095214844,102.8177719116211,327.44622802734375,189.97044372558594,142.13026428222656,160.8977813720703,267.42730712890625,464.09429931640625,203.0943603515625,366.31829833984375,256.2313537597656,70.54344177246094,196.83485412597656,175.2108154296875,576.9000244140625,256.73870849609375,3652.110107421875,154.3166046142578,187.33090209960938,35.060184478759766,869.6167602539062,526.8099975585938,132.64163208007812,57.357421875,292.0614318847656,96.5485610961914,18.282987594604492,91.05343627929688,277.6197814941406,70.79158020019531,282.0332336425781,54.175682067871094,27.093143463134766,205.3629608154297,69.29568481445312,63.25641632080078,129.60691833496094,181.19000244140625,106.66000366210938,194.56283569335938,164.15602111816406,234.8654022216797,54.25369644165039,56.14487838745117,416.25250244140625,787.2215576171875,65.71944427490234,39.061973571777344,217.10000610351562,50.2557258605957,259.7906799316406,192.42039489746094,42.26713943481445,45.280208587646484,157.08209228515625,189.850830078125,19.97505760192871,333.068359375,345.0448303222656,116.53645324707031,258.9017333984375,237.7757110595703,158.5320281982422,229.46908569335938,235.22506713867188,33.80698776245117,65.1333999633789,25.265995025634766,70.77802276611328,104.98951721191406,221.15159606933594,211.80880737304688,440.8507385253906,448.287841796875,526.0159301757812,150.76548767089844,227.18946838378906,688.7835083007812,80.44439697265625,71.54653930664062,494.97296142578125,132.91064453125,130.97998046875,108.79021453857422,370.74261474609375,1046.22998046875,55.48846435546875,102.5662612915039,7083.08984375,129.64373779296875,92.03333282470703,90.07637786865234,136.58323669433594,135.3568572998047,20.53579330444336,70.71873474121094,161.09579467773438,248.76475524902344,574.190185546875,161.02215576171875,34.842288970947266,98.42503356933594,147.6999969482422,136.73924255371094,203.4383087158203,583.78369140625,19.024667739868164,209.5600128173828,235.48223876953125,238.05435180664062,117.7926254272461,327.4677734375,32.848411560058594,422.2300109863281,440.35223388671875,70.63540649414062,82.77729034423828,77.04139709472656,352.7561950683594,25.708709716796875,134.05616760253906,35.06380081176758,123.5828628540039,253.61717224121094,65.44287109375,332.8147888183594,413.85943603515625,213.60617065429688,89.48271179199219,37.580322265625,331.19952392578125,242.33692932128906,39.33372497558594,180.85035705566406,104.31143188476562,224.24557495117188,143.29638671875,103.10358428955078,147.5728302001953
2025-04-24,105.94493865966797,173.44471740722656,284.10540771484375,271.7099914550781,95.46773529052734,102.51033020019531,327.17974853515625,190.09725952148438,148.65371704101562,165.9075469970703,269.2942199707031,466.2876281738281,201.47991943359375,362.56402587890625,260.2092590332031,75.38182830810547,197.13046264648438,186.34283447265625,590.6699829101562,263.8247985839844,3609.64990234375,155.94122314453125,191.16937255859375,35.53885269165039,892.7276000976562,531.6400146484375,134.0328826904297,59.031166076660156,303.01239013671875,95.10429382324219,18.500640869140625,89.89938354492188,287.6903076171875,71.40798950195312,279.7350769042969,54.81843185424805,27.633237838745117,207.3998565673828,70.35906982421875,63.59406280517578,131.87326049804688,187.22000122070312,110.6500015258789,194.7511444091797,167.48158264160156,236.56307983398438,54.291015625,57.5078125,418.1247253417969,794.7391357421875,65.65314483642578,39.99236297607422,176.89999389648438,51.649635314941406,265.6369934082031,196.12612915039062,43.162254333496094,46.30751037597656,160.8169403076172,195.02243041992188,20.55657386779785,338.4513244628906,348.16204833984375,116.72245025634766,263.0463562011719,222.13258361816406,160.4916534423828,234.675048828125,238.89678955078125,33.10567092895508,68.33600616455078,25.52245330810547,70.02485656738281,106.59994506835938,225.5323944091797,211.76962280273438,442.1491394042969,451.4405212402344,531.4248657226562,150.70877075195312,233.58624267578125,684.9627075195312,80.97268676757812,73.1077651977539,505.8092346191406,135.66539001464844,134.13987731933594,111.97711181640625,383.52679443359375,1075.0,56.542354583740234,106.28105163574219,7146.8798828125,135.6720733642578,90.14466857910156,90.5057601928711,137.52737426757812,128.74411010742188,20.893495559692383,71.63568115234375,155.0691680908203,248.91494750976562,590.0077514648438,162.8995361328125,34.85190200805664,100.25410461425781,151.63999938964844,143.31045532226562,207.1737060546875,595.611328125,19.518815994262695,217.0735321044922,244.03433227539062,237.4527130126953,119.44768524169922,330.6213073730469,33.71715545654297,438.8999938964844,450.6813659667969,71.80126953125,84.76154327392578,81.92493438720703,356.6481628417969,26.030187606811523,141.4063262939453,35.781314849853516,124.56758117675781,256.3846130371094,67.13349914550781,339.91961669921875,410.2716979980469,209.39779663085938,91.0567855834961,38.09395217895508,332.52679443359375,247.26214599609375,39.43505096435547,184.23936462402344,104.4552993774414,223.10780334472656,148.71861267089844,104.31351470947266,148.93206787109375
2025-04-25,105.21237182617188,178.91624450683594,286.0357666015625,269.92999267578125,94.85006713867188,102.54877471923828,318.0804138183594,188.19493103027344,150.019775390625,165.36192321777344,270.2565002441406,458.28143310546875,201.39395141601562,333.5628967285156,258.5251770019531,75.203369140625,196.2055206298828,190.46286010742188,603.780029296875,261.34765625,3609.330078125,156.42176818847656,191.5839385986328,35.60723114013672,884.3776245117188,530.9600219726562,135.72999572753906,58.78646469116211,302.6075744628906,94.57568359375,18.401708602905273,91.07282257080078,287.0052490234375,69.52022552490234,283.2120056152344,55.227447509765625,27.338642120361328,206.0649871826172,70.40784454345703,63.015235900878906,131.5508270263672,187.75999450683594,109.19000244140625,195.3854217529297,166.7809295654297,235.0529327392578,54.067134857177734,58.233402252197266,411.19158935546875,815.0746459960938,64.91429138183594,39.536903381347656,177.52999877929688,51.649635314941406,265.89117431640625,197.13949584960938,43.45734405517578,46.534698486328125,163.1873016357422,194.8755340576172,20.20766258239746,325.0782470703125,346.16778564453125,116.2525863647461,259.6775817871094,225.11590576171875,160.7378387451172,232.18356323242188,237.83238220214844,33.048030853271484,68.85043334960938,25.50345802307129,69.43585205078125,105.04808044433594,225.26600646972656,211.58360290527344,441.03765869140625,461.9139404296875,529.4597778320312,150.63316345214844,233.52691650390625,691.4996337890625,80.83821105957031,72.46208190917969,501.03173828125,134.14151000976562,134.0423583984375,112.374267578125,388.0325012207031,1061.7900390625,55.71084976196289,110.85465240478516,7071.419921875,136.6389923095703,89.80000305175781,90.69119262695312,136.57369995117188,126.90778350830078,21.02189826965332,70.16475677490234,156.51751708984375,248.74598693847656,591.2039794921875,163.06236267089844,34.54424285888672,99.56460571289062,154.02999877929688,144.6246795654297,207.82081604003906,598.471435546875,19.271739959716797,216.8861846923828,243.8772430419922,240.21424865722656,122.63047790527344,327.8335266113281,33.32139587402344,446.6199951171875,449.5014343261719,71.95543670654297,84.57763671875,81.5895004272461,360.60931396484375,25.349407196044922,142.24378967285156,35.564170837402344,124.62666320800781,227.62472534179688,67.70359802246094,344.80474853515625,404.8465576171875,207.2984619140625,90.1270751953125,37.970298767089844,331.991943359375,244.8144073486328,38.60600280761719,182.8976593017578,103.32357025146484,223.93170166015625,148.51234436035156,104.25590515136719,150.07618713378906
2025-04-28,105.79644012451172,184.95513916015625,285.8992919921875,271.4700012207031,95.43877410888672,102.856201171875,319.5706787109375,190.63381958007812,149.26744079589844,164.965087890625,272.4217224121094,460.68133544921875,201.85247802734375,341.1310119628906,260.7900085449219,75.23310089111328,198.1508026123047,190.62135314941406,602.4600219726562,261.48577880859375,3617.909912109375,156.07852172851562,193.62351989746094,35.372779846191406,890.2723388671875,530.9400024414062,136.4009552001953,59.20734786987305,303.20989990234375,95.2647705078125,18.658937454223633,88.21195983886719,287.94476318359375,69.83805847167969,285.04461669921875,55.35404968261719,27.368101119995117,205.9463348388672,70.80783081054688,62.63899230957031,132.84994506835938,187.8800048828125,109.1500015258789,194.1663818359375,168.08352661132812,235.931396484375,54.43093490600586,57.9882698059082,403.527099609375,821.4738159179688,65.65314483642578,39.23326110839844,178.02999877929688,51.56719970703125,265.86187744140625,199.5537109375,43.3786506652832,46.66311264038086,161.76307678222656,196.51123046875,20.013826370239258,329.1426696777344,345.5288391113281,117.86775207519531,258.4990539550781,228.7482147216797,160.9840087890625,232.78460693359375,237.5101318359375,32.70218276977539,68.76222229003906,25.712425231933594,69.31998443603516,105.55561065673828,226.53880310058594,214.2078094482422,440.6442565917969,460.6083679199219,530.462158203125,151.63497924804688,234.24867248535156,696.2058715820312,80.72295379638672,73.18486785888672,499.5021057128906,134.7373809814453,134.1789093017578,112.19989776611328,387.3492431640625,1061.4599609375,55.41111373901367,108.57784271240234,7040.35009765625,138.2669219970703,91.34400177001953,91.39384460449219,137.4796905517578,127.2693099975586,21.14113426208496,70.55636596679688,157.3242950439453,253.03549194335938,590.2844848632812,162.03744506835938,35.053802490234375,101.29791259765625,151.8300018310547,143.7095489501953,212.0758514404297,606.6345825195312,19.44278907775879,218.84835815429688,242.0706024169922,242.72921752929688,122.21916198730469,328.4068908691406,32.91598129272461,443.9700012207031,448.9114685058594,72.84186553955078,84.76154327392578,81.05675506591797,362.0218811035156,25.77489471435547,142.76597595214844,36.19671630859375,125.18795776367188,231.5363006591797,68.07711029052734,348.124267578125,406.1617431640625,206.63755798339844,89.37226104736328,38.21760177612305,334.30975341796875,243.1792755126953,39.048160552978516,182.10260009765625,104.10042572021484,224.6869354248047,149.8384246826172,104.31351470947266,150.1739959716797
2025-04-29,106.3805160522461,186.08021545410156,290.9884338378906,272.8900146484375,95.74761199951172,104.23966217041016,312.988037109375,193.9311981201172,148.03997802734375,166.46307373046875,277.6855773925781,463.8975830078125,211.4340057373047,347.5172119140625,262.222412109375,76.02629089355469,197.55955505371094,189.33383178710938,611.1300048828125,263.5287170410156,3704.949951171875,157.4590606689453,194.38694763183594,35.08948516845703,896.878173828125,534.5700073242188,137.9796600341797,59.53034591674805,303.545654296875,97.88899230957031,18.510534286499023,89.54056549072266,286.9073791503906,70.91678619384766,287.44189453125,55.840980529785156,27.544857025146484,206.9153289794922,71.50049591064453,62.73546600341797,132.09132385253906,191.22999572753906,111.69000244140625,197.1595001220703,167.9749755859375,243.70924377441406,54.78541564941406,58.42950439453125,403.361328125,828.25244140625,65.86153411865234,39.31652069091797,185.2899932861328,51.77703857421875,265.9987487792969,199.19602966308594,43.73276138305664,46.36677551269531,161.40452575683594,199.91000366210938,19.878137588500977,337.6284484863281,347.54248046875,119.6395263671875,254.72760009765625,231.8768310546875,163.79049682617188,234.3648223876953,238.87725830078125,32.88471221923828,68.19029235839844,25.845401763916016,69.86071014404297,104.99928283691406,237.2145538330078,216.6264190673828,443.1818542480469,460.2118835449219,535.613037109375,148.84689331054688,236.95767211914062,703.7178955078125,81.26084899902344,73.64745330810547,501.4488830566406,135.17697143554688,134.89085388183594,112.56798553466797,390.201171875,1065.22998046875,55.63349914550781,108.867431640625,7113.93994140625,138.90823364257812,93.28199768066406,92.61372375488281,139.6254119873047,127.79263305664062,21.819852828979492,71.24406433105469,157.72283935546875,259.35247802734375,595.8701782226562,163.0814971923828,34.98649978637695,101.50859069824219,153.64999389648438,142.9891815185547,212.340576171875,564.9747314453125,19.499807357788086,220.8204345703125,243.1604766845703,244.29737854003906,123.12992858886719,344.1549987792969,32.925636291503906,460.7699890136719,460.51422119140625,72.60099029541016,85.69075012207031,80.50426483154297,366.39788818359375,25.812715530395508,143.11083984375,36.593238830566406,126.07420349121094,236.249755859375,68.84378814697266,350.2249755859375,395.74658203125,208.5133514404297,89.04087829589844,38.52197265625,338.2817077636719,243.1396484375,39.56401824951172,183.22564697265625,104.68547821044922,224.41232299804688,150.68321228027344,104.05424499511719,151.99285888671875
2025-04-30,106.51911163330078,187.6091766357422,291.6513671875,274.25,95.77656555175781,104.0859375,316.49151611328125,193.54098510742188,149.18824768066406,168.22891235351562,279.9566650390625,463.2779235839844,215.33160400390625,352.3739013671875,262.3772888183594,76.29398345947266,200.2295684814453,190.62135314941406,613.2999877929688,262.9267272949219,3762.60009765625,157.95486450195312,201.91220092773438,34.58150863647461,890.7789306640625,533.25,139.41036987304688,61.21387481689453,305.3921813964844,99.83354949951172,18.14447784423828,89.40479278564453,287.5728759765625,70.93605041503906,289.91839599609375,56.22078323364258,27.56450080871582,209.3082275390625,71.77366638183594,64.3561782836914,129.01901245117188,192.88999938964844,110.83000183105469,197.55593872070312,168.39927673339844,248.17062377929688,49.916011810302734,58.792293548583984,410.1189270019531,837.1023559570312,66.55301666259766,39.65443801879883,184.57000732421875,52.22669219970703,266.037841796875,200.22927856445312,43.65407180786133,44.687538146972656,160.2392578125,183.03370666503906,19.209394454956055,342.0894775390625,348.98486328125,120.08002471923828,257.5561828613281,234.23057556152344,165.4054718017578,232.5810546875,238.87725830078125,33.23056411743164,69.65132904052734,25.252965927124023,70.0538330078125,106.00457000732422,237.79664611816406,215.44161987304688,445.78839111328125,462.0203552246094,543.9298706054688,150.8883514404297,235.8800048828125,709.2000732421875,81.41453552246094,72.63554382324219,520.4396362304688,135.6947021484375,134.0131072998047,112.6998062133789,391.4093017578125,1070.5699462890625,54.53126907348633,108.76756286621094,7125.75,138.83917236328125,94.34666442871094,93.95071411132812,140.30250549316406,129.0010223388672,22.388505935668945,70.82380676269531,158.024169921875,264.4492492675781,598.1637573242188,164.1351318359375,35.092262268066406,99.65078735351562,154.97000122070312,144.52731323242188,210.70326232910156,594.6182861328125,19.39527702331543,221.8064422607422,243.18994140625,247.3054962158203,123.52165222167969,348.89031982421875,32.09549331665039,459.010009765625,468.2774963378906,71.56038665771484,85.27454376220703,89.80764770507812,369.3612976074219,26.1909236907959,144.2241973876953,36.19671630859375,126.71427917480469,241.4912567138672,69.44337463378906,379.8232727050781,397.8837585449219,209.60189819335938,87.72454833984375,38.369789123535156,342.2239990234375,259.9666748046875,40.58650588989258,183.6033172607422,105.04033660888672,228.88485717773438,151.7342529296875,101.4327163696289,152.94140625
2025-05-01,105.39055633544922,185.91673278808594,292.9967956542969,273.489990234375,94.66669464111328,103.31735229492188,313.4814758300781,192.41909790039062,147.4559326171875,165.9273681640625,273.085693359375,462.7960205078125,214.0133056640625,349.8807373046875,263.4128723144531,77.95965576171875,199.29505920410156,195.4346923828125,621.0999755859375,265.02886962890625,3732.919921875,129.3141326904297,201.99734497070312,35.353240966796875,892.6106567382812,530.22998046875,143.59396362304688,68.31993865966797,310.0233459472656,100.34329986572266,18.431386947631836,87.95011901855469,288.5906677246094,70.2811050415039,287.69940185546875,56.6005859375,27.603778839111328,207.20211791992188,73.39313507080078,66.99950408935547,129.2086639404297,196.1999969482422,111.12999725341797,194.9592742919922,167.5703887939453,249.34519958496094,50.89549255371094,57.743141174316406,398.1541442871094,838.2888793945312,66.89402770996094,39.5271110534668,183.02000427246094,50.0458869934082,265.4415283203125,202.2858123779297,44.04753112792969,44.49985122680664,162.13157653808594,182.94557189941406,19.31600570678711,340.0672302246094,346.8647766113281,119.26753997802734,251.46693420410156,232.1383819580078,168.2316436767578,231.9315185546875,241.09397888183594,32.70218276977539,67.0365219116211,25.252965927124023,68.8371810913086,105.59465026855469,238.06309509277344,215.3339080810547,440.69342041015625,461.9913024902344,542.5106201171875,153.17555236816406,241.18922424316406,703.21044921875,80.26189422607422,73.02103424072266,519.34716796875,134.70806884765625,134.31544494628906,114.00823211669922,421.255615234375,1056.5799560546875,54.87934112548828,111.45381164550781,7034.89013671875,143.54544067382812,93.84532928466797,94.06783294677734,139.81613159179688,127.06951141357422,21.948257446289062,70.74738311767578,155.506591796875,260.6196594238281,603.166015625,162.88035583496094,34.68846130371094,99.07622528076172,156.33999633789062,131.62832641601562,216.44854736328125,585.9188842773438,19.490306854248047,221.3726043701172,244.66273498535156,245.98391723632812,124.77519226074219,349.6020812988281,32.568477630615234,459.3599853515625,467.2286682128906,71.97470092773438,85.88433837890625,88.80134582519531,369.4303894042969,26.134191513061523,144.20449829101562,36.43274688720703,125.6803207397461,241.5401611328125,69.28608703613281,389.048583984375,387.47833251953125,208.06625366210938,87.08019256591797,38.52197265625,339.2029113769531,261.2549743652344,39.88642120361328,185.7698974609375,104.34019470214844,228.924072265625,153.06033325195312,101.5767593383789,152.20799255371094
2025-05-02,107.53876495361328,190.84976196289062,297.67645263671875,279.989990234375,96.0082015991211,103.46147918701172,326.7454833984375,194.4287567138672,153.53395080566406,168.71499633789062,270.6222229003906,476.5166931152344,213.60252380371094,354.5685119628906,268.6974182128906,79.97235870361328,202.34646606445312,201.68405151367188,628.1599731445312,273.2301940917969,3756.330078125,128.73446655273438,206.01123046875,36.24220657348633,905.335205078125,539.7999877929688,147.54075622558594,70.23966979980469,319.62152099609375,100.88134765625,19.361366271972656,87.74646759033203,293.4546813964844,70.22332000732422,289.37353515625,57.778961181640625,28.18315315246582,209.1796875,75.80281829833984,65.07972717285156,131.33274841308594,205.08999633789062,116.94000244140625,197.27842712402344,171.57684326171875,252.0694580078125,51.19399642944336,58.233402252197266,399.7826232910156,851.7875366210938,67.93599700927734,40.217647552490234,184.3699951171875,50.62294006347656,266.92755126953125,206.34921264648438,45.01150131225586,44.74679946899414,165.1393585205078,187.84291076660156,19.965364456176758,344.9544372558594,352.88629150390625,123.00690460205078,253.8633575439453,237.84352111816406,170.80178833007812,234.91741943359375,246.58203125,33.057640075683594,69.20232391357422,25.761865615844727,69.1847915649414,107.55642700195312,244.35801696777344,215.17723083496094,447.4801330566406,457.2332763671875,555.1746215820312,158.56272888183594,246.64675903320312,704.8422241210938,81.5009765625,74.98702239990234,532.1798706054688,138.7913055419922,138.05076599121094,117.38668060302734,431.0393981933594,1100.010009765625,56.64870834350586,114.33976745605469,7124.0,148.7153778076172,93.75733184814453,94.97543334960938,142.8678436279297,127.25980377197266,22.195899963378906,73.38358306884766,156.03147888183594,265.4535827636719,611.964599609375,163.6562042236328,34.774986267089844,102.60986328125,160.08999633789062,136.1064453125,225.4488525390625,601.4208374023438,20.003456115722656,229.379150390625,249.0517120361328,247.07864379882812,127.51730346679688,355.5335693359375,33.52410888671875,472.2799987792969,474.4300231933594,72.71660614013672,87.6266098022461,91.82025146484375,373.60882568359375,26.10582733154297,147.72190856933594,37.263553619384766,127.2361831665039,243.37860107421875,71.517333984375,395.9552307128906,386.7433776855469,212.15802001953125,88.73710632324219,39.444602966308594,344.3041076660156,264.6441345214844,40.2917366027832,190.21238708496094,104.1771469116211,229.4537353515625,157.7163848876953,101.98967742919922,153.9584197998047
2025-05-05,107.28137969970703,188.5419464111328,299.99676513671875,280.07000732421875,96.07575225830078,103.2212905883789,330.4759826660156,195.3555145263672,153.04888916015625,168.91339111328125,269.50592041015625,474.4739990234375,213.86045837402344,353.81207275390625,263.4612731933594,79.48653411865234,200.26771545410156,198.79212951660156,621.4000244140625,274.3947448730469,3775.550048828125,127.37678527832031,205.54873657226562,35.90029525756836,896.887939453125,512.1500244140625,149.96803283691406,69.53264617919922,319.0586242675781,100.98519134521484,19.351472854614258,87.99858856201172,295.8524169921875,70.3485336303711,289.22491455078125,57.76921463012695,27.957294464111328,209.44668579101562,76.00769805908203,64.73242950439453,128.48797607421875,205.39999389648438,118.33000183105469,195.64312744140625,170.73805236816406,251.79307556152344,51.240638732910156,56.57631301879883,405.94537353515625,858.9453125,67.09294128417969,40.364566802978516,185.5,50.65291976928711,266.05743408203125,207.5811309814453,44.6672248840332,44.825828552246094,165.37838745117188,186.24636840820312,19.2481632232666,346.35223388671875,350.1853332519531,123.05583953857422,252.10531616210938,241.35958862304688,171.3236846923828,233.51168823242188,246.630859375,33.096065521240234,68.71959686279297,25.800275802612305,69.23307037353516,106.59017181396484,243.5292205810547,214.07073974609375,445.06048583984375,456.03411865234375,556.8914794921875,156.26605224609375,244.47164916992188,703.439208984375,80.15623474121094,74.6015396118164,538.526611328125,137.5409393310547,139.78677368164062,116.78130340576172,431.9207763671875,1091.1300048828125,55.449790954589844,113.66072082519531,7076.41015625,147.2946319580078,92.47599792480469,95.06326293945312,142.5245361328125,125.5852279663086,21.893226623535156,73.12569427490234,154.38876342773438,264.84344482421875,609.5425415039062,165.88796997070312,34.88074493408203,102.3704605102539,161.3300018310547,135.7462615966797,224.27235412597656,599.4049682617188,20.060474395751953,234.4867401123047,249.23826599121094,247.2857666015625,125.93077087402344,355.7115173339844,32.58778381347656,477.4100036621094,473.75579833984375,72.61063385009766,87.66532897949219,92.32341003417969,376.7105407714844,26.011276245117188,147.64308166503906,37.1502571105957,126.97032165527344,242.8114471435547,72.03828430175781,399.235107421875,391.47222900390625,210.4474639892578,87.96388244628906,39.435089111328125,345.334228515625,267.60723876953125,40.10750198364258,189.61607360839844,104.25387573242188,230.2874298095703,155.58482360839844,99.16648864746094,154.564697265625
2025-05-06,104.18281555175781,179.9644012451172,296.184814453125,278.6400146484375,95.98888397216797,103.2212905883789,333.8413391113281,197.1212921142578,151.48483276367188,166.51268005371094,260.2484436035156,469.3918762207031,213.80313110351562,356.2405700683594,259.018798828125,79.03045654296875,198.217529296875,198.1681365966797,601.6699829101562,271.76953125,3747.02001953125,125.96572875976562,204.4103240966797,35.78233337402344,891.4706420898438,512.3300170898438,149.67201232910156,68.92383575439453,316.86651611328125,100.4565658569336,19.321792602539062,88.25074005126953,291.9768981933594,70.66637420654297,288.07586669921875,57.67182922363281,27.584138870239258,210.9199676513672,75.7442855834961,63.89312744140625,128.5828399658203,190.11000061035156,117.06999969482422,188.35853576660156,168.45851135253906,249.3748321533203,51.14735794067383,57.39014434814453,403.68310546875,851.3305053710938,66.81825256347656,38.44477844238281,184.9499969482422,50.39811706542969,264.5616149902344,207.2433624267578,44.02785873413086,44.90484619140625,164.53182983398438,183.29818725585938,18.841102600097656,353.60882568359375,347.9103088378906,123.907470703125,247.273193359375,241.3014678955078,172.51522827148438,232.54225158691406,243.3985595703125,32.77903366088867,67.34478759765625,26.126737594604492,69.25238800048828,103.65238189697266,240.66787719726562,211.69131469726562,439.70977783203125,452.79437255859375,554.7775268554688,155.6139373779297,249.10858154296875,707.4888305664062,79.07083892822266,74.19183349609375,531.38525390625,134.82530212402344,140.9766082763672,115.54122924804688,429.0885925292969,1063.3699951171875,55.15006637573242,113.38111114501953,6961.08984375,145.7258758544922,92.44266510009766,93.87266540527344,142.11447143554688,124.3958740234375,20.985210418701172,72.91556549072266,154.7969970703125,266.25140380859375,606.9226684570312,166.74046325683594,34.72691345214844,100.92444610595703,158.72000122070312,136.19407653808594,221.1741943359375,554.6566772460938,19.680362701416016,233.8754119873047,248.46258544921875,247.40411376953125,125.50968170166016,348.49481201171875,32.41403579711914,473.54998779296875,469.9256591796875,72.3311996459961,87.83956146240234,92.63911437988281,372.9173583984375,26.62586212158203,146.342529296875,36.791507720947266,126.4976577758789,248.1898651123047,72.05793762207031,402.9806823730469,381.5116271972656,207.2109832763672,86.35298919677734,38.97853469848633,344.40313720703125,264.8324279785156,40.66941833496094,188.0259552001953,105.2705307006836,229.5812530517578,151.6753387451172,100.54927825927734,146.55580139160156
2025-05-07,106.43991088867188,180.86831665039062,298.41741943359375,283.3599853515625,96.06609344482422,103.25971221923828,335.1045837402344,199.08218383789062,154.23675537109375,168.3578643798828,265.4449157714844,474.464111328125,209.67630004882812,358.0221252441406,256.10552978515625,80.15081787109375,198.23660278320312,202.84283447265625,601.8200073242188,272.628173828125,3745.5400390625,127.48355865478516,205.75143432617188,35.6938591003418,896.7222290039062,518.219970703125,151.4381866455078,68.7274398803711,316.2740173339844,98.88015747070312,19.480087280273438,88.13436889648438,291.58544921875,71.22499084472656,301.7163391113281,58.01268005371094,27.859098434448242,212.69979858398438,76.0271987915039,64.42371368408203,128.76296997070312,176.99000549316406,120.86000061035156,191.37149047851562,169.19862365722656,251.03305053710938,52.00556182861328,58.10593032836914,407.04730224609375,848.5101318359375,66.83720397949219,38.44477844238281,182.19000244140625,50.9826545715332,263.4275207519531,208.55477905273438,44.11638259887695,44.914730072021484,152.1820068359375,184.39517211914062,18.763566970825195,357.8517150878906,351.1727600097656,125.0821304321289,248.5990753173828,245.41810607910156,173.8347625732422,232.96881103515625,243.5352783203125,32.70218276977539,68.82466125488281,26.520416259765625,69.90899658203125,105.2237548828125,242.6214599609375,213.46363830566406,442.2769775390625,455.802001953125,562.062255859375,155.7746124267578,253.09298706054688,718.7318115234375,79.877685546875,74.50251007080078,530.848876953125,135.43093872070312,141.11314392089844,116.29307556152344,429.1282043457031,1084.4599609375,56.677711486816406,116.89617919921875,7095.64013671875,147.37356567382812,91.87266540527344,94.97543334960938,143.35423278808594,125.51861572265625,20.902666091918945,74.07128143310547,154.83587646484375,268.80450439453125,615.9190063476562,167.96649169921875,34.9288215637207,101.0776596069336,161.0500030517578,140.47752380371094,223.5468292236328,557.0499267578125,19.74688148498535,237.01097106933594,278.03656005859375,248.35093688964844,124.86331939697266,347.5655822753906,32.336814880371094,480.5400085449219,473.5778503417969,73.09237670898438,88.56549835205078,94.16829681396484,379.3776550292969,26.569133758544922,147.48544311523438,36.5460319519043,126.68473052978516,245.70599365234375,73.47332763671875,403.5356140136719,378.1752624511719,207.84274291992188,86.49107360839844,39.282901763916016,346.5327453613281,263.4450378417969,40.429908752441406,188.5327911376953,105.1362533569336,230.99362182617188,154.8480987548828,100.4532470703125,152.54046630859375
2025-05-08,107.6080551147461,178.45468139648438,301.1374816894531,289.6199951171875,94.27101135253906,101.05963134765625,334.03875732421875,197.66758728027344,154.42483520507812,170.2030487060547,261.7977600097656,482.5560607910156,208.13827514648438,355.4244384765625,260.973876953125,79.89303588867188,194.9563446044922,205.77439880371094,686.8300170898438,279.9512023925781,3674.72998046875,128.1013946533203,204.52516174316406,35.6348762512207,904.7896728515625,513.25,145.31082153320312,69.2282485961914,320.184326171875,97.49252319335938,20.034116744995117,88.08588409423828,299.87481689453125,69.92473602294922,281.10198974609375,58.14902114868164,28.4384708404541,212.55148315429688,77.27593994140625,65.45596313476562,129.9482879638672,182.9600067138672,125.62000274658203,193.0861053466797,172.3761444091797,250.11509704589844,52.36004638671875,60.04737091064453,402.1228942871094,837.3358154296875,66.00362396240234,38.83167266845703,181.38999938964844,52.33160400390625,265.9010009765625,213.0950469970703,44.313114166259766,46.771766662597656,155.1200714111328,186.50103759765625,19.616456985473633,350.8529357910156,353.2154235839844,125.50305938720703,248.82498168945312,246.16392517089844,173.7756805419922,235.66387939453125,247.5194854736328,32.798248291015625,69.71476745605469,25.9635066986084,68.72130584716797,106.94153594970703,245.44334411621094,213.8455352783203,445.78839111328125,458.90631103515625,562.8463134765625,152.78805541992188,256.3655090332031,686.7735595703125,80.31953430175781,75.32772064208984,537.9009399414062,137.853515625,146.2626190185547,119.00756072998047,433.90130615234375,1101.6300048828125,56.958106994628906,117.20574951171875,7227.75,148.2911376953125,90.67666625976562,94.97543334960938,144.3174285888672,125.05238342285156,21.067758560180664,75.30341339111328,154.21377563476562,266.4954833984375,634.1883544921875,164.7481689453125,34.24619674682617,104.56343078613281,164.74000549316406,141.25633239746094,228.28228759765625,543.881591796875,20.241029739379883,247.95584106445312,285.9602355957031,245.9049835205078,126.00910949707031,349.5328674316406,33.12834167480469,484.5,475.3571472167969,73.00566101074219,91.04339599609375,95.00688171386719,377.7971496582031,25.973453521728516,149.87966918945312,37.348514556884766,126.13329315185547,242.01934814453125,76.2156982421875,401.9600830078125,372.8467712402344,210.7487335205078,89.24339294433594,40.081878662109375,347.93927001953125,266.0018005371094,40.1719856262207,190.57017517089844,103.54414367675781,228.6592559814453,158.04055786132812,101.85523223876953,158.1144256591797
2025-05-09,105.8558349609375,177.51229858398438,300.1820373535156,287.4800109863281,94.00077819824219,101.46674346923828,333.7525329589844,197.68711853027344,154.03878784179688,170.38160705566406,255.84100341796875,485.69415283203125,210.13482666015625,352.6476135253906,262.416015625,80.19047546386719,195.9862060546875,206.2002716064453,684.5900268554688,280.79010009765625,3663.72998046875,127.5445785522461,200.8533935546875,35.87080764770508,899.7232055664062,513.739990234375,146.24818420410156,70.15129852294922,321.5371398925781,99.11614990234375,19.97475814819336,87.09668731689453,300.1683349609375,70.1411361694336,280.3392639160156,58.207454681396484,28.22243309020996,212.3339385986328,77.23692321777344,64.60702514648438,131.32327270507812,183.52000427246094,121.06999969482422,188.04136657714844,173.8366241455078,249.3945770263672,52.416011810302734,59.802242279052734,394.51690673828125,840.6424560546875,66.2499008178711,38.49374771118164,184.07000732421875,52.848697662353516,265.4903564453125,213.56199645996094,44.342620849609375,46.9199333190918,153.75559997558594,187.5000762939453,19.732759475708008,350.63482666015625,351.1340637207031,124.82762145996094,245.0731964111328,242.98521423339844,175.60728454589844,235.0919189453125,247.13865661621094,32.221832275390625,69.503662109375,26.222755432128906,68.09367370605469,106.03385162353516,242.45375061035156,214.82472229003906,445.2277526855469,457.9295654296875,564.3547973632812,154.0734100341797,255.05056762695312,689.9674072265625,80.18506622314453,75.58015441894531,538.1889038085938,139.29928588867188,147.15988159179688,118.83180236816406,434.45574951171875,1080.97998046875,56.36831283569336,116.48676300048828,7150.18994140625,148.3306121826172,90.62266540527344,94.66313934326172,144.62257385253906,124.11043548583984,20.824743270874023,75.36073303222656,153.25146484375,267.04925537109375,642.0104370117188,162.54510498046875,34.140438079833984,106.2201156616211,163.02000427246094,141.33419799804688,228.69406127929688,524.1292724609375,20.107990264892578,245.26400756835938,289.4557189941406,245.16529846191406,126.00910949707031,347.8424072265625,33.35035705566406,482.8999938964844,475.4695129394531,72.6684341430664,90.8014144897461,94.4248046875,376.2759094238281,26.32329750061035,150.62847900390625,37.319820404052734,126.14314270019531,238.42066955566406,76.67765808105469,401.0484313964844,368.09857177734375,210.2433624267578,88.26764678955078,39.967742919921875,349.1972351074219,267.200927734375,40.1719856262207,191.43482971191406,103.21805572509766,228.28656005859375,157.47080993652344,103.04595947265625,155.74794006347656
2025-05-12,114.38925170898438,182.77230834960938,314.016357421875,293.20001220703125,92.08988189697266,97.89000701904297,326.94287109375,197.54080200195312,166.29379272460938,177.95083618164062,264.4056091308594,508.9239196777344,198.6235809326172,351.9011535644531,267.33270263671875,83.73995971679688,198.9040985107422,219.45175170898438,693.0999755859375,295.01165771484375,3664.25,133.73800659179688,205.70196533203125,36.981624603271484,933.4248657226562,514.2999877929688,146.64285278320312,72.1152114868164,338.2548828125,94.84942626953125,21.894073486328125,86.44693756103516,323.5390625,68.00624084472656,275.76275634765625,60.05778121948242,29.764156341552734,214.55874633789062,79.81246948242188,62.52322769165039,134.29129028320312,192.10000610351562,126.08000183105469,199.0426025390625,181.1686248779297,251.18109130859375,52.76116180419922,64.0871353149414,406.32568359375,846.5552978515625,67.15925598144531,39.25284957885742,186.82000732421875,55.26181411743164,270.0657653808594,217.5260467529297,46.20170593261719,49.00416946411133,158.93455505371094,193.91563415527344,20.595338821411133,360.1318054199219,364.57110595703125,125.92398834228516,248.34371948242188,247.3632354736328,170.7919464111328,242.663330078125,253.9449920654297,32.1930046081543,75.37854766845703,26.222755432128906,67.13773345947266,109.85005950927734,247.5942840576172,214.40367126464844,446.9588317871094,457.5814208984375,573.9122314453125,154.6499481201172,268.8822326660156,684.057373046875,82.42308807373047,78.28880310058594,549.3232421875,146.850341796875,154.23065185546875,124.06549072265625,444.8832092285156,1174.5899658203125,60.50650405883789,122.82786560058594,7382.3701171875,155.11865234375,89.30733489990234,95.63904571533203,145.69834899902344,125.29024505615234,21.58183479309082,78.03511810302734,156.40086364746094,263.0506896972656,662.998046875,157.8804473876953,33.2366943359375,113.65132141113281,170.50999450683594,148.09036254882812,237.43943786621094,571.6482543945312,21.143796920776367,260.81365966796875,294.345458984375,238.14309692382812,127.86004638671875,353.072021484375,34.605220794677734,505.5899963378906,485.424072265625,72.9093017578125,92.92118072509766,100.58100891113281,383.3486633300781,25.538515090942383,158.6091766357422,39.33839797973633,129.4813690185547,235.00782775878906,81.24824523925781,412.3645935058594,366.2708435058594,224.38462829589844,93.16475677490234,41.86054229736328,352.4758605957031,269.9062805175781,39.610076904296875,199.75332641601562,100.67644500732422,221.24424743652344,170.72190856933594,104.82245635986328,158.33934020996094
2025-05-13,114.26054382324219,180.78176879882812,314.4453125,297.010009765625,91.02827453613281,96.50390625,328.3443298339844,197.60906982421875,171.28289794921875,179.0618896484375,260.2580871582031,512.8416137695312,194.8406524658203,353.3940734863281,264.8453369140625,85.04869842529297,195.19473266601562,230.1876220703125,724.77001953125,298.3474426269531,3644.75,133.73800659179688,208.3719482421875,37.532127380371094,934.5452270507812,511.8800048828125,146.2876434326172,73.30339813232422,348.1196594238281,92.81047058105469,22.49757194519043,85.2249984741211,327.44390869140625,67.19109344482422,276.3769226074219,60.16490173339844,29.990018844604492,212.91732788085938,79.28565216064453,58.36530685424805,134.98350524902344,197.8000030517578,129.3699951171875,194.8601531982422,183.1422576904297,248.23974609375,52.40668869018555,64.20480346679688,366.06268310546875,844.9214477539062,65.91836547851562,39.164703369140625,191.0,55.19436264038086,266.917724609375,220.13894653320312,46.84107971191406,49.843788146972656,160.2392578125,196.32513427734375,20.653491973876953,364.9100036621094,361.676513671875,125.22897338867188,224.8018341064453,252.14105224609375,170.20111083984375,241.52906799316406,256.8355407714844,31.7799129486084,78.8904037475586,26.405193328857422,66.58734893798828,109.67438507080078,246.67666625976562,213.82594299316406,443.2703857421875,444.6903076171875,572.2449340820312,152.09808349609375,271.03759765625,684.3161010742188,81.75072479248047,78.79364776611328,540.2151489257812,147.2508544921875,158.814453125,126.30152130126953,444.7643737792969,1177.050048828125,60.32279968261719,129.7481689453125,7402.64013671875,160.10113525390625,88.05332946777344,94.65337371826172,145.28533935546875,123.98673248291016,21.37620735168457,78.03511810302734,154.2915496826172,265.2470703125,672.5748291015625,156.9130401611328,32.48678207397461,120.24937438964844,170.9600067138672,147.33102416992188,242.9298553466797,570.1883544921875,21.324352264404297,266.0198669433594,302.9172058105469,234.7207794189453,128.0167236328125,351.97467041015625,34.8561897277832,515.7100219726562,482.8113708496094,72.3890151977539,94.64410400390625,104.05374145507812,382.80535888671875,25.009023666381836,159.99838256835938,39.55842971801758,128.8216094970703,232.09368896484375,82.17218780517578,418.0325622558594,301.12060546875,221.8382568359375,91.87603759765625,42.202964782714844,353.3489685058594,266.1702575683594,39.28766632080078,202.59573364257812,99.3241195678711,218.1154327392578,171.35057067871094,105.11052703857422,156.86273193359375
2025-05-14,110.39973449707031,170.62721252441406,312.3784484863281,295.5400085449219,91.6941909790039,95.56368255615234,325.3243408203125,195.68719482421875,172.3816680908203,177.9309844970703,252.39590454101562,514.7955932617188,195.35650634765625,350.5575256347656,262.7547912597656,84.89998626708984,192.2386932373047,229.8905029296875,728.530029296875,296.1762390136719,3645.429931640625,130.4429931640625,206.5556640625,37.19789505004883,942.222900390625,503.3999938964844,146.4356689453125,72.03665161132812,345.2757873535156,92.72551727294922,22.744905471801758,84.92437744140625,325.73126220703125,66.7544174194336,276.5254821777344,59.687713623046875,30.471193313598633,211.7901153564453,78.39786529541016,57.921539306640625,134.3386993408203,196.83999633789062,127.36000061035156,186.1483917236328,182.2442626953125,246.90725708007812,52.5932502746582,62.86147689819336,364.9803161621094,835.604736328125,65.41633605957031,39.42915725708008,189.86000061035156,54.482418060302734,264.63983154296875,221.7881622314453,46.241050720214844,49.695621490478516,166.13531494140625,196.46226501464844,20.575956344604492,364.315185546875,360.9117431640625,123.47676086425781,226.35362243652344,251.39024353027344,169.31483459472656,237.65127563476562,259.40380859375,31.43406105041504,79.79240417480469,26.366785049438477,66.78047180175781,105.77033996582031,239.13851928710938,215.07931518554688,438.6475830078125,434.3909606933594,568.9598999023438,149.65023803710938,269.505126953125,678.84375,80.92466735839844,77.61891174316406,537.3645629882812,144.45706176757812,159.47764587402344,127.9516830444336,448.5273742675781,1117.81005859375,59.68466567993164,135.1505889892578,7167.580078125,160.7720489501953,88.38200378417969,93.72626495361328,146.00572204589844,122.21699523925781,20.581724166870117,77.40473937988281,153.60137939453125,261.0983581542969,668.9959106445312,157.11416625976562,32.22719192504883,119.41622924804688,171.47000122070312,148.9275665283203,246.4495849609375,567.4077758789062,21.324352264404297,265.783203125,301.9647216796875,234.7996826171875,128.0852813720703,347.35797119140625,34.75966262817383,517.6599731445312,479.41204833984375,72.12886047363281,94.57633209228516,103.77751159667969,381.6101379394531,24.99956703186035,158.37271118164062,39.443634033203125,129.24502563476562,230.08900451660156,81.83799743652344,415.8426208496094,297.86163330078125,221.92568969726562,91.72876739501953,42.069801330566406,353.66644287109375,263.92071533203125,39.01131057739258,202.5261688232422,98.91102600097656,218.2036895751953,168.58050537109375,104.16947937011719,151.49412536621094
2025-05-15,111.27088928222656,174.70440673828125,315.1082458496094,295.7799987792969,93.44103240966797,98.49097442626953,333.8512268066406,200.25282287597656,172.98553466796875,178.7742156982422,261.45135498046875,512.7034301757812,202.21546936035156,356.8974304199219,265.6002502441406,85.23709106445312,196.03387451171875,230.405517578125,728.3900146484375,295.63336181640625,3758.3701171875,131.39639282226562,207.3946990966797,37.08976745605469,957.8314819335938,507.3299865722656,149.9285430908203,72.15448760986328,345.4238586425781,95.12317657470703,22.754798889160156,86.92213439941406,325.026611328125,68.80197143554688,283.2813415527344,62.580074310302734,30.736331939697266,216.43601989746094,79.37346649169922,58.336360931396484,134.8981475830078,197.10000610351562,126.94000244140625,189.2505340576172,181.91864013671875,252.59255981445312,53.73131561279297,62.43004608154297,380.2995910644531,843.4140625,67.12136840820312,40.10010528564453,159.1300048828125,54.31755065917969,272.2850341796875,227.88821411132812,46.82140350341797,49.50794219970703,164.73101806640625,197.7747344970703,20.391809463500977,382.1591796875,366.54595947265625,126.5210952758789,223.4072265625,260.029296875,172.180419921875,240.3948211669922,261.2103576660156,32.221832275390625,79.89152526855469,26.885286331176758,69.14616394042969,107.46859741210938,242.98655700683594,222.1392822265625,446.7620849609375,449.8255310058594,577.8126831054688,152.06973266601562,268.39776611328125,703.2005004882812,82.71125030517578,78.11404418945312,549.1245727539062,145.2971649169922,161.20388793945312,129.3870391845703,449.5392761230469,1143.3599853515625,60.33247375488281,134.6413116455078,7246.6201171875,157.26950073242188,91.34200286865234,95.5024185180664,148.3301239013672,125.11900329589844,21.123842239379883,77.76769256591797,157.86865234375,263.89544677734375,666.8446655273438,162.00872802734375,33.09247970581055,119.48326873779297,171.8000030517578,148.56739807128906,245.21421813964844,580.9435424804688,21.34335708618164,265.3394775390625,302.2789611816406,241.59503173828125,132.71746826171875,357.32293701171875,34.479732513427734,514.47998046875,486.2856140136719,73.68012237548828,95.05062103271484,105.98741912841797,387.41839599609375,25.841081619262695,160.71763610839844,39.39580154418945,131.4332733154297,234.8513641357422,81.81834411621094,418.5081787109375,265.3106689453125,224.3651885986328,92.37312316894531,42.402706146240234,359.460693359375,268.6279296875,40.05223083496094,202.9833221435547,101.49407958984375,223.6472625732422,168.62962341308594,105.2258071899414,156.80406188964844
2025-05-16,112.62713623046875,176.95458984375,309.7266540527344,298.0799865722656,94.5991439819336,99.87709045410156,337.7593688964844,203.95018005371094,163.89820861816406,181.29396057128906,264.4608459472656,517.2034301757812,203.83946228027344,360.2117614746094,269.9653015136719,86.13932800292969,198.43687438964844,226.41421508789062,733.1799926757812,295.8011779785156,3786.419921875,133.79139709472656,210.53587341308594,37.14874267578125,964.2911376953125,514.3099975585938,152.19796752929688,74.25587463378906,349.1466064453125,96.58631896972656,23.140640258789062,88.47380065917969,327.3460998535156,69.35511016845703,288.0453796386719,61.95680236816406,30.755970001220703,218.77383422851562,79.4515151977539,60.32367706298828,134.7464599609375,202.0,127.91000366210938,194.36460876464844,184.23760986328125,255.73135375976562,54.692134857177734,63.90082931518555,393.259033203125,851.8556518554688,67.784423828125,40.663307189941406,166.66000366210938,54.84963607788086,274.43585205078125,230.27261352539062,47.4312629699707,49.75489044189453,166.75282287597656,201.06578063964844,20.595338821411133,384.16168212890625,368.6273193359375,128.3516082763672,233.70985412597656,260.1073303222656,173.55905151367188,243.66188049316406,261.27874755859375,32.49082565307617,78.42156219482422,26.971704483032227,69.52275848388672,109.1766128540039,246.19320678710938,225.40977478027344,450.2538146972656,452.9007873535156,578.884521484375,154.2435302734375,270.1379089355469,720.5327758789062,83.0282211303711,78.47325897216797,560.268798828125,149.5659942626953,160.06280517578125,129.06480407714844,450.6702575683594,1157.43994140625,61.018943786621094,135.2105255126953,7370.41015625,158.3449249267578,92.11066436767578,96.92359161376953,149.8188934326172,125.57569885253906,21.338817596435547,77.8918685913086,158.7143096923828,268.4759826660156,674.5377807617188,163.25393676757812,33.51551055908203,120.4026107788086,172.91000366210938,148.46029663085938,250.42027282714844,590.2090454101562,21.466894149780273,270.6935729980469,303.4473876953125,244.38613891601562,132.67828369140625,360.14654541015625,34.52799606323242,514.4299926757812,489.2635498046875,74.77853393554688,95.13774108886719,106.34259033203125,389.4039001464844,26.2098331451416,161.57484436035156,39.606266021728516,131.72962951660156,237.2960968017578,81.405517578125,425.1868591308594,282.2920837402344,224.91915893554688,93.2660140991211,42.72610092163086,362.2585754394531,273.0279846191406,40.52202224731445,204.42442321777344,103.0032958984375,225.46177673339844,170.76116943359375,104.84784698486328,159.4345703125
2025-05-19,112.30044555664062,178.57969665527344,311.384033203125,295.8999938964844,95.5159912109375,100.5943603515625,339.3187255859375,204.81845092773438,164.2644805908203,180.430908203125,267.8005065917969,515.3580932617188,205.51124572753906,363.23736572265625,268.41668701171875,85.67334747314453,198.93272399902344,228.4148406982422,742.3200073242188,295.38665771484375,3879.969970703125,135.0422821044922,212.94845581054688,37.26670837402344,968.1396484375,512.3900146484375,151.8131561279297,74.46210479736328,348.1492614746094,97.20934295654297,23.140640258789062,88.9683837890625,329.4697570800781,69.84032440185547,290.4373474121094,62.248958587646484,30.647951126098633,220.933349609375,79.88240051269531,60.56485366821289,132.92283630371094,202.17999267578125,127.41000366210938,194.6619415283203,183.95144653320312,257.9718933105469,54.10444259643555,64.07733154296875,393.76605224609375,853.4603271484375,67.58550262451172,40.72697830200195,169.13999938964844,54.42246627807617,275.0811462402344,233.75978088378906,47.342735290527344,49.419036865234375,167.19102478027344,200.69357299804688,20.227048873901367,383.53717041015625,367.2720031738281,128.88998413085938,242.9223175048828,261.71612548828125,174.05140686035156,244.02056884765625,258.66168212890625,32.50043869018555,78.19700622558594,26.885286331176758,69.45516204833984,108.50315856933594,246.46946716308594,226.16375732421875,452.77178955078125,457.4847412109375,581.9909057617188,152.48561096191406,270.0982971191406,722.7415771484375,83.53730773925781,78.5120849609375,564.3510131835938,150.57215881347656,158.25856018066406,127.75640106201172,455.2337646484375,1159.0999755859375,60.023075103759766,135.38027954101562,7313.52001953125,157.5063018798828,92.92666625976562,96.58055114746094,151.9416046142578,125.39492797851562,21.49771499633789,77.653076171875,160.1626434326172,270.55029296875,673.4274291992188,165.8688201904297,33.66934585571289,118.13048553466797,172.38999938964844,149.62850952148438,249.0574951171875,592.4136352539062,21.41938018798828,273.78973388671875,303.9009704589844,246.93069458007812,134.3627166748047,358.6505126953125,33.89091110229492,516.010009765625,490.96795654296875,75.5686264038086,95.12805938720703,107.57581329345703,389.8780822753906,26.49349021911621,160.47132873535156,39.606266021728516,133.39923095703125,238.8509521484375,80.96319580078125,426.8912353515625,305.48199462890625,223.0531005859375,92.73269653320312,42.60245132446289,365.01678466796875,273.5234375,40.816795349121094,205.88534545898438,103.76757049560547,227.50189208984375,171.1934051513672,103.18098449707031,160.31468200683594
2025-05-20,112.34004211425781,177.7527313232422,312.1542053222656,295.8399963378906,95.13959503173828,100.54590606689453,335.8743896484375,203.0331573486328,164.05661010742188,179.35951232910156,266.9850158691406,512.0521850585938,205.76914978027344,360.7193298339844,266.81005859375,85.55436706542969,198.9040985107422,229.45474243164062,742.75,292.2976379394531,3880.14990234375,134.75244140625,210.28285217285156,36.706382751464844,972.085693359375,508.739990234375,152.71104431152344,73.59796142578125,345.1078796386719,97.15269470214844,22.655864715576172,89.2108383178711,324.478515625,69.85002899169922,290.73504638671875,61.76203155517578,30.667591094970703,220.77484130859375,79.31439208984375,61.49098587036133,131.75186157226562,205.17999267578125,128.83999633789062,196.00982666015625,181.83969116210938,258.97869873046875,54.39362335205078,64.7931137084961,402.23016357421875,851.8265380859375,67.3581771850586,40.119693756103516,165.8699951171875,53.92035675048828,275.27667236328125,233.72996520996094,47.19518280029297,49.59684371948242,164.6513671875,199.5769805908203,19.849063873291016,382.70440673828125,365.0163879394531,128.43972778320312,250.74993896484375,260.2925720214844,173.59841918945312,242.3046417236328,259.4428405761719,32.53886032104492,78.52291870117188,26.8660831451416,69.22342681884766,106.81466674804688,247.45614624023438,226.01687622070312,452.2996826171875,460.1538391113281,576.7308349609375,151.54994201660156,264.31451416015625,715.56787109375,82.96099090576172,77.98784637451172,559.8119506835938,150.58192443847656,157.53683471679688,126.08670806884766,454.53936767578125,1186.0,60.48716735839844,134.19192504882812,7206.77978515625,158.16732788085938,92.41466522216797,96.25709533691406,151.442138671875,125.4044418334961,21.983749389648438,76.91761016845703,161.00831604003906,268.1004943847656,674.190673828125,166.7787628173828,33.54435348510742,116.89291381835938,173.24000549316406,149.74533081054688,244.32203674316406,611.4393310546875,21.143796920776367,276.2843933105469,303.7925109863281,248.72569274902344,134.3431396484375,355.7773132324219,33.369659423828125,515.6099853515625,489.713134765625,75.37592315673828,94.6053695678711,105.53360748291016,384.8006896972656,26.26656723022461,160.49102783203125,38.91746139526367,133.30043029785156,235.87814331054688,81.11063385009766,425.890380859375,310.9844665527344,221.91598510742188,91.27308654785156,42.24100875854492,363.965087890625,270.8675537109375,40.73389434814453,203.4901885986328,104.06747436523438,229.40469360351562,169.46456909179688,101.70793151855469,160.03106689453125
2025-05-21,107.81594848632812,174.81980895996094,309.7558898925781,292.92999267578125,93.13219451904297,99.77046203613281,333.1110534667969,200.2918701171875,160.59193420410156,176.26434326171875,263.4220886230469,504.3845520019531,204.17379760742188,356.3699645996094,261.0028991699219,84.95947265625,192.3721923828125,227.52346801757812,735.3800048828125,282.2605895996094,3872.60009765625,132.0599822998047,209.59507751464844,36.0280876159668,947.8447265625,507.0299987792969,151.27044677734375,70.78956604003906,338.21539306640625,95.83114624023438,21.805034637451172,88.90050506591797,316.31640625,68.66612243652344,289.17681884765625,61.547786712646484,29.94091796875,218.97195434570312,78.3350830078125,59.91849899291992,130.110595703125,204.77000427246094,123.36000061035156,185.14736938476562,176.5602264404297,257.5672607421875,53.11564254760742,62.42024230957031,390.1678161621094,840.03466796875,65.2931900024414,39.89441680908203,162.22000122070312,52.53394317626953,271.4931640625,232.02114868164062,47.39191818237305,48.7671012878418,169.3721923828125,196.61898803710938,19.28693199157715,378.501220703125,359.0045471191406,126.8832778930664,241.38037109375,254.3641815185547,172.05238342285156,237.17623901367188,254.91180419921875,32.269866943359375,77.39517211914062,26.376386642456055,69.37792205810547,103.09605407714844,238.1222686767578,227.75003051757812,448.0210876464844,454.7962646484375,565.248046875,147.47645568847656,257.73980712890625,715.1101684570312,81.0783462524414,75.6286849975586,556.2560424804688,145.94186401367188,153.6920928955078,122.34696197509766,448.98370361328125,1133.260009765625,57.99264907836914,131.6155548095703,7078.08984375,155.07916259765625,91.36599731445312,95.68863677978516,150.04940795898438,123.8344955444336,21.53510093688965,73.88980865478516,160.80418395996094,263.7546691894531,656.0781860351562,167.27684020996094,33.284767150878906,108.07518005371094,169.1300048828125,147.30181884765625,233.09617614746094,601.3247680664062,20.260034561157227,270.0527038574219,297.5606689453125,248.72569274902344,132.15924072265625,350.6650695800781,32.693965911865234,501.4599914550781,477.8481750488281,74.02699279785156,92.46625518798828,103.02770233154297,375.12017822265625,25.973453521728516,157.8488311767578,37.425048828125,129.4475555419922,235.43807983398438,78.35845947265625,420.9953308105469,292.9973449707031,217.33828735351562,89.68245697021484,40.79524612426758,355.4920349121094,268.10272216796875,40.300941467285156,199.57444763183594,103.07100677490234,229.6204833984375,164.946044921875,100.45779418945312,157.8699493408203
2025-05-22,108.57820129394531,175.53140258789062,308.5177307128906,295.0,92.07058715820312,98.6751480102539,331.087890625,197.57003784179688,159.3510284423828,177.11749267578125,263.9657287597656,501.5129089355469,200.8685302734375,353.65283203125,260.58673095703125,84.53314208984375,190.57949829101562,228.31578063964844,723.75,283.4251403808594,3859.25,131.42691040039062,211.51942443847656,35.96910858154297,944.989990234375,503.57000732421875,150.46139526367188,70.47533416748047,340.8617858886719,94.32081604003906,22.190876007080078,88.15377044677734,314.9267272949219,67.30754852294922,287.9361877441406,61.70359802246094,30.08821678161621,219.57623291015625,78.2469482421875,58.095184326171875,129.85145568847656,200.8699951171875,126.08999633789062,185.81141662597656,177.47796630859375,256.2939758300781,52.444000244140625,63.16543960571289,374.94610595703125,847.2308959960938,64.69642639160156,39.88461685180664,161.33999633789062,52.57141876220703,270.8381042480469,228.77244567871094,47.755863189697266,48.67819595336914,171.28440856933594,197.4417266845703,19.345083236694336,373.3760070800781,354.4449157714844,126.32532501220703,223.08309936523438,251.92652893066406,171.34339904785156,237.23440551757812,254.55044555664062,31.712657928466797,76.25949096679688,26.25156021118164,68.69234466552734,102.76422119140625,238.66494750976562,234.2127227783203,451.463623046875,454.9606628417969,565.843505859375,145.93592834472656,257.73980712890625,707.0609130859375,77.71649169921875,75.39568328857422,560.8746948242188,146.31309509277344,155.84005737304688,123.28433227539062,451.2555847167969,1136.0,59.28824996948242,132.64410400390625,7071.2001953125,155.2074432373047,90.98600006103516,95.24759674072266,150.010986328125,123.80596160888672,21.53510093688965,73.8802490234375,160.41539001464844,260.11279296875,651.6863403320312,167.84194946289062,33.05402755737305,109.23541259765625,170.3699951171875,143.46617126464844,233.7334442138672,593.5971069335938,20.30754852294922,273.5432434082031,302.0274658203125,247.5520477294922,131.29745483398438,349.6743469238281,32.57813262939453,503.4800109863281,478.8314208984375,73.94991302490234,93.26964569091797,107.39822387695312,373.6681213378906,25.746530532836914,157.25509643554688,37.779022216796875,128.01504516601562,235.49676513671875,77.64092254638672,420.40081787109375,286.895263671875,216.6093292236328,90.73039245605469,41.014015197753906,355.16461181640625,269.232421875,39.729827880859375,198.95823669433594,102.05519104003906,228.84564208984375,157.54940795898438,99.78910827636719,158.38824462890625
2025-05-23,107.43976593017578,176.22373962402344,301.8199157714844,295.3500061035156,92.93917846679688,99.72198486328125,333.6143798828125,198.2724609375,156.36294555664062,176.22467041015625,263.7327575683594,497.81231689453125,202.38743591308594,354.8571472167969,261.16748046875,84.8206787109375,188.83445739746094,226.52316284179688,731.3699951171875,281.49078369140625,3826.4599609375,130.71754455566406,211.15869140625,36.1165657043457,938.4425048828125,503.4599914550781,150.71792602539062,69.69959259033203,339.0843505859375,94.54736328125,22.012794494628906,89.79270935058594,312.22991943359375,67.5889663696289,290.1594543457031,61.46013641357422,30.264976501464844,220.20028686523438,77.48309326171875,58.68366241455078,131.0511932373047,206.14999389648438,101.05000305175781,182.89756774902344,175.5438232421875,257.7153015136719,52.835784912109375,62.44965362548828,363.01055908203125,844.258544921875,64.0428466796875,39.81605911254883,159.33999633789062,52.21169662475586,268.6090393066406,231.27603149414062,47.5689697265625,48.09540557861328,168.90406799316406,196.47203063964844,19.296621322631836,373.326416015625,351.1340637207031,126.19807434082031,220.91256713867188,252.1800537109375,173.43101501464844,234.45208740234375,254.58950805664062,31.62619400024414,75.23211669921875,26.7508602142334,69.30066680908203,102.65685272216797,239.29641723632812,232.54808044433594,451.3652648925781,453.4423828125,559.3330078125,144.37648010253906,255.4401397705078,712.4835205078125,77.49556732177734,74.95880126953125,557.9246826171875,144.90933227539062,156.05581665039062,123.09880828857422,446.6126708984375,1114.1400146484375,58.03132629394531,131.1062469482422,7066.39013671875,153.88536071777344,91.62466430664062,94.85553741455078,149.92453002929688,123.06380462646484,21.79681396484375,73.5555191040039,161.22216796875,260.2817077636719,649.3169555664062,170.67715454101562,33.33283233642578,109.38043975830078,168.77000427246094,141.52891540527344,235.4197540283203,585.133544921875,20.18401336669922,270.2498779296875,301.278076171875,249.38650512695312,130.27377319335938,349.2483215332031,32.49126052856445,498.8500061035156,477.6140441894531,74.8556137084961,93.01797485351562,111.22611999511719,372.0283508300781,25.926176071166992,155.91915893554688,37.57811737060547,124.18191528320312,237.51123046875,75.55713653564453,419.43963623046875,285.8315124511719,215.87069702148438,89.23334503173828,40.842803955078125,350.76934814453125,266.25408935546875,39.904842376708984,198.09361267089844,103.30319213867188,232.26870727539062,155.05441284179688,99.84725189208984,158.9847412109375
2025-05-27,110.14234924316406,178.5893096923828,307.5232849121094,300.3599853515625,93.31556701660156,99.7510757446289,338.2627258300781,202.18443298339844,160.6514892578125,179.3694305419922,271.29541015625,510.67059326171875,204.14517211914062,363.3369140625,265.7357482910156,87.57697296142578,192.10519409179688,233.38661193847656,746.0800170898438,289.91912841796875,3695.659912109375,133.10491943359375,215.8682861328125,36.59824752807617,956.1166381835938,509.1600036621094,152.6222381591797,71.02523803710938,347.1025695800781,94.9155044555664,23.348403930664062,89.63753509521484,321.11761474609375,67.74423217773438,291.191650390625,62.083404541015625,30.86399269104004,223.75656127929688,78.97163391113281,59.175662994384766,132.28936767578125,204.88999938964844,108.95999908447266,187.4962615966797,179.1654052734375,262.03851318359375,53.264888763427734,65.75402069091797,366.6283264160156,857.3116455078125,64.99955749511719,40.785743713378906,160.13999938964844,53.1035041809082,272.9889831542969,240.2075653076172,49.10345458984375,48.49052047729492,173.2763214111328,201.29104614257812,19.354774475097656,375.52716064453125,358.57861328125,128.21456909179688,222.56256103515625,256.66534423828125,175.81407165527344,239.15391540527344,259.06201171875,31.578161239624023,78.40069580078125,27.06772232055664,69.31031799316406,105.49703979492188,244.38760375976562,242.74143981933594,460.26666259765625,461.1499328613281,570.2202758789062,145.76580810546875,263.7664489746094,716.7518310546875,77.97583770751953,76.72573852539062,563.6557006835938,146.7449951171875,159.2140350341797,126.16482543945312,457.0393371582031,1162.8399658203125,60.74821853637695,135.31036376953125,7210.64990234375,159.74595642089844,90.7586669921875,95.15937805175781,152.6907958984375,124.99530029296875,22.06787109375,75.3511734008789,163.0690460205078,261.64276123046875,665.1295166015625,171.67332458496094,33.50589370727539,110.54066467285156,171.3699951171875,144.6928253173828,250.5379180908203,599.9722290039062,20.592634201049805,282.2202453613281,308.7227783203125,251.40834045410156,132.08493041992188,355.99530029296875,32.75188446044922,511.7900085449219,483.8695373535156,76.03111267089844,94.3053207397461,115.47825622558594,379.1010437011719,25.897811889648438,159.68948364257812,38.295623779296875,126.41462707519531,237.98062133789062,79.51830291748047,432.301513671875,285.2802429199219,218.04779052734375,91.27308654785156,41.60373306274414,356.4841613769531,268.2098693847656,40.070655822753906,202.22325134277344,104.05779266357422,233.46530151367188,163.87535095214844,100.32209777832031,162.58334350585938
2025-05-28,109.76615905761719,176.06028747558594,308.0692443847656,299.2300109863281,91.99337768554688,98.55883026123047,335.3512878417969,199.921142578125,160.41323852539062,177.54408264160156,270.2760314941406,503.3780517578125,202.96060180664062,359.61456298828125,263.0257568359375,87.37867736816406,192.60104370117188,237.1302947998047,751.0,289.5243225097656,3744.419921875,131.96084594726562,216.7996063232422,36.05758285522461,946.33447265625,503.1099853515625,151.09286499023438,69.75849914550781,345.1078796386719,94.05650329589844,22.754798889160156,88.98778533935547,317.9483947753906,66.72530364990234,287.0230712890625,61.68412399291992,30.775611877441406,222.96408081054688,78.79536437988281,60.246498107910156,130.5521240234375,206.58999633789062,104.31999969482422,187.32777404785156,177.17205810546875,259.3438720703125,51.40855026245117,64.97940063476562,368.54925537109375,861.0369873046875,65.36897277832031,40.619232177734375,160.74000549316406,53.59062194824219,267.5238952636719,242.08526611328125,48.641143798828125,47.54224395751953,172.6787567138672,197.78453063964844,19.2481632232666,375.160400390625,356.31329345703125,126.49172973632812,223.72146606445312,253.74984741210938,175.0853729248047,236.3813018798828,257.3042297363281,31.443666458129883,77.2520980834961,26.837276458740234,68.70199584960938,102.72518157958984,243.7364044189453,239.28488159179688,454.9159851074219,454.506103515625,571.5800170898438,146.3234100341797,262.210205078125,708.54345703125,78.03346252441406,75.71605682373047,546.810302734375,145.9302520751953,155.56544494628906,124.50487518310547,453.73577880859375,1157.5,59.73300552368164,134.621337890625,7000.1201171875,161.66004943847656,90.50399780273438,93.26776123046875,150.78900146484375,124.32926940917969,21.665956497192383,74.18589782714844,162.6802215576172,260.0283203125,660.5592041015625,171.2518768310547,32.86174011230469,109.03236389160156,167.3800048828125,143.6901092529297,245.89071655273438,588.6243286132812,20.2695369720459,280.1890563964844,308.0325622558594,250.58975219726562,130.7659454345703,351.4477844238281,32.41403579711914,462.42999267578125,479.87286376953125,74.67253875732422,93.74391174316406,115.76435852050781,375.7524108886719,26.001819610595703,158.6207275390625,37.635520935058594,124.69564056396484,236.1715087890625,79.04649353027344,429.0018310546875,288.2878112792969,215.93873596191406,90.51519775390625,41.11864471435547,356.91082763671875,260.63494873046875,39.729827880859375,200.34251403808594,101.87139129638672,232.6021728515625,161.59645080566406,98.95567321777344,161.74240112304688
2025-05-29,112.14205169677734,178.49313354492188,309.765625,297.0,92.8136978149414,99.38272857666016,337.423828125,201.70640563964844,158.318603515625,178.6055450439453,275.2660827636719,503.2004089355469,204.1547088623047,365.18817138671875,264.3904113769531,88.16194915771484,196.4534454345703,239.64590454101562,730.2899780273438,291.5179443359375,3689.6298828125,132.5786590576172,217.8583984375,36.72603988647461,951.2449951171875,506.17999267578125,151.94143676757812,70.12184143066406,347.3790588378906,94.7267074584961,22.913095474243164,89.51146697998047,319.7396240234375,67.49193572998047,288.5118713378906,61.40170669555664,30.854169845581055,222.6371612548828,78.98143768310547,60.56485366821289,132.3661346435547,204.5800018310547,107.2699966430664,188.77481079101562,177.3102264404297,260.86395263671875,52.126834869384766,67.33267211914062,371.0651550292969,867.6954956054688,66.28778839111328,40.354774475097656,159.6199951171875,53.26087951660156,269.049072265625,242.5720977783203,49.142799377441406,47.99662780761719,172.26046752929688,198.6758575439453,19.461383819580078,375.3685607910156,356.53594970703125,127.49998474121094,225.9705810546875,252.23855590820312,175.80421447753906,238.22323608398438,258.1636047363281,32.13536834716797,76.9013671875,26.8084716796875,69.03030395507812,103.52550506591797,244.17181396484375,238.3546600341797,456.460205078125,458.0939636230469,573.426025390625,147.20237731933594,261.29827880859375,709.2697143554688,79.15728759765625,76.56070709228516,544.774169921875,146.88243103027344,156.85028076171875,125.13956451416016,455.0453186035156,1173.1800537109375,59.404273986816406,138.99520874023438,7097.64013671875,160.7227325439453,90.13733673095703,93.26776123046875,151.20199584960938,125.51861572265625,21.918319702148438,75.02643585205078,163.84666442871094,260.2817077636719,661.4811401367188,170.3706512451172,33.09247970581055,110.87905883789062,167.92999267578125,144.41049194335938,249.45947265625,602.090576171875,20.497604370117188,273.8489074707031,310.5370788574219,250.9447784423828,132.6853485107422,352.45831298828125,32.51055908203125,454.989990234375,482.3309020996094,75.10612487792969,93.92782592773438,116.5536117553711,377.6885070800781,25.888355255126953,159.86761474609375,37.884254455566406,125.53536987304688,234.0103759765625,77.1003189086914,428.3577575683594,288.3458557128906,216.25946044921875,91.78768157958984,41.62275695800781,359.5599060058594,263.3948974609375,39.914058685302734,200.46192932128906,102.56793975830078,233.20046997070312,161.59645080566406,99.51776123046875,163.4438934326172
2025-05-30,110.79570770263672,178.96432495117188,308.8784484863281,296.1199951171875,93.4989242553711,100.31327056884766,342.89129638671875,204.74038696289062,155.6084747314453,177.31593322753906,279.7706604003906,502.5293273925781,205.0526885986328,370.32379150390625,269.9459533691406,89.16332244873047,197.1686248779297,239.74493408203125,750.3599853515625,290.2052917480469,3733.0400390625,131.64048767089844,218.5287628173828,36.421302795410156,954.7233276367188,503.9599914550781,152.38543701171875,69.91561889648438,343.6662292480469,94.7267074584961,22.972454071044922,90.13213348388672,316.4129638671875,68.15180969238281,289.0577697753906,61.3919677734375,31.149993896484375,224.37071228027344,79.31439208984375,61.7803955078125,131.20477294921875,208.64999389648438,105.5199966430664,188.20985412597656,175.9098663330078,262.1766662597656,51.91228485107422,65.97261810302734,374.29278564453125,869.0546264648438,66.43934631347656,40.49189758300781,162.7899932861328,52.66067123413086,272.26544189453125,244.31069946289062,49.053775787353516,49.00416946411133,172.15089416503906,198.80320739746094,18.986480712890625,378.0848388671875,356.53594970703125,127.09864807128906,228.9661102294922,252.59930419921875,177.05484008789062,237.59312438964844,257.80230712890625,32.346717834472656,75.20331573486328,26.923694610595703,69.61931610107422,103.53527069091797,246.36863708496094,239.2555389404297,459.9027099609375,466.49786376953125,581.1869506835938,148.05299377441406,261.516357421875,715.8862915039062,79.70479583740234,76.28887176513672,543.8505249023438,145.6259307861328,157.65455627441406,125.01261901855469,456.7119445800781,1155.52001953125,58.58243942260742,134.94090270996094,7115.93017578125,163.31756591796875,91.16666412353516,93.45397186279297,151.67266845703125,125.07142639160156,21.955707550048828,74.39603424072266,165.13946533203125,267.4434509277344,658.9730224609375,172.97596740722656,33.409751892089844,109.71884155273438,168.32000732421875,141.35366821289062,251.93995666503906,487.6079406738281,20.374069213867188,272.9417724609375,311.1484375,253.7556610107422,134.33897399902344,355.4900207519531,31.902437210083008,463.9800109863281,481.16754150390625,75.7227783203125,93.19219970703125,116.35630798339844,377.9749450683594,26.285476684570312,158.4030303955078,37.78858947753906,125.36742401123047,237.720458984375,77.20844268798828,426.3561096191406,291.9626159667969,216.7386016845703,91.26371765136719,41.4610595703125,362.3280334472656,263.1566162109375,40.494388580322266,201.32766723632812,103.94171142578125,236.3489227294922,158.8951416015625,99.13980102539062,164.90097045898438
2025-06-02,109.93445587158203,179.81056213378906,306.5873718261719,295.260009765625,93.75950622558594,100.01278686523438,344.2038879394531,207.44268798828125,156.1247100830078,174.9152069091797,280.0522155761719,503.4076232910156,204.5368194580078,374.3845520019531,269.74267578125,89.58966827392578,197.5309600830078,246.32115173339844,758.5700073242188,291.46856689453125,3749.81005859375,129.20736694335938,219.31988525390625,36.68672180175781,952.9501342773438,502.80999755859375,153.18463134765625,69.07113647460938,340.34832763671875,94.29248809814453,23.289043426513672,89.15264892578125,312.23974609375,68.14208984375,289.88153076171875,62.180789947509766,30.804868698120117,224.55894470214844,78.60929107666016,61.355918884277344,132.29893493652344,212.7899932861328,105.01000213623047,187.5458221435547,174.25714111328125,261.7127685546875,51.70705795288086,65.68681335449219,367.6716613769531,870.6875,66.24043273925781,40.07072067260742,162.0,52.71318435668945,269.547607421875,245.8704833984375,49.49890899658203,47.10761260986328,169.680908203125,198.7836151123047,19.39354133605957,378.84814453125,356.2164611816406,127.63919067382812,227.25718688964844,257.318603515625,177.56692504882812,235.23733520507812,258.4468078613281,31.943227767944336,75.75575256347656,27.509408950805664,69.52275848388672,102.50069427490234,245.26031494140625,238.10009765625,456.942138671875,466.24468994140625,576.840087890625,147.1267547607422,258.9193115234375,718.8242797851562,80.43478393554688,76.38594818115234,538.7278442382812,143.71173095703125,155.70274353027344,125.37389373779297,458.3092346191406,1141.1300048828125,59.92557907104492,137.18775939941406,7043.41015625,164.3436737060547,91.37866973876953,92.3366470336914,151.2788543701172,124.5576171875,21.92766761779785,74.24171447753906,163.0885009765625,271.0196838378906,654.6109008789062,175.04489135742188,33.38091278076172,110.49231719970703,166.75,142.7458038330078,256.8028564453125,488.1350402832031,20.297149658203125,272.0740051269531,312.85430908203125,254.5249481201172,135.30361938476562,352.1512145996094,32.182369232177734,466.1499938964844,481.8524475097656,75.173583984375,93.14380645751953,117.55006408691406,376.2166442871094,26.40839385986328,158.20509338378906,37.53028869628906,126.87893676757812,238.56454467773438,77.21826934814453,426.4453125,294.6800231933594,214.03009033203125,91.09529876708984,41.489593505859375,362.4570617675781,261.4787902832031,40.623355865478516,200.7405548095703,103.73854064941406,237.45726013183594,155.4178466796875,99.86663818359375,165.67347717285156
2025-06-03,111.62727355957031,180.06057739257812,305.05670166015625,299.5199890136719,93.92357635498047,99.67353820800781,340.7299499511719,206.09640502929688,160.56216430664062,176.2941131591797,281.1201171875,506.4765930175781,203.84901428222656,372.71246337890625,274.1851806640625,90.8984146118164,194.4890899658203,254.38299560546875,759.0700073242188,293.5016784667969,3748.0,130.1684112548828,216.79208374023438,36.90298843383789,956.9058837890625,497.8299865722656,153.41159057617188,69.52283477783203,345.0190124511719,94.26416778564453,23.674884796142578,87.88223266601562,319.3558044433594,68.8213882446289,289.3654479980469,62.67745590209961,31.416231155395508,225.44056701660156,78.65826416015625,61.34627914428711,133.94021606445312,213.6999969482422,105.83000183105469,190.35064697265625,176.12759399414062,261.97930908203125,52.238773345947266,67.9338607788086,369.5341796875,874.9407958984375,65.26477813720703,40.344974517822266,162.11000061035156,54.12367630004883,269.8702392578125,247.25144958496094,50.23090744018555,48.46089172363281,167.0316925048828,200.30178833007812,19.800601959228516,379.7403564453125,361.173095703125,127.75715637207031,229.25094604492188,258.5862121582031,176.60186767578125,237.76759338378906,260.01898193359375,31.530126571655273,77.08219909667969,27.422990798950195,68.71166229248047,104.09159088134766,247.8925323486328,239.3104705810547,464.0731506347656,467.5592346191406,577.5843505859375,144.05514526367188,262.08135986328125,711.9821166992188,82.16375732421875,77.00729370117188,542.6369018554688,145.40997314453125,158.86094665527344,125.64730072021484,459.30133056640625,1166.4599609375,60.70421600341797,141.02236938476562,7068.93994140625,166.8793182373047,91.4713363647461,93.00312042236328,151.9992218017578,125.4520263671875,21.824853897094727,74.59859466552734,162.1844940185547,269.62109375,658.9829711914062,174.68093872070312,33.16939926147461,112.12630462646484,168.1199951171875,144.99459838867188,261.538330078125,485.20111083984375,20.700977325439453,277.8817138671875,312.2034912109375,252.93702697753906,135.3429718017578,354.4497375488281,32.925636291503906,466.260009765625,480.64215087890625,74.95196533203125,93.89878845214844,121.57526397705078,376.3648376464844,26.43675994873047,160.24365234375,37.90339279174805,126.57269287109375,239.36940002441406,77.35587310791016,428.81353759765625,291.29534912109375,216.85594177246094,91.76897430419922,42.21247863769531,362.9927673339844,263.0275573730469,40.37464141845703,202.5814666748047,103.87398529052734,235.5838623046875,158.6790313720703,100.59346771240234,166.53404235839844
2025-06-04,113.78536987304688,180.14712524414062,308.4689636230469,298.3599853515625,93.13219451904297,98.7236099243164,331.9366455078125,201.73565673828125,160.75076293945312,175.79811096191406,278.6348571777344,500.8320007324219,204.77566528320312,370.8612060546875,271.20416259765625,91.12644958496094,195.10891723632812,258.57232666015625,780.0,292.0606994628906,3717.0400390625,130.38197326660156,220.03619384765625,36.657230377197266,963.5702514648438,491.0,152.02037048339844,70.1021957397461,344.94989013671875,94.61344146728516,23.575950622558594,87.47491455078125,317.7416076660156,67.65689849853516,286.8543701171875,62.706668853759766,31.48525619506836,225.2325439453125,78.09026336669922,61.32698059082031,131.8478546142578,220.22999572753906,105.80999755859375,191.361572265625,175.82080078125,263.5782775878906,50.708927154541016,67.8353042602539,370.6165771484375,891.9146728515625,65.36897277832031,40.04133605957031,164.16000366210938,53.958614349365234,268.8828125,249.24839782714844,50.211124420166016,47.08786392211914,168.7048797607422,200.74253845214844,19.556270599365234,378.35247802734375,360.5148010253906,125.74234771728516,226.7071990966797,258.8982238769531,176.3950958251953,238.97940063476562,258.01715087890625,31.510915756225586,77.70816040039062,26.914093017578125,68.91443634033203,107.58570861816406,251.71217346191406,238.4445037841797,467.477294921875,469.5456237792969,579.72802734375,143.52587890625,259.6330261230469,706.5841064453125,82.22137451171875,76.51215362548828,546.6455688476562,144.1142120361328,153.93728637695312,125.13956451416016,460.19415283203125,1169.6700439453125,61.093536376953125,141.7213897705078,7210.8701171875,165.85324096679688,91.10600280761719,93.37556457519531,153.0365753173828,125.34736633300781,21.862239837646484,73.634033203125,161.30963134765625,264.85284423828125,659.4092407226562,173.04302978515625,32.85211944580078,108.75198364257812,168.1699981689453,145.1016845703125,261.1745300292969,482.2870788574219,20.479833602905273,273.97705078125,314.4418640136719,250.62918090820312,136.37649536132812,358.8684997558594,32.3561897277832,473.19000244140625,482.1807861328125,73.6415786743164,92.92118072509766,125.9260482788086,377.88604736328125,25.869447708129883,160.38218688964844,37.79815673828125,126.5232925415039,237.48487854003906,76.98236083984375,428.68475341796875,290.4830017089844,215.96612548828125,92.20873260498047,41.75592041015625,365.11602783203125,264.1593017578125,39.83115768432617,202.93971252441406,102.28739166259766,234.30880737304688,157.1368408203125,99.13980102539062,164.86183166503906
2025-06-05,112.79541778564453,180.27210998535156,307.47454833984375,298.2200012207031,92.6689453125,98.64606475830078,323.80450439453125,201.59909057617188,162.9943084716797,175.52032470703125,278.7221984863281,501.6905517578125,206.552490234375,368.74127197265625,267.3424072265625,91.73123931884766,193.54507446289062,257.43341064453125,788.3599853515625,292.09033203125,3725.25,130.4506072998047,220.57154846191406,36.51960754394531,965.2353515625,488.739990234375,152.06971740722656,70.11201477050781,344.5845031738281,94.66062927246094,23.763927459716797,87.42642211914062,318.027099609375,67.28813934326172,286.24896240234375,62.9306640625,31.297901153564453,224.76695251464844,77.67893981933594,60.854270935058594,131.39674377441406,215.83999633789062,108.31999969482422,190.43983459472656,175.40513610839844,263.4696960449219,50.03728485107422,66.47525024414062,375.0826416015625,889.5093994140625,64.84799194335938,40.49189758300781,165.3800048828125,53.83857727050781,268.2864685058594,250.2816162109375,50.31004333496094,46.67298889160156,169.12318420410156,201.2616424560547,19.49763298034668,378.1938781738281,359.7160339355469,125.84062957763672,223.10275268554688,260.2048034667969,175.83377075195312,238.5916290283203,255.80043029785156,31.28034782409668,78.68189239501953,27.11573028564453,68.47026062011719,107.4197998046875,249.51536560058594,238.198486328125,464.013916015625,465.4754333496094,581.0282592773438,141.59783935546875,257.5316162109375,708.71533203125,83.56610870361328,76.2694320678711,547.1129150390625,143.5742950439453,155.17312622070312,127.54158020019531,463.9739685058594,1164.6099853515625,60.99620056152344,139.79409790039062,7194.47021484375,168.8525848388672,91.45333099365234,93.38536834716797,153.01736450195312,124.7479248046875,21.60987663269043,73.24822235107422,158.2477264404297,263.0037536621094,656.2664794921875,174.2882080078125,32.784820556640625,108.51026153564453,167.80999755859375,144.51406860351562,266.8376770019531,480.4372253417969,20.499061584472656,271.27532958984375,316.0294189453125,249.682373046875,136.8883514404297,354.568603515625,32.200443267822266,482.20001220703125,483.88836669921875,73.17909240722656,93.38578796386719,125.98524475097656,378.42938232421875,26.247655868530273,160.6295928955078,37.91295623779297,125.8317642211914,240.37051391601562,77.86698913574219,426.901123046875,286.09259033203125,215.7510223388672,90.63683319091797,41.546661376953125,363.8956298828125,263.7522888183594,39.88642120361328,203.1685791015625,101.37799072265625,234.0635986328125,155.1820831298828,98.68431854248047,164.88137817382812
2025-06-06,114.6367416381836,182.54150390625,309.6876525878906,297.8599853515625,92.68824768066406,98.66545104980469,325.0999450683594,202.97462463378906,165.5257568359375,176.92901611328125,281.8579406738281,511.79559326171875,203.03700256347656,369.33843994140625,270.78802490234375,92.56409454345703,193.7167205810547,244.55825805664062,791.8499755859375,298.5152282714844,3719.239990234375,132.29644775390625,222.7011260986328,37.25688171386719,968.7515869140625,493.5299987792969,152.65185546875,69.75849914550781,348.9194641113281,93.40515899658203,24.021154403686523,87.51370239257812,321.4227294921875,67.9286117553711,286.77496337890625,64.3330078125,31.781078338623047,225.5198211669922,78.61907958984375,61.33662796020508,134.5736846923828,218.4499969482422,109.22000122070312,194.27540588378906,177.59225463867188,263.5980224609375,50.14921951293945,67.47064971923828,383.57598876953125,894.0951538085938,64.88587951660156,41.19712829589844,166.7100067138672,54.791404724121094,270.3004455566406,253.9674835205078,50.161659240722656,47.039634704589844,174.2125244140625,203.19122314453125,20.054706573486328,381.0093078613281,357.8165588378906,127.10847473144531,226.57949829101562,262.1646728515625,175.95193481445312,239.99732971191406,259.49169921875,31.48209571838379,80.2825698852539,27.019712448120117,68.8951187133789,105.9264907836914,251.31637573242188,240.37322998046875,466.431396484375,469.039306640625,585.6730346679688,141.66397094726562,263.30059814453125,710.000244140625,83.98875427246094,77.59950256347656,548.3861694335938,142.82826232910156,157.04644775390625,128.71331787109375,466.652587890625,1184.3399658203125,61.12273025512695,141.52166748046875,7116.52978515625,171.69410705566406,91.8479995727539,94.14986419677734,153.4687957763672,125.0778579711914,21.824853897094727,74.24171447753906,159.43360900878906,262.17779541015625,665.4765014648438,174.06790161132812,32.72713088989258,110.50198364257812,170.33999633789062,146.15939331054688,271.69464111328125,490.5318908691406,21.20095443725586,270.9598083496094,319.8059387207031,249.4949951171875,136.91790771484375,354.1723327636719,32.96943664550781,486.0,487.2658996582031,74.04625701904297,95.45716857910156,125.26504516601562,379.209716796875,26.550220489501953,162.93531799316406,38.8983268737793,126.8987045288086,241.31275939941406,77.94598388671875,425.9576721191406,293.2294616699219,218.4692840576172,91.92803192138672,42.58342742919922,367.318603515625,262.8985290527344,40.34700012207031,205.21849060058594,102.16162109375,232.6020050048828,155.00527954101562,101.04893493652344,166.39712524414062
2025-06-09,115.56729125976562,181.89724731445312,308.6834716796875,297.2099914550781,92.58207702636719,98.297119140625,314.2915954589844,196.80874633789062,168.55352783203125,177.21670532226562,281.5181884765625,511.2627868652344,203.31405639648438,352.159912109375,270.92352294921875,92.16749572753906,197.3116455078125,241.9337158203125,783.7999877929688,297.61712646484375,3697.47998046875,132.37318420410156,219.7183380126953,37.67958450317383,968.5458984375,493.3299865722656,151.57632446289062,70.35749816894531,353.580322265625,93.47123718261719,23.9518985748291,88.12467193603516,320.5467224121094,67.59867095947266,281.8223571777344,64.17719268798828,31.53455924987793,222.4886016845703,78.80516052246094,61.606746673583984,135.10157775878906,217.49000549316406,110.91000366210938,197.42710876464844,178.8590087890625,262.8972473144531,46.100711822509766,68.00284576416016,379.91925048828125,887.2996826171875,65.66261291503906,41.265689849853516,166.94000244140625,54.926448822021484,271.11187744140625,249.77493286132812,50.33971405029297,47.49546432495117,177.12420654296875,204.01397705078125,20.52382469177246,369.7774353027344,355.74169921875,124.69073486328125,228.90719604492188,265.29461669921875,173.28330993652344,239.72589111328125,260.4779357910156,31.674236297607422,82.39794158935547,26.433998107910156,69.30066680908203,107.72235870361328,253.0579833984375,241.49505615234375,465.8985595703125,468.2018737792969,579.9266357421875,142.71307373046875,263.59796142578125,705.3490600585938,83.99835205078125,77.29853820800781,551.5293579101562,141.58157348632812,157.1935577392578,128.84024047851562,469.0038146972656,1195.3900146484375,60.256500244140625,142.43040466308594,7138.6201171875,174.7822723388672,89.87333679199219,93.42457580566406,150.76979064941406,125.01053619384766,22.404356002807617,74.1163101196289,158.0144500732422,254.65933227539062,664.1083374023438,173.0142822265625,32.61176300048828,112.25200653076172,170.19000244140625,152.20204162597656,269.3841857910156,514.779052734375,21.23941421508789,266.54241943359375,319.8257141113281,245.97402954101562,138.76840209960938,354.63800048828125,33.21278762817383,495.7699890136719,483.17529296875,71.96507263183594,95.68946075439453,128.4220733642578,377.6193542480469,26.342206954956055,164.27125549316406,38.697425842285156,124.82405853271484,233.549072265625,78.25203704833984,424.80572509765625,293.200439453125,219.16354370117188,92.91981506347656,42.67854309082031,363.7865295410156,264.07989501953125,40.208831787109375,204.36270141601562,101.47473907470703,230.2989501953125,153.9640655517578,101.72732543945312,160.9698486328125
2025-06-10,119.30931854248047,182.2241668701172,312.87567138671875,297.5400085449219,92.99044799804688,98.74300384521484,310.8997802734375,192.5249481201172,172.5045623779297,178.43690490722656,284.8674621582031,509.8614501953125,205.01446533203125,350.0499267578125,272.82049560546875,91.70149993896484,198.3129119873047,242.2803497314453,762.6599731445312,295.603759765625,3713.570068359375,133.81576538085938,217.6783905029297,38.4168586730957,971.5430908203125,491.1300048828125,151.0435333251953,70.45569610595703,354.0740661621094,94.29248809814453,24.248703002929688,89.162353515625,321.8360595703125,68.07418060302734,282.11016845703125,63.44680404663086,32.155784606933594,220.13095092773438,79.37316131591797,61.99263000488281,137.58746337890625,214.97000122070312,110.0,200.81666564941406,179.40330505371094,265.8780822753906,47.052207946777344,69.4417495727539,376.0211486816406,887.1627807617188,66.30673217773438,41.843589782714844,168.80999755859375,54.51380920410156,271.1705322265625,240.42613220214844,50.062744140625,48.48640441894531,179.49742126464844,205.80641174316406,21.256816864013672,361.757568359375,358.38153076171875,122.75457000732422,227.83665466308594,269.3508605957031,172.85003662109375,241.39334106445312,262.2943115234375,31.65502166748047,85.11045837402344,26.289968490600586,69.86071014404297,110.82606506347656,256.659912109375,240.8849334716797,469.2434997558594,464.3750915527344,585.0972900390625,143.52587890625,265.689453125,702.0027465820312,84.48822784423828,77.11408233642578,551.3801879882812,142.3963623046875,159.51806640625,128.71331787109375,467.1883239746094,1216.5699462890625,62.16415023803711,143.758544921875,7398.68017578125,175.1078338623047,91.70999908447266,93.42457580566406,149.1753692626953,126.8093032836914,22.71280288696289,74.03915405273438,158.28660583496094,249.196533203125,665.1492919921875,171.4817352294922,32.682518005371094,114.76583099365234,170.9199981689453,155.84524536132812,265.1662902832031,520.6766967773438,21.4990177154541,264.2351379394531,320.6835632324219,244.58338928222656,136.3470001220703,357.39227294921875,34.575565338134766,504.3999938964844,482.16204833984375,73.19837188720703,95.97016143798828,126.27135467529297,380.3555603027344,26.871700286865234,164.65721130371094,38.96529769897461,124.51781463623047,232.5970001220703,78.8937759399414,418.7579345703125,293.7806701660156,221.5689239501953,95.86714172363281,43.03047561645508,367.7948913574219,263.1864013671875,40.65098571777344,203.51686096191406,102.15194702148438,230.2989501953125,155.29998779296875,103.90782165527344,163.40480041503906
2025-06-11,118.51736450195312,184.14739990234375,311.2182922363281,296.7699890136719,93.19462585449219,98.81085205078125,309.4560546875,192.3092803955078,171.5316925048828,179.4586944580078,283.29473876953125,508.85491943359375,204.77566528320312,347.8304748535156,273.1398620605469,92.27656555175781,196.9492950439453,250.4808349609375,778.3599853515625,295.1893310546875,3658.590087890625,132.53431701660156,216.8176727294922,38.36770248413086,972.914306640625,488.1400146484375,151.48753356933594,71.17253112792969,358.5867004394531,93.85826110839844,23.615524291992188,89.32720947265625,318.4798583984375,67.9286117553711,284.4922180175781,62.511905670166016,31.869827270507812,219.6356658935547,78.98143768310547,63.401119232177734,138.9599609375,217.8000030517578,107.93000030517578,202.89797973632812,177.28546142578125,264.46661376953125,46.27796173095703,68.85042572021484,373.0926513671875,873.8261108398438,65.61524963378906,41.775028228759766,168.07000732421875,53.49346160888672,269.6649169921875,243.92324829101562,49.904476165771484,49.417877197265625,178.2808837890625,204.8367462158203,21.68684196472168,364.4044189453125,351.1244812011719,122.23367309570312,227.60093688964844,274.4991760253906,174.7899627685547,239.08604431152344,261.8548889160156,31.568553924560547,86.64158630371094,26.424396514892578,69.59034729003906,108.82524871826172,257.23388671875,242.7349395751953,462.3168029785156,444.6083068847656,586.2882690429688,142.10818481445312,263.726806640625,714.8504638671875,84.58428192138672,76.60924530029297,542.9452514648438,144.4774169921875,161.4993133544922,128.7035369873047,468.87481689453125,1192.97998046875,61.42445373535156,142.6400146484375,7296.56982421875,174.02256774902344,90.01000213623047,93.50299072265625,147.9555206298828,124.95279693603516,22.881046295166016,73.77871704101562,157.5770263671875,247.0658721923828,665.9623413085938,175.63876342773438,32.74066925048828,116.94124603271484,171.0,156.18801879882812,263.4555358886719,515.7735595703125,21.431713104248047,263.92950439453125,320.5060729980469,244.82997131347656,139.5853729248047,353.8255615234375,34.74103927612305,500.7300109863281,482.21832275390625,73.20800018310547,94.17948150634766,124.79148864746094,376.4339599609375,26.796056747436523,164.02386474609375,38.51565933227539,123.02605438232422,226.66873168945312,80.71036529541016,420.029052734375,300.3276062011719,220.7084503173828,94.65079498291016,42.04126739501953,370.3843994140625,259.2350769042969,40.2917366027832,203.08897399902344,102.14226531982422,230.5941925048828,152.8245849609375,105.9332504272461,162.65182495117188
2025-06-12,117.71549987792969,185.0320587158203,310.1556091308594,298.57000732421875,94.47805786132812,99.85769653320312,316.5857849121094,196.36761474609375,173.7255859375,178.53611755371094,288.6148681640625,508.75616455078125,207.96632385253906,354.1007080078125,274.175537109375,93.79351806640625,199.13296508789062,253.61048889160156,775.2000122070312,294.09381103515625,3683.469970703125,133.8694610595703,216.6459197998047,37.974491119384766,967.9679565429688,490.3399963378906,158.38455200195312,71.17253112792969,356.43402099609375,94.42464447021484,23.318721771240234,90.32609558105469,319.62152099609375,68.71463775634766,292.8292541503906,63.39811325073242,31.938846588134766,221.46829223632812,78.79536437988281,64.0088882446289,139.142333984375,216.60000610351562,107.69999694824219,203.27459716796875,176.92918395996094,267.4376220703125,46.98691177368164,68.9785385131836,378.2738342285156,876.485595703125,66.46776580810547,41.980716705322266,168.02000427246094,53.223365783691406,273.6733093261719,238.42921447753906,50.270477294921875,48.81340408325195,176.46609497070312,204.1119384765625,21.481599807739258,368.4490661621094,353.7545471191406,124.0912094116211,230.763427734375,274.0213928222656,176.34584045410156,238.49468994140625,261.9427490234375,31.837553024291992,86.93966674804688,26.558822631835938,69.75450134277344,109.45964813232422,258.9161071777344,246.39561462402344,464.2803039550781,456.9454650878906,584.8392944335938,143.13833618164062,260.92169189453125,727.837646484375,84.997314453125,76.68690490722656,549.6991577148438,142.11167907714844,161.90142822265625,128.81092834472656,475.0752868652344,1188.2099609375,61.12273025512695,144.80712890625,7386.31982421875,197.188720703125,91.05000305175781,95.02215576171875,147.42726135253906,127.26142120361328,23.217531204223633,74.2899398803711,158.61708068847656,251.94674682617188,661.1143798828125,176.33798217773438,33.32221221923828,117.49235534667969,171.02000427246094,155.42410278320312,261.26300048828125,518.9959106445312,21.229799270629883,263.4660949707031,320.6047058105469,248.390380859375,138.76840209960938,352.9042053222656,34.682640075683594,494.989990234375,474.6095275878906,73.44889068603516,94.46986389160156,124.37712860107422,375.85113525390625,26.729869842529297,164.27125549316406,38.20952606201172,122.95689392089844,224.4701385498047,81.1546401977539,421.3697204589844,308.0059814453125,220.4835662841797,94.42622375488281,42.00321960449219,368.4893493652344,263.61328125,39.7574577331543,202.860107421875,102.9742660522461,233.40907287597656,152.06822204589844,106.34027862548828,165.08676147460938
2025-06-13,115.90388488769531,183.74351501464844,303.8965148925781,292.1600036621094,93.04878234863281,99.74137878417969,313.1148376464844,194.99522399902344,169.34768676757812,175.85301208496094,286.605224609375,495.0689697265625,206.8109588623047,351.3338317871094,271.3590087890625,91.70149993896484,196.6060028076172,246.31126403808594,780.6300048828125,284.02716064453125,3642.60009765625,132.14297485351562,210.15798950195312,38.37753677368164,951.8751831054688,487.5400085449219,159.26272583007812,69.95489501953125,352.5730895996094,93.8741226196289,22.17108917236328,87.53309631347656,314.4936828613281,68.44293212890625,293.3255310058594,62.41450881958008,31.672611236572266,219.89320373535156,77.31660461425781,65.07972717285156,140.0445556640625,218.9600067138672,101.4800033569336,198.88400268554688,174.71238708496094,260.78497314453125,45.07460021972656,66.33726501464844,376.6381530761719,872.7896728515625,65.2458267211914,41.30487060546875,163.02000427246094,52.090476989746094,276.6746520996094,235.06124877929688,49.06366729736328,48.20893859863281,175.37921142578125,197.1870880126953,22.664167404174805,367.9632873535156,345.47467041015625,123.07891082763672,231.05807495117188,270.30645751953125,176.1878662109375,234.1030731201172,258.7300109863281,31.72226905822754,86.21136474609375,26.53961753845215,69.06404876708984,106.00457000732422,258.3916931152344,252.89031982421875,459.7908020019531,473.6743469238281,557.794677734375,141.62619018554688,252.75390625,725.2481689453125,83.8254623413086,75.0947265625,539.583251953125,139.70668029785156,162.96067810058594,126.43821716308594,471.1962585449219,1155.4200439453125,58.91335678100586,141.78114318847656,7225.669921875,212.3434295654297,89.91000366210938,93.91462707519531,147.1679229736328,125.86663055419922,22.937129974365234,73.20963287353516,155.79818725585938,251.4116668701172,648.4544677734375,176.5582733154297,32.8472900390625,118.10147857666016,169.33999633789062,151.52627563476562,253.74159240722656,526.3555297851562,20.681747436523438,256.5736999511719,313.4163513183594,247.80848693847656,143.40451049804688,332.7721862792969,35.3348274230957,478.8599853515625,470.5001525878906,71.37732696533203,93.05669403076172,125.5610122680664,372.7000427246094,26.65422821044922,160.92645263671875,37.281558990478516,122.41353607177734,223.78306579589844,77.906494140625,418.4699401855469,303.1997375488281,218.41062927246094,93.56542205810547,40.8903694152832,350.0847473144531,258.88763427734375,39.619285583496094,200.710693359375,101.68756866455078,232.76934814453125,151.23329162597656,108.65644836425781,160.696044921875
2025-06-16,117.82438659667969,183.53196716308594,306.45086669921875,299.29998779296875,92.18344116210938,98.78177642822266,312.80828857421875,195.67161560058594,175.26431274414062,177.51255798339844,286.9353332519531,506.15093994140625,206.9842529296875,348.3878173828125,271.4170837402344,92.58391571044922,197.59771728515625,249.6785888671875,780.6099853515625,290.3730773925781,3603.169921875,132.05856323242188,212.96067810058594,38.32838821411133,961.9442138671875,490.2300109863281,160.24940490722656,69.75849914550781,357.8955383300781,94.45612335205078,23.585844039916992,87.38764190673828,317.2298889160156,67.48221588134766,290.30828857421875,63.797386169433594,32.10647964477539,220.37860107421875,78.49178314208984,65.32089233398438,140.1597137451172,221.72999572753906,103.62999725341797,199.32009887695312,177.88916015625,262.69000244140625,45.10258102416992,73.51205444335938,368.7831726074219,868.3994750976562,65.45421600341797,41.373435974121094,164.88999938964844,53.08831787109375,273.047607421875,235.00164794921875,50.23090744018555,48.82331848144531,177.43333435058594,200.63059997558594,22.390512466430664,366.10589599609375,344.4031677246094,123.69807434082031,231.1857452392578,274.80145263671875,177.5306854248047,236.98233032226562,264.0129699707031,31.79911994934082,88.66653442382812,26.558822631835938,68.57781982421875,106.86346435546875,261.2019958496094,243.81741333007812,460.40252685546875,454.7935485839844,564.384521484375,141.32374572753906,255.64828491210938,716.6531372070312,84.44979858398438,76.11410522460938,539.901611328125,142.40618896484375,163.57859802246094,127.81497955322266,475.3431701660156,1182.8499755859375,60.246768951416016,144.49754333496094,7221.25,208.27850341796875,88.12000274658203,94.5321044921875,147.6097412109375,126.40530395507812,22.806270599365234,74.01021575927734,156.3814239501953,250.0788116455078,656.1376953125,175.56214904785156,32.624366760253906,119.52275848388672,172.61000061035156,153.63189697265625,260.26019287109375,519.8313598632812,20.845203399658203,266.54241943359375,319.7763977050781,245.07655334472656,144.1624298095703,332.6533203125,34.955196380615234,479.4100036621094,473.79327392578125,71.0882568359375,94.27628326416016,129.2803955078125,372.52227783203125,26.446212768554688,163.76657104492188,37.68335723876953,122.7691879272461,226.7177734375,83.18846130371094,423.65374755859375,299.6352233886719,219.66220092773438,94.58528900146484,41.04255294799805,352.69415283203125,259.294677734375,39.14949035644531,202.50186157226562,100.75883483886719,230.9583740234375,155.34906005859375,109.00532531738281,160.74493408203125
2025-06-17,114.923828125,178.35853576660156,304.20849609375,296.8500061035156,91.7653579711914,98.50067138671875,312.61053466796875,194.27964782714844,172.8222198486328,174.45181274414062,281.5860900878906,500.0622863769531,207.13832092285156,349.1541748046875,268.1457214355469,92.1717300415039,196.720458984375,246.97482299804688,777.5399780273438,288.98150634765625,3604.64990234375,130.401123046875,210.26388549804688,38.92803192138672,949.2893676757812,483.4800109863281,162.7161407470703,68.52123260498047,353.1951904296875,94.27484893798828,23.031816482543945,85.95234680175781,309.8382568359375,67.07464599609375,291.0030822753906,63.622100830078125,31.672611236572266,219.23944091796875,78.06088256835938,64.72277069091797,142.8663787841797,219.38999938964844,102.61000061035156,194.00779724121094,174.25714111328125,258.58367919921875,45.8954963684082,73.70916748046875,367.47076416015625,867.0404052734375,65.10374450683594,40.69758987426758,163.44000244140625,52.218017578125,275.0126647949219,234.21678161621094,49.93415069580078,47.842288970947266,176.72535705566406,194.58963012695312,22.48824691772461,369.93994140625,339.7469787597656,123.37374877929688,237.13751220703125,275.99102783203125,178.70565795898438,233.81224060058594,263.1927185058594,31.578161239624023,88.72814178466797,26.376386642456055,67.7026138305664,102.10053253173828,256.7391357421875,246.8581085205078,454.7782287597656,466.75103759765625,565.1587524414062,140.81336975097656,253.9532928466797,721.4436645507812,82.76887512207031,75.58015441894531,538.509033203125,139.59869384765625,166.81524658203125,127.0240707397461,474.25189208984375,1150.5699462890625,58.397518157958984,143.92828369140625,6992.93017578125,205.3975067138672,88.80000305175781,93.45397186279297,146.49557495117188,124.36602783203125,22.43239974975586,73.11317443847656,154.08743286132812,249.45932006835938,646.5906372070312,175.72499084472656,32.42082977294922,120.41226196289062,167.52999877929688,151.2716522216797,257.9595031738281,506.086669921875,20.71059226989746,261.7207946777344,315.9406433105469,245.559814453125,146.15072631835938,327.9670715332031,35.12067794799805,475.3999938964844,470.1061096191406,71.37732696533203,93.33739471435547,129.11268615722656,368.8179626464844,26.143646240234375,161.95562744140625,37.338951110839844,121.52440643310547,217.33457946777344,81.70752716064453,419.0260925292969,300.8136291503906,215.69235229492188,93.25666046142578,40.60501480102539,355.0356140136719,257.1701354980469,38.55073547363281,199.94447326660156,100.71045684814453,230.6040496826172,154.1506805419922,110.4783706665039,158.09486389160156
2025-06-18,114.35954284667969,178.36814880371094,298.7001647949219,295.19000244140625,91.80424499511719,98.09355926513672,313.5993957519531,191.8093719482422,171.58131408691406,176.64801025390625,281.1783752441406,499.7563781738281,207.4656524658203,349.174072265625,266.5293884277344,92.83719635009766,196.93023681640625,248.84666442871094,770.7899780273438,292.5443420410156,3603.6298828125,129.36521911621094,209.67723083496094,38.31855010986328,959.4171752929688,485.1400146484375,163.19961547851562,68.59980010986328,355.28857421875,94.81867980957031,23.35829734802246,85.525634765625,310.02520751953125,66.7544174194336,294.5264587402344,64.11875915527344,31.790939331054688,218.34788513183594,77.50267028808594,64.48160552978516,142.23289489746094,220.5800018310547,101.0,192.70945739746094,173.88107299804688,257.47552490234375,47.07086944580078,73.64018249511719,368.17596435546875,867.12841796875,65.23635864257812,40.638824462890625,161.36000061035156,52.39057540893555,272.30462646484375,234.3558807373047,49.94404602050781,47.654014587402344,173.48460388183594,195.1012725830078,21.77480125427246,374.3201904296875,338.04229736328125,122.75457000732422,239.0526885986328,276.14703369140625,177.49119567871094,233.93826293945312,267.5284729003906,31.904800415039062,86.55812072753906,26.47240447998047,67.30389404296875,100.92931365966797,258.6589050292969,244.86050415039062,452.60748291015625,456.2931213378906,534.670166015625,140.74720764160156,255.27162170410156,725.9552612304688,82.34625244140625,76.2597427368164,535.9228515625,139.89317321777344,164.20631408691406,129.39678955078125,476.4344482421875,1145.469970703125,57.920597076416016,145.28648376464844,6979.669921875,208.05157470703125,88.31999969482422,93.76760864257812,144.38247680664062,124.15443420410156,22.320234298706055,73.27716064453125,153.60137939453125,244.35321044921875,646.6698608398438,174.91079711914062,32.5565185546875,120.68299102783203,166.57000732421875,150.4587860107422,263.2785949707031,510.78094482421875,21.11441993713379,264.0675048828125,317.31121826171875,244.86940002441406,143.5816650390625,328.4029846191406,34.896793365478516,473.6199951171875,471.5697326660156,71.67601013183594,96.11534881591797,129.53689575195312,368.7093200683594,26.15310287475586,162.07437133789062,38.08515548706055,121.06007385253906,216.90272521972656,83.168701171875,416.9505310058594,299.1872253417969,217.08082580566406,92.82626342773438,41.15668869018555,337.7124938964844,256.27667236328125,38.38492202758789,199.8250732421875,100.44924926757812,229.54107666015625,157.59854125976562,109.69339752197266,151.6310272216797
2025-06-20,114.3991470336914,178.18544006347656,278.216796875,297.2099914550781,92.06676483154297,98.62667846679688,316.5956726074219,191.47605895996094,168.22593688964844,175.58468627929688,280.8870849609375,503.624755859375,209.39126586914062,353.02581787109375,261.8062438964844,93.18482971191406,197.3974609375,248.171630859375,777.3200073242188,294.6859436035156,3655.330078125,129.23477172851562,210.38209533691406,38.33821105957031,954.44140625,484.8500061035156,161.2262420654297,69.19878387451172,355.9996032714844,95.58197021484375,23.516592025756836,85.12803649902344,309.3067626953125,67.00672912597656,291.4596252441406,64.58621978759766,31.613447189331055,216.59451293945312,73.90860748291016,64.22112274169922,143.53822326660156,220.4600067138672,101.69000244140625,194.64210510253906,173.069580078125,258.4748840332031,46.31527328491211,74.1033935546875,366.8145446777344,863.2467041015625,65.35002136230469,40.10010528564453,163.3800048828125,52.255531311035156,272.5489807128906,237.813232421875,49.87479782104492,47.76301956176758,167.25238037109375,196.78366088867188,21.77480125427246,374.9559020996094,340.5652160644531,123.95361328125,235.34019470214844,273.962890625,176.17796325683594,233.26934814453125,268.5440368652344,32.26026153564453,84.4556655883789,26.89488983154297,66.94408416748047,103.86711120605469,259.14373779296875,245.6870880126953,449.8051452636719,458.20159912109375,528.95361328125,140.40695190429688,257.9082946777344,717.9976196289062,82.93217468261719,76.9004898071289,535.3558349609375,141.38525390625,165.87367248535156,129.58233642578125,473.6169738769531,1153.9300537109375,58.19312286376953,143.65866088867188,7157.93994140625,202.42776489257812,89.69000244140625,92.21903228759766,143.2298583984375,124.15443420410156,22.404356002807617,73.89447021484375,154.6317596435547,245.93011474609375,647.1060791015625,175.56214904785156,32.73098373413086,120.6443099975586,166.97000122070312,148.1964569091797,267.81109619140625,506.94195556640625,21.345182418823242,260.4685363769531,316.906982421875,244.78065490722656,144.339599609375,330.4141845703125,34.88705825805664,470.5299987792969,473.0426940917969,71.35804748535156,96.42507934570312,129.2014617919922,370.9812927246094,26.257112503051758,161.5004119873047,38.534793853759766,122.00849151611328,217.4229278564453,83.25755310058594,416.79168701171875,294.132568359375,217.56971740722656,92.88239288330078,41.17571258544922,335.91668701171875,254.09249877929688,38.412559509277344,198.9991455078125,100.79753112792969,228.28128051757812,156.02685546875,111.15674591064453,153.69436645507812
2025-06-23,114.96342468261719,176.7045440673828,287.60540771484375,300.95001220703125,93.35020446777344,100.1387939453125,320.5115661621094,194.41688537597656,170.70773315429688,176.17100524902344,264.489990234375,512.1212158203125,213.38693237304688,358.25103759765625,264.40008544921875,94.60514068603516,198.02682495117188,251.92413330078125,783.239990234375,295.71234130859375,3709.5400390625,130.23231506347656,211.54783630371094,37.18806838989258,966.0579833984375,487.7699890136719,161.8083953857422,70.48516082763672,361.63800048828125,97.82410430908203,23.783714294433594,85.99113464355469,311.35394287109375,67.80245208740234,290.9335632324219,65.6185073852539,31.96843147277832,218.8233642578125,75.13273620605469,64.45265197753906,140.9563446044922,230.32000732421875,100.44000244140625,194.59254455566406,175.692138671875,263.1451110839844,46.791015625,77.69078826904297,364.75775146484375,870.1887817382812,65.41633605957031,40.452720642089844,170.5399932861328,52.75820541381836,276.0098876953125,246.19834899902344,51.23987579345703,48.080116271972656,165.53729248046875,198.4857635498047,20.29903793334961,376.1676330566406,347.7151184082031,125.2411117553711,230.4687957763672,281.9681396484375,177.46156311035156,236.73997497558594,271.7373046875,31.952835083007812,85.07965087890625,26.971704483032227,67.81929779052734,107.97611236572266,258.3125,247.1041259765625,453.6435241699219,460.0517272949219,538.2628784179688,141.91915893554688,261.7939147949219,718.9039306640625,82.56717681884766,77.30824279785156,549.0228271484375,144.8897247314453,163.41188049316406,130.8419189453125,482.1487731933594,1163.6099853515625,59.15667724609375,143.97824096679688,7339.169921875,204.2727508544922,91.26000213623047,94.07144927978516,145.27572631835938,124.17365264892578,22.460437774658203,74.58895111083984,156.5272216796875,250.03192138671875,658.4971923828125,177.15213012695312,33.24467086791992,117.01860046386719,166.4600067138672,149.97889709472656,269.0793762207031,509.1300048828125,21.76823616027832,266.76922607421875,319.293212890625,247.23643493652344,143.52261352539062,340.58917236328125,32.833160400390625,470.9800109863281,482.78125,73.02493286132812,97.99312591552734,131.29299926757812,374.5373840332031,26.663684844970703,164.0931396484375,39.27143478393555,123.25326538085938,222.78195190429688,84.65950012207031,423.9616394042969,292.8373107910156,220.86489868164062,93.93968963623047,41.936641693115234,341.05609130859375,259.15570068359375,39.02052688598633,201.1982879638672,102.06488037109375,231.00758361816406,155.09368896484375,108.28817749023438,153.86061096191406
2025-06-24,116.45824432373047,178.42584228515625,293.1820373535156,304.19000244140625,93.70023345947266,100.10971069335938,322.35089111328125,192.18186950683594,178.86785888671875,178.11875915527344,269.3926086425781,514.4699096679688,215.58212280273438,358.9775695800781,271.96875,95.15142822265625,196.55833435058594,261.8514099121094,794.25,304.3479309082031,3577.5400390625,131.65188598632812,217.4503173828125,37.32569122314453,984.3447875976562,493.4800109863281,162.0254669189453,71.15288543701172,368.3428649902344,98.45382690429688,25.426015853881836,85.51594543457031,318.7455749511719,67.6471939086914,291.9161682128906,66.11518096923828,32.02759552001953,221.10174560546875,75.98473358154297,65.19549560546875,137.7794189453125,236.1699981689453,102.22000122070312,195.7124786376953,178.0771942138672,264.02569580078125,47.93840408325195,75.93651580810547,368.6754455566406,886.3414916992188,64.62501525878906,40.678001403808594,172.66000366210938,53.020790100097656,274.76824951171875,247.13223266601562,50.86398696899414,48.555763244628906,167.2623748779297,201.7718963623047,20.30881118774414,376.4656066894531,351.08551025390625,124.40570831298828,234.52500915527344,286.4631652832031,178.56744384765625,238.29110717773438,274.6570739746094,32.231441497802734,88.33367919921875,27.403789520263672,68.2763671875,109.01069641113281,259.7868957519531,242.7152862548828,457.0082092285156,448.1137390136719,553.32861328125,140.98348999023438,266.3734130859375,717.8980712890625,82.68243408203125,77.3373794555664,549.4306030273438,147.11802673339844,162.1171875,132.6971435546875,486.2262268066406,1185.1800537109375,59.77958679199219,147.7032470703125,7277.58984375,212.39276123046875,89.18000030517578,95.47301483154297,146.23623657226562,126.05901336669922,22.72214698791504,75.16767883300781,155.8759765625,249.68463134765625,669.43212890625,176.7115478515625,33.15744400024414,115.50064086914062,169.92999267578125,152.495849609375,275.7552490234375,519.423583984375,21.998994827270508,269.9639587402344,321.40338134765625,247.3054962158203,139.62474060058594,342.4914245605469,32.609275817871094,478.9800109863281,490.65283203125,73.31398010253906,99.59989166259766,134.4796142578125,381.7483825683594,26.73932647705078,164.7462615966797,39.65410614013672,123.09519958496094,225.56942749023438,86.15030670166016,426.0470886230469,297.6484375,222.84982299804688,94.1455307006836,42.36465835571289,348.8742980957031,262.5708923339844,39.26924133300781,204.8602294921875,101.92942810058594,230.4465789794922,155.0838623046875,104.99320220947266,154.28111267089844
2025-06-25,117.42841339111328,178.27197265625,287.2154235839844,302.3699951171875,92.46540832519531,98.297119140625,313.89605712890625,187.1726837158203,181.73681640625,176.88650512695312,272.1691589355469,517.1146240234375,212.0293731689453,352.7869567871094,272.9366760253906,96.3631591796875,191.8763427734375,262.7250061035156,785.0700073242188,304.5552062988281,3489.5400390625,131.13775634765625,217.57408142089844,36.94231414794922,997.185791015625,486.2099914550781,161.5715789794922,71.12342071533203,366.9208984375,97.14669799804688,25.20836067199707,85.14742279052734,313.7259521484375,66.54092407226562,290.1296691894531,66.40734100341797,32.03745651245117,217.17897033691406,75.38735961914062,64.02818298339844,137.47227478027344,232.67999267578125,101.04000091552734,199.2110595703125,178.18605041503906,263.64971923828125,47.024227142333984,76.43914794921875,366.1681213378906,805.9791259765625,62.807029724121094,40.27641296386719,170.36000061035156,52.57814025878906,279.5196533203125,248.27474975585938,50.834312438964844,47.69365310668945,171.00167846679688,200.25672912597656,19.800601959228516,371.6681823730469,352.48822021484375,121.87002563476562,234.25001525878906,283.80126953125,178.25148010253906,238.18447875976562,277.391357421875,31.683841705322266,88.77384185791016,27.182945251464844,67.71232604980469,107.13674926757812,255.99696350097656,243.91580200195312,454.0875549316406,446.3512878417969,545.5575561523438,137.9024200439453,263.65740966796875,715.497802734375,82.5767822265625,76.80341339111328,531.5761108398438,145.03695678710938,162.50953674316406,134.47425842285156,488.3691101074219,1192.8499755859375,59.20534896850586,154.10475158691406,7193.18017578125,207.90359497070312,87.83999633789062,94.70852661132812,132.49148559570312,123.1444091796875,22.6754150390625,74.3285140991211,154.5248260498047,243.7337188720703,667.7070922851562,172.02772521972656,32.46928787231445,115.66500091552734,168.60000610351562,152.71128845214844,279.5602111816406,517.4544067382812,22.008609771728516,271.02886962890625,317.9718933105469,240.5298614501953,139.16212463378906,340.4405822753906,32.29778289794922,487.2699890136719,489.07659912109375,72.28301239013672,101.00338745117188,137.4054718017578,387.4480285644531,26.398937225341797,166.1217803955078,39.606266021728516,121.00080871582031,226.6294403076172,84.33370208740234,424.5674133300781,294.1423034667969,221.7742462158203,92.97595977783203,42.630985260009766,342.55426025390625,252.80191040039062,38.799442291259766,202.77053833007812,99.5205078125,224.97427368164062,156.08578491210938,105.02229309082031,153.75303649902344
2025-06-26,118.2203598022461,179.6182098388672,288.6583251953125,304.92999267578125,92.7376480102539,99.20825958251953,314.84539794921875,190.31935119628906,182.1835479736328,178.69512939453125,270.9653625488281,518.5553588867188,209.42977905273438,351.8812255859375,273.9045104980469,96.32343292236328,194.65121459960938,268.204833984375,803.9500122070312,307.3482360839844,3522.25,130.42413330078125,221.96295166015625,37.66975021362305,1009.6349487304688,485.04998779296875,163.40682983398438,71.28054809570312,377.091796875,95.7441635131836,25.89100456237793,85.13773345947266,319.0900573730469,67.11346435546875,294.3576965332031,67.14746856689453,32.1163444519043,218.36769104003906,75.98473358154297,65.73572540283203,138.63363647460938,239.63999938964844,101.93000030517578,199.6669921875,181.1450958251953,260.47357177734375,47.39735794067383,77.88790130615234,365.5021057128906,728.9510498046875,64.54847717285156,40.452720642089844,171.36000061035156,53.433441162109375,284.8771667480469,249.36761474609375,51.140960693359375,48.71431350708008,173.93331909179688,201.8407440185547,20.171985626220703,375.1147766113281,354.08575439453125,122.59730529785156,235.6151885986328,284.6495666503906,178.51806640625,239.21209716796875,281.9712829589844,31.74148178100586,89.71576690673828,27.73985481262207,67.55674743652344,107.17578887939453,254.294921875,242.8628692626953,458.2909240722656,445.8741149902344,541.6968383789062,139.36734008789062,267.255615234375,719.0732421875,82.77848052978516,77.62862396240234,537.7828369140625,147.99168395996094,164.3043975830078,136.45640563964844,493.5080871582031,1193.31005859375,60.86967468261719,154.8137969970703,7280.43994140625,209.9755096435547,88.2300033569336,95.58081817626953,135.440185546875,123.3367919921875,22.656721115112305,75.62102508544922,154.1943359375,245.56405639648438,685.750244140625,173.04302978515625,32.58559799194336,116.18710327148438,169.5399932861328,154.92465209960938,290.916015625,518.1605224609375,22.45090103149414,269.6681213378906,321.65972900390625,241.35833740234375,140.431884765625,338.7067565917969,32.93050003051758,495.70001220703125,483.194091796875,72.83213806152344,101.99068450927734,139.53785705566406,385.6403503417969,26.474580764770508,167.2895050048828,40.696876525878906,120.6649169921875,227.1398162841797,85.12353515625,426.2159118652344,294.7266540527344,224.2969512939453,94.12681579589844,43.39191818237305,343.3182373046875,255.1051483154297,38.78102493286133,205.27818298339844,99.95585632324219,223.1436309814453,159.06211853027344,106.59223937988281,152.3448944091797
2025-06-27,117.9728775024414,175.3102264404297,288.0538635253906,305.1300048828125,92.66958618164062,99.31488037109375,314.1927185058594,191.8975830078125,181.8758087158203,179.4006805419922,269.04315185546875,521.1112060546875,209.68011474609375,351.06512451171875,273.275390625,97.0087661743164,194.8896026611328,267.3908386230469,818.5999755859375,313.0427551269531,3609.489990234375,131.1070556640625,225.81558227539062,37.41416549682617,1026.3154296875,485.67999267578125,164.9559326171875,72.34105682373047,379.88623046875,96.0303955078125,26.969385147094727,86.0299301147461,320.5860900878906,66.96790313720703,297.1764831542969,66.85530090332031,32.45160675048828,218.67477416992188,76.13163757324219,66.07337951660156,138.00975036621094,242.31500244140625,104.19999694824219,197.34413146972656,181.40240478515625,264.6293029785156,47.54661560058594,78.93257904052734,373.64111328125,767.65087890625,64.4432144165039,41.099178314208984,172.3300018310547,53.71853256225586,284.24163818359375,252.85476684570312,51.25965881347656,49.2296028137207,177.76239013671875,204.9989776611328,20.103574752807617,376.7437438964844,359.1900329589844,122.53834533691406,238.43943786621094,282.47515869140625,179.45608520507812,240.48207092285156,280.3697509765625,31.780181884765625,88.41714477539062,27.82627296447754,68.39306640625,107.56619262695312,257.8671875,243.04000854492188,457.6298828125,446.5459899902344,546.1729125976562,139.73594665527344,271.07183837890625,722.8380126953125,83.3111572265625,78.02667236328125,547.1229248046875,149.2285614013672,164.19651794433594,137.37425231933594,492.0100402832031,1184.5400390625,70.11595916748047,157.54017639160156,7375.509765625,207.4299774169922,89.16000366210938,95.65924072265625,138.2544708251953,126.04939270019531,22.609987258911133,76.38301849365234,155.3899383544922,247.78857421875,694.5042114257812,174.70291137695312,32.527442932128906,115.29759979248047,169.3000030517578,155.26742553710938,304.30706787109375,518.1605224609375,22.45090103149414,273.4009094238281,325.34759521484375,241.01312255859375,142.39065551757812,342.52117919921875,33.105712890625,502.6300048828125,485.71783447265625,73.2403335571289,102.60047149658203,140.28172302246094,388.751953125,26.550220489501953,165.13218688964844,40.76384353637695,121.88993072509766,230.8990020751953,86.00221252441406,429.2944641113281,301.0473937988281,226.27212524414062,94.66949462890625,43.52507781982422,345.8779602050781,260.2874755859375,38.97447204589844,206.67132568359375,99.77204132080078,224.65931701660156,161.31158447265625,106.00108337402344,152.71649169921875
2025-06-30,116.82453918457031,178.49313354492188,291.3979187011719,309.57000732421875,93.37936401367188,100.57498931884766,316.55609130859375,197.33810424804688,181.73681640625,179.82798767089844,271.0624084472656,526.6965942382812,212.79962158203125,355.07611083984375,272.9947509765625,98.08143615722656,195.72634887695312,273.64495849609375,827.9400024414062,314.8093566894531,3712.22998046875,132.17367553710938,229.6277313232422,37.689414978027344,1027.716064453125,485.7699890136719,165.76504516601562,71.86972045898438,383.3424072265625,98.01493072509766,27.82021713256836,88.15377044677734,322.3380432128906,67.22991943359375,297.6032409667969,67.56623077392578,32.175506591796875,220.77484130859375,76.41563415527344,66.54609680175781,137.4338836669922,246.50999450683594,103.06999969482422,196.0933380126953,181.33311462402344,266.5982666015625,48.134300231933594,79.63232421875,380.9574279785156,777.780517578125,64.57717895507812,41.13835906982422,172.41000366210938,51.90028762817383,285.1410827636719,255.71603393554688,52.021331787109375,48.763858795166016,176.88487243652344,205.35317993164062,19.91788101196289,380.51812744140625,357.1444091796875,124.69073486328125,241.00245666503906,287.42852783203125,181.1543731689453,241.15505981445312,283.10400390625,31.983341217041016,89.00037384033203,28.229549407958984,68.8014907836914,107.95659637451172,259.76715087890625,246.83843994140625,462.9482727050781,450.97650146484375,557.7052612304688,139.88714599609375,270.8140869140625,729.8096313476562,84.42494201660156,78.07521057128906,546.0387573242188,149.4445037841797,162.9214630126953,137.54025268554688,493.4684143066406,1174.719970703125,69.14266204833984,157.7798614501953,7385.66015625,215.70787048339844,90.12999725341797,97.05099487304688,139.7144317626953,127.01130676269531,22.656721115112305,76.61450958251953,154.86505126953125,250.48243713378906,692.4520263671875,175.76446533203125,32.8472900390625,115.34593963623047,172.33999633789062,155.97254943847656,307.8760681152344,522.1387329101562,22.614351272583008,271.35296630859375,327.53662109375,243.2223663330078,143.72933959960938,340.1829528808594,32.90129470825195,512.6799926757812,494.7058410644531,73.63878631591797,102.92955780029297,143.14804077148438,391.6425476074219,27.363370895385742,166.9134521484375,41.127384185791016,121.99860382080078,233.8533172607422,86.69330596923828,434.37896728515625,303.8327941894531,224.97164916992188,94.44493865966797,43.51545715332031,352.2674865722656,258.93731689453125,39.85878372192383,208.3231964111328,100.80719757080078,225.2104949951172,160.47662353515625,104.46989440917969,152.5013427734375
2025-07-01,119.49114227294922,182.69537353515625,295.0343933105469,311.6700134277344,93.71967315673828,101.18563842773438,315.93310546875,196.191162109375,182.4217987060547,181.9148406982422,282.0423889160156,531.5023803710938,216.12130737304688,355.2452697753906,278.05975341796875,96.73065185546875,195.5147705078125,262.8143310546875,775.3800048828125,318.3129577636719,3718.590087890625,136.33262634277344,227.30697631835938,38.03347396850586,1032.633056640625,489.6099853515625,162.70782470703125,72.95970153808594,386.0184326171875,98.9594955444336,28.334671020507812,89.25932312011719,324.42462158203125,68.05475616455078,293.1170654296875,67.29354095458984,33.003807067871094,222.20130920410156,78.77577209472656,67.12493133544922,139.7182159423828,238.00999450683594,105.4000015258789,199.6272735595703,184.23280334472656,269.73486328125,49.32832717895508,83.88003540039062,387.6175537109375,777.6925048828125,64.35711669921875,41.980716705322266,172.67999267578125,52.925750732421875,287.80035400390625,247.40048217773438,52.021331787109375,51.55829620361328,176.40626525878906,207.72430419921875,20.729061126708984,386.9048156738281,363.4955749511719,124.42536163330078,248.98724365234375,283.93780517578125,179.564697265625,248.8993377685547,283.59228515625,32.47673416137695,89.30938720703125,27.2021484375,69.6961441040039,112.71952056884766,261.49884033203125,248.15704345703125,470.417724609375,453.7029724121094,560.3551635742188,140.72830200195312,275.63153076171875,724.7899780273438,85.95519256591797,78.72566986083984,554.7123413085938,150.9856719970703,166.687744140625,137.74530029296875,488.1508483886719,1205.2900390625,71.44935607910156,153.09609985351562,7667.85009765625,216.033447265625,90.5,98.4329605102539,141.59701538085938,130.10867309570312,23.404468536376953,77.96488189697266,156.7119140625,248.0795440673828,697.2206420898438,171.3252410888672,32.944210052490234,119.06832885742188,173.07000732421875,156.1096649169922,309.8031311035156,531.99462890625,23.239322662353516,269.1962585449219,333.88677978515625,241.3090057373047,141.92803955078125,352.0124816894531,34.26407241821289,521.780029296875,496.61041259765625,74.0372543334961,104.27493286132812,143.85223388671875,392.7413330078125,27.306636810302734,168.49679565429688,42.28495407104492,123.6484375,237.04322814941406,85.83436584472656,431.1614074707031,317.6332092285156,230.33978271484375,97.74781036376953,44.70793151855469,352.6842041015625,262.7594909667969,40.23646545410156,208.31320190429688,101.33928680419922,225.19081115722656,166.19354248046875,105.86540222167969,155.66970825195312
2025-07-02,119.69947052001953,183.42617797851562,294.7126770019531,310.3399963378906,92.83488464355469,100.09033203125,312.224853515625,190.84869384765625,188.62628173828125,180.85153198242188,288.18768310546875,535.2918090820312,214.54229736328125,349.89068603515625,282.76434326171875,97.85299682617188,194.28367614746094,267.9367980957031,774.5499877929688,321.3526306152344,3685.340087890625,136.02569580078125,226.15789794921875,39.154136657714844,1048.5985107421875,480.4800109863281,160.312744140625,73.90238189697266,393.4342041015625,98.43473815917969,29.333904266357422,89.60844421386719,328.1844482421875,67.6277847290039,288.98828125,66.79686737060547,33.1418571472168,213.63262939453125,78.58971405029297,64.25006103515625,142.0313262939453,238.8000030517578,106.26000213623047,201.0170135498047,186.2021942138672,269.5864562988281,49.02981948852539,87.29988861083984,343.04388427734375,777.4675903320312,63.792572021484375,41.804405212402344,172.4499969482422,53.10495376586914,287.35064697265625,243.1582489013672,52.149932861328125,52.20240020751953,179.24813842773438,209.9478302001953,21.217723846435547,375.4922180175781,362.2194519042969,120.78892517089844,240.32228088378906,280.476318359375,179.44622802734375,250.1282958984375,285.14495849609375,32.737937927246094,91.5201416015625,27.365379333496094,68.95709228515625,112.5438461303711,257.2833557128906,249.51504516601562,470.8321838378906,450.4019775390625,557.2885131835938,141.02130126953125,275.0863342285156,702.59033203125,85.49999237060547,77.81309509277344,555.6970825195312,151.14276123046875,171.11119079589844,139.4931182861328,487.198486328125,1205.6500244140625,74.34976959228516,157.04083251953125,7768.509765625,226.90614318847656,89.31999969482422,97.81549072265625,140.19468688964844,131.28219604492188,23.66617774963379,77.65623474121094,156.69247436523438,241.9784393310547,705.3301391601562,169.76185607910156,32.50806427001953,122.26863098144531,173.30999755859375,158.9694061279297,320.6181945800781,544.7547607421875,23.604692459106445,271.59039306640625,337.95916748046875,234.98193359375,142.2528533935547,349.2483215332031,34.955196380615234,523.1099853515625,493.1578063964844,72.71550750732422,106.74141693115234,150.69573974609375,387.8609924316406,26.767688751220703,171.60409545898438,43.0789909362793,123.79662322998047,233.0288543701172,85.38021850585938,429.7115173339844,299.5378112792969,231.8944549560547,98.74894714355469,45.669593811035156,351.4440002441406,263.7919616699219,40.153560638427734,212.83096313476562,100.3718490600586,219.86614990234375,170.11288452148438,107.61949920654297,155.56214904785156
2025-07-03,120.41373443603516,182.0126190185547,297.1402282714844,316.6600036621094,93.35992431640625,100.67191314697266,314.55859375,194.0933837890625,189.65870666503906,183.03778076171875,289.537109375,536.1405029296875,213.50247192382812,353.0855407714844,284.2643737792969,98.78663635253906,194.8319091796875,273.1783752441406,795.47998046875,324.6573181152344,3769.260009765625,135.17396545410156,226.7544403076172,38.967350006103516,1059.9407958984375,485.0,163.2323760986328,74.28533935546875,392.87139892578125,98.19621276855469,29.64059829711914,89.97696685791016,326.5998229980469,68.38469696044922,294.0103759765625,67.96273803710938,33.131996154785156,217.29783630371094,79.30461120605469,65.05078887939453,142.40565490722656,238.7899932861328,106.19999694824219,201.71189880371094,186.67724609375,271.19921875,49.02049255371094,87.43785858154297,340.6834716796875,769.4989013671875,63.99351119995117,42.24517822265625,175.5500030517578,52.81623458862305,289.6500244140625,245.27439880371094,52.466468811035156,52.41049575805664,180.035888671875,211.3055877685547,21.032032012939453,374.04205322265625,362.05389404296875,122.84302520751953,236.27073669433594,284.6885986328125,180.7989044189453,252.1277313232422,290.4435729980469,32.68956756591797,91.86592102050781,27.278963088989258,69.38496398925781,107.94641876220703,259.15362548828125,251.65042114257812,469.26324462890625,450.3727722167969,564.9502563476562,142.212158203125,277.5743103027344,716.3842163085938,85.60652923583984,78.29850769042969,554.9213256835938,150.13165283203125,172.67066955566406,140.7429656982422,494.8870849609375,1209.0799560546875,74.34976959228516,159.1280517578125,7623.240234375,234.1480712890625,91.33000183105469,97.53125762939453,141.3184814453125,130.22412109375,23.722259521484375,78.12886047363281,156.3328094482422,245.69688415527344,712.9539184570312,172.6280517578125,32.76974868774414,123.07112121582031,175.97999572753906,158.86167907714844,328.8573303222656,544.3767700195312,23.845064163208008,276.8239440917969,342.2287902832031,238.39260864257812,143.4635772705078,350.72454833984375,34.702110290527344,548.739990234375,496.8824462890625,73.00707244873047,107.54082489013672,148.21620178222656,391.29608154296875,26.814970016479492,172.47491455078125,43.56689453125,124.3399887084961,236.29727172851562,89.05290985107422,434.3591003417969,300.50201416015625,231.03399658203125,97.42967987060547,46.09273147583008,356.0476379394531,264.3181457519531,40.1167106628418,213.31854248046875,100.94264221191406,223.5176239013672,170.12271118164062,108.73397064208984,155.659912109375
2025-07-07,118.30069732666016,180.42599487304688,293.00653076171875,315.30999755859375,93.27241516113281,100.97239685058594,312.55120849609375,190.70166015625,189.3906707763672,181.22915649414062,284.4014892578125,529.3511962890625,211.8367919921875,351.562744140625,281.517578125,97.8828125,194.72608947753906,272.1856689453125,802.1599731445312,319.3144836425781,3790.639892578125,132.71080017089844,230.6859893798828,38.42668533325195,1053.8876953125,478.0299987792969,165.9046173095703,73.29356384277344,386.60101318359375,97.17532348632812,28.997529983520508,90.51034545898438,322.6825256347656,67.56954956054688,300.23333740234375,67.53166961669922,32.589656829833984,215.4949493408203,78.79536437988281,64.32723999023438,141.47463989257812,246.88999938964844,105.75,198.1680450439453,185.43026733398438,268.9136047363281,47.871795654296875,84.55021667480469,339.74322509765625,759.8385009765625,63.84041213989258,41.598716735839844,173.30999755859375,52.76645278930664,289.5419616699219,247.3936309814453,51.8136100769043,51.350196838378906,177.05441284179688,210.9710693359375,20.416316986083984,376.4259033203125,358.1185302734375,121.38844299316406,233.83587646484375,285.17608642578125,180.77915954589844,248.38241577148438,286.4892578125,32.679893493652344,90.67757415771484,27.2021484375,69.05432891845703,107.0641860961914,255.1756134033203,252.3392333984375,463.3528137207031,456.7409973144531,560.8613891601562,141.85299682617188,275.9585876464844,732.3492431640625,84.9092025756836,76.8713607788086,553.3297729492188,149.05186462402344,173.06298828125,140.35238647460938,493.77593994140625,1188.5400390625,74.48603057861328,158.02952575683594,7575.0,229.15567016601562,92.66999816894531,97.79588317871094,139.9161376953125,129.32952880859375,23.59140396118164,77.34757995605469,156.0120391845703,238.072265625,700.5021362304688,174.86695861816406,32.64375305175781,122.21062469482422,174.82000732421875,154.8267059326172,323.3219909667969,535.1773071289062,23.62392234802246,282.7599182128906,334.2023010253906,239.71734619140625,143.63088989257812,343.0858459472656,34.020721435546875,536.52001953125,497.417236328125,72.297607421875,107.00464630126953,147.1748046875,388.5539855957031,26.86224365234375,169.3577423095703,43.2033576965332,123.65830993652344,233.2349853515625,91.2940444946289,431.58843994140625,295.7882385253906,230.12464904785156,94.36073303222656,45.94847869873047,353.8450622558594,265.0726623535156,39.42584228515625,212.05479431152344,100.91361999511719,223.34046936035156,166.21319580078125,107.67765045166016,153.57704162597656
2025-07-08,120.04668426513672,182.48382568359375,295.7265625,314.9100036621094,92.36817932128906,100.76885223388672,310.26690673828125,189.5841522216797,193.5700225830078,180.1956787109375,288.33331298828125,529.0057983398438,212.4915008544922,352.89642333984375,284.7611389160156,96.75052642822266,193.77391052246094,269.8229675292969,790.219970703125,313.6253356933594,3742.080078125,133.9999237060547,226.61680603027344,39.429378509521484,1052.957275390625,477.4700012207031,162.75732421875,73.54887390136719,389.34619140625,97.87181091308594,28.532541275024414,89.3563003540039,325.5368347167969,67.31725311279297,295.796875,67.19855499267578,32.924922943115234,213.26608276367188,79.04019165039062,64.57807159423828,147.07989501953125,241.47000122070312,105.29000091552734,199.21035766601562,186.4792938232422,266.0639953613281,48.08978271484375,84.32353210449219,342.2701110839844,750.324951171875,63.744728088378906,41.96112823486328,170.4199981689453,52.56733703613281,291.5072937011719,245.80172729492188,52.15982437133789,51.71683883666992,174.66123962402344,209.96751403808594,21.657520294189453,375.0552062988281,357.98211669921875,120.35647583007812,234.1118927001953,283.17724609375,178.69578552246094,251.54249572753906,277.4717712402344,32.921749114990234,91.3333511352539,27.010108947753906,68.30552673339844,108.24049377441406,254.76004028320312,252.9887237548828,463.70806884765625,450.8499450683594,558.2015380859375,142.01368713378906,277.5049133300781,721.1746826171875,85.7905502319336,77.3373794555664,556.1149291992188,150.91696166992188,176.47618103027344,137.8038787841797,492.68463134765625,1206.530029296875,71.94573211669922,159.78717041015625,7518.3701171875,231.36575317382812,91.63999938964844,97.69788360595703,139.18617248535156,129.89706420898438,23.946584701538086,78.59185028076172,153.47503662109375,236.28817749023438,700.8292236328125,171.5085906982422,32.54682540893555,125.69129943847656,178.89999389648438,156.15863037109375,324.6492614746094,544.7647094726562,23.7104549407959,281.8794250488281,333.4331970214844,236.58348083496094,142.63674926757812,342.79852294921875,35.56844711303711,551.510009765625,493.8614501953125,72.22957611083984,106.45869445800781,143.2869110107422,385.5743103027344,26.748783111572266,170.63427734375,43.432960510253906,123.74722290039062,231.6056671142578,91.03734588623047,423.9318542480469,299.6741638183594,231.2882080078125,95.79228210449219,45.83307647705078,351.77142333984375,264.5266418457031,39.665340423583984,210.7412567138672,100.2847900390625,221.3227996826172,166.21319580078125,110.6624984741211,154.31044006347656
2025-07-09,120.33436584472656,183.30116271972656,289.9452209472656,307.2699890136719,92.56263732910156,101.52490234375,311.74029541015625,190.26051330566406,193.96710205078125,181.13970947265625,287.8673095703125,532.3609619140625,213.57948303222656,355.2353515625,286.6020812988281,97.54509735107422,192.9660186767578,275.8786315917969,805.8599853515625,313.9914245605469,3742.179931640625,134.66751098632812,224.82040405273438,38.6626091003418,1066.4053955078125,478.9100036621094,162.56927490234375,74.5210189819336,397.13720703125,98.66372680664062,28.522647857666016,88.81321716308594,329.3261413574219,67.69570922851562,297.910888671875,67.86475372314453,32.86575698852539,214.60340881347656,78.29591369628906,64.30795288085938,146.86874389648438,246.05999755859375,104.91000366210938,199.48831176757812,186.27145385742188,265.3812561035156,47.985530853271484,85.35835266113281,339.2339172363281,747.70458984375,63.65861129760742,42.509639739990234,170.9499969482422,52.75649642944336,294.7598571777344,249.06515502929688,52.00155258178711,52.0933952331543,177.15414428710938,213.60784912109375,21.54024314880371,375.8895263671875,361.43048095703125,119.77661895751953,233.3331298828125,282.90423583984375,179.86090087890625,253.346923828125,277.8446350097656,32.55412673950195,91.726806640625,26.693246841430664,67.56646728515625,113.08299255371094,256.3630676269531,254.9174346923828,465.010498046875,450.8985900878906,561.6102905273438,141.9853057861328,276.7416687011719,724.281982421875,86.19732666015625,75.95877075195312,564.0026245117188,153.11582946777344,175.828857421875,138.2139892578125,499.5200500488281,1218.6500244140625,71.59535217285156,162.66334533691406,7700.93017578125,232.65823364257812,92.58000183105469,97.36463165283203,140.17547607421875,129.3583984375,23.8905029296875,77.99382019042969,153.11538696289062,235.13323974609375,701.4935302734375,171.75949096679688,32.72128677368164,126.18439483642578,210.47000122070312,156.06069946289062,327.9626159667969,549.568359375,23.681608200073242,287.4591979980469,335.5137939453125,237.76979064941406,143.88681030273438,348.28729248046875,35.286155700683594,550.9500122070312,496.0568542480469,72.39479064941406,106.65367889404297,140.8470458984375,388.09857177734375,26.569133758544922,170.85198974609375,43.2033576965332,123.9349365234375,228.01336669921875,94.0979232788086,430.6052551269531,295.0091247558594,231.2393341064453,95.57708740234375,45.48687744140625,354.956298828125,268.00140380859375,39.250816345214844,212.00503540039062,100.82654571533203,222.1889190673828,170.6531524658203,110.28455352783203,154.7700653076172
2025-07-10,123.18152618408203,187.5130157470703,282.537841796875,286.1099853515625,93.62244415283203,102.78498840332031,310.0888977050781,190.83889770507812,196.58787536621094,180.30496215820312,291.60498046875,535.3609619140625,212.7899627685547,357.3055114746094,286.4656982421875,97.64442443847656,194.95692443847656,273.39678955078125,732.989990234375,321.79791259765625,3728.47998046875,136.20216369628906,226.822265625,39.036163330078125,1081.3914794921875,478.2699890136719,160.50079345703125,75.38513946533203,403.2101135253906,99.19801330566406,28.78976821899414,87.88223266601562,334.6705322265625,68.45263671875,295.0921936035156,67.3651123046875,33.07283401489258,214.524169921875,75.14253997802734,63.30465316772461,147.97250366210938,238.24000549316406,104.94999694824219,204.00497436523438,188.54766845703125,263.9762268066406,48.61105728149414,90.76901245117188,338.7441711425781,742.013916015625,64.18487548828125,42.66635513305664,169.6999969482422,52.82619094848633,298.1205749511719,251.29385375976562,51.69490051269531,52.66814422607422,178.191162109375,214.2866973876953,21.657520294189453,375.7703552246094,363.6319274902344,119.85523986816406,228.87742614746094,280.2618103027344,179.5251922607422,255.65850830078125,282.78021240234375,32.55412673950195,92.26731872558594,26.68364906311035,67.84848022460938,114.14167785644531,250.97991943359375,255.95071411132812,464.0928649902344,452.11578369140625,560.0301513671875,142.8075714111328,279.82440185546875,711.6434326171875,86.58472442626953,76.08499145507812,561.376708984375,154.43124389648438,178.76144409179688,139.71768188476562,497.5061340332031,1236.239990234375,72.62704467773438,163.88172912597656,7689.72021484375,232.3517303466797,92.37999725341797,97.97230529785156,139.5703582763672,130.89744567871094,24.096132278442383,78.70758819580078,154.05825805664062,234.16607666015625,708.1456909179688,174.664306640625,33.27375411987305,129.93580627441406,194.58999633789062,155.80606079101562,335.62164306640625,556.709228515625,23.88352394104004,286.7765808105469,340.13836669921875,237.3545684814453,144.1033477783203,348.5745849609375,35.6755256652832,566.1900024414062,497.0888977050781,72.79325866699219,107.44335174560547,143.31666564941406,390.7911682128906,26.37622833251953,173.2072296142578,43.528629302978516,122.66051483154297,223.9302978515625,96.39830017089844,431.5189208984375,291.69781494140625,231.7379913330078,96.29753112792969,45.746524810791016,353.09100341796875,268.7757568359375,39.342552185058594,212.70159912109375,102.23902130126953,222.09048461914062,173.37408447265625,111.37964630126953,155.28834533691406
2025-07-11,122.2986068725586,185.0609130859375,275.3852844238281,280.3900146484375,93.5349349975586,102.10647583007812,308.0716247558594,189.51553344726562,196.48858642578125,179.83792114257812,286.6537780761719,529.2425537109375,211.0858154296875,353.9912414550781,284.3909912109375,98.09137725830078,194.14901733398438,272.38421630859375,729.6199951171875,316.0889587402344,3705.639892578125,135.02816772460938,226.76634216308594,40.00936508178711,1079.0308837890625,475.8599853515625,159.3131561279297,75.23784637451172,400.830322265625,98.0435562133789,28.35445785522461,86.87364959716797,333.4796447753906,68.26824951171875,292.99798583984375,66.57154083251953,33.625030517578125,213.41470336914062,73.8008804321289,62.49428176879883,149.06668090820312,240.44000244140625,101.7300033569336,203.34982299804688,186.98402404785156,264.1444396972656,48.39307403564453,89.76375579833984,333.6610107421875,739.8726806640625,63.90740203857422,42.38230514526367,165.52000427246094,52.457820892333984,296.9610595703125,254.12942504882812,51.04204177856445,52.90596008300781,180.79373168945312,212.43702697753906,22.556659698486328,373.5355224609375,360.4855651855469,118.86259460449219,227.38890075683594,276.5175476074219,178.23170471191406,253.29818725585938,281.4751281738281,32.39933776855469,91.86592102050781,26.731657028198242,67.94571685791016,111.71061706542969,247.01182556152344,255.40945434570312,462.5831604003906,455.23175048828125,546.772705078125,142.44842529296875,279.18011474609375,706.713623046875,87.08834838867188,75.43451690673828,559.0093994140625,152.9783935546875,176.40753173828125,138.9267578125,499.3315734863281,1223.9300537109375,70.690185546875,164.7006378173828,7632.240234375,227.96177673339844,91.62000274658203,97.51165008544922,137.630126953125,130.10867309570312,23.974624633789062,77.52118682861328,152.6585235595703,230.03448486328125,708.7503662109375,173.62205505371094,33.21559524536133,127.3446273803711,193.50999450683594,154.20973205566406,332.819580078125,564.6458129882812,23.739301681518555,283.92730712890625,338.2845764160156,238.46182250976562,144.5659942626953,342.72918701171875,36.31797409057617,559.280029296875,494.4994812011719,72.46282958984375,106.80964660644531,145.9746856689453,385.5346984863281,25.7554988861084,175.2655487060547,43.46166229248047,122.21595001220703,223.54751586914062,97.17825317382812,434.46832275390625,296.1680908203125,229.8802032470703,94.75370788574219,45.333011627197266,345.2033386230469,267.0582580566406,38.95876693725586,212.61204528808594,102.07455444335938,222.44480895996094,171.72384643554688,111.86419677734375,151.53326416015625
2025-07-14,119.12409210205078,184.1666259765625,274.3368835449219,294.54998779296875,93.83634948730469,101.79630279541016,311.8886413574219,192.32891845703125,195.66465759277344,177.24424743652344,288.3624267578125,531.87744140625,213.5313262939453,358.12164306640625,283.2513732910156,99.53156280517578,194.235595703125,273.5953369140625,750.260009765625,317.5236511230469,3772.300048828125,135.88758850097656,228.70751953125,39.193450927734375,1088.6492919921875,476.30999755859375,160.02572631835938,75.22802734375,400.68218994140625,98.50152587890625,29.007423400878906,86.16569519042969,334.8575744628906,68.46233367919922,294.83416748046875,66.44418334960938,33.50669860839844,214.86094665527344,73.83025360107422,62.08910369873047,145.55380249023438,242.85000610351562,98.37999725341797,196.3018035888672,186.9444122314453,265.40106201171875,48.29829406738281,88.2952880859375,333.0733337402344,743.294921875,64.1274642944336,44.1453742980957,167.0,51.94011306762695,299.5650939941406,261.01446533203125,52.54560470581055,52.84651184082031,182.28944396972656,213.90301513671875,21.52069664001465,377.8860168457031,360.5245361328125,120.79875183105469,224.2245635986328,276.71258544921875,179.5251922607422,251.26943969726562,283.2806396484375,32.17682647705078,91.59365844726562,27.19254493713379,67.55674743652344,110.6617431640625,247.18994140625,258.1254577636719,462.5535888671875,461.132568359375,549.5951538085938,142.9587860107422,280.389404296875,712.6693115234375,86.90432739257812,75.6286849975586,561.8143920898438,155.01040649414062,172.25872802734375,140.5769500732422,499.033935546875,1193.8900146484375,70.3203353881836,163.85177612304688,7592.2001953125,226.69618225097656,93.12000274658203,98.05072021484375,138.60984802246094,130.40687561035156,23.6942195892334,78.08062744140625,149.4604949951172,232.27867126464844,705.9547119140625,174.43267822265625,33.69051742553711,124.7341079711914,191.0800018310547,151.1051483154297,336.2803649902344,567.480224609375,23.748916625976562,285.9059753417969,338.3832092285156,241.38807678222656,146.93817138671875,341.31243896484375,35.2569580078125,549.530029296875,497.3609924316406,72.45310974121094,107.26785278320312,147.85914611816406,387.5145568847656,25.936941146850586,174.34523010253906,43.69125747680664,122.06776428222656,223.9302978515625,100.2585678100586,436.1466064453125,292.7398681640625,228.12994384765625,93.67769622802734,45.256080627441406,347.753173828125,267.98150634765625,38.921329498291016,211.92543029785156,102.40347290039062,225.68292236328125,167.44105529785156,110.40083312988281,152.20799255371094
2025-07-15,112.04092407226562,180.78164672851562,270.49603271484375,288.9599914550781,93.097412109375,101.19534301757812,304.63037109375,188.63327026367188,197.83868408203125,175.3362579345703,283.974365234375,515.7823486328125,210.7777099609375,350.716796875,279.2090759277344,98.76677703857422,191.85992431640625,278.896484375,745.8699951171875,307.3623046875,3696.93994140625,136.82373046875,225.1174774169922,38.32838821411133,1024.6895751953125,470.1300048828125,159.36264038085938,74.02021026611328,399.5663757324219,97.27072143554688,28.66115379333496,85.48685455322266,336.5504455566406,68.24884796142578,292.4421691894531,65.8171615600586,33.01366424560547,211.23538208007812,72.77259826660156,61.68392562866211,144.6324005126953,236.77000427246094,95.31999969482422,191.4476318359375,185.13339233398438,262.03692626953125,47.786495208740234,84.85572814941406,329.292724609375,743.0601806640625,63.275875091552734,44.20414733886719,164.4199981689453,50.92460632324219,295.63446044921875,263.33270263671875,51.952091217041016,52.23212814331055,182.57862854003906,212.65347290039062,20.90498161315918,369.29425048828125,349.35162353515625,117.67337799072266,218.74365234375,275.6497802734375,177.5207977294922,250.05023193359375,281.1709899902344,31.67376708984375,93.05326080322266,26.827674865722656,67.44976806640625,105.60359191894531,243.0832977294922,257.003662109375,454.4427490234375,457.773193359375,546.9515991210938,140.7487030029297,272.4892578125,707.9385986328125,86.410400390625,73.98796081542969,545.5016479492188,153.71463012695312,172.24891662597656,138.25303649902344,501.811767578125,1168.56005859375,70.0672836303711,170.4729461669922,7301.0,232.31219482421875,91.19000244140625,97.40383911132812,135.12322998046875,128.71389770507812,23.002553939819336,76.5662841796875,148.41070556640625,227.42408752441406,702.5344848632812,174.5967559814453,34.262367248535156,124.01864624023438,192.22000122070312,151.1149444580078,335.5528564453125,544.9736328125,23.10471534729004,282.9973449707031,341.7554626464844,239.1044158935547,146.34759521484375,335.912841796875,34.13752746582031,569.0999755859375,490.00543212890625,72.05464172363281,99.4491958618164,147.82940673828125,386.6533203125,25.803247451782227,173.6129608154297,42.44758605957031,120.26973724365234,221.83970642089844,100.30793762207031,433.336181640625,284.1012268066406,226.00811767578125,93.12566375732422,43.9385871887207,344.3004455566406,259.6719665527344,38.62178421020508,209.57699584960938,101.37799072265625,222.27749633789062,160.72219848632812,109.42204284667969,149.4796905517578
2025-07-16,112.52702331542969,184.84556579589844,274.0233459472656,289.4700012207031,94.16692352294922,102.25188446044922,306.4696960449219,191.7603302001953,193.39132690429688,175.94244384765625,290.29437255859375,517.923828125,215.05259704589844,352.886474609375,281.4883728027344,99.8692626953125,194.14901733398438,278.7674255371094,742.77001953125,308.5990905761719,3682.6201171875,136.79302978515625,224.4273223876953,38.02364730834961,1060.02880859375,471.30999755859375,159.45172119140625,74.0693130493164,407.70306396484375,99.02628326416016,28.73040771484375,85.01165008544922,340.12322998046875,68.59819030761719,295.59832763671875,66.00331115722656,32.796730041503906,212.00804138183594,73.28184509277344,61.548866271972656,143.89334106445312,234.5,97.87999725341797,191.8843994140625,185.8953857421875,264.8964538574219,48.27933883666992,85.15139770507812,337.46112060546875,748.6138916015625,64.06047821044922,44.66450500488281,165.7100067138672,50.0982666015625,294.7991943359375,264.8350524902344,52.3972282409668,52.69786834716797,183.24671936035156,217.2383270263672,20.758378982543945,360.13641357421875,348.1437072753906,118.47929382324219,223.3373565673828,274.88922119140625,178.51806640625,250.48916625976562,280.4547119140625,32.128456115722656,92.75121307373047,26.79886817932129,67.36224365234375,107.27003479003906,243.40985107421875,259.4538879394531,453.5646057128906,459.08770751953125,552.0797119140625,143.54591369628906,271.20068359375,712.838623046875,86.9527587890625,74.35688018798828,543.4525146484375,154.66680908203125,169.06129455566406,136.4954376220703,501.6133117675781,1184.199951171875,70.1743392944336,171.14205932617188,7376.08984375,238.5807342529297,91.23999786376953,98.3447494506836,136.63124084472656,130.1952667236328,23.002553939819336,76.99069213867188,149.4313507080078,231.4241943359375,704.100830078125,176.8646240234375,34.07821273803711,119.57109832763672,194.19000244140625,150.88967895507812,333.5274658203125,544.9437255859375,23.152790069580078,281.65185546875,346.7646179199219,238.60023498535156,147.81422424316406,336.7153625488281,33.670291900634766,571.2000122070312,491.9568786621094,73.12369537353516,102.39337158203125,145.9152069091797,386.9305114746094,25.736400604248047,174.54315185546875,42.43802261352539,119.88445281982422,224.5093994140625,99.38976287841797,433.9519348144531,284.86090087890625,226.04721069335938,93.21923065185547,43.92897415161133,347.1578674316406,258.7386779785156,38.6124267578125,210.50242614746094,102.67436218261719,222.29718017578125,162.0875701904297,108.76304626464844,148.18885803222656
2025-07-17,115.43370056152344,185.64089965820312,276.9921569824219,292.1600036621094,94.58501434326172,102.67837524414062,310.41522216796875,189.21163940429688,191.11801147460938,178.57586669921875,289.54681396484375,532.7064208984375,214.74447631835938,352.9561462402344,285.9591979980469,101.26970672607422,194.40870666503906,284.36639404296875,745.8599853515625,312.0126037597656,3649.419921875,138.81112670898438,225.45106506347656,38.515159606933594,1082.694091796875,473.3999938964844,157.81869506835938,75.5422592163086,412.8280029296875,99.45561981201172,29.136037826538086,84.60433197021484,342.68231201171875,68.75344848632812,292.1742248535156,66.91444396972656,34.01946258544922,219.8337860107422,73.99674224853516,61.066505432128906,145.29466247558594,235.02000427246094,101.22000122070312,193.3634796142578,188.616943359375,266.1728515625,48.64896774291992,85.30907440185547,296.2273254394531,758.322998046875,64.37625122070312,44.93876266479492,167.35000610351562,51.0440788269043,294.88763427734375,258.9648742675781,53.61392593383789,52.72759246826172,184.17408752441406,221.76409912109375,21.05158042907715,360.1562805175781,349.74127197265625,120.22872161865234,220.3701934814453,274.96722412109375,179.64369201660156,251.3474578857422,284.4580993652344,32.78630828857422,93.10791015625,26.39558982849121,68.64588928222656,107.53470611572266,244.6566925048828,261.2744445800781,455.1630554199219,456.87738037109375,552.1691284179688,143.8323211669922,269.21826171875,707.4007568359375,86.71062469482422,75.07530975341797,550.1467895507812,156.11962890625,170.82675170898438,137.57931518554688,507.6451721191406,1205.6800537109375,71.03083801269531,172.7698974609375,7438.25,245.94677734375,91.58999633789062,99.06024169921875,137.630126953125,139.90097045898438,22.97451400756836,78.09991455078125,151.26849365234375,232.18478393554688,717.0284423828125,172.9079132080078,34.51436996459961,121.03105926513672,197.0,149.4598388671875,342.6514892578125,547.0025024414062,23.56623077392578,283.20513916015625,351.5173645019531,237.43365478515625,149.1233673095703,336.7549743652344,33.7481689453125,589.010009765625,492.8951110839844,74.1441650390625,104.78187561035156,145.51849365234375,384.9803771972656,25.77459716796875,175.82960510253906,43.05986022949219,120.69454193115234,222.83102416992188,100.8608169555664,446.9412841796875,280.5561828613281,222.43914794921875,93.09760284423828,43.47698974609375,347.068603515625,261.1114807128906,38.33161163330078,211.65672302246094,102.74208068847656,222.1396942138672,167.1856689453125,108.21066284179688,146.71226501464844
2025-07-18,113.08257293701172,183.56527709960938,276.7374267578125,297.0299987792969,95.9656753540039,104.1032485961914,309.6538391113281,190.25074768066406,189.0531463623047,177.393310546875,286.1586608886719,537.3740844726562,216.41014099121094,354.4291687011719,287.6443176269531,102.64036560058594,194.88961791992188,281.279052734375,756.0900268554688,304.69091796875,3713.929931640625,137.2380828857422,226.20309448242188,39.04599380493164,1080.9407958984375,473.79998779296875,157.9176483154297,75.24766540527344,408.52264404296875,100.31431579589844,29.234970092773438,84.72140502929688,344.8771057128906,69.79178619384766,290.675537109375,66.66952514648438,33.910987854003906,219.8535919189453,74.1142578125,59.77378845214844,144.00851440429688,239.1699981689453,101.91000366210938,188.65818786621094,186.291259765625,265.91552734375,48.46889114379883,85.9496841430664,271.38909912109375,760.4839477539062,64.27099609375,45.11506652832031,165.74000549316406,50.30733871459961,293.796875,261.9397888183594,53.42597961425781,52.73750686645508,185.41055297851562,224.21392822265625,20.738834381103516,358.6862487792969,350.0919494628906,120.7496109008789,217.27484130859375,278.7406921386719,178.43907165527344,248.86032104492188,285.8023681640625,32.44771194458008,92.5157241821289,26.770063400268555,67.92627716064453,107.40727233886719,241.17347717285156,260.54620361328125,458.8336486816406,451.7749328613281,549.2373657226562,143.93734741210938,270.1896667480469,706.9227905273438,86.78811645507812,74.90055084228516,562.0233154296875,150.41632080078125,170.86599731445312,137.51095581054688,506.00823974609375,1194.8499755859375,70.53446960449219,172.18067932128906,7422.830078125,242.6839599609375,92.33999633789062,97.462646484375,137.79344177246094,137.78477478027344,22.8716983795166,78.18673706054688,151.7940673828125,231.37725830078125,716.3543701171875,172.48329162597656,34.87298583984375,121.7271957397461,199.61000061035156,151.60462951660156,344.2147521972656,539.5631713867188,25.008474349975586,286.400634765625,351.0342102050781,237.75991821289062,149.1233673095703,336.9234313964844,32.434059143066406,584.760009765625,491.97564697265625,76.04904174804688,105.78601837158203,147.84925842285156,385.4753112792969,25.726852416992188,177.10618591308594,42.33279037475586,120.69454193115234,223.00770568847656,102.10478210449219,444.23016357421875,275.2775573730469,219.8773193359375,92.83561706542969,43.9385871887207,346.31451416015625,264.67559814453125,38.228641510009766,210.87062072753906,104.30933380126953,223.73416137695312,168.0238494873047,104.44082641601562,145.7998046875
2025-07-21,111.14808654785156,179.28797912597656,276.7472229003906,295.1600036621094,96.55877685546875,105.208251953125,304.808349609375,189.11361694335938,191.20733642578125,176.97592163085938,287.2362976074219,527.4663696289062,218.07577514648438,349.2536926269531,286.0955810546875,103.00785827636719,193.11988830566406,286.1136169433594,751.5499877929688,299.76361083984375,3729.699951171875,134.5370635986328,225.18174743652344,39.17378616333008,1070.5877685546875,474.4100036621094,156.94775390625,74.81925964355469,406.41168212890625,101.51648712158203,29.472414016723633,84.52629852294922,339.1882019042969,70.11202239990234,290.47705078125,66.95362854003906,33.88140869140625,219.23944091796875,73.85963439941406,59.46508026123047,143.66299438476562,240.52999877929688,105.0999984741211,186.69271850585938,185.04429626464844,265.2823181152344,48.26038360595703,84.79658508300781,270.7622375488281,771.64013671875,64.08920288085938,45.07588577270508,165.4600067138672,49.9190559387207,291.9002990722656,261.5318298339844,53.31717300415039,52.72759246826172,190.605712890625,222.5019989013672,20.699739456176758,362.0931396484375,354.61175537109375,119.28520202636719,220.25189208984375,277.6096496582031,178.52793884277344,248.36288452148438,285.50799560546875,32.2348747253418,93.17547607421875,26.030717849731445,68.14022064208984,107.27003479003906,240.50057983398438,258.8929748535156,464.1816711425781,448.4350280761719,551.215087890625,143.22132873535156,269.1785583496094,708.3270263671875,86.87528228759766,74.10446166992188,560.2626953125,150.0138702392578,171.52313232421875,137.159423828125,506.01812744140625,1166.47998046875,72.04306030273438,171.1520538330078,7376.2001953125,240.7954864501953,94.1500015258789,96.54133605957031,138.0644073486328,136.3034210205078,22.6754150390625,75.94896697998047,151.7255401611328,230.1753387451172,705.0922241210938,174.17213439941406,35.086219787597656,121.87222290039062,198.82000732421875,155.6885528564453,340.645751953125,542.556884765625,25.046932220458984,285.6784362792969,345.8180236816406,237.30514526367188,149.1824188232422,338.14202880859375,32.64821243286133,591.4600219726562,489.8553466796875,76.36003112792969,105.37655639648438,148.4046630859375,383.416259765625,26.14703369140625,177.64056396484375,42.791988372802734,123.43109893798828,228.317626953125,105.05677032470703,439.413818359375,274.7809143066406,220.83555603027344,92.53620147705078,44.02513885498047,348.18975830078125,263.0970458984375,39.77313995361328,208.85057067871094,104.75435638427734,221.7460174560547,169.80874633789062,104.7121810913086,144.59295654296875
2025-07-22,115.26505279541016,181.47996520996094,281.1661376953125,299.42999267578125,98.12417602539062,106.77851867675781,308.93194580078125,193.5346221923828,185.77719116210938,178.0789794921875,296.76971435546875,529.509033203125,223.7082061767578,352.5480651855469,290.39111328125,101.09093475341797,196.69776916503906,276.5635986328125,720.739990234375,300.9212646484375,3773.7099609375,139.1027069091797,229.0839385986328,39.340904235839844,1077.8065185546875,478.1300048828125,155.4829864501953,75.26243591308594,413.4681396484375,105.18978118896484,29.57134437561035,86.5360336303711,351.6191101074219,71.40267181396484,290.7747802734375,66.77728271484375,34.73929214477539,217.6148223876953,75.2110824584961,59.56747817993164,144.00851440429688,239.82000732421875,105.69000244140625,188.51922607421875,187.5778045654297,267.6966247558594,49.312400817871094,87.71381378173828,275.923828125,782.74755859375,65.3713607788086,46.11414337158203,165.97999572753906,50.854915618896484,292.4407653808594,257.6913146972656,53.435874938964844,48.44675827026367,191.56295776367188,224.03684997558594,20.90498161315918,348.6046447753906,361.4012145996094,121.09358978271484,227.83250427246094,274.92822265625,178.51806640625,253.71755981445312,285.9593811035156,32.679893493652344,88.650634765625,25.896289825439453,67.74150848388672,116.19041442871094,249.43621826171875,260.2018127441406,465.75054931640625,399.9526672363281,555.2996826171875,146.25721740722656,270.5861511230469,706.5940551757812,88.76387023925781,75.25005340576172,567.9415893554688,148.42359924316406,171.88601684570312,136.73956298828125,501.2660827636719,1218.9599609375,73.37648010253906,166.80784606933594,7909.52001953125,235.4266815185547,95.3499984741211,98.98181915283203,139.9225616455078,140.47811889648438,23.497934341430664,77.35721588134766,154.9454345703125,232.27867126464844,714.9069213867188,159.4937286376953,35.67744827270508,121.97857666015625,202.8699951171875,154.72877502441406,342.6809997558594,557.8728637695312,25.191158294677734,285.2332458496094,348.6873779296875,239.54928588867188,146.8299102783203,336.9234313964844,33.43667221069336,615.1300048828125,485.8116760253906,77.55543518066406,106.95589447021484,145.38954162597656,391.1673583984375,26.18523406982422,178.590576171875,43.25119400024414,124.08312225341797,228.93597412109375,104.8988037109375,444.5777587890625,277.69287109375,224.15029907226562,94.63207244873047,44.39057540893555,349.1025085449219,265.8470458984375,40.21308517456055,210.85072326660156,106.51509857177734,223.50778198242188,176.12973022460938,105.18704223632812,148.34100341796875
2025-07-23,118.5189437866211,184.81646728515625,280.2647399902344,300.9800109863281,97.1518783569336,105.54751586914062,307.3299865722656,193.71107482910156,185.6481170654297,180.14598083496094,300.19671630859375,529.8840942382812,221.61891174316406,355.5936279296875,290.1573486328125,100.02816772460938,195.6205596923828,281.6264953613281,705.219970703125,305.39337158203125,3771.18994140625,140.1002655029297,227.52870178222656,43.92182922363281,1097.37646484375,482.6300048828125,156.1361846923828,78.40412139892578,423.77532958984375,104.69364929199219,30.41228485107422,86.62384033203125,356.27459716796875,70.73308563232422,291.24127197265625,67.22794342041016,34.48291778564453,219.1205596923828,75.59302520751953,60.31840896606445,146.96470642089844,240.55999755859375,108.08999633789062,196.44078063964844,188.92372131347656,265.668212890625,49.568302154541016,88.38399505615234,290.4976806640625,778.5040893554688,65.39049530029297,46.45696258544922,143.0,50.88478469848633,311.44549560546875,261.8502197265625,55.19662857055664,52.64832305908203,190.9646759033203,228.25765991210938,21.47182846069336,350.88916015625,366.6029357910156,121.1132583618164,233.74716186523438,274.97698974609375,178.71554565429688,256.7508850097656,291.1893615722656,32.40901184082031,89.134521484375,25.742660522460938,67.2552719116211,114.94548797607422,247.8925323486328,265.2991943359375,463.74749755859375,408.3755187988281,558.6090087890625,145.80850219726562,271.11151123046875,711.1057739257812,89.11253356933594,76.15294647216797,571.6914672851562,148.0505828857422,174.13206481933594,138.85845947265625,501.8613586425781,1257.199951171875,74.70015716552734,170.55284118652344,7899.83984375,239.17396545410156,95.41999816894531,86.73038482666016,140.56130981445312,140.11260986328125,23.70356559753418,78.01311492919922,154.90626525878906,232.4289093017578,721.8961181640625,158.91468811035156,35.3672981262207,123.61255645751953,201.36000061035156,156.57977294921875,346.90869140625,569.2704467773438,25.354612350463867,291.18896484375,352.9964599609375,240.49835205078125,154.0350799560547,339.76690673828125,34.205665588378906,614.4199829101562,493.1765441894531,77.14724731445312,107.8722915649414,151.50901794433594,396.88909912109375,26.500375747680664,199.93594360351562,43.83476257324219,124.83393859863281,229.6033935546875,107.78166198730469,456.16693115234375,284.8804016113281,225.87123107910156,96.8682861328125,44.515594482421875,352.5056457519531,267.16741943359375,40.10075759887695,213.3284912109375,105.47993469238281,224.5215301513672,181.0997314453125,106.53410339355469,150.55841064453125
2025-07-24,119.39193725585938,185.08804321289062,276.02215576171875,301.1000061035156,97.2685546875,105.62506103515625,305.6192626953125,190.11349487304688,186.75003051757812,178.5957489013672,299.5462646484375,510.28570556640625,222.63949584960938,354.9267883300781,289.5047302246094,103.7527847290039,193.8893280029297,286.6099853515625,709.260009765625,304.9877014160156,3841.5,140.90594482421875,224.10484313964844,44.944183349609375,1095.41748046875,480.6000061035156,156.65084838867188,78.23668670654297,425.6881408691406,108.68179321289062,29.462520599365234,86.2921371459961,359.5126953125,70.73308563232422,288.273681640625,66.90464782714844,34.51249694824219,220.78475952148438,75.14253997802734,57.2951774597168,149.56576538085938,243.69000244140625,104.94000244140625,201.3247528076172,184.6979217529297,266.9841613769531,48.7342643737793,85.51604461669922,274.6603698730469,771.9823608398438,64.73027801513672,46.94670486450195,140.0800018310547,50.83500671386719,308.7923278808594,266.6558532714844,55.11749267578125,51.86548614501953,192.64987182617188,227.97235107421875,21.911624908447266,339.17864990234375,363.4273681640625,120.926513671875,225.9496612548828,254.01316833496094,181.2629852294922,255.37564086914062,290.9832458496094,32.47673416137695,89.83898162841797,26.328378677368164,67.19692993164062,111.26950073242188,264.8930358886719,268.8614196777344,465.2275695800781,409.50506591796875,560.0103149414062,144.8060760498047,270.4870300292969,707.3111572265625,89.41277313232422,75.52189636230469,578.345947265625,146.55850219726562,168.0216522216797,139.1416015625,506.8316345214844,1260.75,73.40567779541016,173.5089111328125,7789.39013671875,240.09349060058594,98.16000366210938,87.42626953125,141.68392944335938,139.0063934326172,23.6942195892334,77.48261260986328,155.42495727539062,232.28807067871094,723.3336791992188,155.45018005371094,35.454524993896484,120.1995620727539,202.05999755859375,155.5612335205078,343.4871826171875,561.5626831054688,25.287303924560547,292.1980895996094,352.0301513671875,242.3173828125,152.78500366210938,337.0621337890625,34.30301284790039,609.6799926757812,498.04583740234375,78.19686889648438,108.19400787353516,151.479248046875,392.6621398925781,26.662717819213867,203.4588623046875,43.50949478149414,124.73515319824219,242.92242431640625,107.05107116699219,458.5304260253906,271.3136901855469,215.6239013671875,95.93263244628906,44.29441452026367,351.19598388671875,269.4607849121094,40.32541275024414,199.71559143066406,105.97332763671875,226.97225952148438,178.0329132080078,107.3675308227539,149.94027709960938
2025-07-25,119.2232894897461,184.55459594726562,277.4330749511719,303.2799987792969,97.32688903808594,106.41988372802734,311.6315612792969,191.83876037597656,184.33775329589844,178.96340942382812,297.6337585449219,514.1935424804688,221.32044982910156,371.1299743652344,291.4722595214844,104.30899047851562,194.043212890625,288.06927490234375,735.010009765625,308.3121643066406,3820.909912109375,142.20274353027344,223.40159606933594,45.26858139038086,1100.226806640625,484.07000732421875,155.52256774902344,79.50715637207031,429.8804016113281,106.36333465576172,29.432838439941406,85.78482055664062,363.69573974609375,70.62635040283203,288.184326171875,67.2965316772461,35.26190948486328,221.45834350585938,75.0837631225586,59.1968879699707,148.61557006835938,249.9199981689453,116.8499984741211,203.97520446777344,184.5692596435547,268.8839416503906,50.18435287475586,89.09358978271484,283.1519775390625,783.6079711914062,64.46235656738281,46.7703971862793,142.02999877929688,51.2929801940918,308.5761413574219,270.2177734375,54.76137924194336,52.91587829589844,193.52737426757812,231.8291015625,21.940946578979492,332.0668640136719,365.61907958984375,121.23118591308594,234.59490966796875,253.24285888671875,182.1121368408203,255.24888610839844,293.014404296875,32.18650436401367,89.63131713867188,26.299570083618164,67.26499938964844,113.0535888671875,262.1915283203125,264.9842834472656,466.6090087890625,410.1087646484375,564.7009887695312,144.77745056152344,276.662353515625,708.9345092773438,90.01325225830078,76.2694320678711,582.6130981445312,148.49232482910156,168.27667236328125,139.6395721435547,509.6392822265625,1263.989990234375,74.23297119140625,173.26922607421875,7792.93017578125,242.35768127441406,97.66000366210938,88.0045394897461,143.22271728515625,137.9867706298828,23.570613861083984,78.17709350585938,154.9258575439453,234.84214782714844,732.4544067382812,155.29576110839844,35.4448356628418,120.82801818847656,204.50999450683594,155.13031005859375,346.8693542480469,560.0310668945312,25.402685165405273,295.04736328125,353.51904296875,242.3668212890625,154.41896057128906,336.9531555175781,34.52689743041992,601.5499877929688,501.8924560546875,78.54674530029297,110.09506225585938,149.6543426513672,399.4629211425781,26.739116668701172,205.89321899414062,43.6721305847168,124.91297912597656,239.0454864501953,106.96221923828125,468.79876708984375,273.7290344238281,219.7501983642578,96.89635467529297,44.544437408447266,354.2419128417969,272.84613037109375,40.32541275024414,196.2427215576172,105.9539794921875,226.0470733642578,179.18667602539062,106.98957824707031,149.25344848632812
2025-07-28,118.58837890625,182.84756469726562,271.4464416503906,304.4700012207031,95.59620666503906,104.63636016845703,305.6785583496094,188.21176147460938,188.88438415527344,177.7212371826172,292.4981689453125,511.61798095703125,215.87098693847656,367.4175720214844,287.8878173828125,105.97763061523438,191.1770477294922,292.1593017578125,736.2899780273438,307.45135498046875,3796.56005859375,140.3765106201172,225.2451934814453,45.760101318359375,1094.8787841796875,481.70001220703125,154.7209014892578,78.96549224853516,429.07763671875,103.80633544921875,29.41305160522461,84.36044311523438,364.8571472167969,69.22895812988281,284.0555419921875,66.54214477539062,35.21260452270508,218.30825805664062,73.85963439941406,58.16313934326172,149.99766540527344,246.44000244140625,112.38999938964844,201.45379638671875,183.01553344726562,267.1424560546875,49.53987121582031,91.18294525146484,280.09619140625,775.9716796875,63.352420806884766,45.83988571166992,139.94000244140625,51.034122467041016,307.6720886230469,269.2426452636719,54.81084442138672,52.96541976928711,192.86924743652344,232.54733276367188,22.322101593017578,338.2449645996094,367.46014404296875,119.15743255615234,228.226806640625,256.64581298828125,180.4829559326172,253.60052490234375,292.6807861328125,31.89627456665039,91.72383117675781,26.126737594604492,66.21473693847656,113.84759521484375,259.14373779296875,265.1712341308594,461.2510986328125,410.2743225097656,564.7606811523438,142.58169555664062,273.3714904785156,703.4169921875,89.07380676269531,75.39568328857422,572.8155517578125,149.25799560546875,171.4446563720703,139.20018005371094,508.4388122558594,1261.030029296875,77.12364196777344,176.514892578125,7845.2998046875,244.9185028076172,97.33000183105469,86.1521224975586,141.54843139648438,136.17837524414062,23.11422348022461,77.54048156738281,153.76121520996094,226.26913452148438,732.6923217773438,152.255859375,34.61129379272461,123.4578628540039,204.0,157.72561645507812,346.08282470703125,555.5853881835938,25.287303924560547,298.5000915527344,351.06378173828125,238.6595458984375,153.62168884277344,333.04962158203125,35.04279708862305,592.6300048828125,497.6330261230469,78.05108642578125,109.62711334228516,149.22784423828125,396.6515197753906,26.357128143310547,207.159912109375,43.13639450073242,123.87566375732422,233.7846221923828,109.0157699584961,469.2655029296875,274.7613830566406,224.15029907226562,95.04376220703125,44.32325744628906,352.6842041015625,268.16021728515625,39.651451110839844,196.043701171875,103.999755859375,224.30499267578125,185.61610412597656,107.99745178222656,147.90927124023438
2025-07-29,118.88599395751953,185.46630859375,273.26885986328125,306.6099853515625,97.05464172363281,105.86738586425781,285.13983154296875,190.0742645263672,187.03794860839844,177.8404998779297,294.7018737792969,514.12451171875,206.72430419921875,352.3589782714844,287.52740478515625,104.59703063964844,195.3608856201172,295.25665283203125,728.739990234375,305.2746276855469,3873.85009765625,139.94679260253906,221.75552368164062,44.973670959472656,1098.5125732421875,476.55999755859375,155.77000427246094,70.58438873291016,426.21337890625,104.31200408935547,29.383373260498047,84.74092102050781,360.5658874511719,70.13143920898438,287.5987548828125,66.58134460449219,34.92664337158203,220.5866241455078,73.36018371582031,58.514225006103516,150.717529296875,243.1999969482422,112.11000061035156,205.33517456054688,182.14463806152344,256.654296875,49.71046829223633,90.07913208007812,282.78961181640625,793.09228515625,64.85466766357422,45.85956573486328,142.5,50.69561767578125,309.244384765625,268.9441833496094,61.30979537963867,51.637569427490234,195.87066650390625,235.4398956298828,22.556659698486328,342.17828369140625,367.5672912597656,122.49903869628906,229.3111572265625,255.8657684326172,182.3787384033203,253.1031036376953,291.4640808105469,32.74761199951172,91.02235412597656,26.770063400268555,67.46920776367188,113.57312774658203,258.98541259765625,267.9659118652344,465.247314453125,409.0960693359375,559.8314208984375,145.4171142578125,271.07183837890625,709.2632446289062,89.52899169921875,75.41510009765625,576.833984375,149.0027618408203,172.0625457763672,140.17660522460938,508.5082702636719,1266.0999755859375,76.23796081542969,175.2765350341797,7821.0498046875,247.1629180908203,98.9000015258789,85.56405639648438,142.54525756835938,138.41000366210938,23.104717254638672,77.34757995605469,153.27186584472656,226.75741577148438,728.5285034179688,157.06179809570312,35.086219787597656,124.15399932861328,204.19000244140625,158.73435974121094,328.7491760253906,555.1080932617188,25.181543350219727,297.5998229980469,348.9635009765625,243.20713806152344,154.6551971435547,333.8520812988281,34.682640075683594,635.8099975585938,497.98956298828125,78.86746215820312,110.40702056884766,151.42967224121094,396.5327453613281,26.175683975219727,206.99166870117188,42.791988372802734,124.84382629394531,234.8250274658203,106.0341796875,467.7163391113281,254.26046752929688,218.8017578125,84.99481964111328,44.32325744628906,348.5369873046875,271.9427185058594,39.97907257080078,191.83444213867188,105.09296417236328,231.8441619873047,184.51168823242188,109.39295959472656,148.16439819335938
2025-07-30,117.1102523803711,183.61376953125,268.4678039550781,308.1400146484375,97.07408905029297,109.77366638183594,282.6577453613281,188.4862518310547,188.01080322265625,175.65423583984375,292.5757751464844,512.9008178710938,200.9763641357422,353.66278076171875,282.5987854003906,104.77581024169922,188.81101989746094,300.4187927246094,748.5999755859375,300.198974609375,3843.110107421875,139.30221557617188,222.63368225097656,44.75740432739258,1091.77392578125,476.0,156.2747344970703,67.16695404052734,430.2471008300781,102.0603256225586,29.818681716918945,83.706787109375,359.73907470703125,70.03439331054688,289.6135559082031,66.89485168457031,34.798458099365234,221.03240966796875,72.00873565673828,60.757266998291016,147.38702392578125,248.0,110.5999984741211,202.49612426757812,180.33358764648438,260.3548278808594,48.99016571044922,92.30647277832031,287.5104064941406,779.3155517578125,62.48170471191406,45.672584533691406,140.85000610351562,49.431217193603516,306.7680358886719,272.1678161621094,61.93299102783203,51.637569427490234,196.8778076171875,217.9171905517578,21.89207649230957,352.6671142578125,362.44354248046875,122.48920440673828,257.7507629394531,253.7694091796875,183.39572143554688,247.4167938232422,294.0054626464844,32.718589782714844,91.90666198730469,26.89488983154297,66.85657501220703,110.15200805664062,261.15252685546875,269.74700927734375,460.0374755859375,407.6841125488281,555.6473999023438,142.04705810546875,267.67193603515625,712.02197265625,88.75418090820312,72.60935974121094,572.2584838867188,143.9276885986328,167.5018310546875,141.5240936279297,509.1729431152344,1265.9000244140625,74.63201904296875,179.03155517578125,7633.39990234375,247.7759246826172,99.37999725341797,84.71134948730469,141.209716796875,137.41921997070312,22.638816833496094,73.87516784667969,149.62136840820312,226.9639892578125,725.722900390625,156.5020751953125,34.9311408996582,120.27690124511719,202.50999450683594,155.77670288085938,325.5832824707031,551.5575561523438,24.710411071777344,299.9742126464844,346.2913513183594,229.05027770996094,155.91510009765625,328.90826416015625,33.2614631652832,645.3499755859375,496.6197509765625,78.89662170410156,110.27053833007812,146.21273803710938,396.3743591308594,26.26163101196289,204.52760314941406,42.34235382080078,124.29058074951172,237.11192321777344,106.8239974975586,428.4503173828125,259.1007995605469,220.27821350097656,81.57034301757812,44.121307373046875,348.15997314453125,270.801025390625,39.87610626220703,189.70494079589844,104.83174896240234,228.84226989746094,187.88418579101562,108.44324493408203,146.00584411621094
2025-07-31,113.89604187011719,183.33250427246094,261.7071228027344,303.1099853515625,98.32835388183594,109.66704559326172,284.0520324707031,199.23980712890625,178.7487335205078,183.6936492919922,286.4887390136719,511.3613586425781,200.6393585205078,354.0310363769531,280.40716552734375,105.78890991210938,179.16415405273438,291.5636901855469,755.489990234375,296.142333984375,3768.3798828125,136.77769470214844,218.3162078857422,44.285545349121094,1083.311279296875,471.8800048828125,153.62232971191406,67.5805892944336,434.1123046875,100.26660919189453,29.452625274658203,81.80435943603516,361.82568359375,71.61617279052734,283.9363708496094,66.69890594482422,35.04497528076172,220.45785522460938,70.27536010742188,60.56222152709961,145.54420471191406,250.25,106.16999816894531,195.71612548828125,179.2647705078125,258.99932861328125,49.397701263427734,91.99109649658203,277.2558288574219,767.70947265625,60.47233963012695,45.397037506103516,138.94000244140625,47.71879959106445,306.2079162597656,269.7102966308594,62.556175231933594,52.856414794921875,192.31085205078125,215.23121643066406,21.89207649230957,351.60430908203125,357.9918518066406,122.25333404541016,246.3157958984375,246.83670043945312,182.49720764160156,249.66012573242188,290.6790771484375,31.586694717407227,87.340087890625,27.22771453857422,66.02024841308594,109.96575164794922,257.3625183105469,270.4358825683594,454.146728515625,409.92376708984375,562.9617919921875,135.97528076171875,261.516357421875,690.7286376953125,87.39826965332031,73.73554992675781,571.8208618164062,146.47996520996094,166.9231414794922,140.06893920898438,529.2723999023438,1233.6800537109375,72.69518280029297,177.63340759277344,7549.490234375,250.9102020263672,98.31999969482422,83.98606872558594,139.6806182861328,132.6673583984375,22.144399642944336,75.07122802734375,147.2627410888672,227.27383422851562,725.5940551757812,158.3163604736328,34.5919075012207,119.48408508300781,214.80999755859375,143.73057556152344,312.5265197753906,542.4872436523438,24.354656219482422,295.56182861328125,346.8040466308594,228.02212524414062,155.09814453125,327.8184509277344,32.90129470825195,633.469970703125,517.0445556640625,79.38255310058594,108.9446792602539,155.72421264648438,388.77178955078125,26.175683975219727,203.6072998046875,41.816184997558594,123.02605438232422,234.00054931640625,106.65616607666016,435.0442810058594,243.0506591796875,217.04171752929688,80.61597442626953,43.236576080322266,342.7626037597656,272.6873474121094,40.025875091552734,191.10801696777344,105.5283203125,225.5451202392578,184.4525146484375,108.19127655029297,143.04273986816406
2025-08-01,112.59647369384766,189.34596252441406,250.21395874023438,297.0199890136719,99.28121185302734,110.09354400634766,281.0063781738281,195.82847595214844,178.6792449951172,181.21922302246094,288.2168273925781,494.91107177734375,204.2113800048828,352.5299987792969,274.4363098144531,103.60380554199219,177.3944549560547,286.5404968261719,742.469970703125,291.1556701660156,3858.860107421875,135.33509826660156,213.64491271972656,42.77168273925781,1069.392822265625,472.8399963378906,154.39430236816406,65.90634155273438,424.86553955078125,101.97445678710938,28.760087966918945,81.47265625,350.2313537597656,71.88787078857422,286.18939208984375,65.74858856201172,34.52235412597656,219.417724609375,69.12955474853516,60.923057556152344,145.3138427734375,248.35000610351562,103.3499984741211,195.64663696289062,173.1586456298828,258.2572326660156,50.35495376586914,89.72433471679688,269.0090637207031,754.5879516601562,60.04175567626953,44.717994689941406,135.3300018310547,46.34487533569336,305.3529968261719,268.0189208984375,61.37904357910156,52.05376052856445,189.40911865234375,215.20169067382812,21.110219955444336,354.5642395019531,363.98260498046875,120.88720703125,243.74290466308594,243.81402587890625,182.27011108398438,246.09031677246094,283.9380798339844,32.2348747253418,88.0962142944336,27.26652717590332,66.96354675292969,113.69075775146484,258.7677001953125,273.82098388671875,453.30804443359375,409.9529724121094,556.4227294921875,133.65541076660156,253.11074829101562,695.96728515625,86.526611328125,71.85211181640625,574.7849731445312,141.75828552246094,162.3526153564453,136.75550842285156,519.9568481445312,1197.22998046875,72.62704467773438,173.4889373779297,7760.68017578125,241.6655731201172,99.12000274658203,83.24118041992188,134.8513641357422,133.9755859375,22.334558486938477,72.85275268554688,147.4389190673828,226.38180541992188,705.9943237304688,157.26446533203125,34.562828063964844,115.635986328125,212.11000061035156,145.1310577392578,308.9673767089844,555.8240966796875,23.931596755981445,290.6349792480469,339.69464111328125,228.57574462890625,154.3500518798828,340.2325439453125,32.17123794555664,618.6500244140625,511.94061279296875,78.6925277709961,105.86400604248047,153.54222106933594,373.98236083984375,26.500375747680664,199.8270721435547,41.09867477416992,124.47830200195312,232.8129425048828,104.95803833007812,436.2061767578125,231.56817626953125,214.52877807617188,79.06278228759766,42.255672454833984,336.6905517578125,272.95538330078125,40.13820266723633,185.9733428955078,106.6505355834961,225.26956176757812,185.06390380859375,106.2530517578125,144.602783203125
2025-08-04,113.92579650878906,191.2566680908203,253.55511474609375,302.5,100.39934539794922,111.46995544433594,281.44140625,199.02415466308594,181.48866271972656,183.33590698242188,293.129150390625,501.20733642578125,205.0586395263672,359.45172119140625,280.017578125,107.8945541381836,175.7401580810547,295.554443359375,744.8800048828125,295.429931640625,3967.760009765625,137.27645874023438,217.20677185058594,43.00761032104492,1093.1549072265625,459.1099853515625,156.98731994628906,65.53209686279297,429.8308410644531,102.27023315429688,29.40315818786621,81.3263168334961,355.8907165527344,72.46041107177734,291.4397888183594,67.1005859375,34.966087341308594,222.97396850585938,69.78570556640625,59.928314208984375,144.9683074951172,258.0199890136719,105.12999725341797,196.0139617919922,174.27694702148438,261.4927062988281,52.335784912109375,91.16323852539062,269.2735290527344,761.080322265625,59.9652099609375,44.649112701416016,136.14999389648438,47.011924743652344,307.357666015625,274.83428955078125,62.803470611572266,52.291587829589844,195.192626953125,221.8920135498047,21.178630828857422,360.75225830078125,370.9571838378906,124.04206085205078,243.83164978027344,245.6958770751953,186.07150268554688,247.3290252685547,288.73626708984375,32.19617462158203,90.97565460205078,27.441190719604492,67.060791015625,116.4256820678711,261.0931396484375,273.62420654296875,461.19189453125,412.57232666015625,566.2811279296875,133.7509002685547,256.85760498046875,708.0580444335938,86.81716918945312,72.64820098876953,599.1148071289062,145.15475463867188,164.73594665527344,138.9873809814453,531.3954467773438,1231.8800048828125,72.82169342041016,179.76058959960938,7871.02001953125,249.68418884277344,101.37000274658203,83.71163177490234,134.93846130371094,134.24488830566406,22.372591018676758,73.1903305053711,147.5465545654297,226.84190368652344,712.8447875976562,157.2934112548828,35.06683349609375,117.4343490600586,216.41000366210938,144.46510314941406,310.3930358886719,568.4249877929688,24.210433959960938,301.20098876953125,345.27569580078125,229.070068359375,154.91111755371094,344.6314392089844,32.005760192871094,636.02001953125,528.2278442382812,80.64599609375,107.02412414550781,153.54222106933594,377.64501953125,26.43352508544922,201.87551879882812,41.52918243408203,127.65941619873047,236.55245971679688,110.46707916259766,430.9627990722656,234.69444274902344,217.12969970703125,79.54932403564453,42.7172737121582,339.4685974121094,279.81549072265625,40.20372772216797,186.07284545898438,107.64698791503906,226.90335083007812,197.7354736328125,104.05318450927734,148.9492950439453
2025-08-05,113.97540283203125,192.57574462890625,242.08154296875,299.20001220703125,99.18396759033203,109.76397705078125,282.5984191894531,201.49441528320312,177.84535217285156,183.7930145263672,291.3233947753906,499.9698791503906,202.23764038085938,360.6485900878906,284.8877868652344,107.19929504394531,179.19302368164062,290.7992858886719,867.1199951171875,293.5006103515625,4011.25,135.73411560058594,216.48370361328125,43.3040771484375,1086.86669921875,464.19000244140625,156.61123657226562,65.37451934814453,430.35614013671875,100.12349700927734,28.967849731445312,81.03363037109375,367.3472900390625,71.96551513671875,290.1594543457031,66.1502685546875,35.153446197509766,220.7649383544922,68.45384216308594,61.84953308105469,146.88792419433594,255.27999877929688,105.91000366210938,197.5823516845703,175.3457489013672,263.66949462890625,52.39265060424805,89.60607147216797,270.72308349609375,761.6181030273438,60.67327117919922,44.717994689941406,134.27999877929688,48.186729431152344,308.3206481933594,270.74505615234375,62.48693084716797,52.103309631347656,194.7638397216797,224.56813049316406,21.188404083251953,361.3581237792969,375.42828369140625,125.37870788574219,250.85035705566406,244.41854858398438,185.03475952148438,249.72837829589844,285.9005126953125,32.2348747253418,87.77527618408203,27.208309173583984,67.1483154296875,117.72943115234375,260.7270202636719,273.7816467285156,463.5994873046875,416.9930725097656,562.5344848632812,135.3738555908203,257.4423828125,706.6139526367188,86.84622192382812,73.2625503540039,604.2672729492188,147.333984375,165.67752075195312,138.10250854492188,523.5679321289062,1243.93994140625,72.39344787597656,178.02288818359375,7906.91015625,252.78878784179688,102.2300033569336,84.5643310546875,134.69650268554688,134.13909912109375,23.532581329345703,73.42182922363281,147.3018798828125,228.1189422607422,708.720703125,158.40322875976562,34.67913818359375,118.02413177490234,214.7899932861328,143.68162536621094,306.1259460449219,566.7939453125,24.210433959960938,296.0466003417969,341.1737060546875,229.4358367919922,153.87759399414062,348.83221435546875,32.609275817871094,628.5,528.2278442382812,80.05315399169922,107.29710388183594,150.49737548828125,377.0213623046875,26.51947593688965,199.43124389648438,41.53874588012695,127.21483612060547,234.51092529296875,110.0721664428711,425.7889099121094,244.45309448242188,218.01951599121094,81.19608306884766,42.851905822753906,334.78558349609375,281.1259460449219,39.941627502441406,187.96353149414062,106.41835021972656,226.15533447265625,200.9501953125,103.92719268798828,143.3665313720703
2025-08-06,112.32861328125,190.39346313476562,242.5420379638672,305.17999267578125,98.8047866821289,110.00630950927734,283.0730895996094,204.88613891601562,176.84271240234375,184.30975341796875,276.36309814453125,503.3357849121094,201.13037109375,362.7231140136719,281.54681396484375,108.7586669921875,179.37576293945312,299.4757385253906,863.6500244140625,292.4122619628906,4072.800048828125,132.29644775390625,219.5953826904297,42.918670654296875,1097.5430908203125,468.9100036621094,154.98812866210938,65.10861206054688,423.9041748046875,100.45743560791016,28.92827606201172,82.54581451416016,375.6640930175781,71.91698455810547,281.6536560058594,67.80597686767578,35.508426666259766,222.1715850830078,69.42335510253906,61.94705581665039,146.6383819580078,258.0799865722656,105.72000122070312,193.74069213867188,172.49557495117188,265.9551696777344,52.0419807434082,88.84719848632812,270.6153564453125,755.8102416992188,60.66370391845703,46.036705017089844,134.0399932861328,47.38029479980469,309.5292663574219,270.90423583984375,63.28817367553711,51.99430847167969,196.35928344726562,226.3686065673828,20.738834381103516,363.6823425292969,376.78228759765625,126.59739685058594,252.96975708007812,245.9884033203125,185.67657470703125,251.1621551513672,285.8808898925781,32.32194519042969,88.25917053222656,25.95656967163086,67.59564208984375,116.9942398071289,258.12451171875,272.4630126953125,465.2177429199219,423.42950439453125,565.6054077148438,134.23777770996094,260.40618896484375,700.9072265625,86.54598236083984,74.29951477050781,594.8575439453125,148.0505828857422,159.32191467285156,138.92840576171875,520.7802734375,1221.8399658203125,73.46408081054688,179.1813507080078,7870.2001953125,253.54022216796875,104.44000244140625,85.24061584472656,134.59974670410156,135.4376983642578,22.75291633605957,74.08737182617188,149.60179138183594,232.41954040527344,691.1235961914062,161.1536102294922,35.03775405883789,115.86803436279297,215.7100067138672,142.82957458496094,308.74127197265625,552.1044921875,23.97005844116211,299.7268981933594,324.08544921875,232.83663940429688,153.30670166015625,347.48480224609375,31.986295700073242,625.8800048828125,527.7962646484375,78.86746215820312,107.97953033447266,146.06398010253906,371.1610412597656,26.2520809173584,197.96664428710938,41.146514892578125,130.504638671875,234.79556274414062,110.7237777709961,424.0708923339844,239.3692626953125,220.4542236328125,80.70018005371094,42.736507415771484,337.0774841308594,279.557373046875,39.64208984375,187.42617797851562,106.15715026855469,227.94664001464844,197.96226501464844,103.2197494506836,143.73934936523438
2025-08-07,113.07264709472656,192.87643432617188,236.83956909179688,292.989990234375,99.48538970947266,110.23895263671875,286.7615051269531,200.95526123046875,181.81622314453125,181.09999084472656,276.3922424316406,493.455810546875,202.19911193847656,364.0695495605469,281.0695495605469,107.81509399414062,181.04930114746094,301.5505065917969,870.969970703125,291.6108093261719,4060.330078125,144.01365661621094,215.46194458007812,42.4344367980957,1089.9912109375,461.4700012207031,151.83096313476562,65.35482025146484,413.39874267578125,101.335205078125,28.700727462768555,82.64337921142578,378.5478820800781,72.32455444335938,276.31396484375,68.48198699951172,34.75901412963867,221.2998504638672,67.68998718261719,62.00557327270508,147.00311279296875,270.989990234375,101.88999938964844,197.03639221191406,172.1689910888672,266.9248046875,52.070411682128906,89.90174102783203,277.6476135253906,762.0091552734375,61.13254928588867,46.7255859375,132.6999969482422,47.240909576416016,307.30853271484375,270.64556884765625,64.05973815917969,52.46995544433594,196.71824645996094,225.26669311523438,20.406543731689453,370.81396484375,376.1686096191406,125.02488708496094,252.4966278076172,243.9212646484375,185.64694213867188,250.4501495361328,281.5537109375,32.79598617553711,90.62193298339844,25.96627426147461,68.49030303955078,117.15108489990234,257.2437744140625,269.4419860839844,463.1949768066406,419.4371337890625,557.7443237304688,135.70797729492188,258.30474853515625,660.5614624023438,88.36678314208984,72.21580505371094,597.1055297851562,148.9536895751953,158.40975952148438,138.55479431152344,516.7127685546875,1236.9599609375,72.36425018310547,180.52957153320312,7830.43994140625,246.57955932617188,103.47000122070312,85.59345245361328,135.9933624267578,138.43885803222656,23.038158416748047,72.92027282714844,150.21836853027344,230.34434509277344,719.1104125976562,162.2923583984375,35.2509880065918,115.34593963623047,206.14999389648438,142.88832092285156,304.572509765625,556.7489624023438,23.691225051879883,280.3162536621094,327.9507751464844,232.94540405273438,153.3165283203125,346.6921691894531,31.918153762817383,620.3300170898438,524.5783081054688,80.26696014404297,107.0631332397461,146.88717651367188,372.5766296386719,26.796415328979492,197.8380126953125,40.993446350097656,130.3860626220703,238.4369354248047,107.10044860839844,425.14337158203125,238.2882080078125,217.7163848876953,80.92472839355469,42.399925231933594,329.4874267578125,280.06365966796875,40.20372772216797,186.98834228515625,107.0955581665039,229.54107666015625,196.8282470703125,102.67704010009766,145.4465789794922
2025-08-08,113.70755767822266,192.09080505371094,234.3704376220703,290.67999267578125,98.58114624023438,109.94575500488281,286.2176513671875,202.7197723388672,183.52371215820312,180.94097900390625,279.8192443847656,499.90057373046875,198.82928466796875,365.4359436035156,281.2448425292969,109.23542022705078,179.64508056640625,302.7517395019531,842.5,294.2822570800781,4035.159912109375,148.47955322265625,214.42312622070312,42.78031921386719,1101.882080078125,465.3999938964844,155.78977966308594,65.02982330322266,412.8040771484375,99.70368957519531,28.06755256652832,82.62387084960938,380.92974853515625,71.8289566040039,282.9934997558594,70.3336410522461,34.93650436401367,224.14288330078125,68.14046478271484,63.91704177856445,148.7787322998047,259.19000244140625,101.68000030517578,199.09121704101562,171.72366333007812,269.9920959472656,50.961524963378906,89.37939453125,287.9413757324219,758.9390869140625,60.47233963012695,47.22748565673828,133.24000549316406,46.892452239990234,308.6842346191406,273.6204833984375,65.0588150024414,53.04469299316406,201.5145721435547,228.63153076171875,20.42609214782715,379.03814697265625,377.80511474609375,125.95858001708984,262.88665771484375,237.82521057128906,184.04739379882812,250.65496826171875,283.3394775390625,33.299049377441406,90.89418029785156,26.092418670654297,68.40277099609375,118.46461486816406,263.072265625,265.417236328125,466.1452331542969,414.45159912109375,570.7633056640625,134.11366271972656,257.64068603515625,665.869873046875,89.95514678955078,74.61255645751953,607.6690063476562,150.4850616455078,157.7526092529297,140.77684020996094,517.9032592773438,1255.969970703125,72.20853424072266,182.45700073242188,7858.68017578125,247.23214721679688,103.33000183105469,85.73067474365234,136.6417694091797,139.6797332763672,23.37094497680664,73.87516784667969,150.23793029785156,231.4711456298828,721.4698486328125,164.2321014404297,35.23159408569336,115.18157196044922,205.4199981689453,144.51406860351562,296.37274169921875,559.931640625,23.9604434967041,285.18377685546875,328.5818786621094,232.53018188476562,152.43064880371094,348.9015808105469,31.996023178100586,619.4199829101562,522.4578247070312,79.41171264648438,108.29150390625,149.21795654296875,373.7744445800781,26.815513610839844,199.87655639648438,41.710079193115234,129.783447265625,240.4490203857422,107.70267486572266,427.1096496582031,244.34597778320312,217.3057098388672,81.09315490722656,43.140411376953125,334.1406555175781,284.4517517089844,40.39093780517578,190.48110961914062,106.7569580078125,231.38156127929688,196.65074157714844,103.50079345703125,144.5733642578125
2025-08-11,113.22145080566406,192.6630401611328,233.7923583984375,284.6199951171875,98.55198669433594,109.45710754394531,285.7034606933594,202.42567443847656,183.03729248046875,181.37823486328125,276.77081298828125,501.5736389160156,198.41526794433594,367.1214904785156,276.5791931152344,109.06656646728516,178.010009765625,301.68951416015625,818.6900024414062,293.0949401855469,4036.7900390625,147.71221923828125,212.7707061767578,42.197265625,1104.78125,464.7300109863281,156.03721618652344,63.897239685058594,404.89532470703125,99.0167465209961,28.30499267578125,82.38971710205078,382.1896057128906,71.28153228759766,288.5218200683594,69.23635864257812,34.73929214477539,221.77536010742188,67.7193603515625,63.27337646484375,147.2814483642578,256.0899963378906,100.47000122070312,198.29708862304688,173.47532653808594,270.615478515625,52.36422348022461,87.85179138183594,284.8072204589844,759.476806640625,59.61117935180664,47.07986831665039,132.22000122070312,46.51413345336914,309.4703369140625,273.80950927734375,64.2773666381836,53.52033996582031,201.05587768554688,225.29620361328125,20.035160064697266,380.3293762207031,377.493408203125,126.13548278808594,262.8768310546875,231.96473693847656,183.58331298828125,250.5574493408203,284.1244812011719,33.49253845214844,90.43513488769531,26.092418670654297,68.8014907836914,118.15094757080078,264.87322998046875,266.0076599121094,464.13232421875,415.0650939941406,570.037841796875,132.20431518554688,255.707763671875,670.0429077148438,89.81954193115234,73.66364288330078,596.737548828125,152.4581298828125,155.54580688476562,141.46511840820312,517.6353759765625,1256.489990234375,72.04306030273438,181.8178253173828,7793.2900390625,249.83248901367188,103.5999984741211,84.31929779052734,134.1352081298828,139.35267639160156,23.37094497680664,73.76907348632812,151.67660522460938,229.9405975341797,724.3646850585938,164.3672332763672,35.163753509521484,114.44676208496094,203.2899932861328,144.9156036376953,297.7688293457031,542.9645385742188,23.681608200073242,285.4805908203125,325.1602478027344,234.32943725585938,152.37161254882812,351.29913330078125,31.509319305419922,616.1199951171875,521.5291137695312,78.62449645996094,107.0728759765625,150.44778442382812,372.8736572265625,26.872812271118164,197.77862548828125,41.4776611328125,130.80101013183594,244.26708984375,106.5870590209961,425.1036682128906,245.78736877441406,214.77322387695312,80.75631713867188,42.851905822753906,333.2676086425781,283.1809997558594,40.41902160644531,190.9687042236328,106.0990982055664,233.35989379882812,197.22268676757812,102.56075286865234,146.21188354492188
2025-08-12,116.38606262207031,192.6630401611328,233.06729125976562,283.0299987792969,98.39641571044922,109.44733428955078,287.4141845703125,202.68055725097656,187.07763671875,183.7830810546875,276.6640625,511.8199157714844,197.0095672607422,362.8527526855469,281.7610778808594,111.09275817871094,179.78933715820312,310.55450439453125,768.5700073242188,300.00103759765625,4000.669921875,149.59988403320312,216.62965393066406,42.00950241088867,1135.8111572265625,470.3900146484375,144.7941436767578,64.73436737060547,409.028076171875,97.63329315185547,29.32400894165039,82.89704132080078,392.7701416015625,71.17400360107422,286.9833984375,69.93195343017578,35.321075439453125,221.21070861816406,67.34722137451172,63.887786865234375,148.2316436767578,264.32000732421875,103.73999786376953,204.2134552001953,176.1473846435547,273.7025146484375,53.03713607788086,90.37479400634766,286.4624328613281,769.811767578125,59.993919372558594,47.680171966552734,132.32000732421875,47.440032958984375,308.5663146972656,278.2171325683594,65.0390396118164,53.66897964477539,203.57867431640625,229.19232177734375,20.494503021240234,387.6795654296875,385.7439880371094,126.80380249023438,271.0292053222656,230.4628143310547,180.43359375,254.05894470214844,287.35272216796875,33.676353454589844,92.95391082763672,25.772205352783203,68.76258850097656,122.01318359375,266.49609375,265.8994445800781,466.9444885253906,420.22589111328125,570.6241455078125,132.10882568359375,262.6860046386719,656.3385620117188,89.18033599853516,74.89625549316406,612.155029296875,154.9514923095703,156.05581665039062,144.81785583496094,525.046142578125,1292.8900146484375,72.89956665039062,182.9163818359375,7962.2998046875,250.99920654296875,101.88999938964844,86.39714813232422,130.6414794921875,141.27650451660156,23.437501907348633,74.50212860107422,151.7842559814453,228.2128448486328,745.5604248046875,162.7073516845703,35.764678955078125,116.06141662597656,204.5500030517578,150.55670166015625,307.8170471191406,553.5167846679688,24.354656219482422,296.48187255859375,335.0108642578125,230.86932373046875,153.05076599121094,354.77667236328125,32.06415939331055,625.7999877929688,524.5125122070312,79.7810287475586,108.62296295166016,154.3158416748047,372.8141784667969,27.197500228881836,202.01405334472656,42.62039566040039,131.779052734375,247.61402893066406,109.4501724243164,435.9082946777344,254.7473907470703,213.9420928955078,81.80425262451172,44.015525817871094,334.6888732910156,289.78302001953125,40.48454666137695,191.9638214111328,105.86691284179688,229.30487060546875,204.09588623046875,102.85147857666016,146.94773864746094
2025-08-13,119.3324203491211,195.40789794921875,240.71958923339844,287.010009765625,99.3881607055664,110.54190826416016,291.81463623046875,204.69009399414062,188.6461181640625,185.74075317382812,280.8870849609375,504.15753173828125,196.5570526123047,369.9440612792969,286.5728454589844,109.08644104003906,183.76156616210938,306.84173583984375,765.52001953125,303.6223449707031,4036.429931640625,150.36721801757812,216.0894317626953,42.345497131347656,1136.22265625,477.30999755859375,146.59539794921875,66.03437042236328,410.00927734375,97.14669799804688,30.313350677490234,84.23360443115234,400.3881530761719,71.80940246582031,288.8592529296875,68.97183990478516,35.57745361328125,222.98390197753906,68.96308135986328,64.26811981201172,149.60415649414062,254.1999969482422,106.4800033569336,207.6083984375,180.93727111816406,278.8576354980469,53.340423583984375,93.88335418701172,288.3722839355469,766.5656127929688,61.228240966796875,48.42809295654297,134.2899932861328,48.51526641845703,311.9859924316406,267.50152587890625,65.02914428710938,55.07611083984375,202.45187377929688,232.76377868652344,20.719289779663086,387.8285217285156,396.63446044921875,128.69081115722656,277.9789123535156,235.66558837890625,179.12039184570312,260.7303466796875,285.0762939453125,33.68601989746094,94.33997344970703,26.073013305664062,68.51947021484375,128.3064422607422,269.6923522949219,265.9092712402344,469.3125915527344,430.9467468261719,574.3211059570312,133.43585205078125,267.3349304199219,660.481689453125,89.98419189453125,75.67887878417969,616.7802734375,157.2583465576172,158.62554931640625,145.27996826171875,516.454833984375,1324.06005859375,75.13813781738281,181.3484649658203,8296.6396484375,241.4282684326172,102.63999938964844,87.45568084716797,134.14488220214844,143.66207885742188,23.922414779663086,75.56314849853516,152.0974578857422,233.98765563964844,755.4842529296875,160.08241271972656,36.09421920776367,118.5172348022461,208.3699951171875,153.357666015625,308.1513366699219,558.489501953125,24.845020294189453,298.9156799316406,344.1417541503906,230.08831787109375,153.26731872558594,365.41729736328125,32.65794372558594,618.5700073242188,527.8150634765625,79.90736389160156,108.70095825195312,155.63494873046875,375.1306457519531,27.121105194091797,204.14166259765625,43.3951416015625,132.48046875,246.2006378173828,112.08621978759766,431.8565368652344,264.7203063964844,218.22483825683594,82.50598907470703,44.823326110839844,340.4634704589844,293.5059509277344,40.91513442993164,193.4464874267578,106.36030578613281,226.2734375,207.28103637695312,104.27607727050781,149.5674285888672
2025-08-14,117.92371368408203,198.5212860107422,241.18992614746094,283.75,98.62005615234375,110.2975845336914,290.14349365234375,204.582275390625,186.86917114257812,183.62408447265625,281.8191223144531,508.5431213378906,195.89273071289062,365.3860778808594,284.5858154296875,109.99027252197266,182.08804321289062,308.9661865234375,749.8300170898438,304.4732666015625,3992.47998046875,149.63055419921875,217.55105590820312,42.740787506103516,1136.3499755859375,479.2200012207031,148.67379760742188,64.76390838623047,413.7753601074219,96.41204071044922,29.927507400512695,82.5848388671875,398.4196472167969,70.95894622802734,292.6605529785156,67.89415740966797,35.843692779541016,219.279052734375,67.93480682373047,65.07756805419922,148.92271423339844,247.44000244140625,103.86000061035156,208.6804962158203,177.54278564453125,277.0271301269531,53.0940055847168,88.20659637451172,289.3517150878906,758.12744140625,60.76895523071289,47.91636276245117,134.6199951171875,47.5893669128418,310.36456298828125,268.3372802734375,65.0489273071289,55.90849685668945,203.23965454101562,231.26828002929688,20.865886688232422,390.99700927734375,389.9521484375,129.0839385986328,277.338134765625,232.75985717773438,180.3743438720703,256.01934814453125,288.63812255859375,33.5022087097168,94.92916870117188,26.053606033325195,67.63452911376953,127.8751220703125,268.4158020019531,266.72601318359375,471.28607177734375,425.8346252441406,580.1448364257812,133.68406677246094,264.2125244140625,671.088623046875,89.08348083496094,76.22669982910156,609.2406616210938,153.77352905273438,159.2042236328125,146.0173797607422,518.3396606445312,1313.6400146484375,74.34976959228516,181.7778778076172,8198.5498046875,242.19949340820312,101.5,85.79927062988281,133.0609588623047,142.95985412597656,23.874874114990234,75.32201385498047,150.46304321289062,235.6402587890625,738.9182739257812,159.4937286376953,35.93914031982422,118.66226196289062,208.00999450683594,154.8267059326172,307.0501403808594,562.8854370117188,25.046932220458984,287.29107666015625,342.66265869140625,229.86093139648438,152.647216796875,362.1874694824219,32.33671951293945,616.3599853515625,529.2880249023438,79.5769271850586,110.74823760986328,154.45468139648438,374.7049560546875,27.455341339111328,204.81460571289062,43.53071975708008,131.76194763183594,245.68045043945312,94.47309112548828,425.56048583984375,264.40863037109375,216.6016845703125,82.85218811035156,45.03489303588867,343.38555908203125,291.4673767089844,40.71855926513672,190.27801513671875,105.46588897705078,222.58261108398438,202.587158203125,104.0628662109375,150.1757354736328
2025-08-15,118.25109100341797,200.4708251953125,242.02273559570312,286.7300109863281,97.7741470336914,109.44733428955078,289.461181640625,202.7001495361328,160.5819854736328,180.22549438476562,287.8187561035156,498.03936767578125,198.45379638671875,366.04437255859375,282.920166015625,108.47063446044922,183.29991149902344,304.1117248535156,754.239990234375,302.2371520996094,4006.909912109375,150.3518524169922,216.3420867919922,42.296085357666016,1111.7159423828125,477.20001220703125,148.07008361816406,64.40936279296875,404.1520080566406,97.02267456054688,29.442731857299805,82.99459075927734,393.1244812011719,70.67546081542969,291.16900634765625,64.85704040527344,35.81411361694336,214.95123291015625,68.55176544189453,66.90125274658203,150.2568359375,248.0,102.95999908447266,209.3852996826172,174.71238708496094,277.8681640625,52.601165771484375,89.65534973144531,303.20086669921875,763.935302734375,61.352630615234375,48.10334014892578,136.6999969482422,47.947784423828125,308.2518615722656,266.4966125488281,64.73239135742188,55.799495697021484,204.3265380859375,228.59214782714844,20.641103744506836,393.1225891113281,389.0364685058594,128.3173370361328,282.3163757324219,235.32199096679688,178.9130096435547,252.26429748535156,285.0370178222656,33.64732360839844,86.93370819091797,25.878942489624023,67.99433898925781,129.3455352783203,267.5549011230469,266.2339782714844,473.7034912109375,426.06829833984375,578.0975341796875,134.51463317871094,262.8743591308594,670.3217163085938,90.0907211303711,75.64952850341797,606.336181640625,149.59173583984375,159.22381591796875,142.20252990722656,516.0480346679688,1312.3399658203125,74.91427612304688,180.20997619628906,8235.0,245.48207092285156,101.54000091552734,86.10458374023438,133.79647827148438,144.67205810546875,23.903396606445312,74.88795471191406,151.06982421875,232.07208251953125,723.6707763671875,160.38156127929688,35.42544174194336,119.5130844116211,205.83999633789062,154.5916748046875,308.6724853515625,577.2466430664062,24.614259719848633,287.5086669921875,337.5055847167969,230.19705200195312,152.34071350097656,361.8101806640625,32.11283493041992,617.9099731445312,522.0826416015625,78.94522094726562,108.28175354003906,153.16534423828125,378.0608215332031,27.5699405670166,200.59896850585938,43.01744842529297,131.43490600585938,249.92056274414062,99.45886993408203,420.49578857421875,296.0804443359375,215.87814331054688,82.78668975830078,44.16939163208008,342.3717956542969,289.9955749511719,41.4112434387207,188.47459411621094,104.71487426757812,223.232177734375,200.40782165527344,104.16068267822266,151.20596313476562
2025-08-18,117.20944213867188,200.3544464111328,244.09996032714844,289.6499938964844,97.18104553222656,108.1866226196289,291.2312316894531,203.0040283203125,162.33912658691406,181.47760009765625,284.08111572265625,500.5638732910156,195.57501220703125,364.4086608886719,280.66046142578125,110.30810546875,181.0589141845703,303.5359802246094,791.6199951171875,303.8004150390625,4039.949951171875,149.63055419921875,219.42442321777344,42.36526107788086,1112.8031005859375,478.5199890136719,148.18882751464844,65.48284912109375,408.9587097167969,95.93498229980469,29.65049171447754,82.20436096191406,395.6146240234375,70.41152954101562,288.7129211425781,65.59182739257812,35.48870849609375,212.69798278808594,68.95507049560547,68.43238830566406,149.07627868652344,253.33999633789062,105.58000183105469,207.47935485839844,175.31607055664062,277.1260986328125,52.72437286376953,89.42866516113281,302.95599365234375,752.5347290039062,60.5106086730957,48.32968521118164,137.05999755859375,47.539588928222656,308.14373779296875,267.0936279296875,64.81151580810547,55.72021484375,203.70828247070312,228.8479766845703,20.84634017944336,390.96722412109375,384.4776916503906,127.53106689453125,283.1049499511719,235.0569305419922,175.6941680908203,252.8300018310547,286.0574951171875,33.52156066894531,87.96430969238281,25.451993942260742,67.22611236572266,128.83580017089844,267.66375732421875,267.5821533203125,472.1543884277344,429.0674133300781,580.5225219726562,133.7126922607422,263.9250793457031,668.46923828125,89.88734436035156,76.05061340332031,599.6221313476562,150.05313110351562,159.54750061035156,142.34999084472656,513.0023193359375,1311.3199462890625,75.36199188232422,181.76788330078125,8151.740234375,246.26319885253906,101.38999938964844,86.28185272216797,133.1383819580078,143.8544464111328,23.836841583251953,74.94583129882812,152.40084838867188,232.01576232910156,729.8570556640625,160.77725219726562,35.1249885559082,118.76860809326172,208.30999755859375,155.61997985839844,321.306396484375,571.6488037109375,24.700794219970703,286.56884765625,339.3368225097656,229.78184509277344,153.7346954345703,356.29962158203125,32.414588928222656,625.3300170898438,517.1477661132812,78.71196746826172,108.39874267578125,157.40037536621094,377.7638244628906,27.617687225341797,201.57862854003906,42.9302978515625,131.87095642089844,250.46038818359375,98.6394271850586,425.9080505371094,300.4435729980469,215.1936798095703,82.47209167480469,44.34249496459961,340.6523132324219,288.2652893066406,41.55165100097656,189.1222381591797,103.76876831054688,220.66336059570312,198.84976196289062,104.38565063476562,149.44969177246094
2025-08-19,119.15384674072266,199.98587036132812,250.7136688232422,289.239990234375,99.03813171386719,110.10212707519531,297.62921142578125,206.22914123535156,161.03866577148438,184.0414581298828,286.92559814453125,501.1875305175781,198.9640655517578,371.8789367675781,282.68646240234375,109.23542022705078,184.13665771484375,292.764892578125,758.2899780273438,302.8604736328125,4128.7998046875,151.95559692382812,221.49017333984375,42.4443244934082,1105.3101806640625,485.30999755859375,147.4861602783203,65.9654312133789,412.3779602050781,97.71915435791016,29.254756927490234,83.75556945800781,395.8704833984375,71.38906860351562,293.04833984375,65.40568542480469,36.01132583618164,214.8321075439453,69.7026596069336,69.21257781982422,147.5137939453125,248.3699951171875,105.5199966430664,210.64599609375,177.84957885742188,280.6683349609375,53.406768798828125,88.57124328613281,305.5808410644531,756.2599487304688,61.65882110595703,49.10713577270508,139.11000061035156,47.947784423828125,310.9148864746094,264.5863037109375,63.82233428955078,56.542694091796875,201.91342163085938,229.6842498779297,20.631328582763672,399.97613525390625,396.6539611816406,129.5458526611328,284.1498718261719,236.85337829589844,176.02000427246094,257.4336242675781,285.203857421875,34.0343017578125,87.23641204833984,25.616952896118164,68.19856262207031,131.6001434326172,272.8885803222656,267.8872375488281,473.5456237792969,429.5153503417969,581.8839721679688,135.9466552734375,264.44049072265625,674.166015625,87.06897735595703,77.00932312011719,604.52587890625,151.5059356689453,161.2246856689453,141.65191650390625,505.7304382324219,1322.5699462890625,74.8266830444336,175.4063720703125,8246.8896484375,231.9759979248047,103.05999755859375,87.24698638916016,134.531982421875,146.36505126953125,24.074542999267578,75.81391906738281,155.02371215820312,235.3491973876953,737.8177490234375,162.87139892578125,35.59990692138672,119.28609466552734,209.8699951171875,153.0247039794922,324.5214538574219,569.5272827148438,24.72964096069336,282.3048095703125,340.0198059082031,232.12484741210938,151.9156036376953,365.3150939941406,32.453529357910156,612.7899780273438,520.168701171875,80.32527160644531,108.3597412109375,156.63665771484375,386.0098571777344,27.674985885620117,201.27188110351562,42.785030364990234,133.41702270507812,253.4441375732422,96.67472839355469,425.8186950683594,296.3044128417969,218.8017578125,83.7018814086914,44.43865966796875,340.3641357421875,291.20880126953125,42.06648254394531,191.98182678222656,105.80728149414062,224.8856964111328,199.8753204345703,105.07034301757812,152.736572265625
2025-08-20,118.16180419921875,202.85679626464844,249.9004364013672,288.6300048828125,99.16453552246094,110.971923828125,299.2707214355469,209.40518188476562,159.78782653808594,182.19309997558594,287.79937744140625,500.3361511230469,201.7080841064453,373.0159606933594,284.7806091308594,107.91442108154297,183.33836364746094,289.0520935058594,760.8900146484375,305.1361389160156,4158.10009765625,152.8533935546875,223.69947814941406,42.345497131347656,1105.3004150390625,488.67999267578125,151.37570190429688,65.82754516601562,416.8377685546875,98.13895416259766,28.948062896728516,83.95069122314453,390.1028747558594,71.36951446533203,301.97772216796875,65.74858856201172,35.48870849609375,215.12989807128906,69.33869934082031,69.0662841796875,148.69776916503906,243.82000732421875,104.05000305175781,209.85183715820312,176.88961791992188,282.459228515625,53.03713607788086,85.31893157958984,303.6219787597656,763.6575317382812,61.69709396362305,48.75284957885742,139.9600067138672,47.828311920166016,311.9761657714844,265.09375,63.901466369628906,56.25532531738281,199.61997985839844,226.43748474121094,20.62155532836914,407.4156188964844,391.3353576660156,131.66879272460938,285.875,238.10006713867188,179.0117645263672,255.5609588623047,286.754150390625,34.0343017578125,87.4714126586914,25.78190803527832,68.75286865234375,127.74771881103516,275.1942443847656,271.7446594238281,475.95318603515625,434.28662109375,589.009521484375,135.90847778320312,261.2190246582031,700.0905151367188,90.28443145751953,77.31258392333984,597.4039306640625,151.90841674804688,163.5424041748047,141.70108032226562,501.7125549316406,1316.8800048828125,74.22325134277344,175.16668701171875,8031.97021484375,232.41104125976562,104.0,87.76895904541016,134.40618896484375,144.989501953125,24.131591796875,75.92967224121094,156.11004638671875,237.26473999023438,736.5686645507812,166.8087921142578,35.94883346557617,120.65304565429688,210.88999938964844,152.23141479492188,323.5874328613281,588.6814575195312,24.86425018310547,283.1655578613281,336.1693115234375,233.419921875,154.81231689453125,364.52081298828125,32.47299575805664,601.1300048828125,522.6080322265625,80.08231353759766,109.08116912841797,157.1028289794922,387.9204406738281,27.961477279663086,199.45103454589844,42.9884033203125,137.034423828125,254.2195587158203,97.61266326904297,423.3459167480469,292.0191955566406,220.66934204101562,82.88201904296875,44.6309928894043,341.8350830078125,284.6853332519531,42.17881393432617,192.15122985839844,106.2266845703125,226.40139770507812,196.50282287597656,106.15605926513672,153.80601501464844
2025-08-21,116.21741485595703,203.19627380371094,248.86183166503906,286.05999755859375,98.68810272216797,110.57122802734375,301.9801940917969,202.47470092773438,159.13076782226562,182.29244995117188,287.1295166015625,500.16790771484375,201.92950439453125,374.2825927734375,285.9007263183594,108.07333374023438,183.15565490722656,287.4934997558594,763.510009765625,304.9085998535156,4127.68994140625,150.88131713867188,226.51406860351562,42.94831466674805,1101.6666259765625,488.5899963378906,150.00991821289062,64.02527618408203,414.1618957519531,98.08171844482422,28.957956314086914,84.17507934570312,387.9867858886719,71.14468383789062,301.5202941894531,65.66040802001953,35.37037658691406,214.5144805908203,69.91907501220703,69.66118621826172,150.95901489257812,245.17999267578125,104.69000244140625,202.40676879882812,175.57337951660156,280.0746154785156,50.99943161010742,86.45232391357422,303.2302551269531,759.624267578125,61.496150970458984,48.35920715332031,140.0,47.54954528808594,311.0426025390625,267.3522644042969,64.18832397460938,55.997676849365234,200.04873657226562,225.8865203857422,20.797473907470703,401.5355224609375,387.4000244140625,130.91200256347656,290.2814025878906,235.0078582763672,176.9678955078125,254.56610107421875,285.9986572265625,34.053646087646484,86.86898040771484,26.024494171142578,68.71397399902344,126.59099578857422,273.6703186035156,271.7052917480469,474.32513427734375,435.45513916015625,588.2542724609375,134.61964416503906,260.6326599121094,703.1380615234375,88.23118591308594,77.51801300048828,597.5432739257812,151.54519653320312,162.6744842529297,141.62242126464844,501.06658935546875,1278.0,74.1453857421875,174.7472381591797,7953.89990234375,230.532470703125,102.87000274658203,86.2424545288086,133.95132446289062,143.30615234375,24.47388458251953,75.8814468383789,155.34666442871094,233.7622833251953,726.734130859375,168.3914794921875,35.5902214050293,121.51227569580078,211.9499969482422,150.94845581054688,319.566162109375,595.8033447265625,24.748868942260742,282.41363525390625,336.0703125,232.757568359375,154.54542541503906,361.27398681640625,32.911033630371094,598.1699829101562,518.3016967773438,78.84803009033203,109.53936767578125,153.33396911621094,380.95135498046875,28.11427116394043,198.2140655517578,42.678504943847656,136.28118896484375,253.38526916503906,97.13875579833984,419.3438415527344,295.43768310546875,220.29779052734375,82.12889862060547,44.40019226074219,341.5965270996094,286.6741943359375,42.150726318359375,190.71644592285156,105.80728149414062,225.988037109375,194.471435546875,106.84075164794922,152.67771911621094
2025-08-22,120.66175079345703,204.26318359375,253.98623657226562,290.2300109863281,99.1256332397461,111.4312515258789,299.7948303222656,201.46502685546875,161.7689971923828,185.78050231933594,287.4622497558594,511.74072265625,203.9995574951172,374.1130676269531,291.53070068359375,108.61961364746094,186.22377014160156,291.86151123046875,766.239990234375,315.78228759765625,4110.60986328125,153.2063446044922,226.91586303710938,44.233009338378906,1124.60595703125,489.0,146.57562255859375,66.72377014160156,431.78326416015625,99.02628326416016,30.966312408447266,83.84336853027344,397.9782409667969,71.47704315185547,290.9502258300781,65.95431518554688,34.09834671020508,213.99832153320312,71.18799591064453,69.53440856933594,153.51136779785156,247.32000732421875,109.0999984741211,210.24893188476562,181.17477416992188,280.7375793457031,52.69594192504883,89.9115982055664,310.0372314453125,773.671875,62.44343185424805,49.5893440246582,139.67999267578125,49.09271240234375,314.0692443847656,265.1833190917969,65.0588150024414,57.84081268310547,206.13137817382812,232.1144256591797,21.765026092529297,402.2407531738281,402.09918212890625,131.71791076660156,295.2497253417969,237.6485137939453,178.3896942138672,262.7687683105469,290.6790771484375,33.995601654052734,86.65887451171875,25.90805435180664,68.19856262207031,133.07052612304688,275.27337646484375,271.3707275390625,475.2723693847656,434.48138427734375,595.2506713867188,136.548095703125,272.1105651855469,686.6552734375,89.79048919677734,79.71912384033203,604.6552124023438,155.80552673339844,168.53289794921875,145.53561401367188,504.037841796875,1321.449951171875,76.28661346435547,177.75326538085938,8212.8095703125,233.70628356933594,102.30999755859375,87.23714447021484,136.2740020751953,143.94100952148438,24.606998443603516,77.85877990722656,155.2879638671875,234.0064239501953,745.8480224609375,165.74725341796875,35.764678955078125,126.87268829345703,215.0500030517578,154.74835205078125,338.8760070800781,587.157470703125,25.72959327697754,282.75,347.6217956542969,231.65032958984375,154.46630859375,370.279541015625,34.663177490234375,606.52001953125,522.2609252929688,80.5682373046875,112.5810546875,157.90621948242188,390.24676513671875,27.474441528320312,203.58676147460938,44.46040725708008,135.31985473632812,247.29013061523438,98.39261627197266,421.1711120605469,299.4014892578125,222.79115295410156,84.67427062988281,46.42930603027344,347.9078674316406,290.7712707519531,41.59844970703125,195.03074645996094,105.86579895019531,223.4388885498047,200.59519958496094,108.84590911865234,153.6686553955078
2025-08-25,118.20149230957031,201.304931640625,250.88021850585938,285.3399963378906,97.93944549560547,110.44417572021484,295.29547119140625,198.0928955078125,161.27122497558594,184.40916442871094,282.3240966796875,506.3651428222656,203.26780700683594,369.9640197753906,286.5339050292969,108.98710632324219,184.92535400390625,292.08984375,763.52001953125,312.4578552246094,4139.830078125,149.36199951171875,226.23086547851562,43.906898498535156,1113.76318359375,486.17999267578125,144.53680419921875,65.00028228759766,428.44329833984375,98.24392700195312,30.916847229003906,82.00923156738281,391.8448791503906,70.5972671508789,286.6744689941406,65.7779769897461,32.35300064086914,210.2958526611328,70.98143005371094,69.44662475585938,153.5308074951172,245.27999877929688,113.02999877929688,206.20870971679688,178.64126586914062,275.4241943359375,51.65339279174805,87.3984375,307.5397033691406,769.6484375,62.00328063964844,49.47125244140625,137.25999450683594,48.29623794555664,314.34442138671875,265.2629089355469,66.05789947509766,57.75162887573242,208.56442260742188,228.96604919433594,21.833438873291016,400.0555419921875,398.3099060058594,130.35179138183594,292.9725646972656,235.0373077392578,176.8790283203125,260.16461181640625,289.3642272949219,30.087173461914062,87.58193969726562,25.694578170776367,67.0316162109375,132.13929748535156,273.2250061035156,271.76434326171875,471.5031433105469,435.9614562988281,589.5363159179688,135.59341430664062,266.92315673828125,676.1578979492188,89.14159393310547,79.07347106933594,601.283203125,153.6951141357422,169.81503295898438,145.17181396484375,501.0865173339844,1289.780029296875,77.05552673339844,179.57083129882812,8126.7099609375,232.7571258544922,102.47000122070312,85.54322052001953,134.03842163085938,142.55587768554688,23.903396606445312,77.43437194824219,152.8216552734375,229.19879150390625,743.83544921875,161.5203094482422,35.38667678833008,126.46259307861328,214.35000610351562,153.19117736816406,339.1709899902344,570.1249389648438,25.623828887939453,284.32305908203125,346.4141540527344,229.57423400878906,154.4959716796875,364.3917236328125,34.702110290527344,597.0,517.5980834960938,79.39227294921875,112.02534484863281,162.65696716308594,386.9403991699219,27.445791244506836,203.7158660888672,44.28609085083008,134.28915405273438,247.08401489257812,97.2177505493164,416.72216796875,296.90826416015625,218.3617401123047,83.6446762084961,46.31391143798828,346.6952819824219,288.6829528808594,41.40188217163086,192.6095428466797,104.32472229003906,220.50588989257812,195.2110137939453,109.29584503173828,152.26560974121094
2025-08-26,117.3582534790039,202.090576171875,250.26295471191406,282.45001220703125,98.04637908935547,110.07279968261719,296.8578796386719,199.17117309570312,163.780029296875,185.61155700683594,283.4104309082031,511.7110595703125,199.7343292236328,368.02911376953125,286.3390808105469,109.15596008300781,184.67527770996094,295.8423156738281,769.02001953125,317.2070007324219,4180.169921875,148.9169464111328,226.31336975097656,43.92666244506836,1116.40771484375,492.2099914550781,145.97190856933594,65.4729995727539,427.41259765625,96.7364273071289,31.53023910522461,82.0872802734375,394.1794738769531,70.47017669677734,288.0666198730469,67.00260925292969,31.958568572998047,211.4175262451172,70.50926208496094,69.77820587158203,152.71559143066406,248.7899932861328,113.69000244140625,204.73956298828125,180.32369995117188,276.2751159667969,52.051456451416016,88.52197265625,303.6513366699219,769.0680541992188,61.69709396362305,49.16617965698242,137.8800048828125,48.29623794555664,316.59466552734375,272.5558776855469,66.67119598388672,58.26691818237305,207.3578643798828,228.8479766845703,21.383867263793945,399.2509765625,396.98516845703125,130.54833984375,294.61883544921875,238.17861938476562,176.48406982421875,259.67694091796875,292.96539306640625,28.007190704345703,88.43331146240234,25.830427169799805,66.83712005615234,130.63949584960938,275.5406188964844,273.2305908203125,475.5190734863281,443.4981689453125,587.9461059570312,136.1566619873047,266.1778564453125,677.761474609375,89.27717590332031,79.24955749511719,613.7564086914062,154.4051513671875,171.1267547607422,146.4696807861328,498.8804931640625,1284.77001953125,76.54940032958984,181.52822875976562,8068.25,231.57064819335938,103.18000030517578,86.30154418945312,133.59323120117188,141.4015655517578,23.6942195892334,77.69481658935547,152.64552307128906,231.0204315185547,754.9885864257812,160.85443115234375,35.39636993408203,126.82386779785156,212.5800018310547,155.88441467285156,347.7935485839844,585.334716796875,26.037273406982422,290.0710754394531,352.0562438964844,231.6602020263672,157.75851440429688,363.85552978515625,34.380882263183594,596.0,519.0924072265625,79.47974395751953,112.91251373291016,163.88682556152344,390.3556213378906,27.27389907836914,205.4835968017578,44.89619827270508,135.4586181640625,246.5540008544922,99.41938018798828,423.2366943359375,292.5937805175781,217.79461669921875,83.37774658203125,46.708194732666016,349.0408935546875,289.57794189453125,41.14914321899414,194.6322021484375,104.5197982788086,221.69679260253906,195.18141174316406,109.05130767822266,151.8731231689453
2025-08-27,117.74515533447266,201.79959106445312,251.92861938476562,285.95001220703125,98.11445617675781,110.326904296875,295.3943786621094,199.7887420654297,163.6605682373047,185.38302612304688,281.8347473144531,513.0672607421875,195.70977783203125,367.4007568359375,286.9429931640625,109.3843994140625,186.70468139648438,298.0660400390625,769.6799926757812,319.0473327636719,4205.41015625,149.9375,222.74356079101562,44.25277328491211,1108.4053955078125,495.7200012207031,147.70387268066406,66.5661849975586,428.8100280761719,95.55335235595703,31.99522590637207,82.38971710205078,397.087890625,70.58748626708984,288.9217529296875,67.05160522460938,32.08675765991211,211.62594604492188,71.12898254394531,70.14879608154297,154.5401153564453,245.64999389648438,116.7300033569336,203.4987335205078,180.81851196289062,277.42291259765625,52.487430572509766,91.27165222167969,303.4358825683594,777.6953735351562,62.32860565185547,49.40236282348633,137.97999572753906,48.35597610473633,319.8178405761719,271.9688720703125,66.52281951904297,58.217369079589844,207.6171417236328,231.730712890625,21.79434585571289,402.3201599121094,397.6669921875,130.78424072265625,293.03173828125,240.34803771972656,175.062255859375,260.25238037109375,293.6620178222656,28.75211524963379,88.5119857788086,26.034196853637695,66.93437194824219,130.69830322265625,276.3816833496094,272.3449401855469,476.2985534667969,442.5342102050781,587.0020751953125,137.8751220703125,267.98651123046875,680.7392578125,89.15127563476562,79.34737396240234,613.3585815429688,154.36569213867188,175.44659423828125,146.87278747558594,503.5508728027344,1285.239990234375,75.97516632080078,181.35845947265625,8033.81982421875,233.15260314941406,104.05000305175781,86.39019012451172,134.18359375,142.01719665527344,23.836841583251953,77.97451782226562,153.61441040039062,229.76217651367188,761.482177734375,158.45147705078125,35.493289947509766,129.4894256591797,216.52999877929688,156.47203063964844,353.0339660644531,584.6475219726562,26.35456657409668,291.4957275390625,345.6519775390625,232.22369384765625,158.0254364013672,364.7888488769531,35.02333450317383,603.1699829101562,516.7897338867188,79.94624328613281,111.99610900878906,165.87046813964844,389.1875305175781,27.751380920410156,206.13905334472656,45.30293655395508,136.0037078857422,246.71102905273438,99.6958236694336,421.25054931640625,295.95379638671875,216.0443572998047,83.75907897949219,46.890907287597656,348.2159729003906,289.5282287597656,41.43932342529297,194.6122589111328,105.02698516845703,222.2676544189453,189.5014190673828,110.28375244140625,152.4422149658203
2025-08-28,123.96524047851562,201.663818359375,250.99781799316406,288.489990234375,96.97686004638672,109.24210357666016,296.2843322753906,199.73971557617188,164.53668212890625,185.5618896484375,279.5250244140625,511.4536437988281,195.02618408203125,365.5755920410156,287.36181640625,111.18214416503906,187.17596435546875,306.4049072265625,781.9000244140625,323.5293884277344,4197.08984375,146.75306701660156,224.18377685546875,45.033470153808594,1107.27880859375,499.8599853515625,147.97109985351562,65.1677017211914,431.0300598144531,93.25396728515625,32.14363098144531,81.38484954833984,397.6023254394531,69.6099624633789,288.2555236816406,68.02151489257812,32.20508575439453,206.78199768066406,70.54861450195312,70.35359954833984,154.6177520751953,247.3300018310547,118.13999938964844,203.7865753173828,179.71011352539062,276.0772705078125,51.86190414428711,90.44377899169922,304.0235595703125,773.5538940429688,62.47213363647461,49.38268280029297,137.64999389648438,47.79844284057617,319.2773742675781,274.60546875,68.18465423583984,57.9597282409668,211.76527404785156,237.16168212890625,22.11686134338379,404.53515625,396.8974914550781,129.94883728027344,293.6527404785156,241.22174072265625,174.90426635742188,259.1990051269531,295.4184265136719,28.336118698120117,89.02082061767578,26.208860397338867,66.47731018066406,130.50225830078125,273.1177062988281,272.6204528808594,475.7459716796875,444.19927978515625,586.8231811523438,137.59825134277344,268.5628356933594,678.2593994140625,89.06410217285156,79.04412078857422,609.0317993164062,155.38145446777344,176.83724975585938,147.6593475341797,506.4326477050781,1283.1099853515625,75.83890533447266,179.93035888671875,8074.7998046875,237.61178588867188,103.98999786376953,84.94246673583984,134.25132751464844,141.38232421875,23.38996124267578,77.37651062011719,152.3323211669922,231.09555053710938,760.2330322265625,159.97625732421875,35.43513870239258,129.6944580078125,215.02999877929688,157.48077392578125,359.6901550292969,577.3263549804688,26.277645111083984,294.4636535644531,345.58270263671875,230.44422912597656,158.83615112304688,363.5775146484375,35.51003646850586,612.1699829101562,514.6093139648438,79.1493148803711,112.3470687866211,170.96836853027344,385.7425842285156,27.63678741455078,206.6057891845703,45.3126220703125,135.89468383789062,245.92584228515625,101.30509185791016,421.55841064453125,294.4052734375,217.4132843017578,83.19660949707031,46.804359436035156,347.72894287109375,289.5381774902344,41.121063232421875,194.47274780273438,103.69073486328125,221.03736877441406,185.448486328125,110.8706283569336,151.8731231689453
2025-08-29,124.65966796875,204.06919860839844,254.72108459472656,314.70001220703125,97.01576232910156,108.49935913085938,299.3794860839844,200.41946411132812,160.0466766357422,183.64395141601562,281.5802917480469,509.6518859863281,196.26821899414062,366.03436279296875,286.4754333496094,108.12300109863281,188.3686065673828,295.22686767578125,747.2899780273438,327.7740173339844,4198.52978515625,148.08053588867188,222.0839385986328,44.865474700927734,1104.0074462890625,502.9800109863281,147.2486114501953,64.21238708496094,415.3016357421875,94.58970642089844,31.550024032592773,82.01899719238281,394.15972900390625,69.96186828613281,289.9658203125,67.68840789794922,32.18528747558594,208.4793701171875,71.06996154785156,71.33859252929688,155.85997009277344,245.25,119.62999725341797,204.31272888183594,177.51669311523438,274.1181640625,53.19825744628906,90.40438079833984,312.093994140625,773.396484375,63.266319274902344,48.870948791503906,138.17999267578125,47.649105072021484,318.9432678222656,273.80950927734375,66.57563018798828,58.05882263183594,212.9219970703125,237.91925048828125,22.2145938873291,401.237548828125,396.2350769042969,130.0372772216797,299.3406982421875,239.0228271484375,174.37107849121094,258.1261291503906,295.7618408203125,28.14263153076172,86.83013916015625,26.17974853515625,67.08995819091797,130.51205444335938,275.79632568359375,273.1911926269531,471.9372863769531,443.6637268066406,591.6033935546875,139.21168518066406,266.1877746582031,683.8565673828125,89.88734436035156,79.59194946289062,613.119873046875,153.37953186035156,177.2416229248047,147.95433044433594,503.501220703125,1301.0400390625,75.30359649658203,173.94830322265625,8117.64990234375,223.58169555664062,103.68000030517578,85.07049560546875,134.96751403808594,142.9886932373047,23.542089462280273,77.65623474121094,153.69268798828125,231.9875946044922,752.8074951171875,161.28872680664062,35.3479118347168,130.4267578125,213.5,157.41221618652344,357.11419677734375,578.4121704101562,26.335336685180664,293.76123046875,339.94061279296875,231.30430603027344,156.79953002929688,363.2300109863281,35.86046600341797,603.52001953125,515.44580078125,80.23780822753906,112.08384704589844,166.0291290283203,387.4650573730469,27.971027374267578,205.076416015625,45.341670989990234,135.38925170898438,248.2011260986328,100.5251235961914,412.7200927734375,301.7875671386719,219.971435546875,83.35868835449219,46.95823287963867,349.6372985839844,289.5381774902344,41.40188217163086,192.7988739013672,103.88581848144531,222.81881713867188,185.5767059326172,111.79006958007812,153.4528045654297
2025-09-02,124.2132568359375,205.54345703125,250.99781799316406,319.1600036621094,96.9574203491211,107.5904769897461,299.2015075683594,200.3110809326172,156.87083435058594,183.6538848876953,280.8071594238281,507.68182373046875,193.03318786621094,370.9813232421875,284.60528564453125,108.51036071777344,181.79949951171875,296.0706787109375,743.5900268554688,327.675048828125,4179.83984375,144.3743133544922,218.3752899169922,44.82594680786133,1091.8914794921875,501.1400146484375,148.0106964111328,62.538143157958984,412.3382568359375,93.5974349975586,30.82780647277832,82.33118438720703,390.98419189453125,69.56108856201172,293.18756103515625,66.42459106445312,31.868484497070312,203.99273681640625,70.60762786865234,72.25531005859375,157.05364990234375,244.10000610351562,122.87999725341797,202.29757690429688,174.44992065429688,271.8918762207031,52.876014709472656,89.82066345214844,315.69830322265625,759.0045776367188,61.247379302978516,48.40841293334961,136.77999877929688,47.151309967041016,318.76641845703125,273.99853515625,68.00587463378906,57.999366760253906,211.3863983154297,230.5106964111328,22.175504684448242,403.4028625488281,395.7869873046875,130.15570068359375,305.649658203125,237.0693359375,172.88011169433594,255.7950439453125,294.07415771484375,27.968494415283203,84.2760238647461,25.946866989135742,67.15802764892578,130.06112670898438,271.61956787109375,270.7310791015625,467.8424072265625,443.8304748535156,588.20458984375,135.8511962890625,262.8288879394531,689.6400146484375,90.3909683227539,78.80933380126953,613.9266967773438,152.13694763183594,177.67556762695312,146.35169982910156,501.9410705566406,1276.0,72.6816177368164,170.55284118652344,8169.85009765625,222.76104736328125,103.19000244140625,84.46974182128906,131.5802459716797,144.556640625,23.75126838684082,77.10643768310547,154.62246704101562,230.86080932617188,745.2352294921875,161.5492706298828,35.299442291259766,130.6806182861328,212.63999938964844,155.50247192382812,348.1278076171875,575.6231079101562,26.107175827026367,307.70086669921875,334.4073791503906,230.4639892578125,156.21621704101562,358.35491943359375,34.94546127319336,592.010009765625,507.1752014160156,80.55851745605469,110.41678619384766,169.10374450683594,386.0098571777344,27.770483016967773,203.1497802734375,44.95429992675781,137.33175659179688,252.04246520996094,101.48280334472656,408.0824279785156,300.7454528808594,218.41685485839844,81.25183868408203,46.66011047363281,347.93768310546875,290.8607482910156,40.99937438964844,191.92205810546875,103.40788269042969,222.1692352294922,189.29434204101562,112.18132019042969,149.9991455078125
2025-09-03,124.2231674194336,205.48524475097656,249.0186004638672,317.510009765625,97.1518783569336,107.5318374633789,300.3189697265625,201.52279663085938,155.55670166015625,183.19677734375,277.80255126953125,502.1181335449219,188.96051025390625,373.0159606933594,283.7189025878906,109.94061279296875,183.7711944580078,300.19049072265625,725.2899780273438,320.2840881347656,4189.47998046875,145.49462890625,221.44532775878906,44.470184326171875,1076.925048828125,501.489990234375,149.0102996826172,61.523746490478516,411.4165954589844,92.61470031738281,30.99599266052246,81.76533508300781,387.91748046875,69.9129867553711,293.4759216308594,66.2972183227539,31.957584381103516,204.0919952392578,70.64698028564453,71.50438690185547,153.39492797851562,248.8300018310547,123.66999816894531,197.97943115234375,173.417724609375,270.34832763671875,52.4589958190918,90.94849395751953,314.9735412597656,749.8164672851562,61.87889099121094,48.73316955566406,136.77000427246094,46.82276153564453,317.2137756347656,274.5357666015625,68.8699722290039,57.226436614990234,230.44195556640625,233.08847045898438,21.259729385375977,404.8629150390625,397.1507568359375,131.3791961669922,307.5423278808594,239.62164306640625,172.91964721679688,254.8099822998047,293.8877258300781,28.14263153076172,84.03205871582031,25.937162399291992,67.08995819091797,131.43350219726562,271.6791076660156,268.7531433105469,465.5137634277344,440.4563903808594,589.6058349609375,136.910888671875,263.4151916503906,688.8622436523438,89.34497833251953,78.81912231445312,608.7672729492188,149.89833068847656,176.54136657714844,146.0370635986328,502.1696472167969,1268.5999755859375,73.12186431884766,170.39306640625,8190.22998046875,220.931884765625,103.83999633789062,84.37125396728516,131.26087951660156,142.97911071777344,23.570613861083984,77.33792877197266,154.79861450195312,231.66835021972656,743.843994140625,157.51536560058594,35.1056022644043,127.44876098632812,212.24000549316406,154.03343200683594,349.0323486328125,561.5786743164062,26.155723571777344,310.015869140625,335.21905517578125,229.8411865234375,156.31507873535156,360.44989013671875,34.34202575683594,592.1199951171875,506.79925537109375,79.9170913696289,110.16329193115234,174.8760986328125,384.643798828125,27.732284545898438,204.55999755859375,44.944618225097656,138.2236785888672,248.8610382080078,103.1019515991211,405.4806213378906,299.8494873046875,218.19056701660156,81.30902862548828,46.67934799194336,348.7327880859375,286.44549560546875,40.94321060180664,190.5570068359375,104.25645446777344,220.87005615234375,189.46197509765625,109.4621353149414,149.5576171875
2025-09-04,127.45721435546875,206.59095764160156,247.83302307128906,319.92999267578125,98.08528137207031,106.17340087890625,296.8776550292969,205.22679138183594,157.53785705566406,186.69476318359375,274.1324157714844,506.77105712890625,187.83401489257812,372.5072937011719,282.44293212890625,111.98666381835938,185.35816955566406,303.8735046386719,730.1599731445312,327.150634765625,4232.9599609375,146.76072692871094,221.56076049804688,45.77464294433594,1086.0047607421875,506.9100036621094,147.80284118652344,62.57754135131836,416.4710998535156,91.07860565185547,31.421409606933594,81.62875366210938,396.6229553222656,69.93254089355469,291.0496826171875,66.61073303222656,32.33378982543945,205.3129119873047,70.28302001953125,71.86521911621094,153.03585815429688,248.77999877929688,123.91000366210938,197.5724334716797,177.0204620361328,272.040283203125,51.81451416015625,86.52620697021484,301.7121276855469,755.43359375,62.759178161621094,49.47125244140625,136.17999267578125,47.37034225463867,316.85015869140625,280.84375,69.24739837646484,57.6228141784668,231.9975128173828,233.8263702392578,22.126266479492188,408.8161315917969,403.3028259277344,132.90858459472656,307.56207275390625,242.64512634277344,172.31735229492188,259.1210021972656,298.1168212890625,28.29741859436035,86.95860290527344,25.917755126953125,66.37034606933594,135.34474182128906,273.05816650390625,268.6350402832031,467.60235595703125,448.0971374511719,591.951171875,137.47413635253906,267.1716003417969,689.4705200195312,89.92608642578125,79.97347259521484,616.50634765625,153.3696746826172,176.52163696289062,148.00347900390625,504.7731628417969,1287.7900390625,73.71866607666016,171.4316864013672,8407.76953125,220.4869842529297,105.04000091552734,85.18868255615234,132.8964385986328,141.29576110839844,23.332914352416992,79.18858337402344,155.79689025878906,233.81861877441406,752.2212524414062,155.51771545410156,35.37698745727539,128.47396850585938,213.25,157.30340576171875,354.0072937011719,564.9852294921875,26.563493728637695,317.3270263671875,338.38653564453125,231.1856689453125,156.87860107421875,363.1803894042969,35.33303451538086,601.9600219726562,507.7579040527344,79.8101806640625,111.19669342041016,182.47335815429688,390.36553955078125,28.24796485900879,207.1023406982422,45.583778381347656,139.7598419189453,248.3291473388672,104.47427368164062,410.28704833984375,302.2842712402344,219.46963500976562,80.5368423461914,47.28519058227539,348.8520812988281,290.7016296386719,41.355079650878906,193.07786560058594,104.83191680908203,221.4015350341797,200.09228515625,109.94142150878906,150.3131103515625
2025-09-05,127.72508239746094,206.1641845703125,249.8024444580078,326.3699951171875,97.84220123291016,105.65542602539062,296.49114990234375,198.52806091308594,162.02784729003906,186.27735900878906,277.5970153808594,484.377685546875,190.9438934326172,369.5650634765625,282.3357849121094,109.70223236083984,187.94540405273438,332.4540710449219,728.4099731445312,322.767578125,4219.41015625,147.62782287597656,218.7611846923828,45.043357849121094,1081.6746826171875,499.7699890136719,148.0205841064453,64.5177001953125,419.3055725097656,91.7369384765625,31.233434677124023,83.05313873291016,395.5545654296875,69.94232940673828,290.8507995605469,65.5428466796875,32.20508575439453,202.9901885986328,70.64698028564453,71.95298767089844,149.12478637695312,246.85000610351562,120.4000015258789,198.7438201904297,176.4150390625,270.6748352050781,51.60600280761719,88.24764251708984,307.1871337890625,761.090087890625,63.92652893066406,47.22748565673828,135.0500030517578,47.6590576171875,317.2628479003906,277.81915283203125,70.70743560791016,57.891056060791016,234.5003662109375,233.56069946289062,21.76192855834961,417.9342346191406,410.4149475097656,129.91888427734375,303.5400695800781,243.97035217285156,172.07049560546875,259.67694091796875,288.85400390625,27.716960906982422,90.12511444091797,25.801315307617188,66.08831787109375,139.0795440673828,276.47100830078125,269.2281188964844,464.7614440917969,455.0120544433594,580.6019287109375,138.8107147216797,263.0475158691406,685.43212890625,89.97451782226562,77.78215026855469,620.1617431640625,153.1527099609375,177.8037872314453,145.60443115234375,491.8847961425781,1305.7099609375,72.30984497070312,166.79786682128906,8502.0,230.17652893066406,104.83999633789062,85.68109893798828,131.07699584960938,142.19229125976562,23.656185150146484,77.90287017822266,156.6091766357422,228.9828338623047,753.8111572265625,155.9037628173828,34.85359573364258,128.44467163085938,213.89999389648438,157.4314422607422,346.3482360839844,571.1209106445312,26.24310302734375,308.690185546875,336.3078918457031,227.11260986328125,155.7317657470703,369.7831115722656,35.1466064453125,598.1400146484375,505.69024658203125,78.8285903930664,110.11454772949219,186.619140625,388.3559875488281,28.257516860961914,207.3009796142578,45.051143646240234,138.01556396484375,248.95953369140625,103.24539947509766,411.8995056152344,307.16357421875,216.76390075683594,81.07070922851562,46.929378509521484,341.1294250488281,293.1678466796875,41.54228973388672,192.48001098632812,105.13428497314453,216.58865356445312,199.6090850830078,106.84075164794922,150.4308624267578
2025-09-08,127.1100082397461,203.4775390625,250.40992736816406,326.7900085449219,97.21993255615234,105.10813903808594,296.43170166015625,197.32623291015625,161.33094787597656,187.48976135253906,274.22052001953125,487.5060119628906,186.43795776367188,369.0364685058594,281.41046142578125,109.79161834716797,187.04132080078125,343.13580322265625,740.6099853515625,321.9660949707031,4242.8798828125,147.80526733398438,221.30010986328125,45.1026496887207,1087.3529052734375,493.7799987792969,148.73318481445312,64.6161880493164,419.0082702636719,89.57112121582031,31.223541259765625,82.13606262207031,393.1308898925781,69.10163879394531,296.1805725097656,65.52324676513672,32.1060905456543,201.28289794921875,70.02727508544922,68.52015686035156,149.4547576904297,250.60000610351562,117.16999816894531,197.1753692626953,176.6631622314453,272.44598388671875,50.51606750488281,87.90137481689453,301.81982421875,753.0530395507812,63.524662017822266,47.42430114746094,135.2100067138672,47.768577575683594,317.12530517578125,274.65521240234375,71.66091918945312,57.82150650024414,233.70193481445312,235.64649963378906,21.43697738647461,415.2822570800781,411.3847351074219,128.90257263183594,305.965087890625,251.39166259765625,171.6952667236328,260.1060791015625,287.41162109375,26.730175018310547,90.51246643066406,25.694578170776367,65.57292938232422,139.58926391601562,275.0224914550781,270.7107238769531,469.8196105957031,450.3138122558594,582.9671630859375,138.0946807861328,266.396484375,694.9846801757812,90.06167602539062,77.87020111083984,624.5941162109375,151.87069702148438,178.70127868652344,146.29269409179688,495.06463623046875,1314.6500244140625,72.5446548461914,168.08612060546875,8543.0,235.79251098632812,106.4000015258789,86.04548645019531,131.0673065185547,137.64649963378906,23.342418670654297,77.6398696899414,155.62071228027344,230.93592834472656,755.4210815429688,157.03285217285156,34.55314254760742,127.13631439208984,212.72999572753906,157.82542419433594,345.1585998535156,556.2398071289062,26.252811431884766,305.69256591796875,341.16802978515625,225.5308380126953,152.46922302246094,372.5632019042969,35.10736083984375,609.0800170898438,513.0303955078125,77.17640686035156,108.84719848632812,187.69027709960938,389.14788818359375,27.598587036132812,206.43698120117188,44.557247161865234,139.58145141601562,239.24777221679688,103.87965393066406,412.994384765625,311.8968200683594,213.7629852294922,80.38431549072266,46.78512954711914,340.2149963378906,297.2449951171875,40.55006790161133,190.23817443847656,104.71487426757812,215.5946044921875,200.43740844726562,107.44718933105469,148.89044189453125
2025-09-09,125.2449722290039,204.08859252929688,246.90220642089844,325.19000244140625,97.14159393310547,105.8997573852539,295.8172912597656,197.13905334472656,162.77452087402344,186.3071746826172,274.00518798828125,488.3970031738281,187.36224365234375,365.416015625,279.6864013671875,115.99931335449219,187.7819061279297,334.2211608886719,731.97998046875,320.90740966796875,4291.1201171875,146.9643096923828,221.38475036621094,44.914886474609375,1088.091064453125,492.7200012207031,149.38638305664062,62.508602142333984,414.360107421875,90.16266632080078,31.233434677124023,82.223876953125,390.53900146484375,69.31670379638672,296.9859924316406,65.97391510009766,31.878385543823242,200.57814025878906,69.62396240234375,69.97325897216797,150.27967834472656,256.5299987792969,115.41000366210938,192.90684509277344,173.3680877685547,267.805419921875,51.90929412841797,87.75297546386719,308.60723876953125,766.8546752929688,63.744728088378906,47.138912200927734,136.41000366210938,47.4997673034668,315.7593994140625,274.84423828125,71.8992919921875,57.63274002075195,239.4706268310547,234.65281677246094,21.417282104492188,410.6139221191406,406.87841796875,129.0999298095703,269.1365051269531,254.35623168945312,171.2707061767578,255.7169952392578,292.25885009765625,26.71082878112793,91.38375091552734,25.84983253479004,65.99108123779297,134.73695373535156,275.9154357910156,267.5675964355469,468.6416931152344,448.3031005859375,580.38330078125,138.83934020996094,262.35186767578125,703.5300903320312,91.107666015625,77.56694030761719,611.7752685546875,150.96340942382812,180.6639404296875,149.6651153564453,495.2733459472656,1285.31005859375,72.00656127929688,170.53285217285156,8276.25,238.7883758544922,106.91999816894531,86.67578887939453,130.08016967773438,138.9966278076172,23.494548797607422,77.99052429199219,156.06114196777344,228.41941833496094,750.5120239257812,158.9822540283203,34.63067626953125,129.16720581054688,204.02999877929688,156.2692108154297,339.5052795410156,554.3373413085938,26.039213180541992,306.4840087890625,339.4654846191406,226.46014404296875,150.02728271484375,358.8116455078125,35.10736083984375,604.3699951171875,514.7597045898438,78.0608139038086,109.23714447021484,190.0210418701172,388.80145263671875,28.095172882080078,207.2115936279297,43.859981536865234,138.71922302246094,239.07049560546875,104.23641967773438,407.5001220703125,338.8451232910156,212.57247924804688,80.4605712890625,47.47753143310547,341.89471435546875,290.81103515625,40.784080505371094,189.371337890625,104.90994262695312,215.70286560058594,199.82601928710938,108.22969055175781,146.96737670898438
2025-09-10,123.13192749023438,205.27188110351562,238.20150756835938,323.79998779296875,97.22972869873047,105.88019561767578,290.5450744628906,197.05039978027344,162.69488525390625,186.23764038085938,272.5762939453125,487.0704345703125,186.55348205566406,361.41656494140625,280.03704833984375,118.28372955322266,185.28123474121094,366.8818054199219,747.5499877929688,319.92791748046875,4252.89990234375,145.37501525878906,217.5298614501953,46.367576599121094,1085.355224609375,490.0799865722656,147.75335693359375,61.55329132080078,419.1370849609375,89.71424102783203,31.02567481994629,81.17021179199219,400.91632080078125,69.61973571777344,294.6492919921875,66.74788665771484,31.729883193969727,199.9130859375,68.03042602539062,72.1382827758789,153.1328887939453,257.42999267578125,114.12999725341797,191.17958068847656,174.3208770751953,266.2519836425781,52.66750717163086,86.49653625488281,302.0782165527344,767.8974609375,63.01753234863281,47.207801818847656,132.13999938964844,47.539588928222656,317.4495544433594,281.9779968261719,74.42208862304688,56.967098236083984,239.09136962890625,232.15377807617188,22.25428009033203,391.7022399902344,404.8114318847656,129.49459838867188,269.68853759765625,252.16717529296875,170.05624389648438,256.077880859375,294.8984069824219,26.54636573791504,92.867431640625,26.567882537841797,65.95217895507812,133.88417053222656,270.7862243652344,272.4403991699219,467.9091796875,454.9826354980469,575.7919311523438,135.04925537109375,260.7817687988281,704.2281494140625,89.41277313232422,77.50824737548828,614.2752685546875,151.44664001464844,179.1944122314453,151.53321838378906,497.2209777832031,1252.8699951171875,72.6424789428711,177.09413146972656,8335.8896484375,324.6299743652344,105.11000061035156,86.30154418945312,128.78334045410156,138.56924438476562,23.361434936523438,77.99052429199219,153.99610900878906,231.37725830078125,760.4891967773438,159.5323486328125,34.9559211730957,128.31773376464844,204.5,156.55484008789062,335.7593078613281,553.64013671875,26.252811431884766,309.2442321777344,335.941650390625,225.90650939941406,153.24038696289062,354.9095764160156,35.480220794677734,387.7799987792969,507.41015625,79.70328521728516,107.98928833007812,191.4591522216797,379.1101379394531,27.885080337524414,208.89988708496094,43.69534683227539,138.61021423339844,236.7656707763672,104.3553466796875,415.37322998046875,337.73486328125,211.72630310058594,79.93624877929688,47.31404113769531,336.06048583984375,292.7899169921875,40.709197998046875,188.9030303955078,106.69485473632812,214.25604248046875,199.85562133789062,110.03922271728516,146.60433959960938
2025-09-11,125.72114562988281,213.59371948242188,239.22048950195312,324.5199890136719,98.22856140136719,106.2711181640625,297.9082946777344,199.4540557861328,169.39500427246094,190.82875061035156,276.7063903808594,495.9505615234375,189.23973083496094,371.27056884765625,286.8747863769531,118.66116333007812,189.31117248535156,357.0141296386719,751.1099853515625,325.834716796875,4354.5400390625,147.01832580566406,218.45126342773438,46.4169921875,1116.1478271484375,496.9100036621094,150.900634765625,61.356319427490234,427.5315246582031,91.19309997558594,32.123844146728516,82.00923156738281,406.6144714355469,70.05962371826172,301.09271240234375,66.31681823730469,32.52189636230469,202.9901885986328,69.3977279663086,72.8209457397461,153.57931518554688,260.19000244140625,117.87000274658203,193.7307891845703,176.7624053955078,271.9809265136719,53.2835578918457,85.8831558227539,310.09429931640625,784.5027465820312,64.0030746459961,46.577972412109375,135.6999969482422,49.3515739440918,323.9056701660156,280.1373596191406,74.95842742919922,58.32819366455078,240.30897521972656,237.28955078125,21.968713760375977,400.135009765625,414.7938232421875,131.44827270507812,274.75543212890625,252.29478454589844,173.94650268554688,259.8037109375,299.8241271972656,26.69148063659668,95.52112579345703,26.752248764038086,65.7576904296875,137.32484436035156,277.5127258300781,277.3724670410156,478.6888122558594,461.7112121582031,585.0840454101562,137.56007385253906,266.2673034667969,717.7393188476562,91.28199768066406,78.5941162109375,628.6079711914062,157.2650604248047,179.80589294433594,153.85362243652344,497.8569641113281,1282.719970703125,72.72074890136719,176.9443359375,8532.98046875,304.3906555175781,107.81999969482422,88.02501678466797,131.09634399414062,140.09422302246094,23.637170791625977,79.94832611083984,155.2488250732422,233.62142944335938,764.8516845703125,162.03179931640625,35.1414909362793,129.3917694091797,207.02999877929688,159.07627868652344,344.3425598144531,565.9613647460938,26.252811431884766,312.9740295410156,346.9783630371094,229.56436157226562,155.86029052734375,366.0597839355469,35.352657318115234,438.1000061035156,517.739013671875,81.12220764160156,110.10481262207031,195.1982879638672,384.8714599609375,28.16202163696289,210.9357452392578,43.869667053222656,139.57154846191406,237.76048278808594,105.91127014160156,412.9446105957031,344.38665771484375,212.5626220703125,80.69891357421875,47.429447174072266,341.3977355957031,299.9697570800781,41.3176383972168,191.48362731933594,107.0167236328125,217.02174377441406,200.69381713867188,109.68709564208984,147.7719268798828
2025-09-12,122.25891876220703,211.77027893066406,233.7237548828125,319.04998779296875,98.6986083984375,106.97477722167969,294.6082458496094,197.40505981445312,167.05545043945312,188.7418670654297,270.50146484375,492.09954833984375,187.82440185546875,370.97137451171875,285.21893310546875,117.87651062011719,187.69534301757812,357.25238037109375,756.1300048828125,321.8671875,4322.14990234375,144.14833068847656,216.87466430664062,45.94264221191406,1105.549072265625,493.739990234375,150.67298889160156,60.735862731933594,427.6702880859375,91.0118179321289,31.174076080322266,81.2482681274414,405.86260986328125,70.06939697265625,300.8143005371094,65.18035125732422,32.14569091796875,200.87591552734375,68.0402603149414,73.12327575683594,152.4729766845703,257.9800109863281,118.5,188.65818786621094,171.68084716796875,269.7447814941406,53.26460266113281,82.75689697265625,307.011962890625,775.777099609375,63.572509765625,46.69606018066406,134.32000732421875,48.67374801635742,320.495849609375,280.2666931152344,76.51777648925781,58.11955642700195,240.90782165527344,235.11695861816406,21.889938354492188,402.399658203125,414.0787048339844,130.757568359375,272.5079040527344,248.790283203125,171.77427673339844,256.867919921875,301.1488037109375,26.343202590942383,95.99311828613281,26.761951446533203,65.16448974609375,134.56053161621094,275.7567138671875,275.9590759277344,477.154541015625,462.2801208496094,576.8154907226562,135.75570678710938,264.8362731933594,709.38330078125,91.06891632080078,79.06368255615234,613.40869140625,155.6871795654297,177.8037872314453,153.76512145996094,506.6910095214844,1259.5400390625,71.41954040527344,177.59349060058594,8414.8203125,288.8873291015625,107.5,87.7098617553711,130.75762939453125,139.414306640625,22.69586753845215,80.55221557617188,154.53436279296875,233.13316345214844,754.0298461914062,160.3043670654297,35.317291259765625,127.6928482055664,205.11000061035156,159.39146423339844,330.76470947265625,557.793701171875,26.36931610107422,311.77691650390625,341.42535400390625,225.87686157226562,154.0807342529297,357.540771484375,34.90130615234375,425.45001220703125,511.489013671875,81.57899475097656,109.61735534667969,194.385009765625,379.4764099121094,28.23841667175293,208.37353515625,43.772823333740234,138.23361206054688,238.0855255126953,105.51485443115234,398.9004211425781,343.3153381347656,211.45082092285156,80.41291046142578,47.246734619140625,337.36248779296875,293.297119140625,41.158504486083984,188.1358184814453,107.79700469970703,215.5250244140625,194.21502685546875,109.7066650390625,145.40733337402344
2025-09-15,124.62989807128906,211.062255859375,233.06729125976562,321.07000732421875,98.38524627685547,106.6229476928711,286.799072265625,193.95718383789062,170.1715545654297,188.68212890625,268.5538635253906,482.7640075683594,185.34036254882812,362.8427734375,282.00457763671875,118.43272399902344,185.47357177734375,361.4416809082031,760.7899780273438,323.79656982421875,4233.2998046875,143.29965209960938,220.907958984375,45.735111236572266,1097.380859375,491.5400085449219,148.72328186035156,60.3123779296875,432.0508728027344,90.28142547607422,30.906953811645508,80.1263198852539,409.75042724609375,69.97164154052734,289.7569885253906,65.66040802001953,32.17538833618164,198.23556518554688,67.46973419189453,71.64090728759766,152.6670684814453,258.0899963378906,118.66000366210938,187.1592559814453,170.64866638183594,267.75592041015625,52.942359924316406,86.46686553955078,302.2358093261719,778.7970581054688,62.46256637573242,47.001136779785156,132.64999389648438,48.40460968017578,321.3114929199219,285.33099365234375,77.45140838623047,58.56663131713867,251.2675018310547,232.8949737548828,21.4566707611084,400.452880859375,414.0982971191406,129.71168518066406,271.5024108886719,251.53890991210938,170.05624389648438,257.3653564453125,303.1014404296875,25.87883758544922,98.4715576171875,26.548477172851562,64.88031768798828,131.12962341308594,273.226806640625,278.61785888671875,471.89837646484375,464.18292236328125,579.3497924804688,134.23777770996094,263.4847717285156,700.8677978515625,90.4878158569336,78.71150970458984,608.6477661132812,154.49391174316406,177.4684600830078,154.0109405517578,512.1166381835938,1260.1300048828125,71.44889831542969,177.52359008789062,8277.9501953125,298.7351379394531,106.30000305175781,88.27122497558594,127.71876525878906,136.607177734375,22.79094886779785,80.79572296142578,153.4871826171875,230.66360473632812,755.2025146484375,155.9906005859375,35.13172149658203,128.08340454101562,204.14999389648438,158.7906494140625,324.24615478515625,570.3341064453125,26.116886138916016,312.4001770019531,342.9200134277344,225.54071044921875,156.57211303710938,354.54217529296875,34.11634826660156,419.20001220703125,511.26348876953125,81.0444564819336,109.3053970336914,209.39111328125,373.3092041015625,28.28616714477539,209.69436645507812,43.366085052490234,139.9084930419922,236.1352996826172,109.18165588378906,400.5626525878906,340.9534606933594,212.7692413330078,80.09830474853516,47.400596618652344,336.9847717285156,292.3921813964844,41.06489562988281,187.6575469970703,108.23592376708984,213.51954650878906,198.27783203125,109.89250183105469,143.49407958984375
2025-09-16,126.177490234375,209.75286865234375,232.0286865234375,318.510009765625,96.51487731933594,104.41426086425781,288.8405456542969,193.37596130371094,172.76995849609375,186.4027557373047,267.261962890625,481.2592468261719,187.48739624023438,355.6318359375,277.5532531738281,118.39791870117188,184.93496704101562,357.3814392089844,750.6699829101562,323.578857421875,4223.93017578125,143.6622772216797,217.53781127929688,46.67393112182617,1101.100830078125,490.989990234375,146.8428192138672,60.00707244873047,436.7386779785156,90.28142547607422,30.867380142211914,79.49217987060547,410.9770812988281,68.38804626464844,288.3648986816406,65.57223510742188,32.14569091796875,197.8186492919922,68.0402603149414,71.6604232788086,154.83123779296875,263.0899963378906,118.69000244140625,189.0751190185547,171.27395629882812,261.90411376953125,52.297874450683594,87.57489776611328,305.2787170410156,766.62841796875,61.955440521240234,46.49924087524414,132.75,48.59400177001953,320.74151611328125,291.48968505859375,78.16651916503906,58.07981491088867,250.9281768798828,233.72451782226562,22.0770320892334,397.76629638671875,412.8639831542969,127.92574310302734,268.4464416503906,252.79541015625,169.70968627929688,255.38540649414062,303.3860168457031,26.081998825073242,98.63685607910156,26.40292739868164,64.90971374511719,131.1688232421875,271.9271545410156,280.9701843261719,466.6916809082031,465.232421875,582.7882690429688,133.07305908203125,266.21759033203125,691.46484375,91.22389221191406,77.01911163330078,607.3330688476562,154.33612060546875,180.47654724121094,153.19485473632812,505.83642578125,1276.0999755859375,71.17495727539062,174.65724182128906,8209.98046875,303.1943054199219,105.38999938964844,87.85759735107422,127.38004302978516,136.01466369628906,22.72439193725586,78.01000213623047,154.6811981201172,230.0251007080078,749.3294677734375,157.26446533203125,34.66291046142578,129.8994903564453,204.9499969482422,161.66664123535156,316.2921447753906,572.7943115234375,25.78678321838379,311.3020324707031,338.7825012207031,222.76275634765625,156.7797393798828,350.6898193359375,34.5775146484375,425.9700012207031,508.7259521484375,80.37386322021484,107.71631622314453,209.40101623535156,372.8241271972656,28.00922393798828,211.0946502685547,43.15303421020508,138.302978515625,234.0471649169922,108.51766967773438,398.1240539550781,333.005126953125,212.5232696533203,81.22322845458984,46.53509521484375,337.9588317871094,290.33367919921875,40.94321060180664,186.9700469970703,106.0121078491211,211.29672241210938,193.33740234375,112.17153930664062,144.68128967285156
2025-09-17,125.71123504638672,214.16595458984375,236.3692626953125,319.2799987792969,96.91637420654297,105.07881927490234,290.0297546386719,194.3118133544922,177.33961486816406,185.38746643066406,268.8572082519531,481.2988586425781,189.88479614257812,357.05804443359375,283.0857849121094,117.77131652832031,185.18502807617188,343.6520080566406,751.8099975585938,332.44403076171875,4232.56982421875,144.71151733398438,220.6643829345703,45.93275833129883,1113.7860107421875,492.3299865722656,147.14962768554688,59.800254821777344,446.6395263671875,91.46820068359375,30.857486724853516,80.2141342163086,407.3564147949219,68.7986068725586,287.4500427246094,66.34620666503906,32.44268798828125,198.50357055664062,68.8862075805664,72.16754150390625,155.36502075195312,259.25,118.68000030517578,191.52703857421875,170.162353515625,263.1934814453125,52.65803527832031,87.22863006591797,303.78192138671875,766.1070556640625,61.840614318847656,46.37130355834961,134.17999267578125,47.876304626464844,319.6408996582031,288.0372314453125,76.35885620117188,58.34805679321289,249.3612518310547,231.2655029296875,21.90963363647461,397.4080505371094,408.5046081542969,128.91244506835938,265.5581359863281,254.32679748535156,170.5513153076172,256.0096130371094,305.89794921875,26.372228622436523,98.56715393066406,26.752248764038086,65.69364929199219,130.3454132080078,273.89154052734375,278.5881652832031,474.9966125488281,464.055419921875,594.9227294921875,133.22581481933594,260.4140319824219,690.2581787109375,91.60160064697266,76.9701919555664,607.2633056640625,153.0146484375,182.14334106445312,154.76800537109375,506.81024169921875,1273.9599609375,70.7444839477539,170.0730743408203,8137.31005859375,298.0133361816406,104.55000305175781,88.28107452392578,128.1929931640625,137.1802520751953,22.86701202392578,78.760009765625,156.91256713867188,228.74806213378906,733.8768310546875,160.4877471923828,34.780113220214844,129.9971466064453,203.97999572753906,162.769775390625,317.6391296386719,583.1931762695312,26.146013259887695,302.8531799316406,341.1581115722656,223.69203186035156,156.51280212402344,347.7210388183594,34.13597106933594,425.3999938964844,511.36688232421875,80.32527160644531,108.89593505859375,211.61276245117188,373.0815124511719,28.209768295288086,212.3558807373047,43.9471435546875,138.78858947753906,235.8496551513672,108.89425659179688,397.0988464355469,334.79864501953125,213.6744384765625,80.25084686279297,47.70832824707031,344.09124755859375,290.6220703125,41.38315963745117,184.97731018066406,106.56806182861328,213.0552215576172,193.8797607421875,112.76819610595703,144.1612548828125
2025-09-18,126.60406494140625,215.31045532226562,234.71336364746094,323.0400085449219,96.61280822753906,104.02334594726562,294.0730895996094,202.61624145507812,188.91798400878906,187.8261260986328,269.953369140625,486.466552734375,185.8506317138672,351.83184814453125,284.8585510253906,121.41157531738281,186.2333984375,342.8380126953125,766.469970703125,338.0540771484375,4132.830078125,145.3287353515625,216.2611846923828,46.72333908081055,1119.0509033203125,490.5,148.4956512451172,60.174495697021484,462.7940979003906,89.69286346435547,31.114715576171875,79.54096221923828,421.8094787597656,68.60309600830078,289.2001647949219,67.28672790527344,33.09609603881836,198.0370330810547,69.11245727539062,72.57714080810547,154.1519012451172,268.07000732421875,115.43000030517578,193.8399658203125,171.50221252441406,262.6678466796875,52.67698669433594,87.06045532226562,310.96087646484375,772.52099609375,62.07026290893555,46.46971893310547,132.8699951171875,48.67374801635742,318.9432678222656,295.5888977050781,79.08029174804688,58.87461471557617,251.83639526367188,234.2972869873047,22.01795196533203,399.06976318359375,408.974853515625,129.66233825683594,261.0925598144531,260.13818359375,169.44236755371094,257.0922546386719,307.35015869140625,26.31418228149414,104.22504425048828,26.849281311035156,65.12529754638672,130.2473602294922,274.9630126953125,279.4481201171875,471.17578125,464.5458068847656,582.4205932617188,134.17092895507812,262.30218505859375,688.154296875,92.57979583740234,77.35171508789062,617.9306640625,153.25131225585938,182.48854064941406,156.56729125976562,505.2501525878906,1287.0999755859375,70.53902435302734,176.01551818847656,8178.47998046875,293.2773132324219,103.69000244140625,88.98030853271484,126.88646697998047,136.69459533691406,22.962095260620117,79.65611267089844,153.9667510986328,227.2362823486328,750.9691772460938,156.1063995361328,34.75081253051758,128.24940490722656,206.19000244140625,165.59652709960938,320.3330078125,596.3511962890625,26.602331161499023,310.6293029785156,345.01849365234375,224.12701416015625,156.3941650390625,347.0756530761719,34.0869140625,480.1099853515625,477.25067138671875,80.16006469726562,110.37777709960938,214.8658905029297,374.03179931640625,27.885080337524414,215.8118896484375,44.62504196166992,138.67958068847656,235.2389678955078,112.28357696533203,400.6123962402344,328.14404296875,216.81309509277344,81.08023834228516,48.28532791137695,336.1201171875,296.91680908203125,40.877685546875,189.68020629882812,106.77288055419922,213.3120880126953,196.84796142578125,111.43795013427734,144.32806396484375
2025-09-19,125.31440734863281,215.77601623535156,234.8603515625,322.6700134277344,97.07305145263672,104.62926483154297,296.9569396972656,202.9708709716797,189.2565155029297,186.99996948242188,279.3293151855469,484.6152648925781,186.12022399902344,350.3956298828125,282.61822509765625,123.27149200439453,185.58901977539062,342.43096923828125,774.530029296875,337.5098571777344,4140.35986328125,144.3026123046875,216.32318115234375,46.782630920410156,1124.6798095703125,492.8500061035156,148.06016540527344,59.475250244140625,462.37786865234375,90.31037139892578,30.194631576538086,79.18974304199219,419.0889892578125,68.5444564819336,288.3847961425781,66.82626342773438,32.65059280395508,198.65245056152344,65.84668731689453,73.06475067138672,151.5995330810547,265.2900085449219,113.79000091552734,191.8744659423828,170.0531768798828,263.31256103515625,52.73385238647461,86.86258697509766,308.9322204589844,778.3741455078125,62.242496490478516,46.82400131225586,131.8000030517578,48.474388122558594,318.46173095703125,299.6184387207031,79.02069091796875,58.596435546875,254.74070739746094,232.19378662109375,22.16565704345703,400.3036193847656,407.2213134765625,129.20846557617188,249.06610107421875,261.5124816894531,168.09576416015625,255.40489196777344,308.87103271484375,26.227113723754883,104.037841796875,26.606698989868164,65.09589385986328,124.80691528320312,275.08203125,280.64404296875,474.1552734375,463.8788757324219,580.542236328125,134.4764404296875,266.8436584472656,696.3109130859375,92.08585357666016,77.43975830078125,616.1079711914062,154.43475341796875,182.91262817382812,157.22604370117188,514.67041015625,1265.5899658203125,69.355224609375,176.4449462890625,8094.7001953125,305.181640625,103.93000030517578,87.80835723876953,125.8122329711914,137.69505310058594,22.847997665405273,79.58793640136719,152.71400451660156,227.5555419921875,750.94921875,157.2548065185547,34.858245849609375,126.65786743164062,205.9499969482422,164.3358154296875,323.0761413574219,589.6575927734375,26.36931610107422,309.1156311035156,344.2860107421875,224.35438537597656,156.443603515625,344.3352355957031,33.78274154663086,495.5,476.6492004394531,80.85979461669922,110.65074920654297,219.41830444335938,373.0320129394531,27.703636169433594,214.6797637939453,44.537879943847656,138.53091430664062,234.58889770507812,113.16559600830078,404.6833190917969,329.97674560546875,217.05906677246094,80.13644409179688,48.477664947509766,339.5292053222656,296.1312561035156,40.69983673095703,188.01626586914062,107.40687561035156,213.78627014160156,195.4969940185547,110.35222625732422,143.13104248046875
2025-09-22,125.32433319091797,215.8923797607422,235.14450073242188,324.3900146484375,97.03387451171875,104.61949920654297,297.36322021484375,203.38462829589844,199.63026428222656,187.57728576660156,279.90673828125,489.4067687988281,186.02395629882812,352.5299987792969,280.02728271484375,123.02284240722656,185.6370849609375,336.9019470214844,775.9199829101562,337.371337890625,4121.0,143.92459106445312,216.82737731933594,47.10874557495117,1118.1455078125,493.7099914550781,145.95208740234375,59.396461486816406,467.8882751464844,90.96646881103516,30.38260269165039,77.42389678955078,420.2860107421875,68.85726165771484,287.1617431640625,66.37560272216797,32.8683967590332,201.0942840576172,67.04676055908203,73.2695541381836,151.44424438476562,262.75,113.22000122070312,189.065185546875,168.96145629882812,264.9093933105469,51.42593002319336,86.33824157714844,313.048583984375,785.0831298828125,62.47213363647461,46.37130355834961,130.47999572753906,48.16537857055664,317.06634521484375,299.4990234375,78.6234130859375,58.49708938598633,252.38531494140625,233.4381103515625,22.264127731323242,405.2190856933594,403.6064758300781,128.97166442871094,254.20201110839844,266.3913269042969,168.4423065185547,254.4588165283203,306.5749816894531,25.104890823364258,106.67063903808594,26.373817443847656,64.88031768798828,119.50371551513672,276.6991882324219,281.0196228027344,472.91790771484375,471.1861572265625,580.8702392578125,134.8487548828125,262.4512939453125,695.004638671875,91.64035034179688,79.22021484375,617.3629150390625,151.73263549804688,184.6780548095703,158.01263427734375,511.21234130859375,1258.050048828125,69.73677825927734,183.37611389160156,7925.22998046875,324.4519958496094,103.44999694824219,87.97577667236328,126.1993408203125,136.98597717285156,22.857507705688477,80.07494354248047,149.8073272705078,226.43814086914062,755.1925048828125,156.31871032714844,34.858245849609375,126.51143646240234,205.92999267578125,167.16256713867188,323.7054138183594,593.3330688476562,25.78678321838379,304.3668518066406,341.8509826660156,223.68214416503906,157.62008666992188,343.94805908203125,33.28232192993164,514.7899780273438,475.1548156738281,80.05315399169922,110.47527313232422,227.45196533203125,374.4079895019531,27.617687225341797,217.08306884765625,43.956825256347656,138.1642303466797,233.869873046875,112.8583755493164,405.7284240722656,334.4948425292969,222.2147216796875,80.29851531982422,47.59292984008789,342.262451171875,297.2251281738281,40.40029525756836,197.24270629882812,107.15327453613281,214.36917114257812,193.9290771484375,109.56971740722656,141.92422485351562
2025-09-23,124.93743896484375,215.91180419921875,230.74513244628906,324.8599853515625,98.81611633300781,105.68474578857422,301.6246032714844,204.6356964111328,199.9786834716797,185.8154754638672,280.699462890625,489.1790771484375,187.0541534423828,352.1410217285156,269.4004821777344,124.7236099243164,186.97398376464844,337.0511169433594,777.5800170898438,337.85614013671875,4120.0,143.90142822265625,218.88912963867188,48.35391616821289,1113.75634765625,494.1000061035156,153.02850341796875,58.83510208129883,467.0557556152344,91.03401184082031,30.38260269165039,78.19462585449219,419.6034240722656,69.88365936279297,300.6949462890625,66.16986083984375,33.72970962524414,199.1090545654297,66.56476593017578,74.60563659667969,152.7738037109375,265.75,112.02999877929688,188.3306121826172,167.82008361816406,263.63983154296875,52.44951629638672,86.783447265625,318.79962158203125,790.2083740234375,62.845306396484375,47.22748565673828,129.82000732421875,48.28499221801758,317.5970458984375,304.08575439453125,80.45093536376953,58.199039459228516,251.8463592529297,234.43553161621094,23.898733139038086,407.41815185546875,402.5386962890625,130.05702209472656,254.64559936523438,267.2453308105469,166.43231201171875,254.78070068359375,306.8693542480469,25.636980056762695,106.66566467285156,26.655214309692383,65.37026977539062,120.81725311279297,277.73095703125,282.867919921875,475.0758361816406,477.3458251953125,566.4401245117188,134.72463989257812,260.2053527832031,739.187744140625,91.96963500976562,78.57454681396484,612.9406127929688,154.12901306152344,188.24832153320312,158.061767578125,506.0252685546875,1257.030029296875,69.39435577392578,178.2027130126953,7980.10986328125,310.2933349609375,103.7300033569336,87.76895904541016,125.1347885131836,137.83103942871094,22.943077087402344,80.26001739501953,149.24948120117188,224.0531005859375,755.4111328125,158.046142578125,35.463802337646484,129.15744018554688,204.02999877929688,166.97543334960938,325.03271484375,565.652587890625,25.951833724975586,307.3348083496094,339.2477111816406,224.93768310546875,158.71746826171875,342.0019836425781,33.84161376953125,490.32000732421875,466.8748779296875,83.629638671875,110.11454772949219,226.26181030273438,369.7553405761719,27.49354362487793,218.1457061767578,44.25703430175781,138.471435546875,235.88905334472656,115.09809875488281,403.26995849609375,340.7574157714844,224.31045532226562,80.4701156616211,47.45829391479492,336.636962890625,295.9323425292969,40.578147888183594,193.80520629882812,109.0064697265625,215.59417724609375,197.597412109375,111.4574966430664,139.9226531982422
2025-09-24,123.38984680175781,213.37063598632812,234.25286865234375,323.5199890136719,98.75735473632812,106.4079360961914,301.8128967285156,206.2906951904297,200.54617309570312,185.30783081054688,273.27117919921875,486.9615478515625,185.7543487548828,352.80926513671875,265.21209716796875,122.46585083007812,185.40625,337.4190673828125,698.02001953125,336.87664794921875,4176.89013671875,143.53883361816406,219.5478973388672,49.28284454345703,1110.046142578125,497.0899963378906,152.98890686035156,58.096458435058594,465.598876953125,90.41650390625,30.046228408813477,79.15071868896484,413.48980712890625,70.04985046386719,306.6213684082031,65.95431518554688,33.48220443725586,198.5631103515625,67.24349975585938,74.48860168457031,154.4818572998047,260.739990234375,111.2300033569336,184.54852294921875,166.03359985351562,264.82012939453125,52.165191650390625,84.41895294189453,321.4092712402344,776.9378662109375,62.34774398803711,46.784629821777344,130.58999633789062,48.00588607788086,318.00970458984375,298.78265380859375,79.36833190917969,59.53031921386719,247.34518432617188,233.4973602294922,24.066133499145508,414.55255126953125,401.4219055175781,130.09649658203125,258.2436828613281,262.62176513671875,166.39273071289062,253.16159057617188,307.5365905761719,25.39512062072754,106.41372680664062,26.994834899902344,65.11549377441406,123.20909881591797,277.1456298828125,280.7033386230469,469.32470703125,476.9338684082031,565.2874145507812,134.06593322753906,260.5035400390625,758.402587890625,92.7250747680664,78.88760375976562,604.384765625,152.46238708496094,190.44769287109375,155.23011779785156,506.9394226074219,1242.280029296875,69.6780776977539,176.74456787109375,8036.6298828125,304.98388671875,103.47000122070312,87.38488006591797,124.13797760009766,138.09329223632812,22.905046463012695,79.71455383300781,149.1711883544922,225.35829162597656,744.0726318359375,157.3030548095703,35.64937210083008,133.36570739746094,203.60000610351562,170.93484497070312,321.5325622558594,574.7067260742188,25.883872985839844,308.6802978515625,339.000244140625,224.8091583251953,159.5479736328125,340.5225524902344,33.959354400634766,468.0899963378906,461.217041015625,84.82504272460938,110.12431335449219,221.86805725097656,367.478515625,27.04470443725586,214.07395935058594,44.4410400390625,139.1850128173828,234.8154296875,112.40250396728516,402.2049560546875,344.7952575683594,226.6521453857422,79.98391723632812,47.2948112487793,336.6170349121094,292.17340087890625,40.41902160644531,191.61317443847656,109.26004791259766,216.76980590820312,197.60726928710938,112.05416107177734,139.0003662109375
2025-09-25,120.91967010498047,211.96424865722656,227.864501953125,320.1700134277344,98.68881225585938,105.4111099243164,300.3560791015625,206.694580078125,198.71435546875,183.5360870361328,265.4024353027344,487.0209655761719,186.50535583496094,350.7148132324219,258.8808288574219,121.67018127441406,184.25209045410156,334.2269287109375,712.1500244140625,336.5798034667969,4136.06982421875,139.32640075683594,221.53970336914062,49.510135650634766,1129.04931640625,494.9599914550781,147.4267578125,57.8600959777832,459.5830078125,90.6770248413086,30.155054092407227,77.75559997558594,409.5921325683594,69.3851318359375,297.1351623535156,66.47356414794922,33.442604064941406,200.55828857421875,65.58109283447266,72.76243591308594,155.97642517089844,262.0799865722656,105.83000183105469,180.131103515625,164.34634399414062,265.068115234375,51.226898193359375,83.09326934814453,311.876708984375,770.1403198242188,61.64464569091797,47.08970260620117,128.66000366210938,47.5174560546875,318.8056640625,295.6784362792969,78.59361267089844,60.19596481323242,246.08766174316406,233.75411987304688,24.282766342163086,412.8311462402344,399.1492004394531,129.82022094726562,250.8109130859375,276.2765808105469,165.63031005859375,251.5327606201172,307.5660400390625,24.91140365600586,105.46078491210938,27.10157012939453,64.65493774414062,121.57205200195312,273.96099853515625,285.8825378417969,468.978271484375,475.0604553222656,563.7866821289062,132.4525146484375,259.2712097167969,734.4114990234375,91.3304214477539,78.53541564941406,605.6398315429688,150.91409301757812,193.7418212890625,156.2821502685547,503.8390808105469,1209.5400390625,67.74095153808594,177.4636688232422,7906.68994140625,288.046875,104.58000183105469,88.0841064453125,122.6088638305664,135.90782165527344,22.43914794921875,79.38338470458984,148.9069366455078,227.41470336914062,740.4155883789062,158.26809692382812,35.317291259765625,135.7969207763672,202.7100067138672,167.12315368652344,320.0532531738281,553.3213500976562,25.825620651245117,299.65765380859375,336.57513427734375,224.27532958984375,158.6878204345703,337.6828918457031,33.93973159790039,487.20001220703125,455.7659606933594,84.05725860595703,111.37217712402344,218.0496063232422,364.8552551269531,27.025604248046875,212.99147033691406,44.2957763671875,140.19590759277344,234.3623504638672,106.83291625976562,404.504150390625,338.6698913574219,228.2657470703125,78.72553253173828,47.15056228637695,332.889892578125,293.1181335449219,40.578147888183594,193.81517028808594,108.499267578125,214.537109375,198.3172607421875,113.0616226196289,138.47056579589844
2025-09-26,122.40774536132812,213.9719696044922,234.14508056640625,322.8800048828125,99.98141479492188,106.66204071044922,301.41650390625,209.5907745361328,203.01515197753906,185.51686096191406,267.1640930175781,494.2873840332031,187.04452514648438,355.1430969238281,259.8548583984375,121.93871307373047,187.4164276123047,332.6656799316406,708.8400268554688,338.06396484375,4198.02978515625,142.42015075683594,220.43792724609375,49.92519760131836,1138.063720703125,500.0299987792969,152.12786865234375,57.948726654052734,461.6048583984375,91.96026611328125,30.29356575012207,77.64828491210938,413.5491638183594,70.22579956054688,305.26904296875,65.85635375976562,33.67030334472656,202.73211669921875,65.88603973388672,73.89370727539062,155.43295288085938,262.4700012207031,105.7699966430664,183.81048583984375,166.7283477783203,268.7874755859375,52.136756896972656,85.73475646972656,313.75762939453125,777.4789428710938,62.40867614746094,47.92620086669922,129.55999755859375,48.37470626831055,324.61322021484375,293.48956298828125,78.81211853027344,60.84173583984375,246.6964569091797,237.48707580566406,24.72588348388672,417.0003662109375,401.73541259765625,131.3397216796875,252.20077514648438,279.09393310546875,166.07586669921875,254.60513305664062,310.1270446777344,24.891881942749023,105.97758483886719,27.37326431274414,64.35115814208984,123.55218505859375,278.39569091796875,290.1523742675781,469.60186767578125,478.10107421875,561.630126953125,133.2449188232422,262.5605773925781,758.3726806640625,91.94520568847656,79.84630584716797,611.2971801757812,150.69712829589844,195.96090698242188,157.4226837158203,508.2411804199219,1204.4300537109375,67.8094253540039,177.96302795410156,8032.77978515625,280.2655944824219,106.0999984741211,89.00984954833984,124.07990264892578,136.4129180908203,22.591279983520508,80.47430419921875,149.24948120117188,228.62599182128906,746.020263671875,159.12701416015625,35.8642463684082,136.16795349121094,202.9600067138672,166.650390625,322.3807067871094,561.6783447265625,25.854745864868164,309.5738830566406,340.0890808105469,225.6099395751953,161.49560546875,339.4800109863281,34.85224914550781,487.760009765625,457.8711853027344,86.09819030761719,112.8052749633789,215.728759765625,365.30072021484375,27.035154342651367,215.54376220703125,44.566932678222656,141.81134033203125,233.89942932128906,108.07170867919922,413.29296875,337.2193603515625,231.41424560546875,79.81231689453125,47.54484176635742,335.3150634765625,297.62286376953125,40.82152557373047,195.95736694335938,110.0696029663086,216.04864501953125,198.55393981933594,114.65599060058594,140.7958984375
2025-09-29,122.7648696899414,216.4452362060547,242.01295471191406,322.0299987792969,101.40133666992188,107.28751373291016,302.96246337890625,208.13282775878906,204.04058837890625,186.00457763671875,268.1330261230469,494.5843505859375,187.31410217285156,353.68695068359375,263.4588317871094,120.35728454589844,186.1660919189453,326.0726623535156,716.02001953125,338.687255859375,4273.83984375,141.95724487304688,216.73519897460938,49.954837799072266,1156.869873046875,499.25,152.97903442382812,58.23434066772461,467.40264892578125,92.8093490600586,29.08656883239746,78.43852996826172,414.9241943359375,71.1349105834961,306.3330383300781,66.34620666503906,35.472129821777344,202.40455627441406,65.9843978881836,73.69865417480469,151.49278259277344,272.5,103.27999877929688,185.023681640625,165.3884735107422,270.681884765625,52.34526443481445,88.17838287353516,314.8211669921875,768.9991455078125,62.01215362548828,48.09349822998047,130.4499969482422,48.75349044799805,326.4115295410156,292.50335693359375,79.71595001220703,60.72251510620117,243.88197326660156,242.4742431640625,24.617565155029297,418.83123779296875,398.5124206542969,130.4911651611328,252.47775268554688,274.6666564941406,166.3333282470703,254.93673706054688,309.7640075683594,25.05782699584961,105.96166229248047,27.528522491455078,64.71372985839844,125.15982055664062,280.518798828125,293.5030212402344,471.6607971191406,482.5541076660156,564.6215209960938,132.32839965820312,265.154296875,759.6389770507812,91.70124816894531,80.28651428222656,618.7772827148438,151.9495849609375,193.7714080810547,158.45506286621094,511.36138916015625,1191.3599853515625,68.04424285888672,181.61837768554688,8095.14013671875,279.57354736328125,107.55000305175781,89.90605926513672,124.38958740234375,136.15065002441406,22.676851272583008,80.32820129394531,150.2575225830078,229.48985290527344,748.8524780273438,157.2934112548828,36.21585464477539,134.32257080078125,203.83999633789062,162.8091583251953,322.2130432128906,558.5406494140625,25.728530883789062,306.2695007324219,341.0294189453125,226.4502410888672,161.7724151611328,340.48284912109375,34.449954986572266,481.6099853515625,461.78094482421875,87.1769790649414,114.30661010742188,227.26353454589844,366.15203857421875,26.805965423583984,216.27865600585938,44.470088958740234,142.2375030517578,234.38204956054688,110.46007537841797,412.4469299316406,338.2974853515625,232.37844848632812,80.555908203125,47.112098693847656,338.0880432128906,301.33209228515625,40.48454666137695,196.8640899658203,111.40585327148438,216.77969360351562,189.3140411376953,111.72160339355469,140.3641815185547
2025-09-30,127.58393096923828,224.57308959960938,241.62103271484375,317.6700134277344,102.21411895751953,109.94575500488281,306.95623779296875,211.45262145996094,203.83152770996094,187.1293487548828,276.18768310546875,486.3279724121094,186.79933166503906,355.64178466796875,265.6407165527344,123.08251190185547,187.48605346679688,328.0714416503906,717.6400146484375,328.6446838378906,4290.240234375,144.40292358398438,214.5284423828125,48.14638900756836,1147.3338623046875,502.739990234375,155.34442138671875,58.79570770263672,472.8932189941406,93.09880065917969,28.60179328918457,77.98975372314453,417.8326416015625,71.61389923095703,310.7678527832031,67.03201293945312,35.15532302856445,203.7445831298828,65.97455596923828,73.52311706542969,150.7066650390625,271.989990234375,101.37000274658203,197.15574645996094,165.57705688476562,271.6241149902344,52.39265060424805,87.1791763305664,318.19891357421875,770.4945068359375,62.60210418701172,48.260799407958984,128.92999267578125,48.83323287963867,335.0884094238281,299.665771484375,81.47395324707031,60.57349395751953,243.07357788085938,243.1556396484375,24.223684310913086,424.0850524902344,396.93524169921875,131.6160125732422,257.364501953125,276.9833679199219,166.8184814453125,255.90834045410156,309.50885009765625,24.90164566040039,107.40251159667969,27.470300674438477,64.98810577392578,123.55218505859375,284.7947998046875,301.86480712890625,470.1859130859375,489.6455383300781,565.2874145507812,133.3976593017578,258.8141174316406,770.3283081054688,92.9405746459961,80.58000946044922,627.7713623046875,153.03436279296875,190.09263610839844,156.2919921875,514.6903686523438,1227.6099853515625,68.22034454345703,186.3423309326172,8034.66015625,278.0706481933594,107.80999755859375,90.04393768310547,122.6766128540039,136.4129180908203,24.226673126220703,80.75678253173828,150.37496948242188,231.88430786132812,753.40380859375,156.53102111816406,36.29399108886719,132.8091583251953,203.02000427246094,163.8531951904297,319.1163330078125,560.0546875,25.60231590270996,311.15167236328125,345.9786376953125,226.86546325683594,165.43040466308594,343.7991027832031,33.7238655090332,493.3900146484375,457.4294738769531,87.44910430908203,113.09774780273438,234.86485290527344,366.77716064453125,26.968307495117188,218.01658630371094,44.276405334472656,143.2483673095703,235.78070068359375,112.20429992675781,419.9915771484375,338.4150695800781,232.5653839111328,79.63118743896484,46.976016998291016,339.3006286621094,305.906494140625,41.13978958129883,199.74362182617188,111.76673126220703,218.16278076171875,192.73585510253906,110.28375244140625,143.56277465820312
2025-10-01,137.7528839111328,237.02676391601562,238.7893829345703,315.7300109863281,101.28382873535156,110.1900863647461,303.09130859375,207.54176330566406,216.7738494873047,186.5719451904297,292.1404113769531,481.7245788574219,187.77061462402344,359.1824645996094,263.4542236328125,123.98760223388672,185.739013671875,331.53204345703125,711.3400268554688,325.0827941894531,4247.9599609375,147.31149291992188,212.5930633544922,47.790626525878906,1122.92822265625,498.20001220703125,156.81495666503906,58.55934143066406,476.53045654296875,92.3462142944336,28.057659149169922,77.08244323730469,420.088134765625,70.743896484375,310.01214599609375,67.35531616210938,34.65041732788086,202.13653564453125,65.4433822631836,74.96647644042969,150.01763916015625,267.6400146484375,101.18000030517578,211.6943359375,165.15028381347656,267.50799560546875,53.340423583984375,85.27967071533203,327.5936279296875,761.3556518554688,61.99280548095703,46.96177291870117,126.08999633789062,49.91974639892578,334.8427734375,299.7255554199219,82.55657196044922,60.94108963012695,245.05966186523438,252.00413513183594,24.519094467163086,423.9556884765625,388.9316711425781,131.13250732421875,244.10899353027344,281.2339172363281,161.0360870361328,255.083984375,304.8774719238281,24.989498138427734,112.40819549560547,27.460594177246094,65.4388656616211,125.67935943603516,276.85791015625,296.982177734375,462.07891845703125,489.4395751953125,570.2166748046875,131.74606323242188,260.0264892578125,762.8897094726562,92.52095794677734,80.14956665039062,617.592041015625,153.843017578125,189.66854858398438,154.25672912597656,516.4393310546875,1289.8199462890625,72.59355926513672,187.00149536132812,8036.47998046875,285.7530822753906,105.68000030517578,90.9598388671875,120.01519775390625,139.0354766845703,25.8715763092041,80.88339233398438,149.91497802734375,231.4241943359375,750.4920654296875,155.23785400390625,35.737274169921875,131.4129180908203,202.4199981689453,163.9812469482422,311.6606140136719,597.5762939453125,25.446969985961914,314.9820251464844,345.7707824707031,224.70042419433594,165.3018798828125,338.794921875,34.430335998535156,488.7799987792969,452.69268798828125,87.37568664550781,111.33995056152344,255.5396270751953,361.30029296875,26.30938148498535,220.16171264648438,44.131141662597656,143.0303497314453,229.75271606445312,112.80882263183594,423.4255065917969,341.3552551269531,230.96163940429688,80.44151306152344,46.53862762451172,345.7113037109375,299.9598083496094,41.027462005615234,197.8405303955078,110.20616149902344,217.21438598632812,192.5879364013672,109.54036712646484,144.18089294433594
2025-10-02,137.87216186523438,229.44204711914062,239.4066619873047,320.9100036621094,100.78441619873047,110.88396453857422,305.8958740234375,206.88174438476562,222.597900390625,185.26803588867188,291.0638122558594,485.7438659667969,185.6823272705078,359.7808837890625,265.317138671875,122.9134292602539,184.5063934326172,336.29534912109375,720.530029296875,326.98248291015625,4253.7099609375,147.82069396972656,215.5328826904297,47.83015441894531,1142.088623046875,495.9200134277344,157.3412322998047,58.00782012939453,486.1935119628906,92.1050033569336,28.542434692382812,76.3995132446289,427.9428405761719,70.21602630615234,306.8302001953125,66.92423248291016,35.214725494384766,201.4119415283203,65.90570068359375,75.5321044921875,148.84335327148438,270.0899963378906,103.80000305175781,209.1585235595703,165.49765014648438,271.7629699707031,51.643917083740234,87.82222747802734,335.05816650390625,760.027587890625,61.3931884765625,47.40462112426758,125.76000213623047,49.620704650878906,335.1375427246094,298.301025390625,81.96062469482422,58.97396469116211,245.9479217529297,254.53225708007812,24.007049560546875,424.5726013183594,386.962646484375,131.1719970703125,253.85275268554688,281.459716796875,159.3924560546875,255.87889099121094,301.7767639160156,25.126157760620117,113.44278717041016,27.382966995239258,64.77252197265625,125.79698181152344,277.23492431640625,292.66290283203125,464.72186279296875,489.7926940917969,573.7546997070312,130.08489990234375,264.73687744140625,756.5280151367188,93.17479705810547,79.56260681152344,625.3709106445312,156.6043243408203,189.59951782226562,152.69342041015625,512.4942626953125,1300.5400390625,72.95555877685547,188.64939880371094,8071.60986328125,285.5256652832031,104.97000122070312,90.8416519165039,119.44419860839844,138.22927856445312,25.74797248840332,82.07171630859375,148.80906677246094,228.73757934570312,753.3938598632812,152.39096069335938,35.55170440673828,131.75465393066406,203.02000427246094,166.30567932128906,315.6942138671875,597.6361083984375,25.437265396118164,319.9039611816406,345.14715576171875,220.6409149169922,164.73837280273438,341.45587158203125,33.46875762939453,471.1499938964844,447.9559020996094,87.39525604248047,113.04864501953125,253.45028686523438,363.5326843261719,25.793699264526367,219.58570861816406,43.927772521972656,141.21670532226562,226.67962646484375,114.5232925415039,421.55426025390625,346.66717529296875,230.74517822265625,81.57596588134766,46.56778335571289,343.8427734375,301.6801452636719,40.62495422363281,197.15301513671875,109.26980590820312,214.29013061523438,193.4163055419922,108.8556900024414,143.7295684814453
2025-10-03,140.7946014404297,226.87179565429688,240.36688232421875,318.8999938964844,101.58739471435547,111.4703369140625,307.6896057128906,207.6796875,216.5647735595703,182.8990478515625,291.5434265136719,487.0704345703125,184.74990844726562,362.8527526855469,266.170166015625,121.56076049804688,185.0790252685547,336.4842834472656,715.510009765625,326.7450256347656,4215.080078125,149.3714141845703,215.27462768554688,47.928977966308594,1142.236083984375,498.75,153.3694610595703,58.7464599609375,493.4085388183594,92.09535217285156,28.265417098999023,76.0970687866211,428.15057373046875,70.71455383300781,301.0529479980469,66.9439468383789,35.65032958984375,201.11415100097656,66.55492401123047,75.57111358642578,149.01805114746094,271.2200012207031,103.05000305175781,213.79257202148438,165.35870361328125,274.3318176269531,52.402130126953125,87.08023834228516,345.1618957519531,766.0676879882812,61.21910858154297,47.119232177734375,127.55999755859375,50.248687744140625,337.6629943847656,295.8604431152344,82.99357604980469,59.738956451416016,245.9678955078125,253.8607177734375,23.938119888305664,427.408447265625,387.0116271972656,131.68508911132812,280.6605224609375,283.0794372558594,161.0162811279297,255.16246032714844,304.2102355957031,25.223773956298828,109.68777465820312,27.615848541259766,65.31147766113281,127.50265502929688,274.7546691894531,293.93792724609375,461.9997253417969,494.82440185546875,576.855224609375,130.5049591064453,265.89959716796875,735.947021484375,95.3411865234375,80.58000946044922,632.2434692382812,156.4662628173828,190.4871368408203,154.9449920654297,514.0940551757812,1314.0400390625,70.37271118164062,187.38101196289062,8178.0,282.9154357910156,104.79000091552734,90.15227508544922,120.59587097167969,137.9087371826172,26.02370834350586,82.0522232055664,149.02438354492188,230.80421447753906,758.451904296875,149.30300903320312,35.84471130371094,129.87020874023438,203.0,166.6306915283203,309.7178039550781,597.6361083984375,25.621732711791992,319.33831787109375,345.8499450683594,222.20721435546875,164.68893432617188,344.1366882324219,33.615928649902344,469.1700134277344,450.9445495605469,89.5096664428711,114.28597259521484,251.51014709472656,367.6006164550781,25.84144401550293,219.31756591796875,44.08272171020508,140.06707763671875,226.80767822265625,113.8890380859375,422.11163330078125,353.01800537109375,232.9884796142578,82.7294921875,46.72330093383789,347.7091064453125,303.0027770996094,40.877685546875,199.3550262451172,110.49877166748047,217.105712890625,196.6605987548828,110.78260040283203,143.66087341308594
2025-10-06,140.76478576660156,223.2637176513672,243.15933227539062,323.42999267578125,102.7037353515625,113.03401184082031,306.37158203125,205.7193145751953,222.91648864746094,182.142578125,287.8537292480469,488.8622741699219,180.2430877685547,364.7378234863281,265.6603088378906,122.7343978881836,182.06053161621094,333.620361328125,721.5900268554688,328.4764404296875,4174.43017578125,148.12158203125,215.34693908691406,48.50215148925781,1160.5208740234375,500.0199890136719,154.09429931640625,58.90403747558594,490.9605712890625,90.68666076660156,28.779874801635742,75.56050109863281,434.1652526855469,71.57479858398438,303.57861328125,67.91973114013672,35.887935638427734,197.57049560546875,66.69264221191406,74.93721008300781,149.4741668701172,281.739990234375,102.04000091552734,210.5308380126953,165.26937866210938,277.45611572265625,51.93772506713867,87.71340942382812,344.6104736328125,776.9871215820312,60.17461013793945,47.020816802978516,125.05000305175781,49.869903564453125,340.4930725097656,297.07574462890625,84.76152038574219,57.81156921386719,251.0179901123047,254.43353271484375,23.987356185913086,431.3985290527344,381.3983154296875,130.7772979736328,292.0167541503906,284.1101989746094,157.4913787841797,253.89645385742188,304.8511047363281,24.696651458740234,113.48759460449219,27.10157012939453,64.77252197265625,123.8952865600586,272.8795471191406,299.49267578125,463.8012390136719,504.3875732421875,575.2254638671875,129.83668518066406,270.2423095703125,739.1677856445312,96.05355834960938,80.56043243408203,633.578125,153.7740020751953,190.86192321777344,155.43658447265625,525.2435302734375,1345.27001953125,69.62916564941406,185.30364990234375,8068.75,288.30401611328125,103.30000305175781,89.45303344726562,120.36360931396484,135.69410705566406,25.12994384765625,81.99378204345703,147.20401000976562,225.91946411132812,758.66064453125,149.56600952148438,36.28422164916992,129.78233337402344,205.0,166.07913208007812,312.9229736328125,583.1732788085938,25.10716438293457,318.6337585449219,345.0284118652344,221.24562072753906,166.88372802734375,334.5155334472656,33.93973159790039,478.2200012207031,449.5724182128906,90.50812530517578,114.79661560058594,241.6005859375,363.4136657714844,24.705036163330078,221.42294311523438,43.898719787597656,141.83116149902344,221.57752990722656,114.45392608642578,422.7884826660156,351.61651611328125,233.5886688232422,82.57696533203125,46.38310623168945,347.1524658203125,302.9729309082031,38.79027557373047,200.5506591796875,111.72772216796875,215.06069946289062,193.42613220214844,111.70203399658203,142.62083435058594
2025-10-07,137.7329864501953,225.8242950439453,246.1575469970703,314.19000244140625,102.43933868408203,115.47724914550781,307.0256042480469,208.63522338867188,210.62127685546875,180.579833984375,289.2434997558594,492.8023986816406,181.60289001464844,365.96453857421875,265.6014709472656,123.85830688476562,182.0023193359375,334.53521728515625,714.5999755859375,324.4990234375,4085.929931640625,148.53819274902344,208.27964782714844,48.00803756713867,1147.688232421875,502.29998779296875,155.54400634765625,58.28358459472656,482.3678894042969,91.79624938964844,28.4039249420166,77.18000030517578,429.50592041015625,72.1026611328125,306.9693908691406,67.99857330322266,35.630531311035156,197.6995391845703,66.83035278320312,75.21028137207031,150.33790588378906,276.7799987792969,97.9800033569336,207.60720825195312,163.35386657714844,276.71221923828125,51.66635513305664,91.69048309326172,352.04547119140625,774.27197265625,60.4163932800293,46.69606018066406,126.69000244140625,49.45124816894531,337.4762878417969,300.58221435546875,84.48341369628906,56.88761901855469,246.64657592773438,253.12994384765625,23.908580780029297,435.3985900878906,378.9296569824219,132.03041076660156,292.06622314453125,288.478515625,160.38258361816406,250.9915313720703,303.3819885253906,24.725934982299805,108.01390838623047,27.17919921875,65.44866180419922,119.72916412353516,277.4134826660156,297.9309997558594,465.6028137207031,501.2783508300781,576.2490844726562,130.04673767089844,265.78033447265625,747.9824829101562,95.95597839355469,80.95174407958984,627.10400390625,153.1822967529297,188.9091033935547,153.3521728515625,520.682373046875,1309.1199951171875,67.41809844970703,184.80429077148438,7840.10986328125,281.0368347167969,101.8499984741211,89.02955627441406,122.92823028564453,136.75286865234375,24.977815628051758,81.39962768554688,149.2886199951172,229.1039276123047,745.9805297851562,150.54989624023438,36.616302490234375,129.2453155517578,202.25999450683594,162.9667510986328,310.4081726074219,580.942138671875,24.980945587158203,322.27557373046875,340.7225646972656,220.8193359375,167.348388671875,334.60491943359375,33.76311492919922,477.8299865722656,452.2697448730469,92.02540588378906,114.78679656982422,223.87078857421875,366.3504943847656,24.98197364807129,220.53907775878906,43.772823333740234,141.3851776123047,224.25662231445312,114.22599792480469,421.1361999511719,356.4090270996094,228.12799072265625,81.96683502197266,46.16926956176758,350.27337646484375,299.223876953125,38.752838134765625,197.0832977294922,112.36170196533203,214.93228149414062,186.43460083007812,111.76072692871094,140.07965087890625
2025-10-08,139.9695587158203,224.28213500976562,247.87220764160156,311.4100036621094,101.5482177734375,115.5065689086914,304.1814270019531,209.1868896484375,216.54486083984375,182.3416290283203,288.3430480957031,485.2587890625,180.26251220703125,364.41864013671875,263.3365783691406,125.11150360107422,180.93466186523438,343.57452392578125,727.4099731445312,320.3929443359375,4027.760009765625,149.61831665039062,203.87844848632812,47.28662872314453,1146.477783203125,499.8399963378906,156.65609741210938,58.894187927246094,497.6404113769531,93.03125762939453,28.61168670654297,76.0970687866211,431.6624755859375,71.54547119140625,308.8586730957031,69.3193130493164,35.5909309387207,197.34219360351562,67.2828369140625,75.02498626708984,149.2024383544922,281.04998779296875,101.58000183105469,203.8184356689453,163.51266479492188,279.0529479980469,51.454647064208984,94.73759460449219,356.82159423828125,790.5428466796875,60.28099822998047,46.79447555541992,126.51000213623047,49.68051528930664,340.43414306640625,301.3990783691406,86.47978210449219,56.0332145690918,244.97984313964844,256.5369873046875,23.554086685180664,424.1546630859375,375.97119140625,131.24105834960938,294.8261413574219,284.1494140625,157.79832458496094,248.04736328125,299.7732238769531,24.969972610473633,105.80830383300781,27.305341720581055,64.79212188720703,117.7490463256836,275.3201904296875,303.19915771484375,463.08856201171875,504.17181396484375,572.8701171875,129.69351196289062,266.3070068359375,753.58642578125,95.50708770751953,80.24738311767578,633.77734375,153.843017578125,186.1179962158203,153.03753662109375,521.546875,1328.530029296875,67.59419250488281,188.86911010742188,7756.830078125,285.37738037109375,100.76000213623047,89.86666870117188,122.5120849609375,134.85877990722656,24.41683578491211,79.64636993408203,147.47805786132812,228.32424926757812,748.6239624023438,151.2512664794922,36.420963287353516,128.20057678222656,203.42999267578125,165.24195861816406,304.0570068359375,561.6384887695312,24.553756713867188,326.5028381347656,344.57305908203125,223.39682006835938,166.6563262939453,335.1708679199219,33.331390380859375,489.3599853515625,453.4069519042969,91.38912963867188,114.59039306640625,223.21414184570312,372.3531494140625,25.067920684814453,222.8828125,42.74629211425781,139.45262145996094,223.17315673828125,115.7620849609375,424.3810119628906,362.544189453125,228.90525817871094,82.22422790527344,45.67355728149414,349.2198181152344,302.7342529296875,38.67795181274414,198.74722290039062,111.76673126220703,217.3230438232422,188.45614624023438,111.5259780883789,140.7860870361328
2025-10-09,139.2737579345703,223.74867248535156,246.95118713378906,310.32000732421875,100.86275482177734,114.25562286376953,299.5335693359375,205.876953125,219.32247924804688,182.46109008789062,289.13580322265625,486.4566345214844,180.00027465820312,359.4717102050781,257.5811462402344,125.56903076171875,180.38145446777344,343.0971984863281,734.0399780273438,321.0063781738281,3967.280029296875,145.87649536132812,206.2902374267578,47.3261604309082,1148.869140625,496.739990234375,156.1000518798828,57.21993637084961,495.8961486816406,93.22423553466797,28.146697998046875,75.91171264648438,422.10626220703125,71.6334457397461,312.3489074707031,68.95463562011719,35.6899299621582,190.33432006835938,67.48941040039062,74.83968353271484,147.16439819335938,275.44000244140625,98.8499984741211,203.34109497070312,161.08108520507812,270.3149108886719,51.06972122192383,92.96670532226562,352.67572021484375,795.17626953125,59.932830810546875,45.96782302856445,125.95999908447266,49.142242431640625,336.8277282714844,298.201416015625,86.59898376464844,55.55633544921875,241.7362060546875,253.30770874023438,23.04203987121582,416.7913818359375,369.9954833984375,128.3993682861328,287.46636962890625,282.9420166015625,157.72901916503906,243.6703338623047,301.2522277832031,25.233535766601562,104.9001693725586,26.703731536865234,65.03710174560547,115.5826644897461,275.5880432128906,294.738525390625,453.5166015625,498.0317687988281,561.79443359375,128.79608154296875,264.478515625,755.7901000976562,94.170166015625,80.19847869873047,631.2872924804688,150.76617431640625,184.98377990722656,153.6471405029297,519.1123657226562,1307.5699462890625,66.58650207519531,192.32470703125,7619.240234375,294.12298583984375,99.72000122070312,88.35986328125,121.17654418945312,140.5604705810547,23.998477935791016,80.54248809814453,147.37039184570312,227.4788360595703,734.1152954101562,152.7903594970703,36.0791130065918,127.99552154541016,201.72000122070312,163.1637420654297,302.75518798828125,567.6547241210938,24.57317543029785,320.44970703125,339.3169860839844,219.76853942871094,160.33885192871094,330.8517761230469,32.507179260253906,484.4100036621094,458.27532958984375,89.70542907714844,115.12067413330078,220.57754516601562,367.302978515625,24.924678802490234,220.9263916015625,42.852821350097656,137.3218231201172,222.80873107910156,112.46195983886719,416.68707275390625,360.3586730957031,227.81314086914062,81.29949951171875,45.78047180175781,344.9261779785156,301.2127685546875,38.21928405761719,194.9111785888672,111.07422637939453,214.9026336669922,186.66140747070312,110.44026184082031,140.68797302246094
2025-10-10,135.8045654296875,223.56439208984375,236.07530212402344,303.5,101.51884460449219,114.38268280029297,299.0281677246094,202.6063995361328,209.01840209960938,178.4497528076172,283.9486999511719,474.6263732910156,181.3212127685547,359.202392578125,252.06106567382812,121.04356384277344,179.1002960205078,322.82086181640625,703.030029296875,313.7058410644531,4075.31005859375,143.9322967529297,205.21743774414062,44.50971221923828,1114.356689453125,489.1300048828125,155.7723846435547,55.80175018310547,486.91693115234375,94.1504898071289,27.394800186157227,76.05805206298828,408.6424255371094,72.42524719238281,316.20703125,66.96366882324219,35.13552474975586,186.5723114013672,64.72530364990234,75.97096252441406,144.50527954101562,266.0199890136719,95.06999969482422,201.33236694335938,160.23744201660156,269.858642578125,50.15552520751953,86.71418762207031,347.8601989746094,787.5719604492188,59.6426887512207,45.05259704589844,122.62999725341797,47.647037506103516,328.6061706542969,290.37158203125,82.41751861572266,54.99004364013672,237.02542114257812,244.943115234375,21.6339168548584,413.0799255371094,368.0950012207031,127.30413055419922,277.1982727050781,272.7229919433594,155.94676208496094,240.3728485107422,296.67724609375,25.20425033569336,97.85816955566406,26.29619026184082,65.69364929199219,116.9214859008789,275.6872253417969,288.946533203125,449.2205505371094,495.3736572265625,554.7589111328125,128.452392578125,258.5755920410156,761.3640747070312,93.14551544189453,78.0364990234375,629.8629760742188,146.6932830810547,178.4053955078125,149.3111572265625,507.74432373046875,1273.6700439453125,63.807987213134766,182.92669677734375,7450.89990234375,290.16119384765625,102.1500015258789,88.10381317138672,121.50558471679688,145.77647399902344,23.561105728149414,77.35740661621094,146.49937438964844,225.44976806640625,712.1735229492188,156.31666564941406,36.36235809326172,123.76774597167969,196.89999389648438,151.27561950683594,300.4178771972656,562.4054565429688,23.456653594970703,307.0434875488281,330.35894775390625,223.2084503173828,155.90972900390625,330.4447021484375,31.123685836791992,438.9200134277344,456.8561706542969,88.29583740234375,109.00276947021484,213.29461669921875,361.746826171875,24.971010208129883,213.09078979492188,40.97407531738281,139.12554931640625,225.34991455078125,107.24915313720703,412.20806884765625,347.431640625,221.82115173339844,79.00199127197266,44.0114631652832,341.5567932128906,299.7509765625,37.94315719604492,190.3378143310547,112.29342651367188,216.60186767578125,178.93028259277344,108.30793762207031,138.450927734375
2025-10-13,137.40496826171875,223.3704071044922,238.6424102783203,307.9700012207031,101.4111328125,114.14812469482422,295.3217468261719,202.57684326171875,218.50611877441406,181.39605712890625,286.17034912109375,476.9825134277344,177.9411163330078,352.43023681640625,255.76724243164062,123.24165344238281,179.24586486816406,354.712158203125,710.0,320.5104064941406,4097.97021484375,144.0094451904297,208.75048828125,44.95441818237305,1136.7548828125,491.92999267578125,153.2205352783203,56.008567810058594,500.2569274902344,92.72250366210938,27.79053497314453,75.10196685791016,404.6062927246094,71.89737701416016,315.2126770019531,66.49056243896484,35.214725494384766,186.5524444580078,65.25647735595703,76.49759674072266,147.45556640625,273.5199890136719,98.30999755859375,203.9974365234375,159.9496307373047,268.01385498046875,51.62786102294922,91.74983215332031,346.06793212890625,793.1693725585938,59.97151184082031,41.657413482666016,122.55000305175781,48.42454528808594,330.03729248046875,296.38836669921875,84.9204330444336,55.25828552246094,244.1614227294922,248.2119140625,22.15580940246582,408.6420593261719,371.6412353515625,127.0278549194336,268.07769775390625,272.1340026855469,157.18443298339844,239.91159057617188,303.6580810546875,25.78994369506836,102.06524658203125,26.529069900512695,65.4584732055664,116.18316650390625,274.4570617675781,290.0140075683594,452.0119934082031,494.177001953125,556.5103759765625,128.44285583496094,261.61651611328125,767.2870483398438,93.27238464355469,79.06368255615234,636.0681762695312,149.01077270507812,180.8809051513672,152.5262908935547,510.81488037109375,1284.739990234375,65.92121887207031,188.0801239013672,7584.89990234375,305.06744384765625,102.87999725341797,87.82805633544922,123.31533813476562,144.62059020996094,23.513565063476562,77.60090637207031,144.34628295898438,221.95530700683594,724.098388671875,155.342529296875,36.56746292114258,126.72621154785156,202.47999572753906,159.3422088623047,301.9958190917969,555.5325317382812,23.845008850097656,314.7934875488281,335.7535705566406,221.10682678222656,157.04669189453125,329.79931640625,31.663345336914062,448.0,450.5028381347656,89.24535369873047,112.13538360595703,218.3986358642578,362.0643310546875,24.70073699951172,217.8676300048828,41.593868255615234,140.12652587890625,221.67601013183594,113.03675842285156,416.8065185546875,351.5086975097656,222.2147216796875,79.29752349853516,44.8668098449707,341.20892333984375,301.0635986328125,37.84794235229492,192.83871459960938,112.13737487792969,214.46795654296875,187.36154174804688,109.78490447998047,139.57925415039062
2025-10-14,137.21609497070312,222.23561096191406,239.2694854736328,306.5899963378906,102.06722259521484,115.69225311279297,301.00030517578125,206.3990478515625,217.22186279296875,184.91964721679688,287.5894775390625,481.64532470703125,181.15609741210938,359.56146240234375,256.885009765625,121.97850036621094,179.96409606933594,342.2121887207031,704.6699829101562,330.161865234375,4055.989990234375,145.3209991455078,209.79507446289062,44.302188873291016,1175.2724609375,495.9700012207031,153.10137939453125,56.629024505615234,522.7643432617188,93.87068939208984,28.651260375976562,76.48731994628906,412.174072265625,72.67940521240234,316.1374206542969,67.67332458496094,35.76913070678711,186.84030151367188,66.17129516601562,77.6873779296875,147.89227294921875,270.5400085449219,99.27999877929688,205.00181579589844,161.32919311523438,270.8008728027344,53.95664596557617,93.9857177734375,345.1422424316406,804.1182250976562,60.251983642578125,42.07073974609375,124.12000274658203,48.87310028076172,331.1328430175781,298.9285583496094,84.03646087646484,56.778343200683594,245.70840454101562,246.22694396972656,22.09672737121582,416.32373046875,379.8211364746094,129.43539428710938,258.7889404296875,271.0835876464844,156.7091827392578,243.47406005859375,297.85052490234375,26.053503036499023,102.13594818115234,26.49995994567871,66.15421295166016,120.32764434814453,277.5722351074219,296.5077209472656,454.59552001953125,495.5011901855469,565.1480102539062,127.69820404052734,266.2970886230469,779.6615600585938,94.2092056274414,81.08869934082031,654.2355346679688,150.42100524902344,180.60476684570312,152.7327423095703,510.337890625,1303.0400390625,66.17559814453125,179.8006591796875,7737.009765625,296.1435241699219,103.05000305175781,89.44318389892578,124.44764709472656,147.19459533691406,23.31389617919922,79.17884063720703,145.9806671142578,225.8255157470703,731.869384765625,154.95289611816406,36.97767639160156,127.75143432617188,202.05999755859375,159.30282592773438,309.5304260253906,570.343994140625,24.427539825439453,315.47821044921875,340.51470947265625,222.5343475341797,157.59042358398438,332.8871765136719,31.957704544067383,443.760009765625,457.4106750488281,89.40199279785156,113.32360076904297,210.5585479736328,367.10455322265625,25.221973419189453,219.12887573242188,42.54292297363281,142.81231689453125,225.970458984375,115.21702575683594,422.0618896484375,352.75335693359375,223.4249267578125,80.12691497802734,45.770755767822266,346.2579650878906,307.3484191894531,38.60966110229492,195.289794921875,113.61991882324219,215.47561645507812,188.84072875976562,109.83381652832031,140.7566680908203
2025-10-15,138.81646728515625,220.9949493408203,234.87014770507812,305.0799865722656,103.20315551757812,115.83885192871094,293.4983215332031,197.43460083007812,226.5701904296875,184.91964721679688,290.9855651855469,476.4479064941406,184.57504272460938,354.86383056640625,252.3846435546875,124.92253112792969,178.58587646484375,349.3720397949219,644.989990234375,327.989501953125,4027.030029296875,144.0943145751953,201.87710571289062,43.94642639160156,1183.4700927734375,496.3900146484375,154.57090759277344,56.343414306640625,529.2855834960938,94.61361694335938,28.532541275024414,75.7361068725586,418.8417053222656,73.61782836914062,317.8079528808594,68.52095794677734,35.87803649902344,186.06607055664062,65.6597900390625,78.67237091064453,147.62054443359375,272.6099853515625,96.44000244140625,204.95208740234375,161.43836975097656,271.4654541015625,54.60139846801758,94.25282287597656,344.16729736328125,808.8598022460938,60.04888916015625,41.568843841552734,121.11000061035156,48.334835052490234,327.7178649902344,298.96844482421875,86.0328369140625,57.424110412597656,251.2176055908203,246.32568359375,22.0474910736084,418.16455078125,380.38934326171875,126.94891357421875,259.34295654296875,275.5992431640625,155.90716552734375,243.0814971923828,301.40997314453125,26.28778076171875,108.23994445800781,26.791061401367188,65.73284149169922,120.53437805175781,280.518798828125,286.3569641113281,446.8448791503906,489.84173583984375,560.0629272460938,127.46163177490234,264.5281982421875,789.662841796875,93.03816223144531,79.84630584716797,636.615966796875,151.34800720214844,181.30502319335938,159.92005920410156,510.1987609863281,1304.0,66.97784423828125,179.60093688964844,7645.22021484375,300.7193908691406,102.12000274658203,90.08333587646484,123.41211700439453,146.8255157470703,23.190288543701172,78.7989730834961,144.2777557373047,212.76821899414062,733.24072265625,153.64756774902344,37.085113525390625,126.51143646240234,202.8000030517578,160.51429748535156,306.86767578125,574.1489868164062,24.01976776123047,315.99420166015625,348.51263427734375,219.11427307128906,155.21768188476562,330.36529541015625,31.957704544067383,435.8999938964844,453.82989501953125,90.34171295166016,114.61003112792969,218.26930236816406,366.85650634765625,25.164058685302734,221.15480041503906,41.89407730102539,143.86285400390625,223.2421112060547,115.6431655883789,420.47930908203125,353.9490661621094,222.08680725097656,80.1650390625,45.148685455322266,343.5843811035156,301.41168212890625,38.44779968261719,196.41571044921875,114.39046478271484,211.10903930664062,187.42071533203125,109.16868591308594,139.44189453125
2025-10-16,140.25782775878906,221.62994384765625,229.29502868652344,299.82000732421875,103.02689361572266,114.8615493774414,277.6520080566406,191.9771270751953,226.70956420898438,183.6356201171875,289.5076904296875,463.04364013671875,185.97372436523438,342.2171936035156,248.23721313476562,126.67303466796875,179.0323486328125,352.17633056640625,652.1699829101562,320.5104064941406,4007.909912109375,142.9370574951172,196.7694549560547,44.11442184448242,1152.7366943359375,488.80999755859375,152.18788146972656,55.89038848876953,536.1339721679688,94.61361694335938,27.90925407409668,76.17513275146484,418.1294250488281,73.0704116821289,317.59912109375,68.09712982177734,35.630531311035156,182.99888610839844,64.40069580078125,79.35504150390625,147.2323455810547,266.6700134277344,99.05999755859375,209.74522399902344,164.88232421875,268.4105529785156,54.582149505615234,95.7665023803711,342.87725830078125,799.5440063476562,59.47827911376953,41.29329299926758,118.0,48.53419494628906,326.2867736816406,298.68951416015625,86.13216400146484,56.967098236083984,251.3872833251953,243.66917419433594,21.486209869384766,417.5177917480469,379.4978942871094,122.34101104736328,264.3978271484375,270.90692138671875,151.84759521484375,242.345458984375,294.360107421875,27.058937072753906,109.4139404296875,26.40292739868164,66.23258972167969,120.95767974853516,281.47125244140625,280.989990234375,439.7376403808594,483.79974365234375,547.196044921875,126.91120910644531,257.4228515625,773.2200317382812,92.74541473388672,76.14844512939453,621.6558227539062,149.31649780273438,178.6618194580078,157.33421325683594,508.3902282714844,1359.6099853515625,65.39291381835938,181.5784149169922,7605.8798828125,310.0097961425781,101.16999816894531,89.29545593261719,122.4153060913086,148.29220581054688,23.038158416748047,76.35415649414062,146.4113006591797,208.2968292236328,721.614013671875,151.94285583496094,36.440494537353516,125.3299789428711,201.99000549316406,161.6075439453125,294.3922119140625,566.9275512695312,22.670236587524414,320.67791748046875,344.48394775390625,216.33851623535156,155.26710510253906,329.1042785644531,32.301124572753906,440.20001220703125,443.6514587402344,89.21599578857422,110.91767883300781,224.88563537597656,366.36041259765625,25.289541244506836,222.64447021484375,39.79259490966797,141.2761688232422,223.0451202392578,115.46479034423828,413.9797668457031,349.5583801269531,220.43385314941406,81.64269256591797,44.37110137939453,333.3570251464844,294.5799560546875,38.42875671386719,192.90846252441406,113.32731628417969,210.71383666992188,184.89625549316406,108.21990203857422,140.5604248046875
2025-10-17,141.07293701171875,224.267578125,233.57679748535156,303.6600036621094,103.33045196533203,114.8615493774414,277.9493408203125,192.95236206054688,223.99168395996094,184.61109924316406,292.4438171386719,465.538330078125,185.79888916015625,345.68804931640625,248.25682067871094,124.9722671508789,181.5170135498047,347.3832092285156,670.6799926757812,343.8206481933594,4030.169921875,145.89193725585938,201.44639587402344,44.64806365966797,1142.6988525390625,492.4200134277344,155.30569458007812,55.34872055053711,522.3777465820312,94.05400848388672,28.008188247680664,77.70728302001953,407.4058532714844,73.09973907470703,322.85931396484375,69.12220001220703,36.23443603515625,186.71127319335938,65.00072479248047,80.4765625,148.56190490722656,263.05999755859375,99.81999969482422,207.89559936523438,165.24952697753906,274.49053955078125,54.5244140625,99.7040023803711,343.4582824707031,800.68505859375,60.164939880371094,41.78534698486328,121.6500015258789,48.50428771972656,326.8394470214844,298.9883728027344,83.91727447509766,58.000335693359375,253.2935333251953,245.8911895751953,21.92932891845703,424.0451965332031,383.9159851074219,122.80477142333984,272.04449462890625,276.1195068359375,152.08522033691406,244.62228393554688,293.3938293457031,27.361547470092773,110.19660949707031,26.567882537841797,67.0655288696289,123.86176300048828,283.68365478515625,280.57489013671875,446.32025146484375,485.663330078125,558.23193359375,128.1375732421875,259.2215576171875,783.7498168945312,93.46754455566406,76.75497436523438,622.9107666015625,150.52947998046875,181.9362335205078,156.00686645507812,510.347900390625,1349.280029296875,65.91143798828125,182.9866180419922,7639.06005859375,288.5269775390625,101.5999984741211,89.90605926513672,122.48304748535156,149.30238342285156,23.30438804626465,76.58792114257812,148.17291259765625,211.9321746826172,728.99755859375,153.96902465820312,36.56746292114258,126.21849822998047,202.86000061035156,160.98704528808594,296.1673278808594,575.7725219726562,22.893537521362305,325.24261474609375,344.12762451171875,217.9147491455078,156.15689086914062,328.389404296875,32.016578674316406,447.6400146484375,444.72283935546875,89.36283111572266,109.36611938476562,224.25880432128906,371.4899597167969,25.4246768951416,221.4427947998047,41.25491714477539,142.5546417236328,225.88182067871094,115.77200317382812,413.8802490234375,349.48974609375,222.4016571044922,82.37676239013672,44.40997314453125,339.8075256347656,293.704833984375,38.60966110229492,193.4464874267578,113.96129608154297,212.8773956298828,183.43167114257812,109.78490447998047,141.34535217285156
2025-10-20,142.14649963378906,226.70005798339844,237.29026794433594,307.95001220703125,103.4969253540039,115.14496612548828,276.7502136230469,190.90335083007812,227.1177520751953,186.52218627929688,296.86749267578125,467.9440002441406,187.53750610351562,343.20458984375,249.24710083007812,126.98136138916016,181.546142578125,347.293701171875,683.1300048828125,346.65753173828125,3968.570068359375,147.3577880859375,204.30160522460938,45.735111236572266,1141.5572509765625,494.0799865722656,156.1596221923828,56.79644775390625,527.9536743164062,95.39515686035156,28.55232810974121,77.34388732910156,409.5624694824219,73.40277099609375,325.5440979003906,69.63471984863281,36.303733825683594,190.9100341796875,65.61061096191406,80.43754577636719,149.9205780029297,265.3699951171875,100.19000244140625,207.22933959960938,167.65135192871094,277.8825988769531,55.47709655761719,101.42542266845703,348.6775817871094,811.712646484375,60.30033493041992,42.30692672729492,124.13999938964844,49.12230682373047,332.80084228515625,301.5185852050781,84.70191955566406,57.62281036376953,256.5172119140625,246.02943420410156,22.273975372314453,431.0005187988281,380.9673156738281,122.202880859375,280.9375305175781,278.446044921875,153.75856018066406,247.6842498779297,298.1265869140625,27.088224411010742,114.80001068115234,26.703731536865234,67.0655288696289,123.89129638671875,288.63427734375,287.1872253417969,446.98345947265625,496.2073669433594,563.5956420898438,128.32102966308594,258.3768615722656,785.5645751953125,93.60416412353516,77.02888488769531,624.5941162109375,152.63990783691406,183.71151733398438,159.25148010253906,513.53759765625,1357.260009765625,66.1560287475586,182.4073486328125,7681.080078125,274.5319519042969,100.97000122070312,90.12272644042969,122.5120849609375,149.23440551757812,23.475534439086914,76.91909790039062,148.7209930419922,206.07989501953125,735.3773193359375,153.96902465820312,36.7921028137207,127.26322937011719,205.8699951171875,164.52293395996094,298.6624450683594,574.4976806640625,23.35956382751465,330.4423522949219,349.2054748535156,218.22207641601562,158.8855743408203,328.8858337402344,32.801536560058594,453.3500061035156,448.858154296875,90.76264190673828,113.21558380126953,213.31451416015625,378.2367248535156,25.193017959594727,224.40228271484375,42.07807922363281,142.04920959472656,226.63038635253906,115.29630279541016,416.4183044433594,357.2126770019531,223.64138793945312,82.8534164428711,45.78047180175781,342.3121643066406,293.82415771484375,38.84770202636719,195.4093780517578,114.60504150390625,212.79837036132812,187.85516357421875,110.2348403930664,142.32650756835938
2025-10-21,144.81048583984375,226.0455322265625,245.45208740234375,310.57000732421875,102.74291229248047,114.76382446289062,276.50244140625,190.85409545898438,224.9971923828125,187.427978515625,294.7241516113281,474.55706787109375,186.84786987304688,342.5263977050781,249.7373504638672,123.76879119873047,181.61407470703125,340.7503967285156,707.0399780273438,352.3511657714844,4006.2099609375,145.8379364013672,210.0279083251953,46.199581146240234,1112.0341796875,491.2900085449219,157.55966186523438,58.913883209228516,521.4633178710938,95.1828842163086,29.65049171447754,77.2162094116211,413.4798889160156,72.8651351928711,326.9660339355469,69.70372009277344,35.37312316894531,195.03933715820312,67.64679718017578,80.98368072509766,149.25096130371094,261.9700012207031,102.95999908447266,219.54039001464844,171.7404022216797,275.9187927246094,56.160335540771484,97.48792266845703,344.42333984375,808.6237182617188,60.754886627197266,42.631683349609375,126.06999969482422,49.620704650878906,336.2552795410156,305.4534912109375,85.46670532226562,66.18675231933594,250.84832763671875,248.2119140625,24.85389518737793,429.8662109375,382.93634033203125,123.4362564086914,292.0167541503906,276.8753662109375,155.2437744140625,252.35568237304688,292.9303894042969,27.0101318359375,114.25631713867188,26.684326171875,69.7896957397461,126.24410247802734,281.8879089355469,288.906982421875,445.5184631347656,480.12158203125,569.2379760742188,128.81349182128906,266.75421142578125,785.0360717773438,93.5163345336914,77.30279541015625,629.514404296875,164.3358917236328,180.3582000732422,156.5574493408203,514.4021606445312,1385.5699462890625,66.8800048828125,180.92922973632812,7792.1298828125,272.5213623046875,101.30999755859375,91.29468536376953,123.43148803710938,148.78758239746094,23.627662658691406,77.32818603515625,148.38821411132812,208.16529846191406,753.0857543945312,148.06588745117188,36.645599365234375,125.56432342529297,204.5500030517578,166.28599548339844,312.41015625,577.0574951171875,23.65083122253418,332.40716552734375,350.56158447265625,219.02503967285156,171.07557678222656,336.0346984863281,32.88984680175781,459.0400085449219,454.68511962890625,90.34171295166016,112.30232238769531,213.48365783691406,376.78814697265625,25.14475440979004,226.6466827392578,42.44608688354492,142.62400817871094,225.63555908203125,116.08912658691406,422.2211608886719,358.0848693847656,222.89361572265625,83.94973754882812,46.276187896728516,345.0950927734375,295.9124755859375,38.37162399291992,197.28256225585938,113.70771789550781,212.29452514648438,188.92393493652344,110.24462890625,143.33709716796875
2025-10-22,144.99935913085938,223.39813232421875,244.10975646972656,308.1499938964844,103.19336700439453,114.60745239257812,280.4962463378906,191.88845825195312,219.58132934570312,184.08355712890625,289.6741027832031,468.0133056640625,185.70175170898438,342.197265625,248.20779418945312,128.2345733642578,183.7493438720703,338.4035339355469,701.0900268554688,349.15716552734375,3997.260009765625,145.12814331054688,207.82630920410156,46.743106842041016,1111.7193603515625,491.80999755859375,158.39373779296875,55.88054275512695,510.7885437011719,94.26627349853516,29.680171966552734,78.4340591430664,403.59722900390625,73.47120666503906,328.9348449707031,69.64457702636719,35.56122589111328,192.11111450195312,67.24349975585938,79.97919464111328,150.97842407226562,252.30999755859375,100.88999938964844,216.88525390625,166.3511962890625,273.7466125488281,55.890892028808594,97.57695770263672,339.9524841308594,815.5590209960938,61.64464569091797,41.92312240600586,125.25,48.92294692993164,333.837158203125,296.74700927734375,83.56964874267578,66.87226104736328,252.03599548339844,244.46908569335938,25.90752601623535,439.0006408691406,381.0456848144531,123.21917724609375,284.617431640625,282.2352294921875,155.40219116210938,248.2534637451172,289.99212646484375,26.73680877685547,110.95935821533203,26.74254608154297,69.38793182373047,125.16121673583984,280.60809326171875,285.61566162109375,445.3600769042969,477.8067932128906,568.5711669921875,129.740478515625,270.3714904785156,793.34228515625,93.58464813232422,76.85279083251953,620.0222778320312,164.91775512695312,185.9503173828125,155.46609497070312,517.2640380859375,1381.43994140625,67.58441925048828,180.05035400390625,7697.16015625,270.05517578125,101.20999908447266,90.03408813476562,122.53144073486328,148.6418914794922,23.504056930541992,77.08467864990234,148.9558563232422,209.13284301757812,736.7487182617188,152.8000946044922,36.870243072509766,128.2982177734375,203.02999877929688,166.7193603515625,313.5936279296875,582.4361572265625,23.40810775756836,329.569091796875,346.7408142089844,221.34475708007812,175.95950317382812,331.4375915527344,34.24390411376953,454.29998779296875,450.8787841796875,90.11656951904297,111.18283081054688,213.9612274169922,385.3109436035156,24.662128448486328,227.5206298828125,42.22333908081055,141.78160095214844,223.98081970214844,114.29537200927734,406.5943908691406,354.2822265625,221.6145477294922,83.01548767089844,46.00403594970703,343.2563781738281,292.0341796875,37.89555358886719,192.72911071777344,114.50750732421875,213.84556579589844,186.03431701660156,112.20088195800781,144.33787536621094
2025-10-23,146.5798797607422,222.97805786132812,244.76622009277344,309.8399963378906,102.16514587402344,113.54220581054688,279.95111083984375,191.56338500976562,227.4562225341797,188.3238067626953,286.64996337890625,473.3591613769531,184.83731079101562,340.4518737792969,249.9530487060547,134.5801544189453,183.47756958007812,342.3713073730469,716.3900146484375,352.0635070800781,3850.0,143.90916442871094,202.37814331054688,48.31438446044922,1107.11376953125,490.1600036621094,158.03628540039062,56.25477981567383,517.3385620117188,94.81623840332031,29.126144409179688,77.03941345214844,413.2523498535156,72.88468170166016,326.70745849609375,69.26018524169922,35.17512130737305,190.9199676513672,66.91888427734375,79.70880889892578,151.93919372558594,254.58999633789062,102.54000091552734,221.4894561767578,179.85897827148438,272.774658203125,55.111419677734375,98.42777252197266,341.0062255859375,818.3922119140625,61.24812316894531,42.30692672729492,123.95999908447266,49.46121597290039,337.05474853515625,305.21441650390625,85.25812530517578,66.41525268554688,253.233642578125,247.05648803710938,26.803604125976562,437.9757385253906,377.1859130859375,123.58425903320312,288.1587829589844,279.771240234375,155.8972625732422,252.65008544921875,290.4161071777344,26.892993927001953,115.40841674804688,25.47140121459961,68.53541564941406,125.35810852050781,281.7589416503906,289.8756408691406,445.5184631347656,478.6993408203125,570.969482421875,129.80807495117188,268.0163269042969,790.6998291015625,91.93545532226562,76.47126770019531,616.8848266601562,169.2273406982422,193.26841735839844,156.6361083984375,517.283935546875,1437.75,68.17141723632812,181.92796325683594,7679.41015625,277.3944091796875,98.2699966430664,91.56060028076172,120.73136138916016,147.16546630859375,23.45651626586914,77.37689208984375,148.96566772460938,207.21652221679688,761.4033813476562,153.61834716796875,36.48933029174805,132.60411071777344,204.6699981689453,167.4678955078125,312.5087890625,573.421875,23.398399353027344,333.70709228515625,353.5310974121094,221.17623901367188,177.40293884277344,329.3922424316406,35.33303451538086,456.0899963378906,453.6607360839844,89.8718490600586,112.54782104492188,225.2637176513672,380.0623474121094,23.764448165893555,232.47621154785156,42.233028411865234,141.1274871826172,216.6822509765625,113.86921691894531,413.91009521484375,353.2630310058594,216.4982452392578,82.96781921386719,46.48030471801758,343.85272216796875,290.43316650390625,36.56254577636719,196.23635864257812,113.0542221069336,213.49978637695312,186.07388305664062,113.44310760498047,143.63143920898438
2025-10-24,147.14646911621094,222.7240753173828,242.6498260498047,312.8800048828125,102.1161880493164,113.34674072265625,278.2070007324219,190.3123016357422,227.73500061035156,186.27334594726562,285.5439758300781,474.3788757324219,186.0222930908203,336.8414001464844,249.93344116210938,133.09820556640625,183.85610961914062,352.1564636230469,735.9500122070312,354.6722717285156,3805.56005859375,143.36911010742188,204.47166442871094,46.743106842041016,1118.5587158203125,492.1000061035156,160.74700927734375,56.9638786315918,519.5549926757812,95.02851104736328,29.08656883239746,76.60726928710938,416.92254638671875,73.0704116821289,330.8340759277344,69.6150131225586,35.76913070678711,189.42111206054688,66.75165557861328,80.55436706542969,150.96871948242188,258.1499938964844,86.94000244140625,221.7678985595703,176.09742736816406,274.96661376953125,55.631065368652344,101.06927490234375,337.1360778808594,825.8291015625,61.33516311645508,42.1888313293457,125.16999816894531,49.31169891357422,346.20404052734375,302.7040710449219,86.81748962402344,69.20698547363281,260.0003967285156,247.33299255371094,26.14385223388672,444.8216247558594,378.80230712890625,123.44612121582031,287.51580810546875,301.8192138671875,156.0952911376953,241.17759704589844,296.2334899902344,26.51229476928711,117.78030395507812,25.09296989440918,68.31002807617188,125.58452606201172,277.2845458984375,289.79656982421875,441.4798278808594,476.10992431640625,570.8699340820312,129.38319396972656,269.6261901855469,799.3748779296875,91.40848541259766,76.9701919555664,618.75732421875,166.17019653320312,193.52484130859375,161.1097412109375,520.314697265625,1434.3199462890625,67.61376190185547,186.02272033691406,7430.919921875,280.62322998046875,97.2699966430664,90.55606079101562,120.586181640625,147.20431518554688,23.542089462280273,77.55221557617188,150.28330993652344,205.80746459960938,767.1670532226562,153.5404052734375,36.47956085205078,131.793701171875,204.80999755859375,166.39431762695312,312.084716796875,575.6729125976562,23.854717254638672,333.0918884277344,352.8580017089844,221.15640258789062,176.62188720703125,331.626220703125,35.15642166137695,464.17999267578125,460.004638671875,90.82136535644531,114.03065490722656,232.93467712402344,378.8022766113281,24.266376495361328,234.02545166015625,42.79471206665039,140.6418914794922,214.49563598632812,113.68092346191406,423.8833312988281,355.2720947265625,213.1234588623047,83.1489486694336,46.90797805786133,345.26409912109375,291.109375,36.96244430541992,196.91390991210938,112.97618865966797,212.0673065185547,187.12286376953125,112.86601257324219,143.18991088867188
2025-10-27,145.71505737304688,222.7631378173828,245.7068328857422,313.5299987792969,102.63519287109375,113.7474365234375,276.4925231933594,190.3221435546875,230.30355834960938,185.88516235351562,284.956787109375,479.7742919921875,184.28366088867188,335.983642578125,250.766845703125,135.1769256591797,182.82730102539062,360.0323181152344,749.0,358.74908447265625,3814.2099609375,144.3026123046875,208.7723388671875,46.05134963989258,1113.3233642578125,488.07000732421875,162.64352416992188,57.40706253051758,523.86865234375,94.16979217529297,29.10635757446289,76.44031524658203,416.5367126464844,72.91400146484375,334.1552429199219,70.36408233642578,35.64042663574219,187.2869873046875,66.93856048583984,81.06563568115234,150.6969757080078,263.3500061035156,90.47000122070312,219.77902221679688,176.62347412109375,277.42633056640625,54.76498794555664,99.38742065429688,337.2738952636719,829.0557861328125,61.228782653808594,41.864078521728516,126.54000091552734,49.31169891357422,349.1650085449219,311.6396179199219,88.76420593261719,68.92880249023438,269.4019470214844,248.29092407226562,26.39002799987793,465.53826904296875,377.4210510253906,123.30799102783203,289.1875915527344,307.3459167480469,158.26368713378906,243.1992645263672,299.8915710449219,28.532928466796875,120.99760437011719,25.374366760253906,68.65299987792969,126.71662902832031,273.4847717285156,287.7604675292969,440.3117980957031,477.5812072753906,569.5662841796875,128.43690490722656,269.516845703125,809.1170043945312,91.85738372802734,77.15605926513672,614.3848266601562,166.0715789794922,193.53469848632812,163.23350524902344,528.1749877929688,1419.7099609375,67.10501861572266,191.24607849121094,7438.330078125,278.711669921875,95.79000091552734,90.654541015625,120.98297882080078,148.2533721923828,23.551599502563477,77.50350952148438,149.54417419433594,203.45901489257812,769.3333740234375,149.24456787109375,36.586997985839844,132.2233123779297,203.27999877929688,184.85194396972656,315.8421630859375,583.00390625,23.53432273864746,334.9772644042969,357.856689453125,219.12417602539062,177.20521545410156,333.6914367675781,35.480220794677734,465.4100036621094,466.7620849609375,91.20313262939453,114.92427062988281,229.15391540527344,380.7171936035156,24.642824172973633,235.1079559326172,43.220821380615234,141.98974609375,217.3618621826172,113.93859100341797,426.2821044921875,358.6827697753906,214.71737670898438,85.05560302734375,46.46086502075195,345.701416015625,290.3834228515625,37.35282516479492,199.61407470703125,113.80525207519531,211.1880645751953,190.85365295410156,113.40397644042969,144.7499542236328
2025-10-28,144.97947692871094,222.28445434570312,248.2347412109375,311.0799865722656,101.17610931396484,112.49650573730469,265.09588623046875,188.0071563720703,226.6299285888672,184.2427978515625,285.8669738769531,479.6851501464844,177.4748992919922,329.0918273925781,249.4628143310547,136.54946899414062,178.7023468017578,370.8914794921875,755.0,358.1142578125,3803.0,142.1192626953125,203.4548797607422,47.296512603759766,1107.064453125,481.44000244140625,161.64065551757812,57.85024642944336,521.284423828125,91.25593566894531,27.56298828125,75.76262664794922,409.84930419921875,71.78985595703125,333.7475891113281,71.576416015625,35.32362365722656,188.48805236816406,66.71231842041016,80.81983184814453,149.5809326171875,261.4200134277344,87.61000061035156,215.69192504882812,178.36032104492188,266.0896911621094,53.937400817871094,97.70557403564453,334.2309875488281,802.8493041992188,59.43959045410156,41.18151092529297,126.16999816894531,49.002689361572266,342.16729736328125,308.601318359375,85.84413146972656,69.41561889648438,267.9049072265625,245.0023651123047,26.212783813476562,464.14520263671875,377.89129638671875,121.05830383300781,291.6210632324219,306.8354797363281,155.7190399169922,241.29534912109375,301.0845947265625,28.161991119384766,120.09246063232422,25.30644416809082,68.75099182128906,126.22441101074219,257.6407775878906,284.04412841796875,438.2330322265625,476.4630126953125,563.167724609375,126.21598815917969,263.8027648925781,802.28662109375,90.97911834716797,77.03866577148438,614.3848266601562,164.52328491210938,189.56991577148438,162.43710327148438,538.6585693359375,1404.5799560546875,65.97013854980469,200.77394104003906,7461.330078125,278.1470947265625,96.30000305175781,89.91590881347656,120.05390930175781,145.81532287597656,23.294878005981445,80.0652084350586,149.1795196533203,199.06277465820312,762.2083740234375,145.9325714111328,36.0498161315918,130.5048828125,202.4600067138672,178.30213928222656,288.90887451171875,651.9013671875,23.563451766967773,328.6562194824219,358.3021240234375,215.8428497314453,176.6416778564453,351.9308776855469,35.185855865478516,456.8299865722656,463.98016357421875,90.59623718261719,116.54458618164062,221.8709716796875,372.9881286621094,24.806915283203125,234.90931701660156,42.9302978515625,142.74293518066406,216.6822509765625,112.09529113769531,424.3710632324219,360.5056457519531,214.08767700195312,91.86233520507812,45.94571304321289,344.7869873046875,290.9601745605469,37.43852233886719,197.27261352539062,112.38121795654297,201.76327514648438,197.55322265625,112.51387786865234,142.66990661621094
2025-10-29,142.34530639648438,219.93988037109375,242.74781799316406,297.0799865722656,100.15768432617188,119.33757019042969,259.6651306152344,187.16981506347656,234.7039337158203,183.33700561523438,285.55377197265625,473.74530029296875,173.9393768310547,325.2120666503906,243.49169921875,138.9962158203125,171.1027374267578,383.8289794921875,759.4400024414062,355.3269348144531,3709.1201171875,140.04391479492188,201.67843627929688,47.7510986328125,1080.54296875,475.760009765625,163.30877685546875,60.059852600097656,581.9337768554688,89.07535552978516,27.5728816986084,74.3778076171875,436.51971435546875,70.66568756103516,331.2914733886719,70.3049545288086,34.947418212890625,182.54226684570312,70.51911163330078,79.24669647216797,150.52230834960938,266.05999755859375,83.83999633789062,212.81802368164062,179.44212341308594,255.36793518066406,53.30228042602539,96.32051086425781,331.23724365234375,784.7486572265625,56.97342300415039,40.6473274230957,70.5999984741211,50.17890930175781,339.0090026855469,313.0741271972656,89.67796325683594,68.68042755126953,274.6317138671875,216.87681579589844,27.059627532958984,466.07562255859375,370.3383483886719,120.73269653320312,289.5140380859375,302.5554504394531,149.13461303710938,237.5268096923828,301.2325134277344,26.502534866333008,123.00405883789062,25.13178062438965,66.97733306884766,122.24729919433594,246.18191528320312,283.5400390625,427.6316223144531,476.0314636230469,551.8731689453125,121.93829345703125,261.4773864746094,805.31787109375,89.51532745361328,76.61801147460938,614.4644775390625,162.3537139892578,193.06130981445312,161.2769012451172,538.141845703125,1394.1700439453125,63.93517303466797,206.77627563476562,7333.31005859375,272.669921875,94.5199966430664,91.9643783569336,113.61813354492188,141.9688720703125,23.0952091217041,80.28923034667969,146.6171417236328,195.3616180419922,770.1781005859375,142.97125244140625,35.62983703613281,134.742431640625,197.86000061035156,175.9777069091797,276.18682861328125,650.3375854492188,23.369272232055664,325.0639953613281,364.4094543457031,208.67552185058594,174.35791015625,343.27288818359375,36.13762283325195,455.3399963378906,444.5912780761719,90.25361633300781,114.6493148803711,264.2751770019531,366.69775390625,24.266376495361328,239.1002197265625,42.523555755615234,140.42385864257812,211.77713012695312,111.906982421875,425.48583984375,348.1764831542969,212.88731384277344,92.85379791259766,45.3333625793457,339.20123291015625,293.3269348144531,38.28593063354492,200.8197021484375,111.7569808959961,195.1442108154297,193.45628356933594,113.90281677246094,141.22763061523438
2025-10-30,142.5043487548828,222.92921447753906,244.217529296875,300.7699890136719,100.59835815429688,119.12256622314453,259.675048828125,189.02182006835938,231.5181427001953,197.40158081054688,285.7789001464844,449.56005859375,174.29876708984375,327.3265075683594,239.88356018066406,138.3596649169922,169.56924438476562,374.3719787597656,738.8800048828125,355.9815979003906,3705.6298828125,138.39288330078125,201.85128784179688,48.00803756713867,1080.5921630859375,478.5199890136719,188.49966430664062,58.18143844604492,579.6080932617188,88.1104965209961,28.02797508239746,75.14388275146484,433.3837890625,71.56501770019531,339.2861633300781,71.86225128173828,35.284027099609375,182.62168884277344,71.01094055175781,75.40235137939453,148.9889373779297,254.07000732421875,80.88999938964844,213.8522491455078,178.78709411621094,255.00096130371094,53.54285430908203,96.5678482055664,317.0467224121094,819.6021728515625,58.3274040222168,41.10237121582031,65.19000244140625,51.08599853515625,340.173583984375,309.55767822265625,89.66802215576172,68.22341918945312,281.3485412597656,212.29457092285156,26.54758071899414,464.4835510253906,371.81756591796875,121.81806182861328,282.5301513671875,304.37152099609375,147.05532836914062,239.1068572998047,305.10748291015625,27.019893646240234,120.92591857910156,25.30644416809082,67.59468841552734,122.19805908203125,250.3388671875,292.4652099609375,425.5528564453125,480.3373718261719,550.9774780273438,124.38130187988281,260.6326599121094,823.1666259765625,88.77367401123047,77.43975830078125,610.580078125,164.14852905273438,192.9429473876953,162.4862518310547,522.451171875,1377.010009765625,63.49491500854492,202.63156127929688,7245.7099609375,254.4358367919922,95.1500015258789,91.0878677368164,113.45360565185547,143.31903076171875,23.0952091217041,80.59117889404297,147.41542053222656,194.4222412109375,769.5023193359375,141.9873809814453,35.961910247802734,133.8343963623047,197.3800048828125,174.5889434814453,280.6050109863281,651.463134765625,23.4954891204834,320.4001159667969,361.94476318359375,208.10055541992188,175.40586853027344,345.4274597167969,35.63720703125,442.92999267578125,461.9970703125,90.48855590820312,113.1468505859375,266.9814147949219,366.092529296875,23.82236099243164,241.77169799804688,42.939979553222656,141.01849365234375,207.48268127441406,110.37089538574219,444.2877197265625,337.8760681152344,215.30772399902344,90.62301635742188,45.52775573730469,342.9283752441406,288.3846130371094,37.09574508666992,202.4039306640625,109.82576751708984,198.14749145507812,196.21725463867188,112.18132019042969,141.3845977783203
2025-10-31,145.48643493652344,213.00387573242188,245.0503692626953,301.3399963378906,99.903076171875,117.52957153320312,247.24774169921875,188.66717529296875,232.06568908691406,201.1740264892578,292.0718994140625,448.23345947265625,173.84225463867188,339.78363037109375,237.85397338867188,138.58840942382812,168.802490234375,367.570068359375,732.22998046875,357.81671142578125,3674.429931640625,137.8759765625,201.75314331054688,47.84003829956055,1065.594482421875,477.5400085449219,189.42311096191406,58.81416702270508,573.7538452148438,87.04916381835938,28.522647857666016,75.67423248291016,432.9781494140625,71.89737701416016,335.9053039550781,72.05937194824219,35.66023254394531,181.91693115234375,71.68965911865234,76.83783721923828,153.06495666503906,254.3699951171875,81.5,214.18040466308594,180.09716796875,254.30665588378906,53.29265594482422,95.65766906738281,312.3691101074219,832.2430419921875,57.48599624633789,40.70668411254883,66.69000244140625,50.17890930175781,340.41046142578125,307.7645568847656,88.47615814208984,68.64067840576172,281.2687072753906,211.27740478515625,26.429420471191406,457.3988952636719,371.8567810058594,122.52848815917969,275.190185546875,301.7701110839844,144.84732055664062,239.38165283203125,306.7639465332031,26.51229476928711,120.36132049560547,25.41318130493164,67.51628875732422,121.84367370605469,251.95599365234375,285.7441711425781,414.0605163574219,482.45599365234375,549.2957763671875,123.82124328613281,258.9532165527344,809.0172729492188,88.51019287109375,78.08541107177734,610.6597290039062,164.19784545898438,192.2328338623047,162.2290496826172,514.5512084960938,1416.2900390625,63.19161605834961,202.23207092285156,7210.81982421875,260.1011657714844,94.44000244140625,91.3537826538086,113.26004028320312,141.90089416503906,23.437501907348633,81.85742950439453,148.19398498535156,193.51104736328125,767.9918823242188,140.5944061279297,35.66890335083008,132.92633056640625,198.5399932861328,178.17408752441406,282.873291015625,649.23193359375,23.4954891204834,317.204833984375,364.6173095703125,206.43511962890625,176.47360229492188,342.4884948730469,35.38209915161133,453.82000732421875,457.8993835449219,89.99910736083984,113.57892608642578,254.58450317382812,353.4521789550781,23.88992691040039,245.30714416503906,43.220821380615234,138.8876953125,206.89170837402344,108.83479309082031,446.55706787109375,334.7496643066406,216.8229217529297,91.91954040527344,45.37224578857422,338.66448974609375,287.8874206542969,37.83842468261719,203.69923400878906,108.97720336914062,197.35716247558594,192.3182373046875,111.8585433959961,141.86703491210938
2025-11-03,143.82640075683594,207.06431579589844,243.4238739013672,303.6400146484375,99.43305206298828,117.1972885131836,240.79623413085938,188.40118408203125,236.65524291992188,197.78977966308594,289.98724365234375,447.847412109375,171.56942749023438,338.9458312988281,234.68702697753906,140.78651428222656,170.20980834960938,360.5295104980469,724.0999755859375,358.699462890625,3576.139892578125,136.7881622314453,199.87814331054688,48.06732940673828,1051.8367919921875,475.67999267578125,188.87698364257812,57.20268630981445,567.1243896484375,86.37376403808594,28.4039249420166,73.64119720458984,433.0078430175781,70.86119079589844,339.00775146484375,73.38011169433594,35.472129821777344,180.6959991455078,71.54212188720703,77.12297058105469,149.4935760498047,242.0500030517578,81.12000274658203,212.86773681640625,176.82196044921875,255.34811401367188,52.3399658203125,92.25439453125,308.4201354980469,819.287353515625,57.13783645629883,40.597869873046875,65.13999938964844,49.93967819213867,337.4198913574219,307.4358215332031,86.90687561035156,67.77635192871094,283.564208984375,207.91970825195312,26.764217376708984,459.2695617675781,370.64202880859375,122.61729431152344,276.9015197753906,299.1393127441406,144.15423583984375,238.60635375976562,305.01873779296875,26.004695892333984,121.39690399169922,25.592761993408203,66.60496520996094,118.7131576538086,255.8053741455078,285.24005126953125,408.0025634765625,478.59149169921875,541.4144287109375,123.2032470703125,262.2425842285156,817.9415893554688,88.02225494384766,77.4886703491211,616.8350219726562,159.94744873046875,193.10073852539062,161.88282775878906,513.776123046875,1406.8800048828125,61.29362869262695,206.61647033691406,7072.31982421875,255.38665771484375,91.69999694824219,88.80303955078125,111.40190124511719,139.4822998046875,23.447010040283203,80.86390686035156,145.8780059814453,191.35049438476562,767.0478515625,140.857421875,35.561466217041016,134.664306640625,196.36000061035156,177.996826171875,273.9678649902344,639.7196044921875,23.53432273864746,312.5309753417969,360.83612060546875,203.50076293945312,175.03018188476562,343.1835021972656,36.32405090332031,445.7200012207031,467.1192321777344,90.62559509277344,114.59039306640625,264.20550537109375,355.357177734375,23.67757225036621,245.16810607910156,42.823768615722656,139.15530395507812,200.26290893554688,105.37610626220703,444.2279968261719,327.13458251953125,215.29788208007812,89.69828796386719,45.31391906738281,334.8478698730469,286.94268798828125,37.58134460449219,204.177490234375,107.88479614257812,194.3933868408203,190.6161346435547,111.27166748046875,142.123046875
2025-11-04,145.20811462402344,210.90353393554688,237.9957275390625,300.8599853515625,99.79537200927734,117.56866455078125,249.4378662109375,192.3514404296875,229.16860961914062,197.1427764892578,290.3787536621094,447.47119140625,175.1729278564453,343.3043212890625,236.0695037841797,135.96266174316406,170.87950134277344,349.9786682128906,706.1300048828125,357.5785827636719,3675.89990234375,138.1305694580078,198.33689880371094,45.64460372924805,1043.0587158203125,487.6600036621094,193.96083068847656,56.89620590209961,544.254150390625,87.1456527709961,25.83164405822754,75.18316650390625,424.1341857910156,71.30108642578125,342.5874328613281,71.28073120117188,35.48202896118164,182.75074768066406,71.62081146240234,76.76901245117188,148.8627471923828,239.92999267578125,79.54000091552734,212.6390380859375,176.9013671875,256.5482177734375,53.60059356689453,91.88834381103516,311.79791259765625,816.405029296875,57.42797088623047,40.85506820678711,64.44999694824219,50.17890930175781,338.99908447265625,303.03277587890625,84.63239288330078,66.43512725830078,277.51605224609375,202.89305114746094,26.39987564086914,469.33929443359375,375.2756652832031,126.23848724365234,278.8304748535156,295.3304443359375,145.53050231933594,240.363037109375,304.9201354980469,25.82898712158203,118.84278106689453,25.35724639892578,67.28111267089844,119.75666809082031,250.3388671875,287.74072265625,413.7041931152344,475.68817138671875,550.0520629882812,124.65167236328125,270.5404052734375,839.2603759765625,88.23694610595703,78.29467010498047,622.771240234375,158.36956787109375,181.25570678710938,162.23895263671875,511.0931701660156,1420.3499755859375,59.90436935424805,198.43690490722656,7146.02978515625,245.79913330078125,93.83000183105469,89.32501220703125,111.43092346191406,138.80235290527344,23.104717254638672,79.92884063720703,145.040283203125,196.88340759277344,764.1759643554688,143.8382110595703,35.40519714355469,132.5455322265625,192.02999877929688,170.2355499267578,253.82955932617188,625.5257568359375,23.446945190429688,306.91448974609375,356.19378662109375,205.93943786621094,173.6164093017578,340.5424499511719,35.44096755981445,416.3500061035156,469.17742919921875,90.5277099609375,114.06011199951172,249.1123504638672,359.7723693847656,23.590702056884766,241.87100219726562,42.349239349365234,140.7806396484375,203.18824768066406,105.4355697631836,430.9701232910156,324.23358154296875,217.354248046875,88.89749908447266,45.129241943359375,338.2272033691406,290.6320495605469,37.43852233886719,203.71914672851562,109.11375427246094,198.2561492919922,191.97189331054688,111.64334869384766,122.53987884521484
2025-11-05,145.8939971923828,211.76321411132812,242.81640625,300.9599914550781,99.17842864990234,117.04092407226562,245.8206787109375,191.84906005859375,239.8211212158203,197.1427764892578,313.0453186035156,454.4703674316406,174.2793426513672,340.80096435546875,232.9221649169922,138.12094116210938,172.51007080078125,356.9794616699219,639.530029296875,362.8457336425781,3661.81005859375,136.08607482910156,195.13404846191406,46.707027435302734,1056.5013427734375,488.7699890136719,195.40060424804688,56.204158782958984,565.693115234375,86.67286682128906,26.613222122192383,75.53673553466797,434.4620666503906,70.93940734863281,352.0040588378906,71.06388092041016,34.967220306396484,184.4381866455078,73.44059753417969,77.23112487792969,148.15431213378906,238.0,81.80999755859375,211.02806091308594,178.30076599121094,256.8160095214844,54.63988494873047,90.11746215820312,313.23565673828125,808.7417602539062,57.80514907836914,41.23097229003906,64.0,50.06926727294922,338.4463806152344,303.93927001953125,86.50958251953125,68.32276916503906,284.1929626464844,202.92266845703125,26.685440063476562,470.851806640625,366.2239074707031,126.52462768554688,262.08306884765625,301.1418762207031,144.7681121826172,240.5004425048828,307.31610107421875,26.082788467407227,122.18952941894531,25.43575096130371,67.13412475585938,119.29397583007812,248.71180725097656,283.7673645019531,413.99127197265625,464.0750732421875,550.6093139648438,124.08196258544922,281.3028259277344,841.8430786132812,88.21743774414062,77.52611541748047,608.1795654296875,162.04800415039062,183.6227264404297,163.3963165283203,503.9682312011719,1439.72998046875,60.765316009521484,194.9613494873047,7181.8701171875,247.91868591308594,94.94000244140625,89.85681915283203,112.74712371826172,138.7635040283203,23.39946746826172,79.05223083496094,143.6802520751953,196.27281188964844,769.3035888671875,144.55905151367188,35.522403717041016,132.72128295898438,189.97000122070312,177.0118865966797,253.08990478515625,641.6519165039062,23.670246124267578,314.4660339355469,358.91583251953125,204.6407928466797,172.02468872070312,333.3836364746094,35.86288070678711,409.1099853515625,467.19439697265625,90.43960571289062,114.79661560058594,274.373779296875,354.87103271484375,23.706533432006836,247.28343200683594,42.6688232421875,142.4158935546875,201.6615447998047,108.3293685913086,434.1253662109375,321.2052001953125,213.8810577392578,88.57337188720703,45.430564880371094,337.9687805175781,283.5119323730469,37.79081344604492,205.2734832763672,109.09424591064453,198.1178436279297,196.89019775390625,111.19341278076172,118.6311264038086
2025-11-06,146.6096954345703,213.9807891845703,236.46722412109375,294.8599853515625,99.8932876586914,116.8161392211914,243.03594970703125,195.0605010986328,232.4937744140625,196.33653259277344,308.8663024902344,452.9358825683594,172.97779846191406,339.10540771484375,253.73770141601562,137.36505126953125,170.08364868164062,353.60833740234375,587.1400146484375,362.77630615234375,3673.659912109375,136.8575897216797,194.65328979492188,46.955257415771484,1052.43701171875,493.1499938964844,196.59213256835938,55.92734146118164,566.3192749023438,84.72386169433594,26.0888729095459,75.89030456542969,457.82830810546875,70.7243423461914,358.2088623046875,70.01911163330078,34.80882263183594,183.5249786376953,71.64048767089844,77.33927917480469,148.42604064941406,196.4600067138672,79.80999755859375,209.4966278076172,177.22889709472656,250.9939422607422,54.42818069458008,86.8427963256836,309.6510925292969,805.9971923828125,56.770328521728516,40.33077621459961,61.630001068115234,50.91654968261719,335.8703308105469,304.0986633300781,87.26443481445312,68.3923110961914,284.7818298339844,201.44134521484375,26.911922454833984,469.0209045410156,361.5511169433594,126.23848724365234,248.40219116210938,306.6882019042969,146.06520080566406,239.7545928955078,309.0317687988281,25.731372833251953,120.12831115722656,25.632015228271484,67.6730728149414,118.45721435546875,244.69375610351562,281.71148681640625,411.11077880859375,459.9359130859375,550.5794677734375,122.67216491699219,279.3848876953125,856.1519165039062,87.8856430053711,74.8558578491211,605.90869140625,161.58448791503906,190.0729217529297,161.65533447265625,493.9715576171875,1439.6199951171875,60.550079345703125,187.84042358398438,7195.0498046875,241.47088623046875,95.0,89.76818084716797,109.18566131591797,137.5202178955078,23.627662658691406,80.29898071289062,144.01535034179688,196.90219116210938,828.927978515625,146.02023315429688,35.64937210083008,134.9376983642578,173.92999267578125,170.5901336669922,250.07211303710938,644.3214111328125,23.602285385131836,312.62030029296875,368.7152099609375,202.45986938476562,173.11221313476562,331.28863525390625,35.676456451416016,396.1400146484375,460.5215759277344,90.82136535644531,115.15995025634766,277.06011962890625,351.0412292480469,23.88027572631836,240.8282470703125,42.62039566040039,142.4852752685547,197.9876251220703,97.92356872558594,433.5679626464844,315.1484375,214.4812469482422,89.23116302490234,45.5374755859375,334.90753173828125,284.7052307128906,37.91459274291992,203.03164672851562,108.05060577392578,197.2089385986328,189.8739471435547,111.99547576904297,117.71546936035156
2025-11-07,145.8641815185547,214.09800720214844,240.79798889160156,297.17999267578125,102.478515625,118.67300415039062,247.76307678222656,199.2767333984375,229.0491485595703,195.38096618652344,313.37811279296875,456.8067321777344,172.84181213378906,345.4087829589844,254.6691436767578,138.3397674560547,172.16067504882812,347.4826354980469,602.510009765625,365.5635986328125,3718.260009765625,137.2047576904297,196.28033447265625,47.531150817871094,1064.994140625,499.05999755859375,202.2320098876953,56.856658935546875,559.6798095703125,86.39306640625,26.44503402709961,77.35370635986328,468.25506591796875,72.12589263916016,358.666259765625,70.04869079589844,34.98702621459961,183.7036590576172,72.00444030761719,77.66373443603516,150.4446563720703,204.30999755859375,81.7699966430664,208.77069091796875,178.9756622314453,254.0388641357422,54.89008712768555,86.81311798095703,312.94024658203125,811.3289794921875,57.74712371826172,40.409912109375,63.70000076293945,51.066062927246094,341.83172607421875,306.09100341796875,84.90057373046875,70.2898941040039,279.1528625488281,198.6564483642578,27.148250579833984,474.2448425292969,363.5495300292969,127.6889419555664,249.32215881347656,300.759033203125,147.5305938720703,240.9224395751953,309.8106689453125,25.340909957885742,118.83084106445312,26.05398178100586,69.13316345214844,119.65821838378906,250.7257843017578,287.28607177734375,416.2481689453125,449.56842041015625,549.2758178710938,125.19242095947266,289.3423156738281,849.5509033203125,89.97396850585938,75.03321838378906,608.2095336914062,162.560791015625,191.0986328125,160.6067657470703,493.6933288574219,1439.3499755859375,59.76739501953125,187.91033935546875,7251.240234375,236.9742431640625,97.08999633789062,89.64015197753906,109.400634765625,138.85092163085938,23.637338638305664,80.70806884765625,144.85304260253906,204.09780883789062,840.5400390625,149.41990661621094,35.727508544921875,134.69358825683594,176.11000061035156,168.31494140625,252.4784698486328,654.939453125,24.12656593322754,322.1862487792969,369.6951599121094,203.80807495117188,174.9609832763672,337.7424621582031,35.9708137512207,393.42999267578125,466.5553283691406,91.74153137207031,116.18124389648438,277.9356689453125,353.243896484375,23.967147827148438,240.74879455566406,43.32735061645508,143.31776428222656,203.8875732421875,102.7498779296875,432.47308349609375,317.74560546875,217.91506958007812,91.47147369384766,45.99431228637695,333.9732666015625,285.69964599609375,38.11454772949219,205.56243896484375,110.08911895751953,199.48118591308594,194.9010772705078,114.65599060058594,118.3849868774414
2025-11-10,145.48643493652344,213.65841674804688,239.6124267578125,298.7200012207031,102.17493438720703,120.72180938720703,248.8036346435547,200.85292053222656,234.0369110107422,197.09300231933594,316.7643737792969,456.28021240234375,174.56101989746094,343.96258544921875,253.3847198486328,143.0740966796875,171.54920959472656,356.3927307128906,584.6900024414062,364.9089050292969,3728.090087890625,140.13648986816406,197.01141357421875,48.454566955566406,1065.4173583984375,496.9800109863281,203.97959899902344,56.678707122802734,567.3827514648438,88.60258483886719,26.603328704833984,77.06887817382812,479.13690185546875,72.94337463378906,362.593994140625,71.05402374267578,34.76921844482422,183.88232421875,71.68965911865234,76.23808288574219,151.05606079101562,204.0800018310547,79.83999633789062,209.9938507080078,180.72244262695312,256.4490051269531,55.17877960205078,88.67304229736328,299.1534729003906,814.6539306640625,57.55369567871094,40.90452575683594,63.79999923706055,51.165748596191406,344.94073486328125,310.7430725097656,87.95967864990234,70.58794403076172,290.02154541015625,200.2069091796875,27.286109924316406,457.020751953125,362.8833923339844,129.11964416503906,235.84902954101562,305.1317138671875,148.02565002441406,239.72512817382812,312.45318603515625,25.49709701538086,121.27840423583984,26.554452896118164,69.10375213623047,121.2923812866211,259.0694274902344,293.5524597167969,416.4065246582031,443.43817138671875,550.2610473632812,125.09586334228516,288.6566162109375,856.9097900390625,90.4228744506836,76.04811096191406,614.3151245117188,165.35166931152344,193.6629180908203,163.26773071289062,502.8155212402344,1432.5699462890625,59.48367691040039,198.7964630126953,7336.81005859375,238.5292510986328,98.0999984741211,88.89167785644531,108.93160247802734,138.5303955078125,23.598636627197266,81.40937042236328,143.3944549560547,204.342041015625,837.1739501953125,151.05642700195312,35.9814453125,135.3770751953125,177.49000549316406,168.9846954345703,261.3247375488281,652.160400390625,24.31103515625,332.1392517089844,387.2648010253906,202.35081481933594,176.99758911132812,340.1154479980469,36.21611404418945,400.7699890136719,464.1305236816406,90.97798919677734,117.53641510009766,292.5015563964844,352.24176025390625,23.967147827148438,246.05197143554688,43.69534683227539,145.40890502929688,202.7745361328125,105.12834930419922,431.4777526855469,315.16802978515625,220.27642822265625,88.71636962890625,46.24702835083008,332.8104248046875,291.7063293457031,37.94315719604492,209.2390899658203,109.65019989013672,198.0487060546875,192.62501525878906,115.63410949707031,117.9419174194336
2025-11-11,148.52818298339844,219.96920776367188,237.66259765625,301.8599853515625,103.00730895996094,120.88926696777344,252.70823669433594,204.27122497558594,227.6553497314453,196.72471618652344,331.2392578125,461.8831481933594,179.4854736328125,349.00927734375,257.11053466796875,142.69613647460938,173.5777130126953,349.9985656738281,572.1799926757812,367.1705322265625,3756.239990234375,145.8302001953125,200.67678833007812,48.60350799560547,1068.49755859375,497.07000732421875,203.36398315429688,56.32279968261719,564.4804077148438,90.9182357788086,26.504396438598633,78.051025390625,470.8963928222656,73.71160888671875,363.0215759277344,70.67948913574219,34.630619049072266,184.3885498046875,71.93557739257812,78.52896118164062,151.62864685058594,200.6300048828125,82.70999908447266,214.58811950683594,182.5883331298828,259.9104919433594,55.68880081176758,89.8701171875,310.44879150390625,807.6793212890625,58.50148391723633,40.815494537353516,64.26000213623047,51.713985443115234,347.8326110839844,309.52777099609375,87.3339614868164,70.7568359375,291.1692810058594,197.1751251220703,27.630754470825195,460.0158386230469,366.6157531738281,129.42552185058594,240.84457397460938,309.662353515625,150.49110412597656,240.79486083984375,311.2009582519531,26.092548370361328,118.58488464355469,26.436697006225586,70.17186737060547,123.48768615722656,266.0935363769531,298.1781005859375,422.3258972167969,448.3129577636719,555.624755859375,127.04642486572266,290.07769775390625,853.9881591796875,93.09671783447266,76.649169921875,617.9306640625,166.3378448486328,197.38113403320312,164.7020721435547,505.4786682128906,1445.06005859375,61.78280258178711,192.91395568847656,7301.2099609375,233.8939666748047,99.22000122070312,88.95076751708984,109.08795166015625,140.91986083984375,24.682296752929688,82.18859100341797,146.3904571533203,206.5777587890625,854.40283203125,152.7416534423828,36.00098419189453,137.52516174316406,178.0,171.35836791992188,259.9144592285156,671.892333984375,24.33045196533203,331.21636962890625,388.0962829589844,205.33473205566406,177.1854248046875,342.62750244140625,36.902957916259766,395.6000061035156,467.7864990234375,91.55553436279297,117.28109741210938,286.5418701171875,360.8538513183594,24.30498695373535,245.45611572265625,43.87935256958008,144.85391235351562,208.7926788330078,101.12458801269531,419.673095703125,320.9209899902344,221.18162536621094,90.59441375732422,46.28590393066406,336.8556213378906,293.95758056640625,38.75248718261719,207.18655395507812,109.72823333740234,200.81488037109375,189.49789428710938,117.15998077392578,118.26683807373047
2025-11-12,150.61563110351562,227.84303283691406,241.5524444580078,301.739990234375,103.52630615234375,120.84001922607422,253.56048583984375,206.0936737060547,229.70620727539062,195.878662109375,329.115478515625,467.4463195800781,178.08680725097656,349.1888122558594,256.4438171386719,141.1544952392578,172.81097412109375,353.2403869628906,569.510009765625,369.7594299316406,3788.699951171875,148.22186279296875,205.64059448242188,47.19355773925781,1076.5377197265625,502.3999938964844,202.87744140625,55.35393142700195,569.53955078125,90.3779067993164,26.840770721435547,77.15727233886719,474.3390197753906,73.82980346679688,361.3709411621094,72.89715576171875,35.036521911621094,183.91209411621094,72.98810577392578,78.91241455078125,148.79483032226562,196.50999450683594,84.38999938964844,218.17799377441406,182.24095153808594,258.9286193847656,56.545257568359375,91.02764129638672,322.6402282714844,800.0062866210938,57.66007995605469,40.528621673583984,,51.86350631713867,344.9012756347656,307.83428955078125,88.4066390991211,71.37279510498047,286.86773681640625,196.13818359375,26.518041610717773,471.2597351074219,363.569091796875,130.9055938720703,237.88681030273438,310.90606689453125,152.53079223632812,240.86354064941406,315.92388916015625,26.258493423461914,119.38845825195312,26.505386352539062,70.0738754272461,122.19805908203125,263.9010009765625,296.75482177734375,424.6125183105469,448.28350830078125,558.4906616210938,126.97882080078125,289.84918212890625,838.3430786132812,93.49681091308594,79.03367614746094,612.3629150390625,168.71450805664062,194.19549560546875,168.08514404296875,507.9232177734375,1447.81005859375,62.810062408447266,193.5531463623047,7287.3798828125,224.82147216796875,98.08999633789062,89.60076904296875,108.5407485961914,140.2496337890625,25.030616760253906,83.04573822021484,145.86813354492188,208.41891479492188,850.8076782226562,151.5337371826172,36.02051544189453,134.76194763183594,178.16000366210938,174.00784301757812,259.79608154296875,679.0339965820312,24.650842666625977,337.59698486328125,390.53131103515625,203.37188720703125,175.6728057861328,342.2700500488281,35.39190673828125,398.80999755859375,466.0102233886719,90.5179214477539,118.93086242675781,281.825927734375,364.4653625488281,24.75865364074707,244.62191772460938,44.19893264770508,146.31077575683594,209.48216247558594,103.04718780517578,419.7825622558594,332.2994689941406,219.95175170898438,91.69073486328125,46.548343658447266,337.4830017089844,293.9476013183594,38.84770202636719,209.14178466796875,109.34783172607422,201.33848571777344,189.89373779296875,115.53629302978516,119.37940216064453
2025-11-13,146.0132598876953,226.92474365234375,242.5714569091797,297.1700134277344,102.59601593017578,119.65802001953125,254.40284729003906,208.01463317871094,222.23948669433594,193.25086975097656,328.8414306640625,456.3994445800781,175.93055725097656,350.0166320800781,257.8948974609375,134.52047729492188,171.77243041992188,338.0853576660156,557.2899780273438,361.7843933105469,3819.2900390625,148.93165588378906,201.6685028076172,47.17369842529297,1052.6436767578125,513.1099853515625,204.60513305664062,54.53335952758789,550.187744140625,87.42546081542969,25.8613224029541,77.38316345214844,462.46795654296875,72.81533813476562,363.3894958496094,76.26800537109375,34.531620025634766,186.52268981933594,72.35855865478516,77.90953826904297,150.98812866210938,195.2100067138672,83.0999984741211,219.96798706054688,180.6033477783203,259.8411560058594,56.85319900512695,88.95994567871094,323.28033447265625,773.7407836914062,57.33125686645508,40.31099319458008,64.52999877929688,51.793731689453125,339.5813903808594,303.0029296875,81.80171203613281,71.42247772216797,278.573974609375,192.63235473632812,26.606664657592773,470.931396484375,360.57147216796875,131.9021453857422,234.18716430664062,300.91693115234375,151.194091796875,240.72613525390625,305.1469421386719,26.356109619140625,115.67926025390625,26.387630462646484,69.64270782470703,119.3530502319336,265.7562255859375,285.0226135253906,424.2957763671875,447.1163024902344,552.8583374023438,126.06149291992188,285.6355895996094,843.8173828125,93.81884765625,78.30452728271484,599.7333984375,168.2608642578125,191.90736389160156,163.82167053222656,500.1225891113281,1412.1800537109375,64.6004409790039,186.62196350097656,7255.56982421875,215.49147033691406,98.3499984741211,89.2166748046875,109.24429321289062,140.861572265625,24.953210830688477,82.42236328125,145.81886291503906,209.62132263183594,838.4785766601562,151.1343536376953,35.69820022583008,136.20701599121094,174.57000732421875,171.87054443359375,252.2318878173828,692.2517700195312,24.23336410522461,330.214111328125,375.8321838378906,204.234375,171.98513793945312,336.43182373046875,35.62739944458008,393.92999267578125,472.7018737792969,90.27320098876953,116.15177917480469,261.2306823730469,370.497802734375,24.855178833007812,234.65110778808594,43.898719787597656,145.51065063476562,211.34375,99.8560791015625,412.9147644042969,325.889892578125,217.91506958007812,91.49054718017578,45.984596252441406,334.6945495605469,282.9902038574219,39.14286804199219,203.7748260498047,108.98694610595703,202.03988647460938,184.5301055908203,116.19163513183594,119.2907943725586
2025-11-14,145.94369506835938,226.99313354492188,240.25909423828125,299.3900146484375,102.84083557128906,119.480712890625,256.18670654296875,211.1078338623047,225.00714111328125,192.4645538330078,329.565673828125,454.98876953125,178.31991577148438,349.2087707519531,254.27696228027344,133.0186309814453,172.47125244140625,340.5514831542969,554.3699951171875,354.2953186035156,3856.8701171875,148.93165588378906,200.57186889648438,48.38506317138672,1041.119873046875,508.94000244140625,203.92001342773438,53.48540115356445,550.6649169921875,88.45785522460938,25.742603302001953,76.65637969970703,457.64031982421875,72.82518768310547,360.49114990234375,76.87909698486328,34.551422119140625,185.786376953125,71.43392181396484,76.5035400390625,152.96792602539062,206.9600067138672,82.81999969482422,219.97793579101562,181.7447052001953,256.4688720703125,56.49714279174805,87.238525390625,320.8676452636719,772.7865600585938,57.46665573120117,40.014225006103516,63.41999816894531,51.4249153137207,339.7689514160156,303.6504211425781,81.78178405761719,70.0613784790039,276.43817138671875,191.7139434814453,26.88237953186035,470.30450439453125,354.977783203125,132.06988525390625,234.56304931640625,301.7362365722656,150.57032775878906,239.4307098388672,299.3591003417969,26.483009338378906,112.95088195800781,26.90772819519043,69.73091125488281,119.2250747680664,264.7839660644531,286.03082275390625,419.0989685058594,456.84625244140625,543.0663452148438,126.43807983398438,283.9363098144531,839.6792602539062,93.55537414550781,77.48670196533203,594.0660400390625,165.97303771972656,197.23318481445312,162.09056091308594,506.96923828125,1403.0799560546875,62.78071594238281,189.92774963378906,7271.89013671875,220.7210235595703,98.80000305175781,87.83147430419922,109.53742980957031,141.6677703857422,24.246896743774414,82.27626037597656,145.53305053710938,211.5282440185547,828.5296630859375,151.4071044921875,35.90330505371094,138.96044921875,179.61000061035156,171.35836791992188,249.3817596435547,690.7677001953125,24.23336410522461,328.93408203125,373.2981872558594,207.98159790039062,173.57687377929688,330.58990478515625,36.24555206298828,389.8299865722656,464.1868896484375,90.0578384399414,114.73768615722656,256.9026794433594,359.38543701171875,24.70073699951172,235.69387817382812,43.94770431518555,145.19261169433594,212.83103942871094,100.50025177001953,416.2093200683594,315.4424133300781,219.43028259277344,91.50007629394531,45.78047180175781,328.6595153808594,279.4937438964844,39.09526062011719,203.42567443847656,109.10789489746094,206.64361572265625,180.3441162109375,117.70126342773438,118.9560317993164
2025-11-17,143.6574249267578,228.5952606201172,236.4574432373047,291.9599914550781,103.1835708618164,121.86441802978516,256.9794616699219,206.0936737060547,227.6951904296875,190.30458068847656,334.4298095703125,437.90185546875,175.28948974609375,349.0990295410156,248.1489715576172,131.61622619628906,172.28683471679688,340.7404479980469,543.22998046875,338.4939880371094,3855.260009765625,147.3423614501953,190.87704467773438,47.541080474853516,1007.522705078125,503.260009765625,204.72430419921875,52.526424407958984,548.6968994140625,87.3675765991211,25.089641571044922,77.40280151367188,451.08160400390625,73.33734130859375,363.5389099121094,76.66226196289062,33.67030334472656,182.84117126464844,70.0075912475586,77.09347534179688,150.2505645751953,210.64999389648438,80.72000122070312,219.2122344970703,178.69776916503906,253.3743438720703,55.58294677734375,85.17084503173828,325.87030029296875,764.2379760742188,57.10881423950195,39.27230453491211,62.70000076293945,50.35833740234375,337.3310852050781,298.9784240722656,80.78517150878906,67.4683609008789,285.04132080078125,187.43783569335938,26.212783813476562,474.732421875,350.7359924316406,130.30369567871094,231.58551025390625,293.326416015625,148.84747314453125,236.9183349609375,296.1644592285156,26.31706428527832,113.07855224609375,26.632959365844727,69.26054382324219,112.32416534423828,259.3075256347656,285.5345153808594,413.6150817871094,461.76025390625,534.2296142578125,125.7911148071289,281.12396240234375,852.7816162109375,93.95547485351562,74.42230987548828,587.6217651367188,163.80404663085938,193.2782745361328,157.72817993164062,504.296142578125,1388.9599609375,61.538211822509766,186.3623046875,7156.64013671875,217.75958251953125,99.55999755859375,87.13887786865234,107.9544677734375,143.5909881591797,24.26624870300293,78.90611267089844,143.7098388671875,211.68795776367188,817.5947265625,148.8061981201172,35.942378997802734,134.558837890625,174.2100067138672,164.23731994628906,243.30674743652344,701.5350952148438,23.59257698059082,321.6107177734375,367.68505859375,207.9915008544922,173.6361846923828,325.24566650390625,35.126983642578125,390.239990234375,459.53472900390625,90.25361633300781,110.8096694946289,260.056640625,357.3117980957031,24.584909439086914,232.59539794921875,43.026817321777344,144.29806518554688,212.5946502685547,100.82727813720703,411.8497314453125,314.129150390625,217.44281005859375,91.35458374023438,44.19614028930664,324.4071350097656,278.9956970214844,39.04764938354492,199.09619140625,110.012451171875,205.45811462402344,179.4337158203125,116.11270141601562,116.96720123291016
2025-11-18,142.98146057128906,228.46824645996094,235.154296875,292.2300109863281,102.72332000732422,121.65756225585938,256.31549072265625,206.83250427246094,224.12110900878906,189.0205535888672,336.6612243652344,439.8986511230469,176.33848571777344,347.6229553222656,247.2371368408203,131.72564697265625,172.18978881835938,338.6024169921875,533.77001953125,337.9087829589844,3827.889892578125,148.38389587402344,190.04266357421875,47.719810485839844,1002.9368286132812,504.3699951171875,205.5087127685547,51.41914367675781,543.558349609375,87.84034729003906,25.485376358032227,77.91352844238281,459.9255676269531,73.15020751953125,360.1923522949219,76.2581558227539,33.6505126953125,182.99041748046875,70.88689422607422,76.63136291503906,150.75103759765625,212.0800018310547,83.7699966430664,224.25396728515625,178.42979431152344,253.58261108398438,56.21807098388672,87.11981201171875,319.5874328613281,766.4906616210938,57.23454666137695,39.52949905395508,61.34000015258789,50.21878433227539,336.84747314453125,294.8742370605469,79.8483657836914,67.48822784423828,284.4025573730469,187.48719787597656,26.38018226623535,475.76727294921875,329.6250305175781,131.34959411621094,231.5756072998047,286.1997985839844,151.2733154296875,237.4286651611328,295.2178955078125,26.766094207763672,112.02027893066406,26.583892822265625,69.7896957397461,114.16507720947266,257.7598571777344,283.3013610839844,410.5168151855469,465.624755859375,525.0049438476562,125.94559478759766,281.1338806152344,858.2858276367188,98.36634826660156,74.26465606689453,590.8190307617188,164.2001953125,196.8682861328125,158.10409545898438,490.6824035644531,1396.449951171875,61.13709259033203,181.1289825439453,7147.1298828125,218.38356018066406,98.33000183105469,86.77278900146484,107.44635009765625,144.50404357910156,24.624244689941406,80.05547332763672,144.8629150390625,211.24644470214844,813.9398193359375,151.8162384033203,35.63960647583008,136.2919158935547,173.07000732421875,162.57278442382812,247.95176696777344,722.4822387695312,23.476070404052734,325.7388000488281,363.6217346191406,212.10552978515625,172.73651123046875,322.2798767089844,35.36247253417969,383.82000732421875,460.78472900390625,89.6662826538086,111.1631851196289,252.57473754882812,356.70654296875,24.710390090942383,229.94378662109375,43.43827819824219,144.69564819335938,209.87615966796875,102.35346984863281,405.1412048339844,307.3275146484375,217.2657012939453,90.0355224609375,44.6335334777832,319.85595703125,280.77880859375,39.49515914916992,197.1309814453125,109.7273178100586,208.74789428710938,178.86962890625,117.4447250366211,116.3173828125
2025-11-19,143.5381317138672,227.53042602539062,236.2124786376953,291.19000244140625,100.85295104980469,119.88455963134766,246.4846649169922,206.80291748046875,234.08670043945312,190.68284606933594,335.1050720214844,446.8426818847656,175.31863403320312,343.26446533203125,248.30584716796875,135.92288208007812,171.76272583007812,352.4448547363281,531.0900268554688,341.8566589355469,3808.550048828125,147.52752685546875,186.37770080566406,48.13683319091797,998.5476684570312,501.260009765625,206.05484008789062,50.66777801513672,549.75048828125,87.8499984741211,25.801963806152344,77.06887817382812,468.17596435546875,71.85010528564453,359.2860107421875,77.26348876953125,33.62080001831055,182.55262756347656,71.42039489746094,75.26470947265625,148.8668975830078,202.31500244140625,83.01000213623047,221.17124938964844,178.2908477783203,259.3650207519531,55.3327522277832,84.9927749633789,311.5517272949219,757.1876831054688,57.00243377685547,39.12391662597656,61.16999816894531,50.25865936279297,338.5944519042969,299.665771484375,81.41304016113281,68.05451965332031,292.4168395996094,187.26007080078125,26.05522918701172,478.67279052734375,327.68536376953125,130.42208862304688,226.4316864013672,284.79815673828125,152.13473510742188,236.5846710205078,299.02386474609375,26.24873161315918,116.44587707519531,26.318937301635742,69.6819076538086,113.36767578125,258.49395751953125,283.11279296875,409.0122375488281,460.90692138671875,527.7713012695312,125.3662338256836,282.4258117675781,850.029541015625,97.91744995117188,73.66360473632812,594.4444580078125,164.98263549804688,193.80538940429688,160.53750610351562,484.0543518066406,1404.4300537109375,61.283843994140625,186.28240966796875,7119.89990234375,223.37542724609375,98.69999694824219,85.66463470458984,107.04573059082031,142.8916473388672,24.072736740112305,80.95157623291016,144.8629150390625,209.41464233398438,817.2960205078125,151.5824432373047,34.72150802612305,132.43190002441406,171.94000244140625,163.60696411132812,252.4685821533203,699.9812622070312,23.51490592956543,328.3386535644531,370.049560546875,215.5851287841797,171.79730224609375,328.201416015625,35.185855865478516,386.29998779296875,461.2734069824219,89.09852600097656,111.94879150390625,257.8280334472656,361.37969970703125,24.39185905456543,231.43345642089844,43.74197769165039,144.9242401123047,208.09336853027344,103.47333526611328,404.9321594238281,302.92706298828125,217.6100616455078,89.628173828125,45.4888801574707,322.7838439941406,283.1296691894531,39.21903991699219,197.44021606445312,108.31148529052734,213.0552215576172,172.8033905029297,115.78709411621094,115.27373504638672
2025-11-20,144.19418334960938,224.15032958984375,235.92832946777344,286.95001220703125,101.3132095336914,119.08671569824219,245.07742309570312,208.5859832763672,219.6825714111328,189.1400146484375,328.90997314453125,438.7264099121094,173.9782257080078,344.97991943359375,246.18801879882812,129.6568603515625,171.83067321777344,344.88720703125,519.6099853515625,341.02337646484375,3849.81005859375,146.2622528076172,182.0996856689453,47.729736328125,976.7400512695312,501.1199951171875,206.43214416503906,49.78788757324219,542.8129272460938,86.95267486572266,25.050065994262695,77.45191192626953,460.1926574707031,72.39181518554688,360.6206359863281,74.35589599609375,33.34360122680664,182.28396606445312,71.47966766357422,74.76325988769531,147.50283813476562,187.72999572753906,81.4800033569336,220.94253540039062,176.6929473876953,259.6030578613281,55.890892028808594,85.68529510498047,309.20794677734375,745.0442504882812,57.21520233154297,38.72822952270508,59.77000045776367,50.67731475830078,335.02154541015625,289.5048828125,77.76544952392578,67.59751892089844,289.41278076171875,184.7714385986328,25.22808074951172,473.91650390625,325.60858154296875,132.97764587402344,220.88217163085938,286.6439514160156,150.16436767578125,236.61412048339844,294.20233154296875,26.561100006103516,109.96158599853516,26.22080421447754,69.77989959716797,114.44071197509766,259.40673828125,282.0905456542969,404.3697509765625,459.2885437011719,525.303466796875,126.37047576904297,281.2802734375,847.0281372070312,96.95135498046875,72.83592224121094,594.623779296875,163.03152465820312,186.2224578857422,156.9862823486328,476.3088684082031,1399.4100341796875,60.100040435791016,180.40989685058594,7163.330078125,208.6772003173828,99.01000213623047,85.9416732788086,105.98063659667969,141.9105987548828,23.608312606811523,80.22105407714844,146.0455322265625,212.2985382080078,816.03125,151.62139892578125,34.71174240112305,129.97015380859375,170.42999267578125,157.1852264404297,249.2338409423828,735.0167236328125,23.398399353027344,324.4487609863281,366.294189453125,216.53677368164062,170.76910400390625,326.4399108886719,34.5284538269043,385.6000061035156,461.37677001953125,88.7950668334961,111.26139068603516,239.28236389160156,357.6590270996094,24.63317108154297,213.01133728027344,43.4970588684082,147.1705322265625,207.3447723388672,101.26333618164062,398.1937561035156,305.3282470703125,217.64942932128906,88.13452911376953,45.18756866455078,322.4352722167969,284.8629150390625,38.80961227416992,195.66453552246094,108.79326629638672,214.18145751953125,170.7549285888672,115.46148681640625,114.10209655761719
2025-11-21,150.34725952148438,230.8225860595703,246.76502990722656,290.79998779296875,102.36100006103516,119.02760314941406,249.15049743652344,211.12754821777344,223.4531707763672,194.1168670654297,332.704833984375,444.6174011230469,174.40560913085938,345.5982971191406,252.3454132080078,130.89016723632812,175.36355590820312,338.3041076660156,521.989990234375,350.0400085449219,3897.8798828125,148.6847686767578,189.4462890625,48.53400421142578,998.5870361328125,504.0400085449219,208.00099182128906,51.814598083496094,547.0867309570312,86.84654998779297,26.276845932006836,79.48495483398438,469.4523620605469,72.92367553710938,364.21612548828125,75.00639343261719,33.9376106262207,184.8709716796875,75.0660171508789,76.7198486328125,147.17901611328125,189.6300048828125,85.12999725341797,226.12350463867188,182.20126342773438,264.8895568847656,56.372047424316406,88.94017028808594,316.830078125,746.8949584960938,58.55950927734375,39.48004150390625,60.84000015258789,52.65098190307617,335.90985107421875,286.33709716796875,79.19059753417969,69.87262725830078,299.0638122558594,189.83758544921875,25.42502212524414,488.5634765625,336.3257141113281,134.63531494140625,224.65110778808594,293.5929260253906,152.9070281982422,243.16001892089844,293.84735107421875,27.078462600708008,109.4299545288086,26.4759464263916,71.48495483398438,121.24317169189453,263.5438232421875,275.6987609863281,408.556884765625,451.95184326171875,537.7623901367188,129.0162811279297,294.6878356933594,863.5507202148438,98.75668334960938,73.96905517578125,600.7792358398438,166.47813415527344,188.94833374023438,156.46202087402344,470.0268249511719,1452.3499755859375,61.44037628173828,178.6521453857422,7388.81982421875,196.86114501953125,100.43000030517578,87.12898254394531,108.91205596923828,142.13400268554688,24.227548599243164,82.1009292602539,148.73602294921875,213.1533660888672,836.1183471679688,151.22203063964844,35.27822494506836,131.67369079589844,172.1199951171875,160.8393096923828,260.4469909667969,753.8659057617188,24.184818267822266,337.2695007324219,376.2587585449219,217.1018524169922,168.416748046875,335.44659423828125,35.5096549987793,388.3599853515625,463.9049987792969,90.54728698730469,112.30232238769531,236.28761291503906,365.3880615234375,25.02892303466797,217.42071533203125,44.55509567260742,150.51010131835938,206.3302764892578,104.2958755493164,408.1869201660156,313.5901184082031,222.5787811279297,91.81044006347656,46.44142532348633,326.6279602050781,286.7156982421875,39.25712203979492,199.7346649169922,109.27503967285156,214.00363159179688,176.07894897460938,115.52069091796875,120.17689514160156
2025-11-24,152.6832275390625,224.20895385742188,238.70120239257812,289.8500061035156,102.6156005859375,120.20960998535156,245.979248046875,209.2065887451172,230.33602905273438,194.31591796875,329.51123046875,443.1173095703125,174.4153289794922,343.7930603027344,251.57083129882812,137.1363067626953,175.10153198242188,375.8536682128906,524.5999755859375,353.055419921875,3851.52001953125,147.3269500732422,193.71240234375,49.01060485839844,1003.2811889648438,507.80999755859375,209.7088623046875,51.1620979309082,556.2010498046875,85.8913345336914,24.496036529541016,77.76620483398438,482.47747802734375,73.17975616455078,370.72998046875,75.14439392089844,34.0465087890625,181.24917602539062,74.01876068115234,76.592041015625,146.95330810546875,188.0800018310547,83.12999725341797,225.7157745361328,181.66529846191406,266.6054382324219,56.94942855834961,92.39289855957031,324.58026123046875,752.773681640625,58.55950927734375,39.163490295410156,60.66999816894531,52.29212951660156,333.7286071777344,292.9217224121094,82.31995391845703,70.53826904296875,317.8470153808594,190.0054473876953,25.27731704711914,498.55364990234375,329.7229919433594,134.82278442382812,226.72845458984375,300.1865234375,151.39212036132812,238.0175018310547,293.8276672363281,26.70752716064453,113.38076782226562,26.318937301635742,71.1321792602539,121.04627990722656,263.2164306640625,273.33660888671875,403.5382995605469,442.4180908203125,535.2247314453125,128.72659301757812,295.0762939453125,867.7188110351562,100.7083969116211,74.08729553222656,602.18359375,167.93405151367188,188.51220703125,161.07168579101562,471.8985290527344,1470.1400146484375,60.589210510253906,182.31747436523438,7263.52001953125,198.36663818359375,99.0,86.04061126708984,107.39749908447266,141.3278045654297,24.401704788208008,82.3639144897461,144.85304260253906,211.43431091308594,836.5664672851562,147.15020751953125,35.62983703613281,131.16163635253906,170.16000366210938,162.57278442382812,252.04452514648438,759.4009399414062,24.12656593322754,347.29193115234375,381.8619384765625,213.29513549804688,171.92047119140625,336.382080078125,35.03867721557617,404.6300048828125,459.8072814941406,91.92752075195312,113.02899932861328,252.09716796875,367.32281494140625,24.729698181152344,218.71176147460938,44.57468795776367,147.95571899414062,204.22244262695312,104.74185180664062,408.0276794433594,312.6884765625,220.88645935058594,90.74354553222656,46.41226577758789,327.9424743652344,286.07818603515625,38.28593063354492,199.525146484375,109.15705108642578,209.2813720703125,171.9226531982422,114.42547607421875,120.97441864013672
2025-11-25,156.26173400878906,226.44606018066406,244.1979217529297,294.42999267578125,102.74291229248047,119.75651550292969,247.9910125732422,209.482421875,241.85731506347656,196.30667114257812,336.2236633300781,449.84283447265625,174.599853515625,350.03656005859375,253.87496948242188,137.06668090820312,176.29531860351562,382.8842468261719,528.8900146484375,359.7112731933594,3948.070068359375,150.8218536376953,194.93894958496094,49.080108642578125,1013.3978271484375,508.57000732421875,212.2209930419922,53.33710479736328,563.1685180664062,86.25798797607422,25.44580078125,78.394775390625,491.7371826171875,73.68206787109375,373.2498779296875,75.22323608398438,34.551422119140625,182.75161743164062,75.53035736083984,77.1524658203125,145.75608825683594,195.49000549316406,85.47000122070312,229.4846954345703,184.62294006347656,271.2273864746094,56.2950553894043,90.95838165283203,331.14862060546875,740.4323120117188,59.0914306640625,39.658103942871094,60.7599983215332,53.10950469970703,336.63037109375,292.3140869140625,82.66876220703125,72.30669403076172,323.00689697265625,190.52886962890625,25.29701042175293,513.2901611328125,343.9178161621094,135.74041748046875,235.31484985351562,300.5418701171875,154.42196655273438,243.72921752929688,298.7576599121094,26.404916763305664,114.29441833496094,26.02454376220703,71.15179443359375,129.03988647460938,267.70074462890625,274.2596130371094,403.7164611816406,443.7421875,543.8026733398438,130.41641235351562,302.9355773925781,886.7341918945312,102.80648803710938,74.62922668457031,615.4705200195312,169.89505004882812,188.3337860107422,163.6436004638672,474.8752136230469,1506.02001953125,62.30132293701172,177.59349060058594,7453.3798828125,195.14768981933594,101.37999725341797,87.50497436523438,109.54721069335938,141.92030334472656,24.885480880737305,82.49054718017578,146.34120178222656,212.68368530273438,848.5370483398438,153.33587646484375,35.561466217041016,132.07742309570312,173.44000244140625,160.8393096923828,262.7349853515625,785.2012939453125,24.67997169494629,361.7004089355469,388.7467041015625,215.20840454101562,170.86834716796875,341.0097961425781,35.22510528564453,401.6099853515625,465.3726501464844,90.5179214477539,114.00118255615234,260.5640869140625,372.144775390625,24.96135711669922,220.72776794433594,45.378013610839844,151.4642791748047,203.78907775878906,106.71399688720703,416.8662414550781,319.7743225097656,225.4419403076172,91.69405364990234,47.53976821899414,333.15093994140625,291.5867919921875,38.64774703979492,205.58045959472656,109.35369873046875,213.6183319091797,177.7117919921875,112.98491668701172,125.91696166992188
2025-11-26,153.44862365722656,222.40170288085938,242.84579467773438,301.3800048828125,103.82008361816406,120.8794174194336,246.28646850585938,210.68423461914062,249.34864807128906,195.3710174560547,339.63409423828125,450.488525390625,176.03738403320312,351.6822204589844,253.90438842773438,137.9717559814453,176.51853942871094,395.3543701171875,533.1699829101562,361.030517578125,3967.949951171875,149.59515380859375,195.16184997558594,49.17939758300781,1023.5242309570312,511.2300109863281,211.63516235351562,53.74244689941406,570.2451782226562,87.3675765991211,25.158893585205078,78.61085510253906,493.8931579589844,74.13512420654297,367.05474853515625,74.9768295288086,34.947418212890625,183.67698669433594,76.12313842773438,78.51912689208984,146.71778869628906,195.97999572753906,87.19000244140625,227.18756103515625,184.79165649414062,272.744873046875,56.8820686340332,92.69959259033203,333.3643493652344,742.6689453125,59.5556526184082,39.86583709716797,60.79999923706055,53.059661865234375,335.6137390136719,295.48187255859375,83.31656646728516,72.33648681640625,319.6534423828125,192.36570739746094,25.39548110961914,512.2055053710938,348.2281494140625,135.56280517578125,243.33740234375,299.28826904296875,154.7487030029297,244.35731506347656,303.33270263671875,27.019893646240234,115.6090316772461,26.446510314941406,71.4163589477539,129.23678588867188,266.8651428222656,274.0710754394531,403.7659606933594,445.45867919921875,542.2702026367188,130.8509521484375,303.4635009765625,881.1801147460938,102.48445129394531,75.21057891845703,620.0222778320312,169.16217041015625,190.05853271484375,166.1265106201172,483.3475036621094,1486.550048828125,62.937255859375,180.03038024902344,7566.669921875,203.00193786621094,101.51000213623047,87.63359069824219,108.86321258544922,143.7366943359375,24.875804901123047,82.40287017822266,146.1046600341797,215.257568359375,857.9481811523438,152.43966674804688,35.85447692871094,132.89471435546875,173.4600067138672,162.6515655517578,262.0446472167969,782.49853515625,24.7091007232666,368.3688049316406,391.41912841796875,215.48597717285156,171.90061950683594,341.7463073730469,34.98961639404297,409.67999267578125,466.7098388671875,91.81005859375,115.5429458618164,270.9014892578125,369.37664794921875,24.922746658325195,223.1807403564453,45.29964065551758,152.1997833251953,204.63043212890625,109.70690155029297,417.6824035644531,323.1358947753906,226.9473114013672,92.79003143310547,47.57864761352539,332.41400146484375,293.9376220703125,38.92387390136719,207.24639892578125,110.35658264160156,214.72483825683594,179.23577880859375,113.241455078125,125.72005462646484
2025-11-28,152.58383178710938,222.44076538085938,244.952392578125,303.3399963378906,104.14323425292969,121.91366577148438,245.39454650878906,209.8074951171875,251.62298583984375,196.9735565185547,340.5113525390625,452.74359130859375,176.0665283203125,352.9888000488281,255.95358276367188,140.13999938964844,176.5865020751953,400.71435546875,540.1400146484375,362.3199768066406,3954.330078125,149.687744140625,195.2747039794922,49.84465789794922,1030.649169921875,513.8099975585938,210.7613525390625,54.25653839111328,572.262939453125,88.0718994140625,25.505163192749023,78.95459747314453,494.75750732421875,74.30256652832031,367.453125,75.83433532714844,35.13622283935547,185.08987426757812,76.77519989013672,79.01073455810547,148.3075408935547,198.3699951171875,88.02999877929688,225.5169219970703,184.40350341796875,272.91351318359375,56.67035675048828,93.4145736694336,333.1083679199219,745.5390625,59.720062255859375,39.96476364135742,61.470001220703125,53.3690185546875,337.1830139160156,297.30487060546875,83.9145278930664,73.04187774658203,319.4937744140625,192.88914489746094,25.81890106201172,505.7676696777344,349.64862060546875,135.2075958251953,243.11978149414062,304.5888366699219,155.74874877929688,244.6419219970703,308.6965026855469,27.234647750854492,117.24481201171875,26.809595108032227,71.65154266357422,129.2564697265625,267.3724670410156,276.6019592285156,406.16143798828125,449.0877990722656,547.8429565429688,131.21786499023438,303.60296630859375,878.5974731445312,102.78697967529297,75.43720245361328,620.7593383789062,170.40017700195312,192.03106689453125,167.8279571533203,489.82867431640625,1476.719970703125,63.23075866699219,176.7745361328125,7507.2900390625,200.02069091796875,101.69999694824219,87.91062927246094,109.13680267333984,144.47491455078125,24.90483283996582,82.6171646118164,146.01597595214844,214.91940307617188,858.1573486328125,153.404052734375,36.0400505065918,134.86410522460938,175.42999267578125,165.55712890625,262.5771789550781,778.0904541015625,24.7091007232666,364.5086669921875,393.2769470214844,215.1786651611328,173.60781860351562,342.0448303222656,35.558712005615234,418.010009765625,469.7420654296875,92.72042083740234,116.87846374511719,275.2891540527344,368.2752990722656,25.11579704284668,224.59095764160156,45.554351806640625,150.99713134765625,206.88726806640625,108.29963684082031,419.51385498046875,323.1947021484375,228.09848022460938,92.90642547607422,47.675846099853516,333.0613098144531,296.0892639160156,39.14286804199219,208.04446411132812,110.18943786621094,215.23854064941406,178.13731384277344,114.37614440917969,126.20248413085938
2025-12-01,149.20413208007812,219.9105987548828,252.23236083984375,305.1199951171875,100.86275482177734,118.70256042480469,243.88821411132812,207.84779357910156,254.1167755126953,194.70413208007812,332.655517578125,451.9190673828125,171.21006774902344,350.24603271484375,255.76724243164062,138.4690704345703,174.36386108398438,383.92840576171875,533.2100219726562,357.4000549316406,3946.989990234375,147.99041748046875,194.3656005859375,49.8049430847168,1023.406005859375,508.54998779296875,206.5314483642578,53.63369369506836,564.609619140625,85.38961791992188,25.653564453125,78.51263427734375,492.9393615722656,72.05694580078125,358.67840576171875,74.947265625,34.62944793701172,184.50282287597656,76.49856567382812,77.77188110351562,149.69119262695312,205.5800018310547,92.0199966430664,222.89161682128906,184.0153350830078,270.63226318359375,55.939002990722656,94.05011749267578,324.6590270996094,725.7156982421875,59.420249938964844,39.71745300292969,62.689998626708984,52.66049575805664,328.053466796875,287.3432312011719,82.61894226074219,72.47557830810547,314.5035400390625,194.42970275878906,26.22262954711914,500.50390625,350.0502624511719,134.28591918945312,239.61795043945312,301.7164611816406,155.3922882080078,242.88522338867188,304.59478759765625,27.49820899963379,115.42051696777344,26.78015899658203,71.00025177001953,128.203125,266.3280029296875,270.2796936035156,403.013671875,434.0460510253906,541.3148803710938,130.71575927734375,302.25823974609375,855.2327880859375,100.84501647949219,75.19087219238281,613.6183471679688,168.84523010253906,194.41993713378906,166.6508026123047,484.5820007324219,1468.0899658203125,64.38272857666016,179.69082641601562,7517.08984375,199.02032470703125,101.23999786376953,87.2180404663086,108.01309204101562,145.22280883789062,24.450084686279297,82.25676727294922,145.306396484375,214.00820922851562,852.6002807617188,152.10845947265625,34.96568298339844,137.62124633789062,174.8800048828125,165.50787353515625,262.9223937988281,748.0913696289062,24.85135841369629,363.06982421875,387.4154357910156,212.21458435058594,166.7691192626953,339.8553466796875,35.91194152832031,438.2900085449219,466.38970947265625,89.56839752197266,115.99466705322266,268.7325134277344,369.4064025878906,24.893789291381836,224.1937255859375,45.6229248046875,150.21192932128906,204.53146362304688,111.09434509277344,408.2466125488281,316.7655334472656,227.63604736328125,92.35357666015625,48.025760650634766,329.02801513671875,290.72015380859375,38.79057312011719,208.1442108154297,107.50524139404297,213.32196044921875,180.5420379638672,115.0766830444336,125.28683471679688
2025-12-02,147.92181396484375,219.18768310546875,255.7498779296875,310.25,99.40367126464844,117.44175720214844,242.0251007080078,206.7689666748047,264.6704406738281,196.3763427734375,333.5130615234375,453.7867431640625,170.76324462890625,344.7904357910156,251.75711059570312,140.72683715820312,175.79061889648438,379.44354248046875,537.75,357.78692626953125,3826.77001953125,146.9488983154297,204.03102111816406,49.12975311279297,1022.1070556640625,506.6499938964844,203.6817169189453,53.20858383178711,578.93212890625,85.17735290527344,25.564523696899414,77.41262817382812,498.2547302246094,71.5447769165039,349.2662658691406,75.76534271240234,34.748687744140625,183.26902770996094,76.75543975830078,76.31673431396484,147.4439697265625,216.97999572753906,91.7699966430664,225.3279571533203,186.59307861328125,268.6783447265625,54.98632049560547,98.94577026367188,325.880126953125,719.8765869140625,59.942501068115234,40.03400802612305,63.2400016784668,53.029727935791016,331.42889404296875,288.20989990234375,83.42619323730469,73.18096923828125,315.40179443359375,194.72596740722656,26.498348236083984,497.8272705078125,346.8174743652344,133.88951110839844,239.35086059570312,297.8768005371094,153.82786560058594,243.7586669921875,303.5693359375,27.45915985107422,118.68011474609375,26.348377227783203,69.73715209960938,127.71090698242188,264.5373840332031,271.9173278808594,404.6469421386719,436.645263671875,543.2454223632812,130.6095428466797,303.4635009765625,828.0953369140625,99.566650390625,75.15145111083984,606.3775634765625,169.9148712158203,191.01010131835938,167.2640838623047,487.82757568359375,1447.1600341796875,63.9298210144043,181.22885131835938,7601.10009765625,199.17881774902344,99.83999633789062,86.3176498413086,108.24761199951172,144.34864807128906,24.33397674560547,82.1301498413086,143.74925231933594,214.89120483398438,855.40869140625,150.61805725097656,34.39920425415039,135.4647674560547,176.47999572753906,168.1278076171875,261.4233093261719,740.0032958984375,24.929845809936523,353.15655517578125,388.64739990234375,210.8267059326172,167.54330444335938,335.87451171875,35.676456451416016,449.3500061035156,462.5664367675781,89.02999877929688,116.87846374511719,265.51885986328125,363.8105163574219,24.63317108154297,227.967529296875,45.53475570678711,149.1086883544922,207.99591064453125,108.27982330322266,409.30169677734375,318.06903076171875,228.5018768310547,92.70274353027344,48.2881965637207,328.26116943359375,288.71795654296875,38.66679382324219,207.8748779296875,106.2762222290039,211.94874572753906,176.20761108398438,113.84333038330078,122.52018737792969
2025-12-03,148.36912536621094,224.92208862304688,267.3410339355469,307.239990234375,99.36449432373047,116.289306640625,243.1548614501953,206.48193359375,267.9622497558594,198.2974090576172,340.4719543457031,467.0191345214844,171.1226348876953,343.5437316894531,255.26724243164062,137.90213012695312,176.17884826660156,378.4888916015625,543.5499877929688,365.15692138671875,3822.919921875,149.34054565429688,200.54010009765625,50.13261032104492,1062.7012939453125,503.6000061035156,198.29998779296875,53.99949264526367,587.8973388671875,85.22559356689453,25.76239013671875,76.80369567871094,504.52392578125,71.10157012939453,333.96771240234375,76.6326904296875,35.72248840332031,183.7864227294922,78.28678894042969,73.74073028564453,148.75894165039062,222.47999572753906,94.97000122070312,227.18756103515625,189.36990356445312,262.1719055175781,55.14028549194336,101.3191146850586,325.7127380371094,725.1614990234375,59.9908561706543,40.77592849731445,66.94999694824219,53.33908462524414,333.67926025390625,287.383056640625,83.26673889160156,74.20427703857422,319.9927978515625,196.9776153564453,27.15238380432129,484.35443115234375,350.6184387207031,131.84796142578125,254.1495361328125,298.7059326171875,155.3031768798828,245.3877716064453,307.7598571777344,27.65439224243164,120.86349487304688,26.662399291992188,69.87529754638672,131.05799865722656,264.3683166503906,275.6590576171875,406.4948425292969,441.56689453125,551.0272216796875,129.89498901367188,305.4557189941406,803.8123779296875,99.50810241699219,76.37327575683594,614.2366943359375,171.43020629882812,187.76876831054688,171.84410095214844,475.6119689941406,1434.8800048828125,64.63873291015625,179.36123657226562,7679.419921875,205.74546813964844,98.61000061035156,86.02082824707031,110.79794311523438,143.8144073486328,24.74034881591797,84.49976348876953,144.5869598388672,213.406982421875,865.6265258789062,147.7834014892578,33.99876022338867,137.7098846435547,177.3699951171875,172.4319610595703,262.10382080078125,721.7225341796875,25.704919815063477,355.3992004394531,397.7575378417969,213.50331115722656,167.19590759277344,337.6161193847656,37.135162353515625,466.44000244140625,470.7308654785156,88.81465148925781,118.72463989257812,257.36041259765625,363.08624267578125,24.440120697021484,229.2089080810547,46.45563888549805,149.14842224121094,206.39234924316406,110.91595458984375,407.1617126464844,332.9365234375,231.44374084472656,95.25357055664062,49.503173828125,328.2511901855469,291.457275390625,38.72392272949219,212.9325714111328,105.4896469116211,213.53929138183594,176.4846954345703,116.2311019897461,120.67903137207031
2025-12-04,147.43475341796875,223.42742919921875,263.9018859863281,305.8500061035156,98.75735473632812,116.26960754394531,243.20440673828125,204.2550048828125,268.7702331542969,198.2974090576172,335.2872619628906,470.9928283691406,173.69656372070312,346.7951354980469,256.512451171875,138.70777893066406,174.14064025878906,378.90655517578125,550.6099853515625,368.1524963378906,3840.5,149.48715209960938,199.74502563476562,50.25175857543945,1058.4793701171875,503.2300109863281,197.78366088867188,53.880855560302734,595.5108642578125,85.4957504272461,25.544736862182617,76.21440887451172,507.4349365234375,70.61895751953125,336.2784423828125,76.64254760742188,35.95103073120117,183.1098175048828,79.23523712158203,75.46134185791016,149.4164276123047,221.19000244140625,96.25,225.86495971679688,189.73812866210938,262.2611999511719,55.380863189697266,103.09664154052734,328.4110107421875,718.5999145507812,59.58466339111328,41.30021667480469,66.05999755859375,53.269229888916016,337.25213623046875,290.7401428222656,85.16029357910156,74.80036926269531,317.7671813964844,199.57485961914062,27.57849884033203,485.24005126953125,346.2408142089844,130.6785430908203,250.29159545898438,304.0064392089844,157.54087829589844,244.7400665283203,311.6742248535156,27.89842987060547,120.49742889404297,27.319881439208984,69.52005004882812,124.77729797363281,260.1107177734375,278.4083251953125,401.11004638671875,443.0987548828125,539.6630249023438,128.29205322265625,294.8471984863281,812.6053466796875,99.5276107788086,76.88565063476562,617.1390380859375,167.6468505859375,188.4824676513672,173.00146484375,478.7081604003906,1422.81005859375,64.67810821533203,183.1566162109375,7519.669921875,212.2824249267578,99.51000213623047,85.99114227294922,109.21497344970703,142.69737243652344,24.866132736206055,84.48992919921875,143.25648498535156,213.32244873046875,870.068115234375,144.73440551757812,33.3639030456543,137.2864532470703,178.5,172.60025024414062,255.69346618652344,720.8549194335938,25.91094970703125,354.228271484375,401.25457763671875,213.25547790527344,170.03460693359375,333.7646789550781,37.6988639831543,463.739990234375,468.0093688964844,88.1685791015625,119.67719268798828,264.28515625,361.498779296875,24.507686614990234,231.8009033203125,46.573204040527344,149.38697814941406,205.89743041992188,114.02779388427734,403.4590759277344,326.8405456542969,233.4705810546875,91.90743255615234,49.930850982666016,325.7515563964844,292.51318359375,39.28568649291992,213.52114868164062,104.49659729003906,211.6029815673828,174.8221893310547,115.57989501953125,118.5523681640625
2025-12-05,144.6216278076172,220.8582000732422,261.2074279785156,306.739990234375,97.78790283203125,115.77710723876953,238.1865234375,200.197021484375,267.3338317871094,199.18466186523438,325.1644287109375,473.9234619140625,173.72569274902344,344.291748046875,255.6006317138672,138.6083221435547,172.78182983398438,388.0652160644531,550.9500122070312,367.3589782714844,3822.659912109375,149.64144897460938,206.8883514404297,48.85173797607422,1060.24951171875,504.3399963378906,197.4261932373047,53.67324447631836,599.5064086914062,86.14220428466797,25.59420394897461,76.67601776123047,507.3455505371094,70.01814270019531,338.3003234863281,76.84953308105469,36.07027053833008,185.81622314453125,79.74899291992188,74.36014556884766,147.19863891601562,225.0,99.69999694824219,224.98985290527344,190.18600463867188,257.5697937011719,55.900508880615234,104.39751434326172,327.3914489746094,733.9301147460938,59.05274200439453,41.052913665771484,66.27999877929688,53.63846206665039,332.9192810058594,282.8505554199219,85.67852783203125,75.70626068115234,321.4599304199219,201.05621337890625,28.192895889282227,484.2847900390625,349.6324768066406,128.2703094482422,255.06951904296875,303.9571228027344,156.2636260986328,245.05410766601562,310.6290588378906,28.005807876586914,121.1337890625,27.251188278198242,69.07598876953125,121.98149108886719,257.0368957519531,276.41339111328125,396.9770202636719,446.9036865234375,542.8573608398438,127.14297485351562,291.4504699707031,807.0560913085938,98.91282653808594,77.50640869140625,622.714111328125,165.87399291992188,188.859130859375,174.60397338867188,481.01788330078125,1414.8599853515625,64.84549713134766,182.1877899169922,7538.080078125,215.50137329101562,98.88999938964844,85.53600311279297,109.49834442138672,142.2393341064453,25.1854248046875,86.05328369140625,141.37411499023438,209.37709045410156,876.382080078125,143.9843292236328,33.07089614868164,137.2273712158203,173.52000427246094,173.0556182861328,254.10569763183594,716.4268188476562,25.78340721130371,365.5903015136719,401.6519775390625,214.6532440185547,169.82618713378906,331.5154724121094,38.03510665893555,466.760009765625,469.4501953125,88.74612426757812,121.3858871459961,277.3785095214844,361.17132568359375,24.401512145996094,232.74435424804688,46.56340408325195,152.34886169433594,207.50099182128906,115.65874481201172,399.5573425292969,324.31201171875,232.87680053710938,92.01412200927734,49.82392883300781,329.8744812011719,293.72845458984375,39.69511032104492,214.42893981933594,103.9361572265625,211.8162078857422,177.49407958984375,114.98788452148438,116.81951904296875
2025-12-08,141.58982849121094,217.966552734375,261.1192626953125,301.3900146484375,97.25910949707031,113.99425506591797,236.33834838867188,198.81137084960938,267.4934387207031,198.6463165283203,316.62847900390625,473.59564208984375,177.9411163330078,342.48651123046875,231.441650390625,139.30453491210938,172.3839111328125,398.8647155761719,553.1199951171875,359.3541564941406,3766.9599609375,146.99627685546875,206.10609436035156,47.05455017089844,1050.22216796875,497.2300109863281,197.47584533691406,52.42755889892578,592.876953125,87.6280746459961,25.732709884643555,74.75102233886719,504.4146423339844,69.45674133300781,336.46771240234375,77.72674560546875,36.11995315551758,182.0650634765625,79.7391128540039,75.24503326416016,145.9327392578125,225.42999267578125,101.20999908447266,223.22972106933594,190.37510681152344,255.050537109375,53.91815185546875,102.06388092041016,327.2528381347656,732.297119140625,58.60786437988281,40.360450744628906,65.7300033569336,54.01767349243164,331.6361999511719,286.0880432128906,87.9707260131836,75.36779022216797,314.0396423339844,198.76507568359375,27.82623863220215,482.74249267578125,344.99847412109375,128.56761169433594,253.62527465820312,305.1810607910156,155.4813995361328,243.51332092285156,310.79669189453125,28.30841636657715,122.14418029785156,26.78015899658203,69.32269287109375,118.831298828125,258.5787658691406,279.5397644042969,386.8531494140625,459.9293212890625,537.8021850585938,126.49601745605469,286.6990661621094,796.3867797851562,98.81523895263672,76.9349136352539,620.5499267578125,162.38775634765625,187.99676513671875,174.92051696777344,488.8430480957031,1381.3699951171875,62.56122970581055,185.323974609375,7438.35986328125,218.43309020996094,98.11000061035156,85.2094955444336,109.87943267822266,142.837646484375,24.933860778808594,85.42401123046875,136.33807373046875,209.63070678710938,876.0534057617188,144.451904296875,33.13926315307617,136.9319610595703,174.41000366210938,173.55059814453125,248.92811584472656,701.3674926757812,25.84227180480957,353.70233154296875,399.595458984375,209.6073760986328,170.24305725097656,325.5641174316406,37.817543029785156,465.75,463.404541015625,86.29890441894531,121.83760833740234,283.9649963378906,350.8328552246094,23.976802825927734,232.36697387695312,46.72994613647461,152.78619384765625,202.3636932373047,116.6233901977539,395.416748046875,319.2998352050781,233.00546264648438,92.67364501953125,49.969730377197266,325.4926452636719,294.63494873046875,39.32377243041992,211.68560791015625,103.00210571289062,208.49386596679688,177.58316040039062,114.43534851074219,116.33708190917969
2025-12-09,139.8005828857422,217.83956909179688,264.08807373046875,300.75,96.9927978515625,114.32914733886719,238.38523864746094,198.98953247070312,266.4759826660156,195.36647033691406,309.35418701171875,475.0658874511719,174.39590454101562,345.2791442871094,226.25491333007812,137.83251953125,170.21951293945312,404.0257873535156,546.6500244140625,360.9709777832031,3496.77001953125,146.4687957763672,206.83738708496094,47.35242462158203,1059.4090576171875,491.42999267578125,196.60205078125,52.239715576171875,590.7498779296875,87.02986145019531,25.238040924072266,75.6054916381836,496.9234313964844,69.36810302734375,335.9398193359375,78.36740112304688,36.139827728271484,182.23422241210938,79.9762191772461,76.92632293701172,145.7168426513672,229.99000549316406,100.80999755859375,221.98667907714844,189.1807861328125,251.22206115722656,54.495540618896484,101.92486572265625,326.46099853515625,733.0294799804688,58.07594299316406,39.9054069519043,66.20999908447266,53.558624267578125,329.9188232421875,284.21527099609375,90.80110168457031,76.81124114990234,317.3353271484375,199.72300720214844,28.321720123291016,486.07586669921875,340.423583984375,128.87484741210938,247.68994140625,306.4642639160156,156.45175170898438,242.04122924804688,296.30255126953125,28.366981506347656,122.24591827392578,26.809595108032227,69.164794921875,115.36608123779297,256.7086181640625,275.2918395996094,387.8466491699219,461.421630859375,534.92626953125,126.0228500366211,282.73455810546875,793.4724731445312,97.21483612060547,76.67872619628906,610.3869018554688,163.5069122314453,189.057373046875,176.89891052246094,489.8385925292969,1371.4200439453125,62.354469299316406,184.7446746826172,7318.2900390625,219.41363525390625,94.25,86.16923522949219,110.16280364990234,141.86660766601562,24.508136749267578,86.73171997070312,137.60940551757812,212.6273193359375,859.3822021484375,146.47805786132812,33.01229476928711,137.7394256591797,173.1699981689453,174.2336883544922,244.89453125,690.7162475585938,25.940383911132812,352.79931640625,397.9959716796875,207.50576782226562,170.64999389648438,319.6028137207031,37.87687683105469,465.8500061035156,462.1143798828125,86.45552825927734,123.88999938964844,281.4278869628906,346.4970703125,23.658267974853516,234.57167053222656,46.945472717285156,152.74644470214844,199.30508422851562,117.55821228027344,397.138671875,319.28009033203125,229.1655731201172,94.0509033203125,50.125247955322266,325.154052734375,289.9132995605469,38.21928024291992,209.1118621826172,102.88411712646484,207.58145141601562,178.60243225097656,116.67510986328125,113.9642562866211
2025-12-10,142.6136932373047,219.9789581298828,266.7237548828125,300.1000061035156,96.43061065673828,112.44779968261719,238.9217987060547,199.1280975341797,274.4660339355469,200.04200744628906,310.86224365234375,493.9906311035156,175.08551025390625,339.1552734375,232.08877563476562,137.9319610595703,171.15126037597656,410.6685791015625,568.3900146484375,372.53680419921875,3421.1298828125,153.9000701904297,210.0794219970703,47.699947357177734,1071.3250732421875,490.42999267578125,196.81057739257812,52.79335403442383,611.6124877929688,87.45440673828125,25.999832153320312,76.3715591430664,521.1357421875,68.95443725585938,339.42578125,79.09677124023438,36.85527038574219,184.6122589111328,82.21891784667969,77.6440658569336,148.58230590820312,220.3000030517578,100.70999908447266,229.13662719726562,194.77420043945312,255.34811401367188,55.32312774658203,106.53253936767578,337.5769958496094,726.8241577148438,58.67556381225586,40.489051818847656,66.56999969482422,54.686279296875,337.7752380371094,282.5118713378906,93.88062286376953,80.43478393554688,320.5810852050781,207.66293334960938,28.777563095092773,466.40399169921875,346.2013244628906,129.07305908203125,253.892333984375,308.6259460449219,158.79835510253906,248.81285095214844,305.7680969238281,28.825777053833008,123.57250213623047,26.09323501586914,69.2832260131836,118.16187286376953,260.6180419921875,283.7976379394531,390.1317443847656,462.4593200683594,536.2297973632812,127.36505889892578,285.8424072265625,811.5274047851562,98.3370590209961,78.6493911743164,621.7567138671875,164.0714569091797,189.6223907470703,177.76942443847656,476.4382629394531,1405.8499755859375,64.77657318115234,183.55612182617188,7504.3701171875,220.87948608398438,93.62999725341797,86.92119598388672,110.29959869384766,146.82958984375,24.94353675842285,88.7178726196289,137.79666137695312,209.3019256591797,885.5940551757812,145.8936004638672,32.7493896484375,141.60926818847656,175.66000366210938,180.38137817382812,256.7881774902344,724.2557373046875,26.862619400024414,354.9526672363281,407.55322265625,205.76101684570312,173.41921997070312,324.7082214355469,39.488868713378906,475.8299865722656,462.6700134277344,87.189697265625,126.600341796875,297.4066162109375,351.03131103515625,23.542438507080078,242.447021484375,48.5521240234375,154.72434997558594,193.33633422851562,117.08086395263672,397.2780456542969,323.9864196777344,233.02525329589844,96.64051818847656,52.05949783325195,324.38720703125,295.62109375,38.00980758666992,215.0574188232422,101.92056274414062,207.42279052734375,185.153564453125,117.94792938232422,116.24846649169922
2025-12-11,142.0172576904297,218.8066864013672,264.9111022949219,300.92999267578125,95.91773986816406,112.54630279541016,246.04623413085938,204.7003936767578,269.4385681152344,203.2122039794922,312.8336181640625,495.3317565917969,176.493896484375,346.4859313964844,238.97171020507812,138.3397674560547,170.88922119140625,404.1053466796875,581.030029296875,381.78155517578125,3469.10009765625,155.47474670410156,210.1781463623047,47.124053955078125,1089.5997314453125,495.8500061035156,196.9197998046875,53.53483581542969,621.8101196289062,88.61222839355469,27.54319953918457,75.87067413330078,520.02294921875,68.68850708007812,343.1209716796875,78.13084411621094,36.91489028930664,187.8858184814453,82.81169891357422,79.47283935546875,147.90518188476562,224.52000427246094,101.36000061035156,231.0757598876953,200.3278045654297,259.1963806152344,55.74654006958008,104.82451629638672,356.56219482421875,746.3506469726562,58.636878967285156,41.30021667480469,68.16000366210938,55.344913482666016,337.0350036621094,287.3133544921875,95.64462280273438,80.48455810546875,313.2906188964844,208.16659545898438,28.856840133666992,479.9563903808594,352.4424743652344,134.0778045654297,263.6163635253906,306.72088623046875,161.49154663085938,252.62066650390625,312.9363098144531,28.76720428466797,124.2976303100586,26.318937301635742,68.19773864746094,117.29557037353516,263.34368896484375,287.6882629394531,400.68280029296875,469.3180236816406,560.6201782226562,128.3886260986328,295.305419921875,813.9627075195312,97.34169006347656,81.04375457763672,630.4037475585938,166.9832763671875,185.46913146972656,178.34315490722656,481.3265075683594,1421.5799560546875,66.69652557373047,180.70957946777344,7511.16015625,196.95030212402344,93.95999908447266,86.80247497558594,112.00959014892578,146.1822509765625,24.962886810302734,90.00591278076172,138.72305297851562,216.46937561035156,895.4334716796875,147.04306030273438,32.946319580078125,141.23507690429688,178.0,179.4508056640625,275.8417053222656,744.790283203125,27.313928604125977,364.79644775390625,410.3547668457031,209.349609375,176.09912109375,327.7237243652344,39.89434051513672,477.260009765625,468.546142578125,87.72708129882812,127.26811218261719,306.2913513183594,350.20782470703125,23.45556640625,242.60589599609375,48.689273834228516,154.63490295410156,193.34620666503906,122.80909729003906,401.4982604980469,332.2348327636719,233.6784210205078,97.45523834228516,52.07893753051758,344.2052001953125,298.1114196777344,38.29545593261719,217.2421112060547,101.74358367919922,210.29884338378906,187.31088256835938,117.94792938232422,115.84478759765625
2025-12-12,138.8463134765625,218.1619415283203,266.0770568847656,297.6400146484375,95.93746185302734,112.41825103759766,253.75692749023438,205.05670166015625,258.565673828125,201.11868286132812,313.1884460449219,490.384521484375,175.5128631591797,352.859130859375,238.25596618652344,128.54290771484375,171.69479370117188,357.92413330078125,564.280029296875,379.47039794921875,3445.7099609375,155.83157348632812,211.05235290527344,46.52830123901367,1076.9913330078125,499.5199890136719,196.78077697753906,52.33857727050781,594.2584838867188,87.7631607055664,27.32554817199707,76.94119262695312,506.7493896484375,68.78699493408203,344.6149597167969,76.68197631835938,37.15337371826172,186.59231567382812,82.93025207519531,78.08650970458984,147.1888427734375,227.49000549316406,101.18000030517578,225.0694122314453,198.17800903320312,261.4478759765625,56.11221694946289,103.37468719482422,355.42388916015625,742.5798950195312,58.94636154174805,41.55741500854492,68.75,54.81601333618164,333.096923828125,298.6596374511719,88.02056121826172,80.52437591552734,310.11474609375,206.64915466308594,28.361358642578125,482.3643493652344,354.60174560546875,134.0877227783203,265.5552062988281,305.24029541015625,161.60044860839844,253.2192840576172,314.0603332519531,28.80625343322754,119.08506774902344,26.23061752319336,69.58912658691406,117.51215362548828,262.7965393066406,284.8000793457031,413.5388488769531,474.6251525878906,569.138427734375,127.56785583496094,297.5566101074219,812.22607421875,97.45880889892578,80.955078125,626.5838623046875,167.28036499023438,184.14088439941406,176.4834442138672,476.4084167480469,1393.6400146484375,66.43069458007812,174.80679321289062,7517.81005859375,188.15513610839844,94.11000061035156,87.2081298828125,112.81085205078125,147.76138305664062,25.011266708374023,88.43273162841797,140.77294921875,220.61199951171875,881.2320556640625,149.6731719970703,33.46818542480469,139.27554321289062,176.0,176.5006866455078,275.0132141113281,739.295166015625,27.07846450805664,367.37646484375,402.5361633300781,211.7982177734375,177.32989501953125,327.1166687011719,39.0141716003418,452.95001220703125,471.81378173828125,87.2537841796875,125.3728256225586,286.1837158203125,351.31903076171875,23.72583770751953,228.5733184814453,48.87541198730469,155.1914825439453,193.17794799804688,122.53064727783203,389.3651428222656,337.2765808105469,237.46881103515625,97.88198852539062,51.92341613769531,346.3960876464844,294.7943420410156,38.93339538574219,213.8902587890625,102.1368637084961,213.82943725585938,185.6384735107422,117.23751831054688,116.82936096191406
2025-12-15,139.76083374023438,222.19654846191406,269.1144714355469,294.30999755859375,97.51554870605469,114.03364562988281,254.561767578125,209.76792907714844,260.62054443359375,202.56422424316406,320.6500244140625,488.258544921875,175.08551025390625,353.1683349609375,240.22671508789062,129.1993408203125,172.55859375,337.9162292480469,551.7899780273438,379.4803161621094,3488.7099609375,155.2110137939453,217.26492309570312,46.55809020996094,1070.1385498046875,506.3800048828125,198.5482177734375,51.982669830322266,586.1779174804688,87.36581420898438,28.29509925842285,78.0117416381836,513.90283203125,69.69313049316406,348.91766357421875,77.12550354003906,36.9447021484375,187.50772094726562,83.03893280029297,78.35198211669922,147.00238037109375,226.97999572753906,103.98999786376953,227.2571563720703,200.34771728515625,258.9781799316406,56.862823486328125,100.32608032226562,357.0076599121094,753.5357666015625,59.0914306640625,42.12127685546875,68.97000122070312,55.23514175415039,336.2552795410156,299.8251647949219,87.81127166748047,81.60945129394531,308.91632080078125,205.5284423828125,28.153257369995117,475.3190002441406,351.9790954589844,137.42752075195312,271.7773742675781,304.6678161621094,159.8083038330078,253.847412109375,315.5393371582031,28.532928466796875,122.19606018066406,26.22080421447754,70.03319549560547,117.8665542602539,261.9510192871094,286.36822509765625,414.2839660644531,478.7463073730469,566.3521118164062,128.1375732421875,307.28857421875,821.4182739257812,96.190185546875,81.39847564697266,632.1989135742188,164.11105346679688,183.88314819335938,175.87014770507812,472.7148742675781,1412.469970703125,66.73591613769531,176.0752410888672,7632.35009765625,183.15338134765625,95.13999938964844,87.63359069824219,112.7424545288086,148.32044982910156,25.572446823120117,89.11116027832031,143.02981567382812,222.0304412841797,879.8377685546875,154.3099822998047,33.734039306640625,139.34446716308594,175.07000732421875,177.46096801757812,283.2579345703125,750.5946655273438,26.872432708740234,368.8451232910156,399.0291748046875,213.4636688232422,180.75421142578125,326.8778076171875,38.47024917602539,454.6700134277344,470.4954528808594,87.35238647460938,126.62979125976562,284.13409423828125,352.52947998046875,23.465219497680664,229.10958862304688,48.72846603393555,155.75804138183594,194.16778564453125,122.89860534667969,393.0279541015625,336.5464782714844,237.9834442138672,97.05757904052734,52.205291748046875,345.4599914550781,295.5314636230469,38.84770202636719,214.85791015625,103.49370574951172,216.51707458496094,183.50094604492188,116.19164276123047,119.11357116699219
2025-12-16,138.35923767089844,218.50384521484375,266.5473937988281,293.9800109863281,96.6476058959961,112.85164642333984,250.37852478027344,207.36280822753906,258.19659423828125,201.15855407714844,322.05950927734375,483.4007568359375,173.98794555664062,350.8743591308594,237.52059936523438,128.68115234375,171.73361206054688,339.39794921875,555.0599975585938,377.67498779296875,3417.419921875,152.3408966064453,216.4381103515625,44.70132827758789,1056.2742919921875,499.8399963378906,196.49282836914062,52.8328971862793,585.3529052734375,85.81355285644531,27.899362564086914,77.5403060913086,511.2004699707031,68.85594940185547,340.3520812988281,76.43556213378906,36.567108154296875,186.68185424804688,82.62398529052734,76.9754867553711,144.00933837890625,227.94000244140625,104.19999694824219,223.448486328125,195.67990112304688,258.1328125,56.12184524536133,103.66266632080078,348.32666015625,750.3291625976562,58.73359298706055,41.88386535644531,67.69999694824219,54.54656982421875,333.096923828125,297.5837707519531,85.99744415283203,81.39044189453125,307.3283996582031,205.33998107910156,26.94428062438965,468.1540222167969,347.72955322265625,136.5355987548828,255.37615966796875,299.2586669921875,158.94432067871094,245.99624633789062,311.1319274902344,27.908193588256836,122.02249908447266,25.838090896606445,69.44110870361328,115.74016571044922,256.75836181640625,280.7308044433594,420.7616882324219,471.47247314453125,563.25732421875,128.6107177734375,304.77838134765625,808.3934936523438,95.36071014404297,81.07331848144531,627.8206176757812,161.63502502441406,175.2396240234375,174.60397338867188,474.2779235839844,1386.449951171875,66.0860824584961,177.50350952148438,7530.240234375,186.8477325439453,92.9000015258789,87.03004455566406,112.58610534667969,147.4867401123047,24.701648712158203,88.0394287109375,143.10865783691406,217.7563018798828,870.8947143554688,153.86187744140625,33.458335876464844,129.7633819580078,174.27999877929688,174.35247802734375,277.626708984375,744.3515014648438,26.990163803100586,366.4734802246094,398.462890625,212.15509033203125,178.59043884277344,326.3005676269531,37.19449996948242,463.3399963378906,470.7120056152344,86.68189239501953,124.86219024658203,286.6712341308594,348.93780517578125,23.233558654785156,225.34571838378906,48.69906997680664,154.1478729248047,195.98910522460938,122.41130828857422,394.11285400390625,329.7386169433594,233.44091796875,97.09637451171875,51.972015380859375,343.68731689453125,290.8795471191406,38.80009078979492,213.21189880371094,102.726806640625,217.09225463867188,183.58009338378906,113.15265655517578,121.328857421875
2025-12-17,135.84432983398438,219.12905883789062,268.21307373046875,292.9700012207031,97.18020629882812,112.98955535888672,249.30538940429688,206.93722534179688,247.6528778076172,199.2843475341797,321.3399963378906,484.2948303222656,173.36631774902344,351.103759765625,241.56997680664062,126.07025909423828,175.92649841308594,324.2030944824219,550.0,372.57647705078125,3393.35009765625,151.5419158935547,212.6184539794922,44.969417572021484,1053.1690673828125,504.2699890136719,197.0389404296875,51.80471420288086,558.4771728515625,86.1552505493164,27.731176376342773,78.30638122558594,494.2210388183594,69.20066833496094,341.58709716796875,74.9078369140625,36.269004821777344,186.43312072753906,82.62398529052734,76.5723648071289,146.72760009765625,221.3000030517578,102.38999938964844,221.39002990722656,195.22207641601562,260.4800720214844,57.295860290527344,104.56632995605469,342.4469909667969,740.1651000976562,59.942501068115234,41.41892623901367,68.33000183105469,55.125370025634766,332.031005859375,291.0589294433594,85.1303939819336,80.1460952758789,297.6710205078125,199.81573486328125,27.48931121826172,470.20684814453125,351.742431640625,137.12030029296875,257.4732971191406,299.3968811035156,159.74871826171875,247.703857421875,310.5699157714844,27.381067276000977,116.90071105957031,26.15211296081543,69.73715209960938,110.4832763671875,254.47039794921875,276.6317443847656,419.5992431640625,469.2290954589844,562.7099609375,132.37661743164062,308.8624267578125,804.9601440429688,95.92670440673828,81.31964874267578,617.368408203125,160.6149139404297,172.96971130371094,172.91244506835938,474.00909423828125,1384.6800537109375,64.67810821533203,170.7317657470703,7472.5498046875,176.75509643554688,92.8499984741211,88.05905151367188,114.03227233886719,147.2023162841797,24.227548599243164,87.87228393554688,145.67103576660156,213.49154663085938,859.6412353515625,154.5048065185547,33.81281280517578,129.97015380859375,175.30999755859375,170.61041259765625,280.9501953125,747.7722778320312,27.049030303955078,362.91107177734375,386.9981994628906,212.8688507080078,175.88075256347656,326.38018798828125,38.104331970214844,453.07000732421875,480.81634521484375,85.56767272949219,125.06840515136719,276.2442932128906,349.82086181640625,23.51348304748535,221.19451904296875,49.130123138427734,154.71441650390625,197.35508728027344,121.51627349853516,380.5165710449219,327.2029113769531,234.29202270507812,97.92078399658203,52.23445510864258,342.9902038574219,284.3050842285156,38.92387390136719,211.56590270996094,103.00210571289062,217.95509338378906,183.7582244873047,115.84630584716797,120.36397552490234
2025-12-18,136.0828857421875,217.67347717285156,264.5093688964844,299.239990234375,97.84101867675781,113.84649658203125,251.03433227539062,202.82974243164062,252.869873046875,201.3380126953125,319.77276611328125,484.4835510253906,169.28688049316406,352.0911560058594,238.99131774902344,129.15948486328125,175.89736938476562,328.0416259765625,563.280029296875,372.48724365234375,3426.610107421875,151.02996826171875,212.79718017578125,44.15522003173828,1053.1591796875,503.3900146484375,197.6942901611328,52.59562301635742,562.3932495117188,84.83729553222656,28.037870407104492,76.34209442138672,497.3705139160156,69.54539489746094,339.21661376953125,75.84418487548828,36.37831115722656,188.94052124023438,82.75242614746094,76.48387908935547,144.93179321289062,230.94000244140625,100.55000305175781,223.10044860839844,195.14247131347656,261.5045471191406,57.90211486816406,107.18794250488281,341.100830078125,736.4043579101562,60.04888916015625,41.88386535644531,68.0,54.556549072265625,332.9488830566406,300.5324401855469,86.58544158935547,80.80310821533203,303.3536071777344,200.53973388671875,27.21183967590332,464.9352722167969,350.0071716308594,137.68519592285156,257.859130859375,296.5639953613281,158.9641876220703,246.50656127929688,308.6176452636719,27.42987823486328,121.92475128173828,25.847904205322266,69.43123626708984,106.64398193359375,250.710205078125,280.60174560546875,416.27099609375,464.633544921875,563.4463500976562,131.62344360351562,305.62506103515625,808.9923095703125,96.10236358642578,80.51168060302734,625.7161865234375,160.20884704589844,166.6357421875,171.09231567382812,481.8342590332031,1389.4200439453125,64.61903381347656,173.9278564453125,7561.6201171875,178.3101043701172,91.79000091552734,86.4264907836914,111.62850952148438,146.5059356689453,24.227548599243164,87.84278106689453,143.4141845703125,211.2276611328125,864.3816528320312,153.23843383789062,34.21651840209961,127.1539306640625,175.89999389648438,172.44186401367188,282.7746887207031,746.6952514648438,26.97054100036621,367.21771240234375,389.0646057128906,211.60987854003906,176.962646484375,323.80255126953125,37.70875549316406,458.1300048828125,477.1625671386719,86.0311050415039,125.07823944091797,290.5216064453125,350.3466796875,23.41695785522461,224.41220092773438,48.92439270019531,153.9391632080078,198.23605346679688,124.70856475830078,383.4229736328125,323.7594909667969,231.99600219726562,99.00707244873047,52.360809326171875,344.5836181640625,287.2237548828125,38.47636413574219,213.0822296142578,103.48387908935547,216.51707458496094,187.3900604248047,114.98788452148438,120.8661117553711
2025-12-19,136.42088317871094,221.58111572265625,266.7531433105469,300.0799865722656,97.13088989257812,112.77284240722656,251.77955627441406,202.89903259277344,255.77264404296875,202.6638946533203,322.69036865234375,485.9538269042969,167.46084594726562,349.1190185546875,235.2753143310547,134.81973266601562,173.85919189453125,338.46319580078125,594.2000122070312,373.46923828125,3392.340087890625,151.7203369140625,214.71876525878906,44.393516540527344,1048.392822265625,494.5299987792969,201.51710510253906,53.159149169921875,572.7201538085938,84.05628204345703,30.78823471069336,76.9608383178711,503.44097900390625,68.1270980834961,339.56524658203125,77.2930679321289,36.269004821777344,186.6321258544922,84.38257598876953,76.41505432128906,144.99066162109375,234.25,99.47000122070312,223.5877227783203,195.28179931640625,262.1709289550781,57.83475112915039,107.24751281738281,337.23052978515625,750.6854858398438,59.35255432128906,41.89375305175781,67.94000244140625,54.79605484008789,334.94256591796875,306.0312194824219,87.56211853027344,81.97777557373047,308.2072448730469,199.96449279785156,27.469491958618164,471.3329162597656,340.1573791503906,137.76446533203125,256.6028137207031,297.0871276855469,159.1925811767578,245.4859161376953,312.7686767578125,27.224885940551758,124.24677276611328,25.995101928710938,69.13520050048828,106.30926513671875,250.710205078125,285.2963562011719,418.6951599121094,468.5768127441406,569.4369506835938,129.61495971679688,308.9520568847656,818.6636352539062,96.24873352050781,80.37372589111328,632.2587890625,160.4069366455078,166.8439178466797,175.0688934326172,483.7656555175781,1402.510009765625,57.805633544921875,180.76951599121094,7399.7099609375,190.1360321044922,91.0,86.13955688476562,109.71331787109375,145.3191375732422,24.3726806640625,87.45932006835938,142.36952209472656,210.68283081054688,871.21337890625,152.78062438964844,33.763580322265625,126.91759490966797,178.1699981689453,173.4912109375,289.5400390625,765.8934326171875,27.137331008911133,359.74554443359375,393.2868957519531,211.2926483154297,180.6549530029297,319.3241271972656,37.65930938720703,463.7300109863281,482.7091369628906,85.7254409790039,126.18789672851562,294.85955810546875,352.4203796386719,23.310779571533203,228.39454650878906,49.061546325683594,153.66085815429688,194.73199462890625,124.72845458984375,388.02142333984375,323.0491027832031,231.80796813964844,98.85188293457031,52.6426887512207,347.81024169921875,290.7400817871094,37.91459274291992,215.61605834960938,102.19586181640625,214.55340576171875,188.89425659179688,115.1358871459961,120.3541259765625
2025-12-22,137.6932373046875,222.6459197998047,265.205078125,300.4700012207031,98.09746551513672,112.9009017944336,256.6086730957031,206.1454315185547,258.3661804199219,205.5948486328125,326.6429138183594,492.65948486328125,167.577392578125,354.52471923828125,240.001220703125,134.67025756835938,177.14942932128906,340.19683837890625,600.1900024414062,377.7742004394531,3413.81005859375,152.61241149902344,215.24623107910156,45.23750305175781,1076.1212158203125,499.95001220703125,203.75120544433594,52.59562301635742,578.87255859375,84.37844848632812,31.856719970703125,77.62870788574219,515.9197387695312,68.71805572509766,338.6688537597656,76.98751831054688,36.30875015258789,191.030029296875,84.18498229980469,77.0443115234375,147.00238037109375,234.88999938964844,101.91000366210938,226.7400665283203,198.56617736816406,265.9405212402344,58.34477615356445,107.89299011230469,340.7741394042969,750.1015625,60.242313385009766,41.30021667480469,68.62000274658203,55.564456939697266,340.69671630859375,313.52239990234375,88.10029602050781,82.65470123291016,310.9236755371094,204.1101837158203,27.935245513916016,470.38623046875,341.52789306640625,138.29965209960938,254.90133666992188,298.87371826171875,160.3346405029297,246.8893280029297,318.56634521484375,27.566537857055664,126.24063110351562,26.387630462646484,69.2832260131836,105.3248291015625,253.72433471679688,292.8890075683594,420.7616882324219,477.90625,572.8900756835938,131.98072814941406,312.528076171875,816.8171997070312,95.35094451904297,80.15695190429688,630.8325805664062,158.46571350097656,163.32504272460938,177.81887817382812,482.7701110839844,1412.4100341796875,56.338584899902344,183.4662322998047,7397.06982421875,196.48480224609375,91.75,86.3176498413086,112.2538833618164,144.2304229736328,24.39202880859375,87.74446105957031,140.6251220703125,213.57608032226562,882.8255004882812,155.56658935546875,34.14759063720703,127.01606750488281,179.05999755859375,172.47154235839844,296.5815734863281,777.2627563476562,27.294307708740234,364.47894287109375,395.99908447265625,211.0745391845703,184.29762268066406,322.28985595703125,37.90654754638672,481.239990234375,491.4668273925781,86.85936737060547,128.5152587890625,281.41796875,353.73004150390625,23.45556640625,231.90020751953125,49.53178787231445,155.62881469726562,193.77183532714844,128.25888061523438,388.04132080078125,320.81927490234375,232.1840362548828,97.69771575927734,53.33279800415039,350.6385498046875,290.7500305175781,38.06694030761719,221.17257690429688,103.11026000976562,217.8459930419922,189.10205078125,116.5764389038086,121.87036895751953
2025-12-23,137.53419494628906,223.50558471679688,265.3030090332031,297.5799865722656,97.98896789550781,113.4229507446289,257.05584716796875,207.4024200439453,259.5831604003906,207.9176788330078,326.7414855957031,495.103271484375,169.5005645751953,354.93365478515625,239.99142456054688,136.64337158203125,176.29531860351562,348.0379333496094,591.02001953125,379.1033630371094,3463.610107421875,151.7823944091797,216.53125,44.870121002197266,1074.479736328125,500.510009765625,205.90589904785156,52.73403549194336,578.8824462890625,85.3449478149414,31.32247543334961,78.50281524658203,513.7438354492188,68.96427917480469,339.2265930175781,76.8988037109375,36.35843276977539,189.7066650390625,84.15533447265625,76.72968292236328,147.6990966796875,232.6999969482422,100.68000030517578,229.54434204101562,199.00408935546875,263.31475830078125,57.796260833740234,106.89002990722656,339.7348327636719,752.2886962890625,60.28099822998047,41.27054214477539,67.72000122070312,55.524539947509766,339.3642883300781,314.3193054199219,89.03710174560547,82.37596893310547,315.2680358886719,201.55136108398438,27.915424346923828,472.38922119140625,340.1278076171875,137.8338623046875,254.34738159179688,299.8509216308594,160.83119201660156,247.14447021484375,321.3665771484375,27.234647750854492,126.548828125,26.77034568786621,68.94770812988281,103.10984802246094,251.82432556152344,295.5985412597656,422.34136962890625,476.8981628417969,573.536865234375,131.5558624267578,312.8468322753906,824.1329956054688,95.11673736572266,79.7234115600586,637.0859375,158.61428833007812,164.94073486328125,177.5616912841797,484.6915588378906,1414.5999755859375,56.45673751831055,188.97950744628906,7338.0498046875,193.4738311767578,92.06999969482422,86.90141296386719,111.49170684814453,140.92503356933594,24.072736740112305,88.01976013183594,141.1080322265625,214.07395935058594,883.4927368164062,157.86550903320312,34.27560043334961,127.14407348632812,176.02000427246094,172.9962158203125,288.25799560546875,783.0570678710938,27.029409408569336,359.95391845703125,396.2375183105469,211.2133331298828,184.3770294189453,322.49884033203125,37.77798080444336,475.4700012207031,494.51788330078125,87.44112396240234,128.34829711914062,281.3681945800781,352.0433349609375,23.610004425048828,231.08587646484375,49.46321105957031,154.9728240966797,195.66244506835938,128.72630310058594,391.9032287597656,320.46405029296875,231.72879028320312,97.17396545410156,52.963443756103516,351.9232177734375,291.7063293457031,38.00980758666992,219.01779174804688,103.25773620605469,218.5203857421875,186.15304565429688,117.82952117919922,121.63407897949219
2025-12-24,137.4944305419922,224.58018493652344,264.52899169921875,298.2099914550781,98.47225189208984,113.58055114746094,259.1126403808594,206.90753173828125,260.13177490234375,207.6385498046875,329.17608642578125,497.6762390136719,169.78225708007812,355.71160888671875,241.04051208496094,137.4605255126953,177.68325805664062,348.93463134765625,591.1500244140625,380.01593017578125,3456.02001953125,152.1314697265625,216.81947326660156,44.97934341430664,1076.86279296875,501.3399963378906,206.07469177246094,52.892215728759766,580.21435546875,85.76473999023438,30.916847229003906,78.81710052490234,514.2505493164062,69.05293273925781,338.6190490722656,76.8988037109375,36.54723358154297,190.22406005859375,84.39244842529297,77.79155731201172,147.68930053710938,232.05999755859375,100.94999694824219,230.18077087402344,198.61593627929688,264.15020751953125,57.83475112915039,106.73114776611328,339.8139953613281,750.8932495117188,60.6678466796875,41.379356384277344,67.94999694824219,55.344913482666016,340.8941345214844,315.53460693359375,89.35602569580078,82.50537872314453,315.258056640625,203.31675720214844,27.776691436767578,472.4091491699219,342.46453857421875,138.46812438964844,256.45440673828125,300.6208190917969,161.50650024414062,247.26223754882812,324.5612487792969,27.33226203918457,127.37071228027344,26.682025909423828,69.1845474243164,103.45439910888672,253.1274871826172,295.90625,422.1426696777344,480.0606994628906,576.6217651367188,132.714599609375,313.9325866699219,824.8316650390625,94.92156982421875,79.86135864257812,641.4343872070312,158.80245971679688,164.276611328125,179.68846130371094,485.8563232421875,1417.1600341796875,59.07576370239258,188.38023376464844,7385.2900390625,195.60328674316406,92.4000015258789,86.9706802368164,111.96074676513672,140.98388671875,24.217870712280273,88.08859252929688,142.3990936279297,213.85789489746094,884.1101684570312,158.43048095703125,34.43313980102539,126.4449462890625,176.47000122070312,173.0160369873047,290.0627136230469,781.6010131835938,27.20600700378418,358.7432861328125,395.62158203125,211.3521270751953,184.992431640625,323.7926330566406,37.5505256652832,475.75,495.0828857421875,87.59889221191406,129.84095764160156,284.5703430175781,351.9639587402344,23.803056716918945,230.30130004882812,49.708126068115234,156.33450317382812,196.99874877929688,129.4821014404297,391.3458251953125,323.20697021484375,232.61949157714844,97.62982177734375,53.40083694458008,353.67596435546875,292.50323486328125,38.39066696166992,219.22727966308594,103.77884674072266,219.53195190429688,187.49891662597656,117.63219451904297,123.55399322509766
2025-12-26,137.56399536132812,224.66810607910156,265.6165771484375,300.7099914550781,98.44266510009766,113.93515014648438,259.8181457519531,205.67034912109375,261.2489929199219,207.80801391601562,328.1608581542969,498.53057861328125,171.34603881835938,355.71160888671875,242.58966064453125,136.95230102539062,177.8191375732422,350.8376159667969,583.8400268554688,377.9725646972656,3448.699951171875,152.29437255859375,216.56588745117188,44.9296989440918,1076.0223388671875,498.29998779296875,206.8194122314453,52.981197357177734,579.4589233398438,86.18453979492188,30.372711181640625,78.30638122558594,515.7606811523438,68.90518951416016,339.68475341796875,77.03679656982422,36.38824462890625,190.18426513671875,84.5406494140625,78.27332305908203,147.21827697753906,233.9499969482422,103.08999633789062,229.35426330566406,199.20314025878906,264.3193054199219,57.26698684692383,106.89996337890625,346.32720947265625,755.426025390625,61.01601028442383,41.112266540527344,67.5,55.574432373046875,337.74566650390625,313.9308166503906,89.26632690429688,82.68456268310547,314.5489501953125,203.8225555419922,27.707321166992188,475.4684753417969,344.87030029296875,137.42752075195312,256.91595458984375,301.1439514160156,162.39035034179688,247.76275634765625,323.31890869140625,27.42987823486328,127.63104248046875,26.682025909423828,68.94770812988281,103.26736450195312,252.56045532226562,294.5464782714844,422.01348876953125,477.37255859375,576.77099609375,133.06222534179688,314.3509521484375,826.6581420898438,94.88224792480469,79.12236022949219,643.2994384765625,160.52578735351562,162.2545166015625,179.9060821533203,485.5477294921875,1420.0999755859375,59.99143600463867,190.2978973388672,7382.16015625,196.09852600097656,92.25,86.69364166259766,111.57965850830078,141.0231170654297,24.275924682617188,87.88211059570312,142.6454620361328,213.36004638671875,884.4288940429688,158.3125457763672,34.54145050048828,125.79503631591797,176.58999633789062,173.0556182861328,282.6904602050781,782.8576049804688,27.264875411987305,356.25921630859375,397.18133544921875,211.52064514160156,183.7914276123047,323.8822021484375,37.37251281738281,477.1400146484375,498.5765686035156,87.37210845947266,129.89987182617188,285.51800537109375,351.4480285644531,23.79340362548828,230.8872528076172,49.58076858520508,156.15560913085938,198.95863342285156,130.5760498046875,390.75860595703125,327.40020751953125,231.02613830566406,97.51343536376953,53.449432373046875,353.53656005859375,293.06109619140625,38.54301452636719,218.7783660888672,103.72968292236328,219.27410888671875,186.62806701660156,117.5236587524414,124.2825698852539
2025-12-29,137.10675048828125,225.50823974609375,265.86151123046875,301.2300109863281,98.88650512695312,114.03364562988281,261.4676208496094,206.5215301513672,262.3961181640625,208.0472869873047,324.90814208984375,494.5072021484375,172.44447326660156,355.7914123535156,243.0112762451172,136.42413330078125,178.4888153076172,348.1076965332031,580.5499877929688,372.288818359375,3415.81005859375,151.38677978515625,216.61325073242188,45.05877685546875,1076.3092041015625,501.04998779296875,205.91583251953125,53.0009651184082,575.0956420898438,86.55552673339844,30.39249610900879,78.26709747314453,511.3097229003906,69.07262420654297,338.8879699707031,76.672119140625,36.487613677978516,190.0847625732422,83.97750854492188,78.67643737792969,148.17015075683594,231.00999450683594,103.70999908447266,229.6629638671875,198.0884552001953,264.09051513671875,57.83475112915039,105.95657348632812,344.8424377441406,757.1085205078125,61.19976043701172,40.84517288208008,67.27999877929688,56.03348159790039,336.04803466796875,310.7394104003906,88.69825744628906,82.5551528930664,313.979736328125,203.91183471679688,27.895605087280273,472.3692626953125,342.572998046875,137.56626892089844,256.4295959472656,301.7855529785156,162.84716796875,247.53701782226562,319.2171325683594,27.488447189331055,125.7149887084961,26.868473052978516,69.23388671875,102.3026123046875,251.64527893066406,293.7127685546875,423.77203369140625,483.1441650390625,575.0792846679688,134.394775390625,313.1855163574219,828.8139038085938,94.5185317993164,78.81690216064453,635.5799560546875,160.16921997070312,162.16529846191406,177.99693298339844,484.9404296875,1419.469970703125,60.267120361328125,187.99070739746094,7355.259765625,193.51345825195312,91.77999877929688,87.0201416015625,111.39399719238281,141.47430419921875,24.1888427734375,87.54780578613281,142.47793579101562,214.65635681152344,886.8887329101562,159.18740844726562,34.67930603027344,126.62217712402344,175.58999633789062,171.68946838378906,279.74151611328125,778.399658203125,27.029409408569336,355.0455322265625,393.8929138183594,212.6606903076172,183.0469970703125,323.6732177734375,37.481300354003906,478.9700012207031,499.18865966796875,87.66792297363281,129.32049560546875,280.61004638671875,349.7414855957031,23.90923500061035,230.20201110839844,49.002769470214844,155.51950073242188,201.08677673339844,129.62132263183594,392.35113525390625,324.548828125,232.1048583984375,96.67931365966797,52.97315979003906,353.14813232421875,290.8894958496094,38.54301452636719,216.6335906982422,103.95582580566406,220.4542694091797,185.19314575195312,118.92474365234375,124.03643798828125
2025-12-30,136.79859924316406,224.43365478515625,264.5485534667969,299.5400085449219,99.35993194580078,114.25035095214844,260.1658935546875,206.95703125,259.32379150390625,206.3923797607422,323.9815673828125,491.218994140625,173.3173370361328,355.5520324707031,243.96234130859375,135.7265625,179.55645751953125,348.56597900390625,572.1099853515625,370.37445068359375,3398.85009765625,151.75914001464844,216.04876708984375,45.76375198364258,1071.2757568359375,503.7099914550781,205.7470245361328,52.8230094909668,573.883056640625,86.98507690429688,30.491430282592773,78.09031677246094,510.286376953125,69.3582534790039,338.6788024902344,76.29757690429688,36.189510345458984,189.39822387695312,83.12785339355469,78.50929260253906,149.4654998779297,228.1300048828125,105.02999877929688,229.7028045654297,196.8443603515625,263.05615234375,58.07532501220703,105.1025619506836,345.2581787109375,761.7699584960938,61.412532806396484,40.42969512939453,67.54000091552734,55.823917388916016,335.0511779785156,310.9488830566406,88.55873107910156,81.9578628540039,314.1394958496094,203.406005859375,28.232532501220703,471.6119384765625,341.48846435546875,137.59600830078125,257.1343078613281,298.1432800292969,162.0328369140625,246.16307067871094,318.8917541503906,27.478683471679688,124.04528045654297,27.064739227294922,69.14506530761719,102.27307891845703,251.7447509765625,293.2562255859375,425.5802001953125,482.28436279296875,574.6016235351562,135.09967041015625,312.7173156738281,825.7299194335938,95.0198745727539,78.6099853515625,629.7454223632812,159.62451171875,162.3833770751953,177.14622497558594,485.3187561035156,1414.3199462890625,60.24742889404297,187.31153869628906,7327.2001953125,195.32598876953125,91.47000122070312,87.07951354980469,110.79794311523438,141.3958282470703,24.179166793823242,87.41015625,141.9654541015625,216.02786254882812,885.1658325195312,159.19723510742188,34.78761672973633,127.57733917236328,175.41000366210938,171.90725708007812,278.7618408203125,771.8572998046875,26.803754806518555,356.8063659667969,391.1112060546875,212.82920837402344,182.6400604248047,324.5987548828125,38.124114990234375,474.489990234375,496.919189453125,87.84539794921875,127.99478912353516,279.39306640625,351.34881591796875,23.947843551635742,228.79180908203125,48.5521240234375,154.4062957763672,201.73019409179688,128.8157958984375,389.8826904296875,327.7257995605469,230.6500701904297,96.64051818847656,52.78848648071289,352.1622314453125,287.76165771484375,38.75248718261719,216.16473388671875,104.30977630615234,220.28567504882812,179.5128631591797,119.37861633300781,124.45980072021484
2025-12-31,135.2578582763672,223.2125244140625,262.8829040527344,296.010009765625,98.49198913574219,113.58055114746094,257.145263671875,206.01675415039062,256.3511962890625,204.6776885986328,322.621337890625,487.1161193847656,172.18946838378906,351.9515380859375,242.19747924804688,134.67025756835938,177.6555633544922,344.8297424316406,567.9299926757812,366.96221923828125,3391.5,150.54127502441406,213.18968200683594,45.21764373779297,1058.44970703125,502.6499938964844,204.04910278320312,52.239715576171875,569.3904418945312,86.76053619384766,30.214418411254883,77.60905456542969,507.1468505859375,68.87564086914062,336.3979797363281,75.92304229736328,36.02058792114258,187.129638671875,82.0015640258789,78.02751922607422,149.56362915039062,226.47999572753906,103.66999816894531,227.9601287841797,194.31639099121094,261.1066589355469,57.75777053833008,103.99037170410156,346.9903869628906,758.2565307617188,60.967655181884766,39.697669982910156,67.16999816894531,55.09543228149414,332.2777404785156,307.1990051269531,87.26313781738281,80.95243072509766,313.3904724121094,201.18441772460938,28.00461196899414,465.2342224121094,339.27001953125,136.56532287597656,254.23594665527344,292.3788146972656,160.84112548828125,243.27890014648438,317.70855712890625,27.342025756835938,121.19563293457031,26.97641944885254,68.9871826171875,101.20004272460938,249.56622314453125,291.3704528808594,423.62298583984375,478.0050964355469,568.0936279296875,134.13406372070312,309.03173828125,818.7034912109375,94.43004608154297,77.78230285644531,621.0086669921875,158.5647735595703,161.2038116455078,175.6129608154297,481.4758605957031,1394.18994140625,62.72861099243164,186.27281188964844,7292.77001953125,193.04794311523438,91.20999908447266,86.4264907836914,109.6156005859375,140.76809692382812,24.09208869934082,86.73171997070312,141.2361602783203,213.91427612304688,875.3463745117188,157.67356872558594,34.48237228393555,127.06529235839844,174.2100067138672,169.33335876464844,276.0108642578125,769.7929077148438,26.58791160583496,351.7824401855469,386.5312805175781,210.09310913085938,182.03460693359375,322.4789733886719,37.95599365234375,469.7200012207031,492.1165771484375,87.05657958984375,126.688720703125,274.7145690917969,349.5882873535156,23.976802825927734,225.9415740966797,48.2092399597168,152.67686462402344,200.9779052734375,127.06549835205078,387.3843994140625,325.70318603515625,228.92807006835938,96.20407104492188,52.36648941040039,349.26422119140625,284.1158142089844,38.78104782104492,212.9325714111328,103.69035339355469,217.8955841064453,176.7321014404297,118.73727416992188,123.87889862060547
2026-01-02,137.1266326904297,224.01358032226562,254.70150756835938,286.7300109863281,99.47827911376953,114.07305145263672,254.37298583984375,201.7311553955078,268.2016906738281,208.49588012695312,322.9466247558594,490.5235595703125,171.43431091308594,343.3641662597656,247.3726806640625,139.224365234375,176.84228515625,346.3441467285156,563.4500122070312,370.54107666015625,3303.820068359375,151.21612548828125,211.91061401367188,46.80631637573242,1073.0062255859375,496.8500061035156,204.77674865722656,52.911991119384766,594.7753295898438,86.59456634521484,30.590364456176758,76.30281066894531,518.6519165039062,69.3582534790039,337.51348876953125,75.34831237792969,36.040462493896484,183.95558166503906,80.30224609375,78.78459167480469,152.9884490966797,219.7899932861328,106.79000091552734,229.4339141845703,194.82395935058594,261.22607421875,58.63346862792969,106.01615905761719,350.65283203125,756.2276611328125,60.65766525268555,40.004329681396484,65.58999633789062,55.27505874633789,338.92999267578125,319.88470458984375,90.36258697509766,80.61396789550781,314.90850830078125,200.77777099609375,29.332502365112305,468.751953125,340.96588134765625,135.88150024414062,262.524169921875,287.729736328125,158.88473510742188,246.4396514892578,320.92291259765625,27.29281234741211,127.1193618774414,27.19230842590332,68.20761108398438,102.59794616699219,250.34213256835938,302.19873046875,426.3253173828125,491.2481384277344,560.3814086914062,134.3464813232422,312.1894226074219,821.847412109375,94.42022705078125,79.14205932617188,632.7574462890625,160.26828002929688,163.69180297851562,179.93576049804688,470.84320068359375,1411.3900146484375,62.30523681640625,188.6199493408203,7278.8701171875,193.84031677246094,90.33999633789062,87.40602111816406,106.11743927001953,139.50282287597656,24.363004684448242,87.92144012451172,139.73814392089844,211.91616821289062,890.3045654296875,157.57528686523438,34.57099151611328,128.57188415527344,170.10000610351562,171.24398803710938,280.3055725097656,774.2208862304688,27.03921890258789,360.6563720703125,395.94940185546875,208.9944610595703,185.85594177246094,326.27069091796875,39.75588607788086,480.4200134277344,482.765625,88.45674133300781,127.57832336425781,286.83477783203125,346.3158874511719,23.706533432006836,231.61221313476562,48.72846603393555,153.34278869628906,197.5530548095703,128.35833740234375,396.14337158203125,331.9092102050781,229.511962890625,97.9789810180664,52.92587661743164,345.0516662597656,291.5170593261719,38.58109664916992,215.75570678710938,104.68340301513672,216.5963897705078,185.89576721191406,121.01651000976562,123.97735595703125
2026-01-05,142.076904296875,215.0944366455078,258.6501159667969,288.6600036621094,98.23554229736328,112.35914611816406,261.56695556640625,203.4632110595703,283.61328125,210.65921020507812,316.1257629394531,504.55078125,172.8563690185547,350.36572265625,250.7010040283203,139.39378356933594,176.64630126953125,342.15960693359375,591.1599731445312,377.5695495605469,3268.300048828125,154.33447265625,213.6689910888672,48.72265625,1107.3206787109375,498.5199890136719,204.50799560546875,53.178924560546875,612.35791015625,86.32121276855469,31.15428924560547,75.55638122558594,528.2593383789062,68.4225845336914,339.5552978515625,74.89250183105469,35.682735443115234,184.5326690673828,80.64804077148438,79.06971740722656,160.7899932861328,226.72000122070312,108.0999984741211,234.3731231689453,201.31312561035156,261.7631530761719,58.33515167236328,107.40641021728516,359.8188171386719,764.05615234375,59.57222366333008,40.70668411254883,66.98999786376953,53.69833755493164,350.93170166015625,323.445068359375,88.38931274414062,82.77416229248047,316.9058837890625,202.08692932128906,31.631534576416016,476.166015625,339.2601623535156,136.51576232910156,273.7604675292969,291.15484619140625,164.475830078125,246.52853393554688,329.363037109375,26.8892765045166,134.89730834960938,27.378761291503906,67.04318237304688,103.75958251953125,251.85415649414062,309.04705810546875,430.2894592285156,505.57830810546875,565.7948608398438,132.62770080566406,309.81866455078125,823.3245239257812,95.70799255371094,80.57079315185547,640.29736328125,161.98167419433594,173.40585327148438,184.52565002441406,470.75360107421875,1446.6300048828125,63.535980224609375,187.89083862304688,7321.2099609375,190.75010681152344,90.58000183105469,88.23714447021484,106.97732543945312,137.2371368408203,24.353328704833984,88.99317932128906,138.33868408203125,212.7154083251953,903.1615600585938,157.14276123046875,34.246055603027344,137.837890625,173.11000061035156,174.5405731201172,277.2379150390625,761.1761474609375,27.735803604125977,356.6670837402344,402.089111328125,211.61932373046875,186.85841369628906,330.60986328125,43.31611633300781,494.19000244140625,501.82537841796875,86.31705474853516,131.4727783203125,289.119140625,346.9226379394531,23.851318359375,229.80474853515625,49.45341110229492,152.90545654296875,198.82005310058594,127.82131958007812,389.1461486816406,337.4541931152344,229.5713348388672,98.92948150634766,54.45683288574219,352.34149169921875,295.521484375,38.30497741699219,216.4839324951172,103.64119720458984,217.6278076171875,189.76507568359375,123.69041442871094,127.3741226196289
2026-01-06,146.98126220703125,218.75784301757812,270.35882568359375,293.1700134277344,99.2317123413086,113.31460571289062,261.0999450683594,205.7891082763672,295.27423095703125,213.5004425048828,325.4403991699219,506.8852844238281,172.43466186523438,348.75,255.16510009765625,140.88858032226562,180.0365753173828,342.50830078125,626.6500244140625,381.3074645996094,3244.919921875,159.2989959716797,212.91342163085938,49.03046417236328,1099.9239501953125,499.04998779296875,207.52410888671875,52.892215728759766,619.3054809570312,85.06182861328125,31.955652236938477,75.8215560913086,543.2218627929688,69.31885528564453,344.7842712402344,74.54568481445312,35.84172821044922,186.44308471679688,83.60208129882812,79.34501647949219,153.6165008544922,229.3800048828125,107.45999908447266,235.5979766845703,202.5373077392578,270.06817626953125,58.22929382324219,107.79369354248047,367.5989990234375,779.9306030273438,61.029258728027344,41.09247970581055,68.76000213623047,55.33493423461914,356.0146789550781,326.6564025878906,88.9474105834961,81.80854797363281,314.1394958496094,207.6310272216797,30.5513858795166,481.9159240722656,344.3871765136719,135.70310974121094,277.7705993652344,298.557861328125,164.86312866210938,251.03260803222656,331.41326904296875,26.90896224975586,139.14137268066406,26.318937301635742,66.94449615478516,104.70463562011719,259.036376953125,312.1138916015625,434.3231201171875,515.9256591796875,577.5074462890625,133.41949462890625,320.6064758300781,824.9115600585938,98.60794067382812,79.98944854736328,644.526123046875,164.61618041992188,168.9254913330078,185.7226104736328,476.3885192871094,1485.1500244140625,64.34335327148438,187.0119171142578,7239.72998046875,191.89903259277344,90.38999938964844,88.93963623046875,108.67755126953125,136.29554748535156,24.60489273071289,90.26155853271484,137.88536071777344,212.14598083496094,924.941650390625,152.5226593017578,34.354366302490234,134.558837890625,175.00999450683594,180.6189422607422,294.6444396972656,774.4503173828125,28.16748809814453,361.34283447265625,410.6627502441406,209.7202606201172,188.98248291015625,338.46209716796875,43.14799499511719,508.7699890136719,508.1817626953125,86.47482299804688,132.76763916015625,329.6095886230469,364.4284362792969,23.494176864624023,229.7153778076172,50.13917922973633,152.98497009277344,196.58302307128906,132.44566345214844,379.3221740722656,344.3114013671875,231.2042694091797,102.05255126953125,55.035850524902344,356.08599853515625,298.6891784667969,38.37162399291992,220.40443420410156,104.17212677001953,217.2707977294922,194.9505615234375,119.43782806396484,127.35443878173828
2026-01-07,147.1903839111328,228.02865600585938,268.4482421875,293.7900085449219,97.71280670166016,111.99469757080078,257.3539123535156,205.14578247070312,291.4736633300781,210.52960205078125,336.74609375,494.7655334472656,166.17750549316406,348.99932861328125,258.6317138671875,138.42715454101562,175.88204956054688,342.2392883300781,620.9099731445312,375.9988098144531,3318.080078125,157.2433624267578,216.7880096435547,48.494285583496094,1063.1468505859375,496.1199951171875,206.24002075195312,51.97278594970703,592.8968505859375,83.07025146484375,31.76767921447754,75.71351623535156,535.5419311523438,68.51121520996094,339.0473327636719,74.04031372070312,34.82817840576172,185.7664794921875,83.09820556640625,78.45030212402344,152.30152893066406,230.52000427246094,103.04000091552734,234.58226013183594,198.43679809570312,267.3031311035156,57.08486557006836,104.53653717041016,362.96649169921875,768.539306640625,60.56965637207031,40.17250061035156,68.70999908447266,54.02764892578125,341.140869140625,322.76690673828125,87.69168090820312,81.5397720336914,322.00921630859375,208.95010375976562,30.105451583862305,469.0110168457031,344.1603698730469,134.68234252929688,273.02593994140625,292.8921203613281,160.8013916015625,243.96044921875,323.8660583496094,26.82038116455078,135.61944580078125,26.495573043823242,66.64846801757812,102.31245422363281,252.4012908935547,307.4391784667969,431.3227233886719,491.05047607421875,577.0894165039062,130.33917236328125,318.0166320800781,822.3564453125,98.07709503173828,77.12212371826172,623.3823852539062,161.3478240966797,170.9971466064453,182.79454040527344,481.3265075683594,1470.8699951171875,62.246158599853516,188.87962341308594,7146.4501953125,190.99771118164062,90.8499984741211,87.48517608642578,109.07817077636719,134.38291931152344,24.459758758544922,89.35697174072266,136.04241943359375,208.8990936279297,904.6553955078125,152.5128173828125,33.911277770996094,135.77003479003906,174.57000732421875,178.3816375732422,299.2657470703125,810.084228515625,27.922212600708008,359.0745849609375,406.66900634765625,207.88088989257812,184.3472442626953,329.8236389160156,41.901912689208984,519.7000122070312,506.15716552734375,85.1535415649414,130.91925048828125,307.50396728515625,365.7811279296875,23.137035369873047,228.0072479248047,49.5513801574707,153.104248046875,195.2863006591797,130.2478485107422,374.6739807128906,337.13848876953125,222.15878295898438,102.23683166503906,53.8483772277832,354.41290283203125,290.9891052246094,38.20975875854492,216.09487915039062,103.27739715576172,214.1864776611328,189.84425354003906,116.91191101074219,123.73121643066406
2026-01-08,145.1489715576172,218.95321655273438,276.1299133300781,276.5799865722656,98.1763687133789,114.19125366210938,262.8587341308594,208.9365234375,280.93994140625,209.3931121826172,325.3812561035156,500.1598205566406,167.0503692626953,351.0439147949219,257.9897155761719,135.77639770507812,180.36973571777344,331.2597351074219,612.97998046875,380.7308654785156,3313.989990234375,159.15936279296875,216.75936889648438,49.84465789794922,1075.8345947265625,499.7699890136719,201.5615692138672,53.24812698364258,604.4363403320312,82.51377868652344,31.352155685424805,79.42603302001953,540.966552734375,68.7968521118164,334.39599609375,73.2872314453125,35.096473693847656,189.30865478515625,84.73823547363281,79.24669647216797,156.27589416503906,224.10000610351562,107.36000061035156,234.01463317871094,201.03445434570312,270.27703857421875,58.20781326293945,109.50170135498047,370.9644470214844,773.8143920898438,61.47908020019531,41.34967803955078,69.5,55.09543228149414,346.8653564453125,313.5917053222656,85.04070281982422,84.74520874023438,325.58453369140625,211.70729064941406,31.879274368286133,477.35186767578125,354.51300048828125,136.67433166503906,275.51739501953125,298.80462646484375,160.86097717285156,250.61776733398438,326.63934326171875,27.174705505371094,132.11949157714844,26.76053237915039,68.45431518554688,107.8449935913086,253.3363800048828,323.2994384765625,436.836669921875,512.3678588867188,577.2387084960938,133.77676391601562,323.6446228027344,813.0545043945312,97.01542663574219,78.6099853515625,636.417724609375,163.6554718017578,175.51718139648438,182.6857452392578,475.9902648925781,1465.199951171875,64.2547378540039,184.81459045410156,7385.580078125,187.83819580078125,91.62999725341797,89.4343490600586,111.6382827758789,136.69766235351562,24.46943473815918,90.19273376464844,139.48190307617188,212.9451904296875,902.7432250976562,156.11061096191406,34.13774490356445,142.01300048828125,173.57000732421875,180.04476928710938,301.15582275390625,798.8544921875,28.295034408569336,363.1832580566406,401.02606201171875,210.6449432373047,185.7765350341797,339.3975830078125,43.93915557861328,514.489990234375,509.9803771972656,86.80020904541016,131.26522827148438,283.7723083496094,365.2440185546875,23.3300838470459,226.45799255371094,49.913856506347656,157.28868103027344,195.9000244140625,132.78379821777344,376.594970703125,342.2197265625,227.47325134277344,103.74987030029297,54.49608612060547,350.7779846191406,297.97198486328125,38.62870407104492,221.9008026123047,103.46421813964844,216.06085205078125,195.7521514892578,121.2730484008789,124.89300537109375
2026-01-09,147.8974151611328,214.99676513671875,275.0031433105469,276.0199890136719,98.54130554199219,115.15655517578125,262.90838623046875,210.03515625,300.4313659667969,209.99127197265625,321.4287109375,504.4216003417969,165.26541137695312,349.8769836425781,260.4588317871094,139.6728057861328,175.754638671875,343.70391845703125,631.6900024414062,373.4041442871094,3421.169921875,157.27439880371094,218.63475036621094,49.61628723144531,1073.045654296875,499.1000061035156,200.18789672851562,55.61097717285156,613.86865234375,81.68396759033203,31.787466049194336,80.02513885498047,548.5173950195312,68.93473052978516,334.3462219238281,73.20796203613281,34.977230072021484,192.15435791015625,84.234375,78.95174407958984,159.08248901367188,215.55999755859375,103.76000213623047,237.37049865722656,200.93492126464844,270.2671203613281,59.555355072021484,112.9375991821289,369.04412841796875,792.0938110351562,59.102840423583984,41.527740478515625,69.8499984741211,54.885868072509766,349.2834777832031,320.7224426269531,84.94104766845703,82.49542999267578,328.7104797363281,210.50721740722656,32.335121154785156,470.42608642578125,369.38134765625,135.0391082763672,274.8027038574219,300.2852478027344,164.83334350585938,251.99070739746094,326.0450744628906,27.35186767578125,139.6400909423828,26.613332748413086,69.57926177978516,117.3940200805664,250.49134826660156,333.2543029785156,441.19818115234375,536.5610961914062,573.591064453125,131.2275390625,326.90185546875,814.4817504882812,95.87511444091797,78.24541473388672,664.9019165039062,163.6554718017578,174.62506103515625,184.3080596923828,477.15509033203125,1485.1199951171875,64.9045639038086,184.63479614257812,7581.669921875,197.14321899414062,93.80000305175781,89.31561279296875,111.16925048828125,137.22731018066406,24.653270721435547,88.77686309814453,139.81698608398438,214.95326232910156,917.2035522460938,159.84600830078125,34.0589714050293,139.98452758789062,171.52000427246094,175.99581909179688,308.25103759765625,794.406494140625,27.9810791015625,367.89874267578125,407.8512268066406,211.0028839111328,187.0966339111328,351.58892822265625,44.70064926147461,525.1799926757812,510.3382263183594,87.57917022705078,131.0378875732422,303.2643737792969,365.572265625,23.156339645385742,230.00338745117188,49.5905647277832,156.85134887695312,198.52308654785156,133.60922241210938,379.9194030761719,339.3880310058594,226.07785034179688,104.80705261230469,54.182044982910156,348.3280944824219,310.4136047363281,38.52396774291992,223.87599182128906,102.8939437866211,219.08567810058594,196.9693603515625,122.95040893554688,125.20806884765625
2026-01-12,147.36962890625,214.95767211914062,275.2872619628906,277.8900146484375,98.82732391357422,114.8216552734375,263.15679931640625,206.5215301513672,306.4762878417969,209.11398315429688,320.876708984375,506.80584716796875,168.22726440429688,349.56781005859375,263.73779296875,144.6055908203125,174.79440307617188,350.9173278808594,631.72998046875,357.4782409667969,3523.0,157.26663208007812,214.63037109375,47.61058807373047,1077.15966796875,498.6700134277344,201.5914306640625,54.75086212158203,625.9448852539062,82.9726333618164,31.27301025390625,80.46710205078125,558.5420532226562,68.7968521118164,340.7903137207031,73.33677673339844,34.99710464477539,192.0648193359375,84.20474243164062,79.01073455810547,159.3081817626953,214.8699951171875,101.80999755859375,237.9978790283203,202.47760009765625,269.5410461425781,58.57887649536133,112.23253631591797,371.1624450683594,775.77392578125,58.926822662353516,41.25075912475586,68.19999694824219,55.39480972290039,356.24169921875,323.2955017089844,87.58204650878906,82.5252914428711,332.2957763671875,209.7534637451172,31.611717224121094,472.66827392578125,369.6771240234375,134.02825927734375,274.54461669921875,308.14227294921875,165.1014862060547,251.41781616210938,321.3899841308594,27.263286590576172,142.44985961914062,26.417070388793945,69.56939697265625,119.01834106445312,249.0787811279297,338.1274719238281,440.7511291503906,544.78369140625,564.3624877929688,129.61495971679688,322.0906982421875,824.0232543945312,95.30494689941406,77.17139434814453,661.9498901367188,166.32958984375,174.00057983398438,184.5553436279297,475.06439208984375,1491.989990234375,64.6288833618164,184.71470642089844,7591.75,203.26048278808594,95.5999984741211,88.54386138916016,110.11394500732422,138.64952087402344,24.450084686279297,88.68836975097656,141.38400268554688,216.29197692871094,925.120849609375,162.35267639160156,34.265750885009766,136.7251739501953,171.42999267578125,167.5712432861328,297.98919677734375,765.9332885742188,27.72599220275879,361.3726501464844,411.4277648925781,209.64073181152344,192.4068145751953,355.9181213378906,44.65120315551758,533.4199829101562,512.7301635742188,87.85525512695312,131.55184936523438,320.6915283203125,359.435302734375,23.183683395385742,233.77719116210938,49.120323181152344,156.1456756591797,195.5040740966797,132.96279907226562,383.67181396484375,335.9643859863281,227.1268768310547,104.7779541015625,53.377315521240234,341.7851867675781,308.4213562011719,38.59177780151367,225.9309844970703,103.23807525634766,216.76499938964844,204.11422729492188,122.37812805175781,123.3866195678711
2026-01-13,145.70663452148438,215.65130615234375,271.2112731933594,270.6300048828125,100.04048156738281,114.87091064453125,255.36663818359375,195.62437438964844,304.1121826171875,211.07791137695312,319.65447998046875,492.1130676269531,170.6104736328125,343.683349609375,262.8883972167969,148.45217895507812,175.20594787597656,353.3085021972656,641.510009765625,355.8975830078125,3505.75,156.32028198242188,211.57264709472656,48.62336730957031,1077.4365234375,495.239990234375,207.30511474609375,54.582786560058594,632.6638793945312,84.74942779541016,30.65962028503418,81.47871398925781,563.76806640625,69.49613952636719,344.49542236328125,74.78350067138672,35.404510498046875,191.75636291503906,83.4538803100586,79.32535552978516,160.80960083007812,217.39999389648438,101.70999908447266,234.57228088378906,203.43304443359375,272.0673828125,59.252647399902344,114.56616973876953,366.9159851074219,793.0439453125,58.85837173461914,41.96299743652344,66.75,54.566532135009766,358.5709533691406,326.34722900390625,89.57527160644531,82.8637466430664,335.9909362792969,212.15357971191406,32.31529998779297,477.6508483886719,374.4097595214844,130.66864013671875,271.9340515136719,299.2389221191406,165.5384521484375,253.61061096191406,307.9298095703125,27.282968521118164,143.8113555908203,26.868473052978516,70.29962921142578,121.40067291259766,252.64999389648438,338.68328857421875,440.0258483886719,551.760986328125,543.14453125,129.81773376464844,321.7021789550781,822.3864135742188,94.78394317626953,75.9495849609375,663.944580078125,167.79539489746094,174.30787658691406,180.78648376464844,468.5832824707031,1484.780029296875,65.27871704101562,185.58364868164062,7673.31982421875,200.88705444335938,94.62999725341797,88.83079528808594,107.1532211303711,140.72886657714844,24.33397674560547,87.52814483642578,142.15269470214844,204.86297607421875,934.4921875,163.0309600830078,34.44298553466797,135.5927734375,169.3699951171875,163.63116455078125,288.6773376464844,756.86767578125,27.313928604125977,364.2178649902344,414.1598205566406,208.44760131835938,192.6350860595703,354.28594970703125,45.39291763305664,511.79998779296875,510.5453796386719,89.02863311767578,131.27508544921875,317.65899658203125,353.9150085449219,22.753992080688477,234.9689178466797,48.679473876953125,157.17933654785156,187.7436981201172,133.63906860351562,389.255615234375,329.47216796875,226.91903686523438,103.37161254882812,53.04364013671875,326.5283508300781,309.83587646484375,37.78778076171875,226.92857360839844,104.18196105957031,214.39471435546875,205.91531372070312,124.85469818115234,122.6974105834961
2026-01-14,145.3083038330078,216.76495361328125,282.7142639160156,261.2799987792969,101.13526916503906,116.33855438232422,255.34677124023438,194.01107788085938,301.1396179199219,210.46978759765625,324.2575988769531,504.1235656738281,174.06268310546875,345.0896301269531,263.9451904296875,146.23989868164062,176.5287322998047,338.642578125,629.219970703125,356.15606689453125,3472.659912109375,160.89694213867188,206.48947143554688,49.62621307373047,1079.720703125,493.1499938964844,212.58079528808594,54.96835708618164,634.870361328125,86.56527709960938,29.85825538635254,83.04032135009766,561.5226440429688,69.85071563720703,348.5292053222656,73.73313903808594,35.95103073120117,193.25880432128906,85.65705108642578,77.9980239868164,164.11666870117188,213.1300048828125,101.4000015258789,236.9522705078125,203.37332153320312,274.166015625,60.1705322265625,116.09544372558594,369.0540466308594,790.777587890625,59.846031188964844,41.96299743652344,67.5,55.644287109375,361.23583984375,318.0197448730469,89.90415954589844,80.86283874511719,335.87109375,209.783203125,32.741416931152344,477.1725158691406,370.6729736328125,130.74790954589844,272.1127624511719,305.03302001953125,171.74526977539062,255.7144775390625,304.9287414550781,27.676664352416992,143.0812225341797,27.015674591064453,70.49698638916016,119.5007095336914,260.62799072265625,340.28125,437.1247863769531,565.9923706054688,544.9683837890625,131.58482360839844,318.43499755859375,832.5466918945312,97.0645751953125,77.4965591430664,635.021484375,168.3599395751953,179.5019073486328,178.82786560058594,457.3433532714844,1485.56005859375,64.5599594116211,182.91688537597656,7580.759765625,192.2672576904297,95.0199966430664,88.9990005493164,107.76881408691406,143.12208557128906,24.750024795532227,89.68144989013672,144.23216247558594,205.30255126953125,932.3610229492188,168.1720428466797,34.98454284667969,139.22630310058594,166.52999877929688,162.88868713378906,276.41656494140625,752.110595703125,27.608259201049805,360.9846496582031,414.4876403808594,209.7699737548828,197.35964965820312,352.6538391113281,46.45109558105469,505.3399963378906,513.2197875976562,90.04425048828125,133.1630096435547,311.51409912109375,357.46588134765625,23.056730270385742,235.66409301757812,48.81663131713867,154.1876220703125,190.06983947753906,132.43572998046875,384.04010009765625,330.4884338378906,224.79129028320312,104.16692352294922,52.503883361816406,327.81304931640625,297.3244934082031,38.58209228515625,226.2202911376953,105.2733383178711,216.98316955566406,204.5001678466797,128.4659423828125,123.89859008789062
2026-01-15,144.22286987304688,211.74368286132812,281.95977783203125,262.260009765625,101.82567596435547,117.60920715332031,254.5220184326172,193.46670532226562,318.2868347167969,214.35780334472656,325.3023986816406,504.7593994140625,178.0543212890625,343.93267822265625,262.69091796875,153.68392944335938,177.1558380126953,341.76104736328125,637.1900024414062,355.2712707519531,3465.449951171875,161.61834716796875,206.7299041748047,51.63191604614258,1143.8009033203125,492.6199951171875,212.4812774658203,54.91892623901367,643.2491455078125,88.26398468017578,29.126144409179688,82.83406829833984,571.1201782226562,70.20528411865234,353.9275207519531,74.56549835205078,36.07027053833008,194.60206604003906,83.79966735839844,79.99394226074219,163.05685424804688,210.11000061035156,103.06999969482422,238.88414001464844,204.88613891601562,276.2348327636719,60.0728874206543,114.8442153930664,378.0517578125,793.5487060546875,59.81669235229492,43.061038970947266,66.77999877929688,55.39480972290039,363.89080810546875,319.0768737792969,93.17303466796875,80.5442886352539,332.7252197265625,210.85435485839844,32.483760833740234,482.1152038574219,373.837890625,129.6478729248047,281.8502197265625,294.0963439941406,172.08291625976562,258.6777038574219,306.30548095703125,27.460132598876953,154.0988311767578,26.89791488647461,69.5496597290039,120.34732818603516,267.48193359375,337.8694763183594,437.1844177246094,571.12158203125,540.8125,132.2684326171875,324.5212097167969,842.4974365234375,97.3201675415039,76.75755310058594,639.240234375,169.4593048095703,176.03260803222656,189.16500854492188,454.6354064941406,1496.6099853515625,63.59505081176758,186.8221435546875,7623.009765625,188.53335571289062,93.63999938964844,89.39476776123047,107.98377990722656,143.75961303710938,25.04996681213379,89.4552993774414,142.5370635986328,203.324462890625,940.6966552734375,169.62689208984375,35.161781311035156,137.867431640625,166.88999938964844,159.7703094482422,275.20928955078125,739.9234619140625,27.9810791015625,367.2421569824219,418.382080078125,209.58106994628906,198.34228515625,354.42529296875,46.055511474609375,508.19000244140625,513.624755859375,90.29075622558594,134.71487426757812,319.53436279296875,360.5492858886719,23.17391586303711,240.2522430419922,49.257476806640625,155.2113800048828,188.72364807128906,132.32632446289062,385.4634094238281,334.4350280761719,228.12643432617188,105.3501968383789,52.94550323486328,326.39886474609375,300.5419616699219,38.12681579589844,227.96604919433594,106.34505462646484,218.04434204101562,207.81532287597656,127.41021728515625,123.34722900390625
2026-01-16,139.0546417236328,211.08389282226562,280.4312744140625,265.69000244140625,102.57527160644531,118.16080474853516,256.876953125,190.3094024658203,326.1971740722656,214.98583984375,325.6769714355469,505.97137451171875,180.0354461669922,342.9552307128906,264.2217102050781,153.8533477783203,178.74317932128906,350.4191589355469,636.0399780273438,362.647705078125,3522.02001953125,160.65646362304688,203.6586456298828,51.38368606567383,1150.2486572265625,493.2900085449219,211.47589111328125,55.55165481567383,642.9609375,88.71306610107422,28.61168670654297,83.01084899902344,575.1936645507812,70.59925842285156,353.4295349121094,74.50604248046875,36.02058792114258,194.44285583496094,83.72062683105469,77.28028106689453,163.15496826171875,205.32000732421875,100.69000244140625,235.00050354003906,205.63258361816406,275.578369140625,60.922420501708984,114.24839782714844,371.0634460449219,793.5091552734375,60.66744613647461,43.26877975463867,66.29000091552734,54.845947265625,364.0791015625,324.242919921875,93.88062286376953,80.45469665527344,329.9089050292969,210.0609130859375,32.27566146850586,467.6557922363281,374.833740234375,128.4288787841797,271.2591247558594,301.7164611816406,172.778076171875,260.23828125,309.48480224609375,26.97785758972168,156.3789520263672,27.437639236450195,69.51018524169922,116.74429321289062,269.4515380859375,343.86419677734375,436.11138916015625,575.6083374023438,537.6632080078125,133.87979125976562,324.61083984375,838.8345336914062,95.11817932128906,75.64412689208984,649.9317626953125,166.19093322753906,174.08981323242188,187.04812622070312,457.8211975097656,1460.6300048828125,63.38829040527344,186.0031280517578,7561.5400390625,189.76473999023438,94.69999694824219,89.206787109375,108.63846588134766,143.51441955566406,24.817752838134766,86.99720001220703,142.43849182128906,202.17555236816406,940.3878784179688,170.66888427734375,36.26458740234375,136.1638946533203,166.75,157.82008361816406,273.1311950683594,731.0673217773438,27.245250701904297,361.1736755371094,412.80865478515625,209.75010681152344,200.41673278808594,356.1171569824219,46.2137451171875,516.3099975585938,514.4910888671875,91.25706481933594,126.54046630859375,325.42987060546875,361.8323669433594,22.93954086303711,239.34849548339844,48.9733772277832,156.42396545410156,184.427734375,129.96939086914062,387.7128601074219,326.6010437011719,227.1169891357422,103.69168090820312,53.38712692260742,326.94659423828125,304.7854919433594,37.690914154052734,229.04344177246094,106.76782989501953,219.4030303955078,209.96951293945312,128.1600799560547,122.72694396972656
2026-01-20,135.26060485839844,210.7786102294922,267.203857421875,253.8699951171875,102.30896759033203,117.4319076538086,253.26010131835938,191.56639099121094,317.4389953613281,212.48358154296875,326.25848388671875,489.3414001464844,174.32749938964844,338.6067199707031,254.98731994628906,151.80050659179688,174.66702270507812,331.3793029785156,620.52001953125,350.1217041015625,3573.97998046875,157.77084350585938,200.11924743652344,50.89715576171875,1097.7186279296875,485.3900146484375,209.4054412841797,54.81692123413086,626.6422729492188,84.74942779541016,27.721282958984375,83.9144287109375,562.138671875,70.27423095703125,349.2662658691406,72.68277740478516,35.28527069091797,192.77127075195312,81.22106170654297,78.74525451660156,162.21290588378906,205.6699981689453,97.9800033569336,233.34744262695312,200.31785583496094,271.5302734375,58.50075912475586,113.66250610351562,363.332763671875,776.1104125976562,59.67000961303711,42.16084671020508,64.48999786376953,52.590641021728516,355.94287109375,311.49737548828125,92.25614929199219,77.45829772949219,321.73956298828125,199.08180236816406,31.77027130126953,462.7628479003906,369.8447265625,127.64596557617188,266.0181579589844,287.5816955566406,169.76901245117188,251.32891845703125,299.8477478027344,27.50934600830078,148.23594665527344,27.437639236450195,70.80289459228516,113.36767578125,269.88922119140625,339.7651062011719,430.339111328125,569.31298828125,529.9393920898438,131.27230834960938,312.61773681640625,820.2505493164062,96.92695617675781,74.46172332763672,629.2268676757812,154.6229248046875,173.3463897705078,180.1336212158203,452.5048522949219,1403.5799560546875,62.649845123291016,177.8530731201172,7536.27978515625,178.67221069335938,95.23999786376953,87.2081298828125,104.96441650390625,144.82872009277344,24.691972732543945,87.05619049072266,144.8727569580078,203.72406005859375,925.6685791015625,164.3383331298828,36.34335708618164,136.35098266601562,161.11000061035156,152.52377319335938,267.19378662109375,731.8053588867188,27.107894897460938,358.3583068847656,401.36383056640625,209.41204833984375,194.8981170654297,345.2991943359375,45.93684005737305,510.9700012207031,488.7735900878906,87.19461822509766,123.86177062988281,325.1904602050781,357.6846923828125,22.900480270385742,231.66188049316406,48.14065933227539,155.13186645507812,181.7848358154297,128.44784545898438,385.5231018066406,333.912109375,219.39764404296875,103.33281707763672,53.36750030517578,324.4768371582031,295.0035095214844,37.8555908203125,227.00836181640625,107.22994232177734,219.47244262695312,204.3904571533203,128.72250366210938,121.85681915283203
2026-01-21,139.18408203125,212.8564453125,275.0521240234375,257.44000244140625,102.70348358154297,117.19551086425781,248.49061584472656,191.67526245117188,324.4315490722656,219.74114990234375,338.67803955078125,500.43798828125,174.73941040039062,331.88446044921875,259.8563537597656,154.06260681152344,175.35292053222656,327.5932312011719,610.25,357.49810791015625,3671.679931640625,159.93507385253906,205.5575408935547,53.210662841796875,1115.3209228515625,483.8299865722656,207.51414489746094,57.32891082763672,642.9609375,85.10088348388672,27.948829650878906,83.72667694091797,578.2735595703125,70.6091079711914,350.3419494628906,73.01969146728516,36.29881286621094,194.43292236328125,83.01917266845703,80.12175750732422,163.61619567871094,206.47999572753906,101.94000244140625,241.03509521484375,207.56341552734375,278.35333251953125,58.99876022338867,117.04875183105469,366.1241149902344,787.2740478515625,59.99271011352539,44.1294059753418,65.7300033569336,54.3270263671875,361.50244140625,317.6407775878906,93.20292663574219,80.56419372558594,327.95147705078125,202.89027404785156,33.05852127075195,463.8191833496094,379.2409973144531,128.39915466308594,268.6684265136719,293.691650390625,170.71243286132812,256.7515869140625,299.15447998046875,27.263286590576172,151.6092529296875,28.046056747436523,71.05946350097656,116.1634750366211,267.7306213378906,345.2041015625,436.4989013671875,579.3638305664062,525.7835693359375,132.2098388671875,319.3115539550781,821.6578369140625,98.5882797241211,75.47661590576172,639.439697265625,154.38523864746094,175.92356872558594,181.34043884277344,442.1409912109375,1442.9300537109375,64.40242767333984,183.09669494628906,7796.75,172.67410278320312,98.77999877929688,88.53397369384766,104.73966979980469,143.92636108398438,25.04996681213379,89.5634536743164,143.94635009765625,202.80494689941406,941.4036254882812,165.9406280517578,36.609214782714844,139.47247314453125,161.32000732421875,154.80068969726562,274.8728332519531,747.3135375976562,28.10862159729004,367.669921875,417.5574645996094,213.06100463867188,196.02963256835938,354.60443115234375,47.983970642089844,521.9500122070312,500.1868591308594,84.77885437011719,125.44328308105469,343.3757629394531,360.99688720703125,22.949308395385742,229.4075164794922,49.002769470214844,154.90325927734375,181.7353515625,131.5108642578125,393.4858093261719,343.1076965332031,227.01800537109375,105.21441650390625,54.43720626831055,323.9390563964844,297.8524169921875,38.01057815551758,232.43519592285156,107.6822280883789,224.61959838867188,213.97015380859375,131.83055114746094,123.67617797851562
2026-01-22,138.0488739013672,214.78659057617188,279.3338928222656,269.7699890136719,101.49034118652344,115.42250061035156,248.78871154785156,193.27867126464844,317.9975891113281,221.23654174804688,342.0982971191406,504.72955322265625,173.5428924560547,335.0760498046875,260.7748718261719,151.96990966796875,172.2174072265625,324.2953796386719,607.2899780273438,365.85870361328125,3698.6298828125,159.8264617919922,205.0515594482422,54.07450485229492,1127.0589599609375,484.489990234375,205.94139099121094,57.031044006347656,645.9795532226562,84.14414978027344,28.18627166748047,84.79389190673828,579.2969360351562,69.89996337890625,351.05902099609375,73.65386962890625,35.553558349609375,192.10462951660156,83.59220123291016,81.96061706542969,163.54750061035156,207.64999389648438,101.62000274658203,239.07334899902344,208.43923950195312,279.9646301269531,59.31123352050781,118.65746307373047,368.46014404296875,784.5821533203125,59.6113395690918,44.29757308959961,67.4000015258789,54.606449127197266,362.54302978515625,294.20416259765625,93.96035766601562,80.77324676513672,330.4082336425781,204.42755126953125,33.41526794433594,464.7160339355469,375.681640625,128.78565979003906,264.32080078125,290.8587646484375,173.14552307128906,256.5046691894531,300.729248046875,27.115650177001953,149.6143798828125,29.13532066345215,70.92131042480469,112.9246826171875,268.5562744140625,353.0845947265625,442.74810791015625,586.9539184570312,531.0556640625,131.50669860839844,320.417236328125,815.4697875976562,99.62045288085938,75.79192352294922,650.3406982421875,159.08969116210938,174.21865844726562,181.07334899902344,449.1398620605469,1438.1099853515625,64.45165252685547,184.6148223876953,7762.31005859375,176.9442596435547,98.87999725341797,89.31561279296875,104.73966979980469,141.6312255859375,25.25315284729004,90.6056900024414,147.76034545898438,206.72119140625,935.408447265625,167.15956115722656,36.067657470703125,139.75802612304688,164.7100067138672,156.21633911132812,282.5716857910156,753.4768676757812,27.75542640686035,361.9197998046875,422.54473876953125,214.5126190185547,194.87826538085938,348.9516296386719,48.77513122558594,509.4700012207031,508.32305908203125,84.55206298828125,126.97537994384766,345.6800842285156,356.749755859375,23.02743148803711,229.75511169433594,49.27707290649414,152.48800659179688,183.5071563720703,128.8058624267578,388.31005859375,349.7380065917969,228.9775390625,106.00973510742188,55.13398361206055,325.01458740234375,302.095947265625,38.24305725097656,233.13348388671875,107.51507568359375,227.10887145996094,208.47052001953125,131.8601531982422,123.0038070678711
2026-01-23,134.48388671875,215.9190673828125,275.39508056640625,270.0,100.91828155517578,114.88075256347656,251.6007080078125,191.6653594970703,321.57867431640625,220.06016540527344,339.8115234375,493.3349914550781,175.30824279785156,337.7988586425781,258.1181335449219,150.4651641845703,175.16676330566406,318.8753356933594,613.1400146484375,359.56591796875,3700.0,156.52972412109375,202.96559143066406,53.538326263427734,1117.3580322265625,478.9700012207031,207.37478637695312,56.89204406738281,624.271240234375,84.54441833496094,28.245630264282227,85.63382720947266,568.0800170898438,69.63402557373047,352.0650329589844,73.9114990234375,36.408119201660156,191.99517822265625,83.16736602783203,82.28775024414062,163.60638427734375,207.22999572753906,99.9800033569336,234.02459716796875,205.73211669921875,280.3823547363281,59.34052658081055,116.87001037597656,367.2921447753906,783.1074829101562,60.71634292602539,43.41716384887695,67.55999755859375,54.47671890258789,360.0060119628906,293.07720947265625,92.98368072509766,79.3198471069336,328.00140380859375,204.47714233398438,33.6431884765625,469.240234375,378.3831787109375,127.46755981445312,264.5292663574219,288.6575927734375,171.73533630371094,255.0922088623047,294.875732421875,27.32234001159668,150.88909912109375,29.017560958862305,71.91797637939453,110.0993423461914,265.26361083984375,352.072265625,448.63958740234375,583.9000854492188,522.963134765625,132.6102294921875,318.45489501953125,818.6436157226562,99.16826629638672,74.69820404052734,647.7575073242188,161.12002563476562,173.8419952392578,177.0670928955078,463.8841857910156,1406.3599853515625,64.03812408447266,187.44137573242188,7645.14990234375,175.9313507080078,99.2300033569336,90.01811981201172,104.19247436523438,141.80776977539062,25.233476638793945,89.68144989013672,149.02780151367188,205.83204650878906,924.1747436523438,170.07908630371094,35.65410232543945,139.37400817871094,162.13999938964844,154.2562255859375,283.1258544921875,751.5221557617188,26.960731506347656,365.4713439941406,415.113525390625,216.36196899414062,194.4713134765625,346.8517150878906,48.60701370239258,501.3900146484375,502.4939880371094,84.73941040039062,124.63275909423828,345.2511291503906,353.1391906738281,23.03719711303711,222.296875,48.561920166015625,152.3091278076172,184.14065551757812,129.32298278808594,384.4183349609375,351.5041198730469,227.27532958984375,104.7294692993164,54.43720626831055,324.8353271484375,298.9083557128906,38.28180694580078,229.5522003173828,107.26927185058594,227.3369598388672,203.01058959960938,133.1724395751953,122.6577377319336
2026-01-26,135.0813446044922,217.40606689453125,275.0423278808594,272.3399963378906,101.8355484008789,116.2499008178711,253.7867431640625,194.01107788085938,318.6659240722656,219.12307739257812,344.6807861328125,497.2391662597656,176.00457763671875,337.9783935546875,259.3724060058594,155.019287109375,174.18692016601562,323.6577453613281,605.0700073242188,361.1167297363281,3786.030029296875,157.79412841796875,203.3151092529297,55.89155197143555,1109.0810546875,483.4700012207031,209.96286010742188,56.9615478515625,633.536376953125,85.17898559570312,28.364351272583008,84.19110870361328,566.271728515625,70.4515151977539,354.0868835449219,76.30949401855469,37.23286819458008,192.9205322265625,84.58016967773438,83.14026641845703,164.371826171875,209.41000366210938,101.30000305175781,235.71746826171875,206.71743774414062,282.1428527832031,60.1900634765625,115.57906341552734,373.1025085449219,798.0319213867188,60.74567413330078,43.25888442993164,67.1500015258789,54.63638687133789,360.2735900878906,294.2640075683594,94.62808227539062,79.07097625732422,333.1546630859375,205.22097778320312,33.85129165649414,470.7350158691406,381.1044616699219,129.56857299804688,261.68048095703125,292.4972839355469,173.89035034179688,255.97128295898438,298.1640319824219,27.263286590576172,153.90631103515625,28.791858673095703,71.60220336914062,108.85896301269531,265.9798278808594,351.5462341308594,452.0771179199219,574.8473510742188,525.57421875,131.7996826171875,315.46661376953125,825.0213012695312,98.96183013916016,76.03826141357422,650.0714111328125,157.99032592773438,171.02688598632812,179.91598510742188,468.1949768066406,1425.6700439453125,63.9888916015625,186.2428436279297,7664.47998046875,181.1747283935547,100.23999786376953,89.6223373413086,103.76253509521484,143.0730438232422,25.459741592407227,91.44145202636719,148.3727569580078,207.80014038085938,929.2139892578125,172.77249145507812,35.93965148925781,138.24160766601562,165.77000427246094,152.96925354003906,290.0924072265625,760.5977172851562,27.215818405151367,358.4577941894531,417.6568298339844,217.8235321044922,192.6847381591797,346.6626281738281,49.150936126708984,503.010009765625,504.0195007324219,85.48878479003906,126.11542510986328,357.4112548828125,355.0688171386719,22.900480270385742,223.93551635742188,49.1693115234375,149.16830444335938,186.0510711669922,125.48426818847656,392.3212585449219,346.9457702636719,228.50250244140625,103.74987030029297,54.790504455566406,327.13580322265625,299.2370300292969,38.37866973876953,231.13833618164062,107.85919952392578,228.34852600097656,203.17933654785156,133.04415893554688,122.52919006347656
2026-01-27,135.38009643554688,220.51791381835938,270.2314453125,268.0899963378906,102.53581237792969,117.63875579833984,240.7898712158203,192.77389526367188,331.8829650878906,219.88072204589844,346.2874450683594,495.0535888671875,176.6028289794922,329.8797607421875,255.9156951904297,165.672119140625,172.4819793701172,331.568603515625,610.219970703125,357.3390808105469,3799.989990234375,157.77859497070312,205.1514892578125,56.10006332397461,1094.3958740234375,474.6700134277344,213.05860900878906,56.6636848449707,636.51513671875,84.69085693359375,28.384138107299805,84.74449157714844,572.5011596679688,70.9538345336914,354.7143859863281,77.96429443359375,37.43159866333008,190.25393676757812,83.6317138671875,71.37354278564453,165.89288330078125,207.36000061035156,100.16000366210938,234.76150512695312,206.27951049804688,282.560546875,61.156776428222656,115.62871551513672,319.6409606933594,801.1989135742188,60.7750129699707,43.47652053833008,66.29000091552734,53.03970718383789,363.3258972167969,296.6675109863281,109.3679428100586,85.98955535888672,334.56280517578125,203.11839294433594,33.95038986206055,504.0784912109375,375.02105712890625,129.14244079589844,206.39236450195312,290.0592041015625,172.08291625976562,255.51693725585938,297.44097900390625,27.155019760131836,161.2174835205078,29.037187576293945,72.57913208007812,108.35689544677734,269.7002258300781,357.83868408203125,450.0901184082031,587.9817504882812,518.6477661132812,131.57504272460938,312.7273254394531,832.566650390625,98.98149108886719,75.56529998779297,647.5281982421875,156.534423828125,170.28347778320312,180.6875762939453,478.4493408203125,1425.1800537109375,62.1181640625,188.29034423828125,7499.759765625,173.68701171875,100.62000274658203,89.59265899658203,102.54110717773438,145.92724609375,26.06967544555664,90.68435668945312,147.23133850097656,207.88006591796875,922.1630249023438,175.8394775390625,36.15627670288086,137.867431640625,164.6300048828125,151.5041046142578,287.5491943359375,769.174560546875,27.34336280822754,355.94085693359375,417.0110778808594,215.9443817138672,199.781494140625,344.4233703613281,50.10032653808594,502.70001220703125,495.9586486816406,85.89305877685547,126.14508819580078,370.84820556640625,352.67169189453125,22.461023330688477,229.1890411376953,49.855072021484375,147.1108856201172,182.61631774902344,126.8367691040039,390.46990966796875,278.92608642578125,230.1453399658203,103.97294616699219,55.47746658325195,323.9191589355469,297.5137939453125,38.088069915771484,231.15829467773438,108.49829864501953,229.42953491210938,206.73326110839844,135.0076446533203,123.5575180053711
2026-01-28,133.30882263183594,215.3380584716797,264.9698791503906,268.3299865722656,102.16102600097656,117.33341217041016,240.82960510253906,195.30764770507812,335.9129333496094,221.80479431152344,337.3177795410156,496.38482666015625,174.0921173095703,332.12384033203125,252.7256622314453,145.45265197753906,169.48365783691406,332.0169372558594,549.8599853515625,354.89349365234375,3782.139892578125,156.63055419921875,202.43692016601562,56.22914505004883,1109.2095947265625,473.489990234375,209.42535400390625,57.49769973754883,640.8687744140625,82.87500762939453,28.413818359375,83.99348449707031,574.12060546875,70.71745300292969,349.13677978515625,78.24174499511719,37.14344024658203,188.21417236328125,82.29795837402344,73.38587951660156,166.7564239501953,206.66000366210938,97.62000274658203,223.59848022460938,205.0254669189453,279.9447021484375,60.78571319580078,113.82139587402344,338.3787536621094,807.7308959960938,59.41576385498047,43.15007019042969,64.94999694824219,52.6904296875,353.4752197265625,291.69097900390625,103.92645263671875,84.51625061035156,335.8411560058594,202.80101013183594,33.05852127075195,489.5193786621094,370.0320739746094,129.49920654296875,192.57530212402344,290.3553466796875,171.24871826171875,255.0823211669922,297.89654541015625,26.28889274597168,162.3016815185547,29.508220672607422,72.09559631347656,109.06568908691406,266.6363830566406,357.6004943847656,448.5700378417969,590.2745971679688,519.6045532226562,129.35821533203125,310.8546142578125,825.0213012695312,99.07979583740234,75.1416015625,648.5055541992188,154.4446563720703,170.5015411376953,180.3710174560547,479.4946594238281,1401.6400146484375,61.28125762939453,191.2866973876953,7626.080078125,171.60159301757812,101.37000274658203,87.66326904296875,101.14900970458984,145.65260314941406,25.440067291259766,92.4738540649414,146.2388153076172,212.53558349609375,912.5029907226562,175.55438232421875,36.13658142089844,139.90574645996094,161.91000366210938,151.16751098632812,288.55859375,749.108642578125,27.33355140686035,351.1656799316406,412.1927185058594,216.35203552246094,197.9750518798828,347.9265441894531,48.33010482788086,511.3500061035156,497.3241271972656,85.56767272949219,126.54046630859375,441.8436584472656,355.9142150878906,23.505949020385742,220.24114990234375,49.286869049072266,146.8922119140625,184.35842895507812,125.30525970458984,392.3611145019531,290.094970703125,225.3553924560547,100.57830047607422,54.702178955078125,325.6320495605469,298.5696716308594,38.17525100708008,228.3351593017578,108.1935043334961,229.68739318847656,204.22169494628906,135.74766540527344,120.56153106689453
2026-01-29,132.71133422851562,217.07122802734375,255.94586181640625,255.67999267578125,102.34841918945312,117.42205810546875,244.27755737304688,196.35678100585938,340.4915466308594,225.9220428466797,338.0274658203125,517.9321899414062,177.84835815429688,342.04766845703125,252.85403442382812,149.06005859375,171.27676391601562,329.51617431640625,509.5799865722656,356.3946228027344,3703.760009765625,155.9867401123047,203.55555725097656,56.32843780517578,1115.251708984375,476.7900085449219,210.26148986816406,59.36431884765625,662.7464599609375,84.85681915283203,30.817913055419922,84.23064422607422,580.1612548828125,69.83101654052734,350.6905212402344,77.7165756225586,37.630332946777344,188.7017059326172,81.45817565917969,73.79231262207031,167.99290466308594,207.67999267578125,99.9000015258789,218.69912719726562,201.5718994140625,281.30731201171875,60.70759582519531,114.40728759765625,343.4566650390625,817.5287475585938,60.49142837524414,43.090389251708984,63.43000030517578,52.969852447509766,346.80572509765625,298.0537414550781,102.65078735351562,85.87010192871094,338.2180480957031,202.9696044921875,33.08824920654297,480.8496398925781,366.591064453125,131.1839599609375,195.21563720703125,305.24029541015625,173.89035034179688,259.6357727050781,303.49261474609375,26.397157669067383,168.0378875732422,29.6750431060791,72.4607162475586,109.49884033203125,268.3970947265625,353.3525695800781,452.0473327636719,615.2189331054688,541.8887939453125,130.5496368408203,318.5246276855469,820.7096557617188,99.2862319946289,77.08271789550781,651.5973510742188,154.8804473876953,174.1988525390625,180.4303741455078,431.57806396484375,1392.800048828125,61.635711669921875,192.27548217773438,7623.759765625,167.83787536621094,98.8499984741211,86.2385025024414,100.93180847167969,145.83895874023438,25.676170349121094,93.17195129394531,148.77967834472656,208.0598907470703,944.5008544921875,174.86630249023438,35.75257110595703,141.87515258789062,153.47999572753906,150.6923370361328,342.37139892578125,747.4232788085938,27.922212600708008,353.25482177734375,423.945556640625,213.5183563232422,198.3919219970703,352.8826904296875,47.91474533081055,480.0,497.80438232421875,85.8832015991211,129.91104125976562,445.4747619628906,352.4031066894531,24.541109085083008,224.71014404296875,50.276329040527344,146.57415771484375,187.357666015625,126.6279296875,424.0824279785156,288.3880920410156,231.16470336914062,102.79936981201172,55.281192779541016,330.4321594238281,298.3106689453125,38.56271743774414,232.0660858154297,108.55729675292969,221.28733825683594,204.16213989257812,138.63864135742188,120.35388946533203
2026-01-30,133.28890991210938,219.61192321777344,258.3170166015625,252.8699951171875,101.86512756347656,117.98350524902344,247.7851104736328,196.9506378173828,321.5188293457031,223.29017639160156,336.982666015625,523.723876953125,175.82803344726562,348.7200622558594,269.1302795410156,143.5791778564453,174.0889129638672,330.0840759277344,483.5799865722656,350.101806640625,3704.2900390625,157.8406524658203,199.11764526367188,55.6433219909668,1106.5098876953125,480.5299987792969,213.89476013183594,59.15581130981445,654.8959350585938,84.74942779541016,29.699960708618164,89.22084045410156,575.0744018554688,70.41211700439453,357.7820129394531,77.6075668334961,37.52103042602539,190.43301391601562,81.07286834716797,73.87161254882812,173.59625244140625,204.6199951171875,119.33999633789062,217.97218322753906,200.53680419921875,280.47186279296875,60.81501007080078,114.47679901123047,342.2292175292969,812.4615478515625,60.941253662109375,43.13017654418945,63.72999954223633,52.70041275024414,347.9354553222656,305.9623718261719,102.89994049072266,83.62031555175781,338.0882263183594,199.9843292236328,33.217079162597656,486.5696716308594,369.33203125,133.84986877441406,193.7565155029297,302.733154296875,172.5794677734375,258.0553894042969,302.9676818847656,27.007387161254883,142.4269256591797,29.920372009277344,73.82250213623047,107.64810180664062,270.0981140136719,340.28125,454.0045471191406,626.791748046875,536.9655151367188,131.15512084960938,314.072021484375,829.6024780273438,101.21297454833984,77.72317504882812,650.2210083007812,151.6913299560547,174.6448974609375,181.82289123535156,428.3822937011719,1373.239990234375,60.857879638671875,190.8971710205078,7635.72998046875,163.43858337402344,98.41000366210938,84.51689910888672,101.82037353515625,150.6842498779297,26.010648727416992,93.13262176513672,150.63571166992188,207.80014038085938,931.9924926757812,176.38995361328125,35.69348907470703,141.3630828857422,156.1300048828125,150.0686492919922,321.26385498046875,739.4547729492188,27.961458206176758,351.58349609375,418.898681640625,213.8563995361328,199.43408203125,352.94244384765625,47.84552001953125,465.1199951171875,497.0133361816406,85.79446411132812,129.34762573242188,406.6900939941406,367.5814208984375,25.595802307128906,221.2441864013672,50.374290466308594,148.8999481201172,195.20712280273438,126.21025085449219,418.6180114746094,283.099609375,232.66897583007812,103.02244567871094,55.06528854370117,320.5032653808594,299.37652587890625,43.125152587890625,229.58212280273438,108.81292724609375,220.40469360351562,203.15948486328125,139.51678466796875,123.4190902709961
2026-02-02,134.82244873046875,222.2018585205078,261.4034118652344,255.57000732421875,100.9971923828125,116.55525970458984,243.71116638183594,198.70248413085938,327.5837097167969,227.0186767578125,339.7425231933594,528.6810302734375,170.35546875,348.69012451171875,267.638916015625,144.4262237548828,171.7863006591797,329.8947448730469,459.989990234375,350.7579040527344,3722.409912109375,156.62281799316406,203.91102600097656,56.050418853759766,1107.221923828125,487.2900085449219,217.92617797851562,59.930259704589844,688.3201904296875,82.9433364868164,32.10405349731445,90.80189514160156,591.2788696289062,69.48629760742188,362.1046447753906,79.90646362304688,38.14704132080078,189.95542907714844,81.91265106201172,74.76378631591797,170.77984619140625,207.6699981689453,116.25,222.48318481445312,206.3392333984375,282.1229248046875,59.32099914550781,117.93254852294922,338.3589172363281,802.0203857421875,60.2469596862793,44.56254577636719,62.939998626708984,53.588565826416016,343.25787353515625,307.8771667480469,109.98583221435547,83.88909149169922,344.44989013671875,205.22097778320312,32.5333137512207,495.1197814941406,372.8124694824219,135.9409637451172,185.815673828125,310.6593017578125,171.9835968017578,260.9692077636719,305.1961669921875,27.036911010742188,140.6824188232422,29.3387508392334,74.33563995361328,107.1066665649414,268.8746032714844,337.6907958984375,457.1738586425781,628.5509033203125,553.4893798828125,129.21173095703125,318.0465087890625,844.8728637695312,100.96721649169922,78.65924835205078,652.5947265625,151.95872497558594,175.35858154296875,184.110595703125,421.49298095703125,1385.6099853515625,61.2221794128418,185.38389587402344,7718.3798828125,158.94993591308594,98.01000213623047,85.23917388916016,101.16875457763672,152.22413635253906,26.227075576782227,94.39117431640625,152.0450897216797,202.84490966796875,948.0860595703125,176.88145446777344,35.27009201049805,140.0633087158203,156.9199981689453,151.08831787109375,330.5658264160156,752.9882202148438,28.56974220275879,354.69732666015625,426.3497619628906,214.49273681640625,199.59291076660156,354.6541748046875,47.519161224365234,457.8900146484375,496.89093017578125,85.0155029296875,131.04776000976562,431.8881530761719,366.1690673828125,25.683691024780273,225.56419372558594,51.58907699584961,149.2577667236328,193.00967407226562,128.9550323486328,423.10699462890625,281.77752685546875,232.79762268066406,106.95052337646484,56.29201126098633,332.4637756347656,304.7356872558594,43.21232986450195,233.12351989746094,107.9968490600586,221.3170928955078,212.47116088867188,136.55673217773438,123.53775024414062
2026-02-03,131.58607482910156,222.2215576171875,236.33987426757812,240.7899932861328,102.58513641357422,118.86016082763672,246.15553283691406,199.70216369628906,317.8778991699219,228.21498107910156,333.7397766113281,526.5650634765625,169.79644775390625,345.92742919921875,274.5227355957031,146.548828125,170.77703857421875,319.1543273925781,451.2900085449219,347.5767517089844,3671.610107421875,160.1833038330078,184.89791870117188,57.589447021484375,1058.192626953125,493.739990234375,217.0004425048828,60.764278411865234,700.25537109375,82.40640258789062,31.599491119384766,92.0469741821289,598.7899169921875,70.71745300292969,360.3019104003906,82.35400390625,38.9022331237793,189.7763214111328,73.60381317138672,76.1615219116211,174.7149658203125,202.0,113.33999633789062,215.69180297851562,210.65870666503906,280.8995666503906,60.03382873535156,115.45989227294922,335.2112121582031,793.55859375,60.422977447509766,46.094383239746094,58.119998931884766,54.237213134765625,352.1175231933594,309.0938720703125,112.40760040283203,85.32258605957031,340.2554016113281,199.5677947998047,33.56391525268555,497.4715576171875,375.75067138671875,137.1995849609375,191.59263610839844,290.5033874511719,161.94346618652344,275.4889221191406,311.8420715332031,27.529029846191406,135.20553588867188,30.042245864868164,75.87504577636719,110.77861022949219,270.7745666503906,348.9359130859375,460.5617370605469,620.9015502929688,548.8551635742188,129.1042938232422,317.1799011230469,849.473876953125,101.42923736572266,76.31521606445312,661.26171875,154.18714904785156,185.93499755859375,181.9322967529297,409.3868713378906,1369.9000244140625,59.99143600463867,180.12030029296875,7770.85986328125,153.59732055664062,97.0999984741211,86.2385025024414,95.91631317138672,159.7274627685547,25.351530075073242,93.69306945800781,154.1591796875,200.8368377685547,960.3654174804688,173.99142456054688,34.95500564575195,145.8237762451172,149.25,145.70291137695312,322.8868103027344,757.1370239257812,29.266324996948242,352.21026611328125,427.5021667480469,212.7229461669922,201.98495483398438,357.91851806640625,49.210269927978516,419.1400146484375,440.9076232910156,85.78459930419922,128.58651733398438,443.3599548339844,358.88824462890625,26.20127296447754,224.78958129882812,52.931217193603516,151.14622497558594,195.67233276367188,126.32958221435547,433.3290710449219,280.3863220214844,238.99290466308594,108.48296356201172,57.59724807739258,327.5740051269531,309.8059997558594,44.80094528198242,235.697265625,110.37625122070312,223.2311553955078,214.45660400390625,141.8157501220703,121.03614044189453
2026-02-04,132.42254638671875,213.80181884765625,236.77096557617188,243.41000366210938,103.31499481201172,118.18051147460938,247.96397399902344,204.997314453125,296.8602600097656,227.1283416748047,360.95428466796875,541.9134521484375,173.15060424804688,349.2885437011719,283.0460205078125,129.54812622070312,174.22610473632812,306.91937255859375,430.6499938964844,351.593017578125,3720.5,161.2460174560547,183.40469360351562,58.751163482666016,1064.2052001953125,503.8299865722656,205.90159606933594,63.09754943847656,689.2268676757812,84.06604766845703,31.747892379760742,93.25253295898438,601.7108764648438,70.52046203613281,328.64910888671875,80.42173767089844,39.597801208496094,191.6469268798828,75.78722381591797,74.5853500366211,177.84539794921875,195.8300018310547,112.25,218.6094970703125,218.97915649414062,286.6086730957031,61.96725082397461,118.7766342163086,337.1414489746094,793.8555297851562,61.6844367980957,48.02409744262695,59.720001220703125,60.00522232055664,350.1949768066406,307.5081787109375,109.318115234375,85.89997100830078,332.90496826171875,203.57461547851562,34.029666900634766,491.9209899902344,381.7650451660156,139.59791564941406,190.649658203125,285.3114013671875,163.71116638183594,285.257568359375,314.23895263671875,28.001461029052734,130.38595581054688,29.78462791442871,76.32897186279297,113.98241424560547,274.7138366699219,336.5295715332031,470.25836181640625,595.7003173828125,551.6456909179688,131.88755798339844,323.29595947265625,820.4102172851562,100.11197662353516,77.4167709350586,669.3900146484375,162.21937561035156,194.2018585205078,179.11741638183594,412.35369873046875,1389.72998046875,63.23075866699219,173.97779846191406,8025.83984375,145.65280151367188,96.73999786376953,89.41456604003906,97.22943115234375,162.99359130859375,26.345129013061523,94.78446960449219,155.6975860595703,205.34249877929688,964.0103759765625,177.32379150390625,34.5906867980957,152.32278442382812,151.33999633789062,147.395751953125,325.22216796875,772.9743041992188,29.86479949951172,352.8668518066406,427.03521728515625,216.94857788085938,195.27529907226562,367.1441345214844,50.7827033996582,418.9800109863281,438.3650207519531,85.41976928710938,130.50411987304688,417.603271484375,358.7290954589844,26.58213233947754,214.3023681640625,53.989253997802734,153.00486755371094,199.74058532714844,129.20364379882812,439.141845703125,272.2366027832031,247.1773681640625,113.22576141357422,58.313655853271484,328.5898132324219,310.28411865234375,45.537132263183594,240.206298828125,111.42829132080078,224.56007385253906,214.258056640625,145.6243438720703,125.27798461914062
2026-02-05,129.0965576171875,215.68272399902344,228.86392211914062,238.05999755859375,103.37417602539062,118.80106353759766,241.2071990966797,212.984619140625,303.2343444824219,229.08229064941406,362.5313415527344,531.5023803710938,168.1880340576172,342.4565734863281,279.9942321777344,127.18635559082031,166.27957153320312,309.3703918457031,399.6499938964844,352.53741455078125,3605.030029296875,160.19105529785156,176.88758850097656,56.953975677490234,1043.08251953125,503.8900146484375,226.13836669921875,62.65074920654297,675.7674560546875,76.509765625,31.114715576171875,93.75648498535156,537.1514282226562,71.76146697998047,350.75030517578125,81.6108169555664,39.61767578125,193.13941955566406,75.91566467285156,75.6658706665039,175.8827362060547,183.86000061035156,111.16999816894531,214.84535217285156,216.52084350585938,285.6438903808594,62.21137237548828,95.98652648925781,328.876220703125,799.2294921875,60.403419494628906,47.07913589477539,58.439998626708984,60.075077056884766,348.8868103027344,305.5434875488281,112.40760040283203,82.9234848022461,330.8975830078125,197.05856323242188,33.534183502197266,511.970947265625,377.0028076171875,141.02500915527344,192.11871337890625,286.14056396484375,167.12738037109375,284.75384521484375,307.1968688964844,27.56839942932129,132.7608184814453,30.052154541015625,77.47366333007812,114.08130645751953,276.77301025390625,339.6559753417969,456.7068786621094,602.0450439453125,550.021240234375,127.6589584350586,325.1786193847656,955.9475708007812,101.20314025878906,74.74722290039062,669.1705932617188,163.49700927734375,194.11265563964844,174.90008544921875,391.9246520996094,1382.8499755859375,61.734169006347656,171.6706085205078,8044.7900390625,135.53347778320312,92.86000061035156,90.27536010742188,96.9233627319336,164.31771850585938,26.059837341308594,93.89955139160156,157.42459106445312,207.36056518554688,963.641845703125,178.90643310546875,35.12239074707031,152.06675720214844,153.94000244140625,134.93211364746094,322.6888427734375,764.5670166015625,29.923664093017578,336.90972900390625,404.0462341308594,217.46560668945312,194.51101684570312,359.3117980957031,48.96303176879883,410.44000244140625,425.3697509765625,85.44934844970703,127.22248840332031,404.4555969238281,360.47967529296875,26.67002296447754,207.25131225585938,54.01864242553711,154.45599365234375,199.80990600585938,142.40048217773438,434.1153869628906,264.9649963378906,248.8498992919922,113.0414810180664,58.009429931640625,327.773193359375,309.55694580078125,45.62431335449219,239.53793334960938,110.0616226196289,224.72869873046875,210.94239807128906,144.1344757080078,125.30765533447266
2026-02-06,129.03680419921875,220.0255126953125,235.7617645263672,240.39999389648438,103.65033721923828,118.98821258544922,240.0446319580078,205.4229278564453,321.7083435058594,231.19577026367188,378.814697265625,539.419921875,167.97225952148438,341.1400451660156,279.6189270019531,135.7564697265625,170.32632446289062,331.6981506347656,414.20001220703125,357.0408020019531,3681.260009765625,162.9137725830078,177.43495178222656,58.5029296875,1044.6448974609375,508.0899963378906,225.28231811523438,63.464908599853516,723.4779663085938,78.9601821899414,33.62763595581055,93.29206085205078,573.991455078125,71.74176788330078,357.8119201660156,84.04844665527344,40.35299301147461,194.890625,76.15277862548828,77.66828918457031,177.48231506347656,182.47000122070312,115.44999694824219,215.70175170898438,222.6019287109375,288.7669372558594,62.50431823730469,98.77694702148438,335.53790283203125,839.3710327148438,62.47651290893555,47.477012634277344,60.0,59.995243072509766,356.83477783203125,320.134033203125,121.74583435058594,83.8592300415039,322.6783752441406,200.66867065429688,34.663883209228516,499.9429626464844,379.7438049316406,141.2826690673828,192.50582885742188,295.0636291503906,167.8324737548828,289.9691162109375,319.3199462890625,27.96209144592285,143.92404174804688,30.220596313476562,77.98680114746094,112.74637603759766,275.7483825683594,347.04022216796875,445.3311767578125,616.2764282226562,546.8818359375,129.03594970703125,331.9421691894531,946.84521484375,101.15399169921875,75.79916381835938,688.1701049804688,170.99441528320312,201.2197723388672,178.99806213378906,399.3615417480469,1373.5699462890625,62.93537521362305,185.1841278076172,8009.83984375,141.8295135498047,94.22000122070312,88.90006256103516,97.2787857055664,167.22096252441406,26.777982711791992,95.70870971679688,157.9803924560547,202.0956268310547,974.2877807617188,179.70266723632812,35.368553161621094,155.38519287109375,155.72000122070312,135.961669921875,344.370361328125,783.3961791992188,30.34554100036621,341.1178894042969,412.31195068359375,218.67860412597656,197.18099975585938,360.247314453125,50.139888763427734,426.8800048828125,413.66461181640625,86.13957214355469,130.82041931152344,428.26702880859375,356.37176513671875,26.49424171447754,214.4215545654297,54.67502212524414,154.91319274902344,195.38528442382812,151.2613525390625,452.63861083984375,272.95684814453125,250.0078125,113.80769348144531,59.56001281738281,330.21307373046875,322.4667663574219,44.859066009521484,245.722900390625,109.55033874511719,224.91709899902344,219.06280517578125,147.06491088867188,125.98990631103516
2026-02-09,126.96552276611328,219.8581085205078,231.97970581054688,242.52999877929688,102.83171081542969,119.2837142944336,216.40582275390625,197.89089965820312,329.748291015625,232.69114685058594,370.4364929199219,537.1482543945312,170.3652801513672,309.5234375,282.8287353515625,143.69876098632812,169.9637908935547,342.67767333984375,433.7699890136719,357.5478210449219,3634.2900390625,160.87367248535156,168.67221069335938,59.128475189208984,1067.903564453125,498.0799865722656,224.72486877441406,64.85494232177734,739.3382568359375,81.10796356201172,32.4602165222168,93.04501342773438,597.4884033203125,71.7220687866211,361.8157958984375,85.99061584472656,40.46229934692383,193.78616333007812,73.70260620117188,75.1107406616211,179.1898193359375,186.24000549316406,114.5,215.75155639648438,223.92564392089844,286.6086730957031,62.28948974609375,98.32015991210938,324.1744689941406,848.8917846679688,63.239261627197266,46.27342987060547,60.13999938964844,60.57404327392578,356.864501953125,315.8855285644531,130.94454956054688,80.31532287597656,323.9766540527344,204.33828735351562,34.5846061706543,495.8074035644531,375.6520690917969,138.13116455078125,188.08872985839844,292.50714111328125,168.3091583251953,287.0157775878906,319.0228271484375,28.060516357421875,143.64578247070312,30.70610809326172,76.94078826904297,112.80571746826172,272.5751037597656,347.97320556640625,453.3786315917969,630.8140869140625,533.5172729492188,130.4519805908203,329.9200744628906,960.4588623046875,99.92520141601562,75.6999282836914,693.8848876953125,168.6471405029297,202.46871948242188,181.3752899169922,411.76629638671875,1380.8800048828125,61.448638916015625,189.80848693847656,7882.25,155.50401306152344,92.72000122070312,88.35588073730469,96.84437561035156,163.27804565429688,26.610742568969727,94.32234191894531,156.15415954589844,201.33636474609375,976.6624755859375,178.73931884765625,35.132240295410156,155.0897674560547,159.74000549316406,137.53570556640625,344.4000244140625,778.1802368164062,30.17875099182129,346.3507080078125,407.9803771972656,222.7948455810547,194.72940063476562,358.8739013671875,49.98165512084961,438.8999938964844,418.2882385253906,86.25789642333984,132.7281036376953,423.9576416015625,354.173583984375,26.474712371826172,224.89881896972656,53.66596221923828,155.2908935546875,195.65255737304688,153.7972869873047,457.6451110839844,272.01953125,251.71002197265625,114.3702392578125,59.226341247558594,324.2378234863281,326.0528259277344,45.54682159423828,244.146728515625,109.4520263671875,228.5964813232422,215.9853973388672,149.19613647460938,125.87125396728516
2026-02-10,128.459228515625,219.0506134033203,235.99693298339844,243.5800018310547,104.33088684082031,120.35592651367188,211.22894287109375,199.0885009765625,328.2520446777344,232.39207458496094,359.4264831542969,503.8000793457031,175.07284545898438,317.0835266113281,287.17431640625,143.63897705078125,173.85374450683594,339.1905212402344,446.9700012207031,361.0670471191406,3664.840087890625,169.3963165283203,170.42739868164062,58.73130416870117,1075.696044921875,500.29998779296875,219.26004028320312,65.35137939453125,739.5873413085938,82.53330993652344,32.99446105957031,92.81774139404297,584.2645263671875,72.63804626464844,358.55889892578125,85.50507354736328,40.64116287231445,198.31341552734375,73.67296600341797,75.04134368896484,178.8561553955078,185.63999938964844,115.51000213623047,218.82858276367188,228.39439392089844,298.0069580078125,63.92020797729492,100.6041259765625,322.3333435058594,847.902099609375,64.11934661865234,46.41268539428711,62.59000015258789,61.79150390625,355.60589599609375,315.4765930175781,127.66570281982422,79.90717315673828,318.2142028808594,206.69876098632812,33.71255874633789,500.3016662597656,384.2102355957031,140.3610076904297,179.9593048095703,289.62835693359375,163.6714324951172,290.6407470703125,315.2392883300781,28.257362365722656,142.71615600585938,30.72592544555664,75.79609680175781,118.06629180908203,283.0101623535156,342.4945373535156,457.5215759277344,622.1864013671875,538.5601196289062,133.25477600097656,357.95050048828125,933.4013061523438,99.6990966796875,77.32745361328125,706.2320556640625,171.76693725585938,202.35968017578125,176.9391326904297,411.437744140625,1400.3299560546875,62.06893539428711,188.31031799316406,8094.27978515625,158.7811279296875,93.44000244140625,89.10783386230469,97.7724380493164,163.76846313476562,27.161649703979492,92.07072448730469,157.8910675048828,202.40533447265625,989.3338012695312,179.584716796875,35.51625061035156,154.90267944335938,162.72000122070312,138.68406677246094,343.6776123046875,752.8784790039062,30.23761749267578,354.33917236328125,409.9077453613281,221.7906494140625,193.73684692382812,362.9045104980469,49.76408386230469,437.45001220703125,377.6921081542969,88.4468765258789,130.70179748535156,395.2582092285156,359.126953125,26.767681121826172,224.2235107421875,53.97945785522461,152.35879516601562,197.40457153320312,152.33538818359375,459.2276916503906,269.5726623535156,258.61785888671875,115.12675476074219,59.4226188659668,327.4910888671875,329.09100341796875,45.90522766113281,245.8525848388672,111.02517700195312,229.806396484375,215.20114135742188,149.57107543945312,126.69194793701172
2026-02-11,128.35964965820312,217.52423095703125,225.77749633789062,232.58999633789062,104.56758880615234,121.36856842041016,204.00514221191406,202.63180541992188,339.03515625,234.5653533935547,361.3288269042969,484.1916809082031,177.0049285888672,309.1544189453125,289.5150451660156,143.53932189941406,176.20538330078125,341.50201416015625,434.45001220703125,351.9310302734375,3735.85009765625,178.2174072265625,171.6734161376953,60.81644058227539,1070.8504638671875,500.0199890136719,223.2218017578125,66.6024169921875,772.0950317382812,84.02699279785156,32.73723220825195,94.181396484375,595.0244750976562,73.39643096923828,364.236083984375,84.76189422607422,41.07837677001953,199.35818481445312,70.05699920654297,76.34986114501953,182.3496856689453,175.47000122070312,115.36000061035156,219.0576171875,231.96742248535156,301.9158020019531,65.4825668334961,104.65570068359375,326.89654541015625,858.5709838867188,63.219703674316406,46.77077865600586,62.11000061035156,58.58816909790039,343.2281188964844,312.8836364746094,132.44940185546875,79.45921325683594,310.9236755371094,204.88377380371094,34.71342849731445,529.6192016601562,385.1961975097656,140.7475128173828,174.10292053222656,270.8168029785156,150.94000244140625,294.41387939453125,307.8505554199219,29.41875648498535,147.56964111328125,31.161895751953125,77.56246948242188,119.6385269165039,288.3719482421875,337.7404479980469,464.47613525390625,621.33642578125,535.6400756835938,132.8446044921875,357.3528137207031,951.3464965820312,99.36487579345703,78.29007720947266,659.8953247070312,171.1925048828125,206.81031799316406,175.73558044433594,402.5771789550781,1392.6500244140625,61.38956069946289,189.8184814453125,8097.25,156.07005310058594,94.11000061035156,88.47460174560547,93.6356430053711,165.9066619873047,27.279701232910156,91.25463104248047,158.80419921875,208.1697998046875,993.584228515625,183.10386657714844,35.44732666015625,159.028564453125,155.60000610351562,139.62452697753906,330.2689514160156,776.8737182617188,30.365161895751953,357.6519775390625,404.1157531738281,224.6740264892578,195.0469970703125,365.2134094238281,51.291080474853516,438.2099914550781,367.9739074707031,89.90620422363281,130.08895874023438,406.2511901855469,361.7528076171875,27.802841186523438,226.88504028320312,52.94101333618164,149.83424377441406,207.41188049316406,153.81716918945312,470.3356628417969,275.18670654296875,260.0924377441406,116.38762664794922,57.86222457885742,328.558837890625,318.54205322265625,47.43572998046875,253.80325317382812,111.23165130615234,232.7221221923828,211.6074981689453,153.4882049560547,127.22588348388672
2026-02-12,124.35650634765625,224.0335235595703,217.56671142578125,223.49000549316406,107.84211730957031,125.5184326171875,203.4884490966797,204.44305419921875,327.57373046875,227.98568725585938,360.95428466796875,465.5995788574219,184.56646728515625,313.66253662109375,287.8952941894531,143.23040771484375,171.7274932861328,329.9545593261719,435.80999755859375,340.8663635253906,3788.7099609375,175.4447784423828,165.56912231445312,60.955448150634766,1043.9031982421875,500.010009765625,214.0739288330078,64.42800903320312,755.4476318359375,85.72569274902344,32.2524528503418,95.03121185302734,584.9798583984375,73.60327911376953,349.6546630859375,74.3177719116211,40.44242858886719,195.11947631835938,65.0381088256836,77.25194549560547,178.99354553222656,161.13999938964844,116.0199966430664,214.03875732421875,229.479248046875,299.0711975097656,67.4550552368164,105.67852783203125,332.62774658203125,947.9888916015625,61.65509796142578,45.298622131347656,58.81999969482422,55.883792877197266,337.6883850097656,312.0459289550781,131.05416870117188,79.56871795654297,308.96624755859375,201.55136108398438,33.98012161254883,533.3561401367188,384.7426452636719,140.61866760253906,177.507568359375,257.6238708496094,148.794921875,294.8485107421875,299.7487487792969,29.438444137573242,144.71202087402344,31.399696350097656,77.95719146728516,119.48031616210938,276.65362548828125,337.3533630371094,469.7914123535156,629.9641723632812,525.6739501953125,130.3152618408203,353.6971130371094,914.2283935546875,99.16826629638672,76.77171325683594,658.3195190429688,172.9356231689453,196.28346252441406,167.1616668701172,400.05841064453125,1357.9200439453125,60.1588134765625,186.7122802734375,8096.16015625,155.394775390625,95.20999908447266,90.77997589111328,91.29574584960938,163.99403381347656,27.023921966552734,88.99317932128906,160.00515747070312,205.25257873535156,979.9949340820312,185.73829650878906,36.0479621887207,153.86874389648438,150.7899932861328,137.08033752441406,329.328857421875,781.5411987304688,29.21727180480957,361.1836242675781,379.5074157714844,219.603271484375,199.6425323486328,370.81646728515625,50.375877380371094,423.3500061035156,374.0383605957031,91.49371337890625,124.85021209716797,430.1125183105469,363.8913269042969,28.12510871887207,223.8858642578125,51.011077880859375,153.67665100097656,212.49969482421875,151.81825256347656,458.3020324707031,280.57379150390625,259.06317138671875,114.5157241821289,56.753265380859375,323.50933837890625,320.67376708984375,47.910369873046875,253.17477416992188,112.11654663085938,229.1022491455078,205.2838897705078,148.91920471191406,124.22988891601562
2026-02-13,125.28260040283203,227.97256469726562,219.7026824951172,231.22000122070312,109.44978332519531,129.0031280517578,207.12518310546875,205.38331604003906,354.0278015136719,229.05238342285156,366.4229736328125,471.9464111328125,188.40118408203125,320.85357666015625,276.2807312011719,146.2100067138672,172.63876342773438,323.9765930175781,429.6700134277344,335.5179748535156,3858.159912109375,173.55032348632812,164.8326416015625,60.76679229736328,1059.6068115234375,497.54998779296875,219.77764892578125,64.93437957763672,771.2980346679688,88.23468780517578,31.576595306396484,95.5252914428711,597.1207885742188,75.58296203613281,360.0008544921875,76.15094757080078,40.61134719848633,192.91546630859375,65.74944305419922,77.79716491699219,180.30853271484375,160.33999633789062,115.7300033569336,211.6886444091797,230.5342254638672,297.55938720703125,69.77906799316406,107.48584747314453,343.2784729003906,946.3262329101562,62.447181701660156,46.16400909423828,59.36000061035156,56.781925201416016,344.5164489746094,314.5591125488281,133.0075225830078,80.7135238647461,305.6206359863281,212.97677612304688,33.653099060058594,538.4085083007812,385.5610046386719,139.98440551757812,182.7386016845703,260.4630126953125,151.22799682617188,295.9251403808594,299.6595764160156,29.221912384033203,146.03660583496094,32.02392578125,77.64141845703125,120.91411590576172,281.14996337890625,342.911376953125,477.87860107421875,644.936767578125,516.604736328125,132.3758544921875,352.5117492675781,932.942138671875,97.80184936523438,76.72209167480469,677.0596313476562,170.93597412109375,201.4774932861328,170.2351531982422,399.5407409667969,1360.949951171875,62.15755081176758,182.58731079101562,7507.43017578125,159.02938842773438,96.66000366210938,89.28900146484375,93.18148803710938,162.75820922851562,27.132137298583984,88.87519073486328,158.87368774414062,204.33348083496094,999.4908447265625,184.32278442382812,37.239383697509766,157.32504272460938,156.77000427246094,139.28794860839844,316.27642822265625,801.0086669921875,29.17802619934082,367.27197265625,391.7966613769531,221.89007568359375,198.57057189941406,367.12420654296875,50.12717819213867,437.0899963378906,385.6587829589844,93.4559097290039,126.49103546142578,424.9451904296875,364.0902099609375,28.01768684387207,234.56173706054688,51.357421875,153.95574951171875,217.27073669433594,152.9519805908203,463.09954833984375,289.2760314941406,257.9844665527344,115.65049743652344,56.615867614746094,313.4302062988281,326.3815612792969,47.47446823120117,255.4392852783203,114.80650329589844,232.58328247070312,213.0072479248047,147.44918823242188,125.22855377197266
2026-02-17,123.35073852539062,229.3118438720703,215.4503173828125,225.32000732421875,109.02568054199219,129.30096435546875,212.63990783691406,210.14402770996094,358.2373352050781,232.61138916015625,370.56170654296875,467.0741882324219,189.37213134765625,325.10235595703125,274.256103515625,148.0535888671875,174.06930541992188,331.31951904296875,431.94000244140625,342.5066833496094,3742.0,175.0205078125,164.81472778320312,59.66049575805664,1060.75390625,503.4100036621094,224.5457000732422,65.95704650878906,761.8934326171875,89.6795654296875,32.481056213378906,94.51737213134766,591.805419921875,75.45397186279297,359.142822265625,76.15094757080078,40.77033615112305,194.39144897460938,64.39591979980469,77.51959228515625,178.91131591796875,162.33999633789062,117.3499984741211,205.49472045898438,232.1465606689453,302.1644592285156,69.7400131225586,111.35867309570312,341.27899169921875,942.1497192382812,62.075584411621094,45.44782638549805,63.45000076293945,56.69211196899414,339.4424743652344,326.1976013183594,130.07749938964844,80.8528823852539,302.4248046875,215.19837951660156,33.40536117553711,532.917724609375,377.6634521484375,142.2439727783203,183.6220245361328,256.4227294921875,152.37998962402344,293.7718811035156,304.1958312988281,28.670740127563477,146.8315887451172,31.83566665649414,78.50979614257812,120.08349609375,275.22119140625,343.99322509765625,479.0906982421875,641.9718627929688,520.16259765625,131.26254272460938,358.5382080078125,944.6394653320312,94.77412414550781,77.98243713378906,664.7623901367188,166.757568359375,198.78134155273438,170.62306213378906,395.1004943847656,1353.239990234375,63.82151412963867,184.7446746826172,7421.0,152.9021759033203,92.5999984741211,91.88328552246094,92.08557891845703,158.81529235839844,26.925548553466797,90.43854522705078,158.35755920410156,207.70022583007812,1007.6524047851562,180.52838134765625,36.99322509765625,155.7396697998047,153.07000732421875,141.19857788085938,320.3534851074219,791.3945922851562,29.21727180480957,368.5851745605469,385.9351806640625,219.9214324951172,201.98495483398438,366.17877197265625,49.580047607421875,421.95001220703125,386.5157165527344,91.6416244506836,126.52069091796875,414.91986083984375,367.2034606933594,28.00792121887207,234.2737274169922,51.65428161621094,156.45755004882812,217.37962341308594,153.001708984375,468.2255554199219,285.23077392578125,260.0825500488281,113.59515380859375,57.08692932128906,318.8390197753906,301.0500183105469,47.39698028564453,259.37451171875,114.46939086914062,233.27749633789062,210.27728271484375,145.20443725585938,124.1507797241211
2026-02-18,126.40786743164062,225.23492431640625,219.09521484375,229.74000549316406,106.82622528076172,126.35237121582031,213.12680053710938,207.28363037109375,368.3820495605469,233.58837890625,376.88397216796875,476.0514221191406,183.02670288085938,322.1302185058594,278.8979797363281,147.21649169921875,174.47105407714844,332.28594970703125,430.1199951171875,344.2066345214844,3744.639892578125,180.25,169.98353576660156,61.334896087646484,1080.1263427734375,499.07000732421875,223.95840454101562,63.87199020385742,749.1513061523438,85.3547134399414,32.3419075012207,94.44820404052734,589.16259765625,74.53113555908203,359.4022521972656,77.46884155273438,41.09825134277344,195.87741088867188,66.34220123291016,77.07351684570312,182.20118713378906,173.3800048828125,118.88999938964844,207.6855010986328,230.9821014404297,300.9609680175781,68.06046295166016,110.82243347167969,342.7241516113281,914.705810546875,62.18315505981445,45.736289978027344,63.0099983215332,58.208961486816406,346.3498229980469,328.69085693359375,131.56243896484375,83.29180908203125,303.5433654785156,235.51022338867188,34.455780029296875,533.1568603515625,378.1366882324219,139.9943084716797,185.7362518310547,258.8846130371094,154.11790466308594,292.5273132324219,305.8300476074219,28.68058204650879,147.84130859375,31.994199752807617,78.44071960449219,119.905517578125,277.30023193359375,349.4817810058594,482.1308288574219,642.19921875,526.192138671875,131.95591735839844,354.6135559082031,945.1384887695312,96.81881713867188,78.61756896972656,659.9750366210938,163.3253173828125,198.81124877929688,175.6460723876953,397.8283386230469,1375.5699462890625,64.54026794433594,187.75099182128906,7523.1201171875,155.0869140625,92.75,92.21129608154297,93.09263610839844,161.23793029785156,26.925548553466797,90.90066528320312,155.6876678466797,203.08468627929688,995.2504272460938,179.56504821777344,36.24489212036133,154.99130249023438,155.5,141.80245971679688,315.4947204589844,790.0282592773438,29.491979598999023,376.1259765625,393.8730163574219,215.5963897705078,203.2852020263672,364.00921630859375,51.3209228515625,442.30999755859375,394.92498779296875,90.44852447509766,128.1812744140625,423.0997619628906,375.2998962402344,27.226667404174805,234.00559997558594,52.13916015625,156.71669006347656,211.08421325683594,154.14537048339844,457.2967224121094,284.3526916503906,262.2597961425781,114.19503784179688,57.66594696044922,319.6373596191406,298.2010803222656,46.544551849365234,259.0149230957031,112.75408935546875,232.1270751953125,212.4016876220703,149.66415405273438,127.68071746826172
2026-02-19,125.81037902832031,220.9315185546875,210.61004638671875,229.10000610351562,108.29582214355469,127.49407958984375,216.9821319580078,201.13729858398438,369.37078857421875,232.03317260742188,372.6856689453125,470.7109069824219,181.23193359375,323.44671630859375,277.2486267089844,150.67442321777344,173.99093627929688,332.7641906738281,441.1199951171875,340.6377258300781,3745.489990234375,180.04278564453125,159.5321044921875,62.351497650146484,1069.268310546875,496.94000244140625,221.73863220214844,62.47203063964844,757.6792602539062,84.4175033569336,31.357933044433594,92.86714935302734,593.0473022460938,75.26543426513672,358.2847900390625,77.84539031982422,41.416221618652344,197.4331817626953,64.53494262695312,76.64725494384766,183.10292053222656,176.19000244140625,118.06999969482422,210.36422729492188,231.42001342773438,299.3795166015625,70.95084381103516,110.96145629882812,344.6444396972656,908.5599365234375,61.65509796142578,45.96506881713867,61.529998779296875,57.739933013916016,351.15625,333.8369445800781,129.54930114746094,81.10175323486328,303.163818359375,237.8310089111328,35.050357818603516,526.8189697265625,373.2660217285156,139.05282592773438,189.0912628173828,254.40756225585938,153.0453643798828,290.2160339355469,305.10699462890625,28.64121437072754,146.80264282226562,32.24190902709961,77.86837768554688,114.82292938232422,281.000732421875,356.01251220703125,486.9294738769531,658.7035522460938,518.498291015625,131.90708923339844,348.52734375,935.3275756835938,95.92426300048828,77.5060806274414,673.6088256835938,164.2008056640625,195.7230224609375,173.4379425048828,397.5988464355469,1376.530029296875,64.5993423461914,187.6710968017578,7526.14013671875,155.454345703125,94.16999816894531,92.47967529296875,91.16738891601562,161.43408203125,26.423830032348633,90.6056900024414,157.3749542236328,201.57614135742188,1010.15673828125,180.38095092773438,36.40243911743164,153.03176879882812,154.39999389648438,139.85223388671875,307.113037109375,780.2745971679688,29.158403396606445,374.89239501953125,392.80010986328125,220.35891723632812,203.88075256347656,355.898193359375,51.271183013916016,442.44000244140625,392.37298583984375,91.67119598388672,126.3921890258789,407.96697998046875,370.66485595703125,27.226667404174805,230.79786682128906,51.238670349121094,155.99903869628906,213.11338806152344,151.4602508544922,461.52691650390625,286.0595703125,260.25079345703125,113.62464904785156,56.8121452331543,318.2701721191406,301.6775817871094,47.116065979003906,261.56182861328125,113.24983978271484,231.49237060546875,209.28456115722656,149.95220947265625,125.85147857666016
2026-02-20,122.38481140136719,221.38449096679688,211.00198364257812,226.97999572753906,108.54238891601562,128.43722534179688,215.1339569091797,204.2550048828125,374.9139099121094,232.79083251953125,371.9412841796875,469.9736022949219,183.7034149169922,324.2147216796875,277.7029113769531,150.51498413085938,173.82435607910156,331.4291076660156,433.9100036621094,344.14697265625,3748.52001953125,182.9239501953125,162.29244995117188,62.002662658691406,1081.490966796875,498.20001220703125,223.4109344482422,63.683345794677734,756.8922119140625,85.92094421386719,31.795255661010742,93.96399688720703,591.4224853515625,75.27536010742188,360.2502746582031,78.47956848144531,42.042236328125,199.4776153564453,64.57466125488281,76.02273559570312,182.26063537597656,176.2899932861328,118.69000244140625,208.62156677246094,232.20628356933594,302.52252197265625,72.00543212890625,113.43411254882812,339.44775390625,918.535888671875,61.21505355834961,45.97501754760742,61.470001220703125,58.159061431884766,348.26251220703125,342.2940673828125,139.03700256347656,81.1415786743164,314.4890441894531,246.8562774658203,34.79270553588867,530.4463500976562,376.884521484375,140.91598510742188,188.4262237548828,255.28114318847656,152.946044921875,291.3617858886719,307.82086181640625,29.074277877807617,149.40931701660156,32.43016815185547,78.78610229492188,115.15912628173828,281.18975830078125,353.4716796875,493.2879638671875,650.5501708984375,524.62744140625,130.3445587158203,346.5749206542969,945.6475219726562,95.21647644042969,78.49848175048828,684.1209106445312,166.20045471191406,196.0119171142578,174.47238159179688,396.37152099609375,1377.550048828125,64.39258575439453,189.58877563476562,7580.60009765625,147.0530242919922,93.5,92.11190032958984,90.08135986328125,161.7773895263672,26.217239379882812,94.15518951416016,159.578369140625,203.8839111328125,1019.9246215820312,180.28262329101562,36.86521911621094,153.36654663085938,155.16000366210938,141.44607543945312,311.8035888671875,778.5072021484375,29.491979598999023,383.04010009765625,396.1878356933594,218.24111938476562,204.0699462890625,358.9037780761719,50.584781646728516,439.94000244140625,393.1357727050781,92.24309539794922,126.46138000488281,410.1017150878906,378.1943054199219,27.324323654174805,233.82615661621094,51.77302932739258,157.7134246826172,213.27178955078125,156.2238311767578,464.94091796875,286.1286315917969,263.3484191894531,114.79492950439453,57.56781005859375,320.2860107421875,304.1081237792969,47.70695114135742,264.45831298828125,113.36882019042969,228.40805053710938,213.2951202392578,146.28707885742188,127.33464813232422
2026-02-23,123.67935180664062,225.98333740234375,197.11807250976562,218.63999938964844,109.6371841430664,131.0780487060547,212.9678192138672,204.0471649169922,373.086181640625,230.7371826171875,376.5763244628906,452.1287841796875,186.39065551757812,314.4803771972656,279.747314453125,147.3061981201172,172.80532836914062,329.1275939941406,423.44000244140625,319.35345458984375,3829.27001953125,181.88790893554688,154.09341430664062,63.457794189453125,1059.1123046875,494.0899963378906,223.78919982910156,63.00818634033203,753.6344604492188,85.61830139160156,30.234813690185547,95.9501953125,585.52099609375,75.71196746826172,365.18890380859375,77.03284454345703,41.70438766479492,197.79220581054688,60.70197296142578,76.33003997802734,183.23175048828125,164.66000366210938,118.16999816894531,210.0355987548828,229.6384735107422,304.0243835449219,72.89403533935547,112.23253631591797,332.4594421386719,935.8851318359375,61.91912841796875,44.81121826171875,58.400001525878906,57.061344146728516,345.84442138671875,338.0754699707031,144.75753784179688,79.29993438720703,311.2832336425781,245.07107543945312,34.92153549194336,534.103515625,371.6983642578125,139.28076171875,179.82032775878906,221.71815490722656,153.03543090820312,289.6233825683594,294.8262023925781,29.300649642944336,148.5763702392578,32.40044403076172,79.49659729003906,114.90203094482422,283.80596923828125,352.4791564941406,494.9570617675781,652.882568359375,494.350341796875,130.2078399658203,341.28564453125,947.4141235351562,96.93678283691406,74.66783142089844,681.787109375,165.48416137695312,192.08689880371094,165.90841674804688,383.6390686035156,1393.239990234375,62.1181640625,191.31666564941406,7456.830078125,140.32997131347656,95.3499984741211,90.00466918945312,86.2802505493164,165.0925750732422,26.620580673217773,91.13664245605469,163.93556213378906,203.49429321289062,1006.6945190429688,184.03770446777344,36.687984466552734,153.73390197753906,150.8800048828125,139.00086975097656,299.48345947265625,785.8662109375,28.16748809814453,363.1534118652344,386.43792724609375,219.9214324951172,201.0823974609375,362.52630615234375,50.972747802734375,420.82000732421875,381.1763610839844,92.29239654541016,123.68385314941406,406.4007873535156,382.6702575683594,27.851669311523438,230.3894500732422,49.566341400146484,157.17520141601562,217.71617126464844,152.12655639648438,457.7944030761719,278.5708923339844,261.0326232910156,113.11326599121094,54.7708740234375,305.8858642578125,309.58685302734375,48.12348175048828,262.6105651855469,114.81642150878906,228.65597534179688,200.40966796875,149.74362182617188,124.37820434570312
2026-02-24,123.8785171508789,224.95919799804688,192.75791931152344,220.91000366210938,109.74567413330078,131.43545532226562,214.60731506347656,207.66964721679688,377.46075439453125,236.11058044433594,380.00042724609375,464.5434265136719,186.52796936035156,318.4897766113281,276.0140686035156,150.97340393066406,174.000732421875,324.2953796386719,442.510009765625,318.5979309082031,3784.419921875,180.06253051757812,161.96482849121094,64.5042953491211,1069.040771484375,494.510009765625,224.9339141845703,63.07768630981445,765.3504028320312,86.53599548339844,31.417570114135742,96.94824981689453,598.5999145507812,76.18826293945312,363.5426940917969,77.42920684814453,42.20122528076172,198.0115966796875,60.63246154785156,73.53457641601562,183.6578369140625,164.3800048828125,120.94000244140625,208.3128662109375,230.25555419921875,306.5009765625,73.47015380859375,114.48673248291016,323.818115234375,942.08056640625,62.1538200378418,45.21904373168945,59.130001068115234,57.560306549072266,348.0246276855469,344.70758056640625,151.0760498046875,80.92256927490234,310.5142517089844,249.42501831054688,35.4665641784668,524.6864624023438,379.083251953125,139.28076171875,173.34854125976562,227.64454650878906,154.28672790527344,290.9469299316406,294.459716796875,30.540786743164062,150.4729461669922,32.390533447265625,79.65449523925781,115.09980010986328,285.62640380859375,351.61566162109375,500.7293701171875,656.64794921875,496.3136901855469,130.95004272460938,341.8135681152344,955.5084228515625,95.10834503173828,74.7670669555664,695.001953125,165.60354614257812,194.54750061035156,167.88775634765625,388.1593017578125,1379.6600341796875,63.10275650024414,192.61508178710938,7504.7900390625,145.12648010253906,94.33000183105469,89.36852264404297,87.35641479492188,166.28916931152344,26.699281692504883,93.26044464111328,164.04473876953125,205.88198852539062,1020.712890625,183.8214569091797,37.5347785949707,153.24742126464844,153.57000732421875,143.32701110839844,313.19891357421875,771.0383911132812,27.902591705322266,372.1964416503906,404.0535583496094,219.47402954101562,197.6367645263672,362.984130859375,51.57956314086914,440.7200012207031,393.8797302246094,92.6572265625,125.75959014892578,395.0487060546875,379.28839111328125,27.685653686523438,240.5103302001953,49.14083480834961,157.14529418945312,219.72555541992188,153.65805053710938,461.5667419433594,270.29290771484375,263.9026184082031,113.45747375488281,54.005393981933594,306.58441162109375,316.65936279296875,48.29784393310547,264.148681640625,114.91557312011719,227.68406677246094,207.44802856445312,148.25372314453125,127.21600341796875
2026-02-25,124.19718170166016,223.4623565673828,187.63352966308594,224.80999755859375,109.9133529663086,131.5049591064453,216.74366760253906,207.18466186523438,394.4596252441406,232.30235290527344,381.4494934082031,476.5097351074219,178.96641540527344,323.8057861328125,276.83380126953125,152.1094207763672,174.6768341064453,331.0903625488281,520.1799926757812,325.1690979003906,3671.820068359375,178.55288696289062,165.724365234375,64.593994140625,1081.62939453125,493.989990234375,225.1429443359375,61.06214141845703,763.7364501953125,83.99771118164062,31.507022857666016,95.5252914428711,592.5488891601562,75.99972534179688,362.19580078125,78.40029907226562,41.95280838012695,196.24639892578125,60.90057373046875,75.52709197998047,182.54800415039062,173.05999755859375,119.41999816894531,208.6414794921875,225.65740966796875,304.86981201171875,73.43109130859375,112.13323211669922,327.1539001464844,955.792724609375,61.99736022949219,44.39344787597656,61.61000061035156,58.198978424072266,340.0569152832031,341.9649963378906,159.88607788085938,82.05741119384766,312.6214904785156,249.92091369628906,34.951263427734375,538.6875610351562,370.29827880859375,139.79611206054688,174.75804138183594,235.80447387695312,159.22238159179688,286.1860656738281,300.40240478515625,29.674659729003906,154.47084045410156,32.46980285644531,79.40779113769531,109.4931411743164,281.2991638183594,338.49468994140625,504.97161865234375,639.916259765625,507.6651306152344,130.91098022460938,346.08685302734375,961.3770141601562,95.01004791259766,74.73729705810547,671.50439453125,164.68826293945312,195.0256805419922,172.80136108398438,399.7342224121094,1379.9100341796875,62.42338943481445,195.32176208496094,7283.14013671875,146.8643341064453,91.44000244140625,88.89141082763672,90.07149505615234,165.92626953125,26.650094985961914,93.09329223632812,162.16885375976562,204.3434600830078,1009.5181884765625,186.57386779785156,37.692325592041016,150.81507873535156,154.11000061035156,144.35658264160156,309.7353820800781,783.1103515625,28.452009201049805,375.1212463378906,401.142578125,220.31912231445312,195.1670379638672,355.5399475097656,51.39055633544922,449.1700134277344,399.8356018066406,93.17982482910156,130.09884643554688,420.81536865234375,381.9739685058594,27.216901779174805,241.4666290283203,50.041324615478516,155.31130981445312,216.43927001953125,156.0547637939453,457.8740234375,280.40606689453125,261.5175476074219,111.9626693725586,55.006404876708984,312.34246826171875,304.34716796875,47.68758010864258,262.4906921386719,114.43964385986328,226.21629333496094,207.69619750976562,148.05508422851562,127.50273132324219
2026-02-26,120.46289825439453,221.26632690429688,203.19290161132812,233.4499969482422,110.4952621459961,131.14755249023438,223.78860473632812,210.5795135498047,375.2535095214844,236.230224609375,376.4869689941406,485.2079772949219,181.44769287109375,329.4010009765625,272.81414794921875,147.9539337158203,176.04861450195312,320.5193176269531,550.1900024414062,333.35076904296875,3660.0,174.31007385253906,169.19810485839844,64.68370056152344,1078.1583251953125,502.6700134277344,226.08860778808594,62.31317138671875,750.1077880859375,84.34915924072266,32.50093460083008,96.3948745727539,586.2686157226562,76.45618438720703,365.8074645996094,77.38957214355469,42.380088806152344,197.74232482910156,64.51508331298828,77.33125305175781,182.48855590820312,180.41000366210938,119.41000366210938,208.48214721679688,226.06546020507812,305.1085205078125,72.62062072753906,111.12034606933594,319.7696228027344,943.354248046875,62.70143127441406,45.43788146972656,61.88999938964844,59.6759033203125,347.56878662109375,339.92047119140625,149.79043579101562,80.4248275756836,306.7491760253906,252.07308959960938,35.38728332519531,524.0487060546875,369.82501220703125,139.8060302734375,185.4484100341797,240.2418212890625,161.7646942138672,286.71942138671875,303.20538330078125,29.851821899414062,152.2366943359375,32.757144927978516,79.43739318847656,110.74894714355469,286.11383056640625,352.4990234375,495.2749938964844,634.1150512695312,513.0269165039062,132.6883544921875,349.87939453125,972.5654296875,95.38359069824219,75.36251068115234,676.6607666015625,165.31503295898438,200.3055419921875,176.54127502441406,400.851806640625,1377.219970703125,62.96491622924805,184.66476440429688,7434.14013671875,149.26756286621094,91.33000183105469,90.90918731689453,93.28022003173828,164.36676025390625,26.659931182861328,95.86603546142578,162.5261688232422,211.5265655517578,1012.6810302734375,184.3129425048828,38.007408142089844,151.36111450195312,157.19000244140625,144.12887573242188,315.6134338378906,769.6404418945312,28.805208206176758,376.89202880859375,410.0351257324219,223.3019256591797,196.81019592285156,358.7743835449219,51.22144317626953,426.0,412.9366149902344,93.87004089355469,130.7413330078125,408.6652526855469,383.99310302734375,26.81650733947754,234.882080078125,50.96160125732422,158.17193603515625,210.9852294921875,159.60508728027344,455.0074768066406,282.8332214355469,262.70513916015625,114.69657897949219,56.19387435913086,316.0448303222656,307.7937927246094,47.35823440551758,263.0899963378906,114.80650329589844,231.9683837890625,209.84046936035156,147.53857421875,128.3036346435547
2026-02-27,120.87117004394531,228.54373168945312,204.505859375,245.8699951171875,111.72814178466797,132.8551483154297,226.74964904785156,212.3214874267578,371.8377380371094,238.48324584960938,385.25079345703125,468.4093322753906,188.1658172607422,334.58734130859375,272.26104736328125,145.55230712890625,173.6577911376953,318.377197265625,542.4000244140625,307.0859069824219,3755.580078125,174.13246154785156,168.76377868652344,65.0425033569336,1051.418701171875,504.95001220703125,228.178955078125,63.941497802734375,740.0455932617188,87.41463470458984,31.357933044433594,97.96604919433594,582.0419311523438,77.46832275390625,371.2848815917969,78.73719787597656,42.559532165527344,200.58460998535156,63.97886657714844,79.2048110961914,185.06495666503906,176.47000122070312,117.2699966430664,209.75677490234375,224.94821166992188,306.6899719238281,72.98191833496094,109.0483627319336,316.7506408691406,969.465087890625,61.811561584472656,45.79597473144531,62.290000915527344,59.077152252197266,353.8418884277344,341.3367004394531,150.14988708496094,78.35423278808594,311.0235595703125,250.75401306152344,35.67466354370117,527.8554077148438,375.3760070800781,139.56817626953125,189.13095092773438,238.45498657226562,162.9961395263672,287.0651550292969,297.4310607910156,29.802610397338867,152.2606658935547,32.9652214050293,80.48339080810547,113.08258056640625,288.3277282714844,361.8087463378906,504.7828674316406,650.3723754882812,515.4586791992188,130.72543334960938,341.0567932128906,985.4603881835938,96.0029067993164,71.52194213867188,674.7757568359375,164.46942138671875,197.45640563964844,165.6199493408203,391.8912048339844,1366.68994140625,61.2221794128418,176.97415161132812,7517.7900390625,144.3916015625,93.87999725341797,92.00255584716797,92.46076202392578,166.4853515625,27.201000213623047,93.82089233398438,165.95037841796875,213.4547119140625,1006.9041137695312,183.6543426513672,38.38157653808594,153.21763610839844,156.58999633789062,140.93128967285156,307.7166442871094,780.5042114257812,27.30411720275879,360.72601318359375,406.1969909667969,227.6866455078125,201.7794952392578,360.8543701171875,51.072227478027344,414.0,417.0802001953125,94.92509460449219,127.1335220336914,406.8397216796875,385.3855895996094,27.353620529174805,229.2637939453125,48.794498443603516,161.13223266601562,215.91845703125,154.61276245117188,460.163330078125,289.3549499511719,263.6104431152344,114.03768920898438,53.64228439331055,319.4776916503906,308.7998962402344,48.569068908691406,263.62933349609375,115.96656799316406,238.85108947753906,204.15220642089844,151.47189331054688,129.6286163330078
2026-03-02,117.67462921142578,230.6905059814453,201.7721710205078,246.94000244140625,111.35334014892578,132.32896423339844,227.81288146972656,211.64503479003906,371.7178955078125,240.71636962890625,382.8092346191406,473.600341796875,186.5377655029297,336.91119384765625,273.01165771484375,134.69020080566406,175.4019012451172,317.6498718261719,572.02001953125,305.6245422363281,3882.469970703125,174.19166564941406,166.39236450195312,64.61392974853516,1056.4423828125,480.1700134277344,228.82598876953125,63.38548278808594,749.5000610351562,87.40486907958984,28.962604522705078,96.14783477783203,578.5528564453125,77.4782485961914,371.793701171875,78.69756317138672,43.03806686401367,201.05332946777344,63.05537796020508,80.94950103759766,187.87918090820312,176.41000366210938,114.51000213623047,205.13624572753906,225.84600830078125,301.8262634277344,72.66944122314453,99.80410766601562,291.08392333984375,961.34521484375,61.733333587646484,46.08443832397461,61.849998474121094,58.458438873291016,361.50244140625,344.8072814941406,157.61842346191406,77.40852355957031,305.9601745605469,253.06488037109375,35.644935607910156,531.0641479492188,365.6050720214844,141.19049072265625,185.8950653076172,237.62110900878906,163.6416473388672,287.5985412597656,294.7172546386719,29.497495651245117,153.29933166503906,33.57954025268555,79.16108703613281,109.37447357177734,285.68499755859375,375.644287109375,506.0346984863281,672.2987670898438,519.23583984375,130.96957397460938,329.8189697265625,989.8555297851562,96.43544006347656,72.68304443359375,664.4005126953125,160.6292724609375,209.02227783203125,166.10733032226562,397.6886291503906,1325.0899658203125,60.46891784667969,182.25770568847656,7415.75,148.21490478515625,95.02999877929688,93.05618286132812,93.05313873291016,164.072509765625,26.817333221435547,94.2240219116211,162.2879638671875,213.2049560546875,1009.1290283203125,180.6955108642578,38.13541793823242,159.0254669189453,158.1199951171875,139.61463928222656,297.70220947265625,789.630615234375,27.705284118652344,352.2998046875,410.88250732421875,229.04876708984375,211.27992248535156,355.1790771484375,51.00259017944336,424.6600036621094,418.2128601074219,94.3334732055664,127.96381378173828,378.58917236328125,384.9479675292969,27.353620529174805,211.16375732421875,49.031986236572266,159.4178466796875,214.94375610351562,155.5575408935547,463.995361328125,290.9928283691406,265.59014892578125,112.5232162475586,53.61284637451172,319.846923828125,305.0146179199219,48.41408157348633,263.34967041015625,115.62945556640625,241.06268310546875,199.87359619140625,153.1802978515625,127.51264190673828
2026-03-03,118.5409927368164,230.29660034179688,205.6522216796875,253.39999389648438,110.455810546875,130.96884155273438,223.7985382080078,212.49058532714844,350.8837890625,234.52548217773438,374.1744384765625,463.9854736328125,186.58680725097656,338.1778564453125,269.66357421875,129.1295928955078,173.74598693847656,312.68817138671875,579.0900268554688,306.0122985839844,3637.169921875,171.89266967773438,165.3609161376953,62.331565856933594,1040.89697265625,481.3599853515625,225.3121795654297,60.73448944091797,719.4730224609375,88.11754608154297,28.356319427490234,94.3790283203125,558.33642578125,77.20040893554688,370.58648681640625,78.24174499511719,42.529624938964844,201.0034637451172,63.88949203491211,79.7896728515625,187.0567169189453,175.4600067138672,109.86000061035156,203.15457153320312,220.2198028564453,296.8531799316406,72.12261962890625,98.32980346679688,281.1458740234375,967.2261352539062,61.33240509033203,45.98496627807617,62.88999938964844,57.90958023071289,361.4231872558594,333.23858642578125,147.34417724609375,76.92073822021484,303.163818359375,248.631591796875,34.94135284423828,539.9132080078125,361.76971435546875,140.41416931152344,180.2372283935547,243.48793029785156,163.6416473388672,282.4721984863281,297.3914489746094,29.103803634643555,143.95126342773438,33.64889907836914,78.2927017211914,107.19905090332031,282.2145080566406,365.2427978515625,498.42437744140625,663.4765625,522.5445556640625,130.44223022460938,335.2482604980469,994.5902709960938,95.06902313232422,72.11737823486328,655.8428344726562,157.6645965576172,211.17404174804688,165.0629425048828,403.0570068359375,1316.7099609375,58.86328887939453,179.83065795898438,7361.10009765625,147.97657775878906,93.87000274658203,91.83358764648438,94.34650421142578,161.74795532226562,26.14837646484375,92.1002197265625,158.5262908935547,213.14501953125,986.4403076171875,174.90560913085938,37.66278839111328,158.62835693359375,163.10000610351562,136.74375915527344,298.16729736328125,765.5166015625,27.477460861206055,359.0149230957031,397.2745056152344,230.93789672851562,205.66331481933594,347.9278564453125,48.326622009277344,424.32000732421875,419.0718078613281,94.02781677246094,124.45484161376953,356.7428894042969,382.5309753417969,27.998153686523438,203.52330017089844,48.78459930419922,159.18861389160156,217.35069274902344,153.5685577392578,443.7502136230469,285.34918212890625,264.4659729003906,111.35295104980469,52.98476028442383,320.166259765625,298.8385925292969,49.27619552612305,260.5130920410156,115.13370513916016,241.4296112060547,198.12640380859375,150.80641174316406,124.51663208007812
2026-03-04,120.03469848632812,232.5911102294922,205.75999450683594,257.8900146484375,111.77745819091797,132.55731201171875,224.1463165283203,213.05760192871094,357.3157958984375,234.0270233154297,376.4273986816406,467.2037353515625,187.126220703125,340.2823181152344,270.80926513671875,132.28857421875,174.51025390625,316.3646240234375,569.8099975585938,309.38232421875,3717.0,169.2088623046875,169.33026123046875,60.67709732055664,1037.57421875,487.4800109863281,222.1566925048828,60.64513397216797,729.226318359375,88.98641967773438,27.83948516845703,94.1517562866211,572.2626342773438,77.5179443359375,367.34393310546875,80.1343765258789,42.64925765991211,199.57733154296875,64.6640396118164,79.86898040771484,184.34158325195312,177.75,108.73999786376953,203.87155151367188,221.2971649169922,296.2763366699219,72.15190887451172,98.82787322998047,288.49053955078125,964.270751953125,61.39107131958008,46.18390655517578,62.599998474121094,57.879642486572266,362.8304138183594,338.89324951171875,144.61834716796875,78.2447280883789,303.05401611328125,249.1175537109375,34.28414535522461,542.51416015625,363.928955078125,141.4990234375,181.75592041015625,248.23300170898438,165.14120483398438,283.6476135253906,296.52978515625,28.414838790893555,147.40286254882812,33.6092643737793,77.06907653808594,105.34004974365234,280.0804138183594,365.9871826171875,495.9505615234375,660.1582641601562,521.1492919921875,130.6472930908203,335.2781982421875,977.6290893554688,93.97785186767578,72.76243591308594,659.6572875976562,160.06219482421875,219.93063354492188,166.68423461914062,404.32427978515625,1286.6600341796875,58.119937896728516,182.8170166015625,7251.27001953125,151.31326293945312,94.2699966430664,90.6010513305664,94.5735855102539,160.77694702148438,26.187726974487305,91.93306732177734,157.11691284179688,211.19686889648438,985.5623168945312,175.9967498779297,37.99756622314453,163.53274536132812,162.97000122070312,138.10989379882812,284.2143859863281,786.3255615234375,27.56661033630371,357.950439453125,382.17108154296875,230.2418975830078,207.9537811279297,346.7709045410156,47.640220642089844,430.9800109863281,420.4970397949219,94.05738830566406,125.07756042480469,374.0902404785156,379.8454284667969,28.30088996887207,208.2151641845703,48.596588134765625,161.20199584960938,218.5243377685547,156.04483032226562,442.9738464355469,288.0624694824219,265.3215637207031,108.66819763183594,53.328243255615234,319.8070068359375,294.83416748046875,49.59585952758789,260.4731750488281,116.55155944824219,241.93540954589844,194.91000366210938,148.80996704101562,124.54629516601562
2026-03-05,117.61488342285156,228.80963134765625,209.6792449951172,264.1199951171875,109.88375854492188,131.08798217773438,228.19044494628906,210.51101684570312,346.0997314453125,226.14138793945312,364.8448791503906,471.16925048828125,184.02706909179688,337.8786315917969,272.9326477050781,135.7664337158203,175.67625427246094,331.54864501953125,570.489990234375,305.40582275390625,3742.02001953125,167.67945861816406,183.64952087402344,59.98939514160156,1023.5023803710938,500.3999938964844,215.02952575683594,59.969974517822266,703.433349609375,87.97109985351562,26.994659423828125,91.57266235351562,554.3289794921875,76.60502624511719,358.45440673828125,79.28219604492188,41.02424240112305,203.9753875732422,65.31941223144531,78.00534057617188,188.17645263671875,183.47999572753906,107.58000183105469,201.15301513671875,215.052490234375,285.38525390625,69.54471588134766,95.50074768066406,283.5710144042969,948.3096923828125,61.713775634765625,47.049293518066406,63.86000061035156,57.90958023071289,357.4591064453125,326.10784912109375,134.5338134765625,75.8555679321289,300.5173034667969,238.19796752929688,34.015289306640625,532.6087646484375,356.6032409667969,139.02076721191406,179.4133758544922,254.6755828857422,162.86703491210938,279.04473876953125,290.74554443359375,27.607765197753906,142.75379943847656,33.08412170410156,76.01319122314453,103.13495635986328,275.1639099121094,357.4020080566406,486.87982177734375,650.7399291992188,522.8833618164062,131.26254272460938,332.3839111328125,930.3213500976562,91.43180847167969,72.38533020019531,632.0267944335938,155.40628051757812,216.53359985351562,161.68112182617188,409.79241943359375,1261.2099609375,57.50543975830078,183.1166534423828,7074.83984375,153.71649169921875,94.36000061035156,90.09412384033203,97.13069152832031,157.61868286132812,26.177888870239258,91.93306732177734,152.83912658691406,210.37767028808594,963.2427368164062,166.8155059814453,37.37723922729492,165.2403564453125,164.25,136.49586486816406,280.107666015625,763.7891845703125,27.477460861206055,351.5934753417969,377.33599853515625,230.34132385253906,203.0143585205078,334.5824890136719,47.15277862548828,442.29998779296875,425.7922058105469,92.62764739990234,123.69374084472656,366.43902587890625,368.5163879394531,28.29112434387207,209.74923706054688,47.97317123413086,160.4046173095703,219.34983825683594,148.77513122558594,434.32440185546875,284.9150390625,258.85516357421875,102.34479522705078,52.90625,319.13836669921875,286.1180419921875,49.57648468017578,251.27435302734375,115.10395050048828,244.05772399902344,192.18003845214844,149.74362182617188,120.85816192626953
2026-03-06,114.5876235961914,226.60374450683594,210.6590576171875,260.989990234375,109.99224853515625,130.91920471191406,227.3731689453125,211.2073516845703,324.3367919921875,221.29635620117188,366.7604064941406,463.1983642578125,184.95877075195312,339.703857421875,268.814208984375,131.41160583496094,174.3044891357422,329.26708984375,574.010009765625,299.2323303222656,3641.2900390625,164.89697265625,181.56076049804688,59.61066436767578,950.0960693359375,498.9800109863281,216.78146362304688,57.9345703125,678.3477783203125,88.28350830078125,25.632999420166016,92.45211791992188,537.5416870117188,76.56533813476562,357.63629150390625,77.9246597290039,39.82790756225586,203.05787658691406,65.79605102539062,77.24203491210938,188.21609497070312,179.1699981689453,104.25,194.68026733398438,207.91000366210938,281.1681213378906,70.07201385498047,92.36287689208984,286.69891357421875,932.5874633789062,61.33240509033203,46.2137451171875,63.099998474121094,57.27090835571289,360.22406005859375,322.2383117675781,123.10133361816406,75.04732513427734,297.91070556640625,241.4807891845703,33.90575408935547,530.9545288085938,352.89605712890625,138.59280395507812,177.82518005371094,256.95880126953125,165.04190063476562,273.7603759765625,286.7144470214844,27.80461311340332,134.2836151123047,33.27238464355469,76.02306365966797,100.0399169921875,268.9310607910156,365.13067626953125,481.59429931640625,667.40087890625,520.5712890625,129.68048095703125,323.162109375,918.2446899414062,89.35760498046875,71.28376770019531,609.1195678710938,152.6206817626953,220.43869018554688,159.41331481933594,408.0761413574219,1209.6500244140625,56.50439453125,177.60337829589844,6958.830078125,151.89918518066406,94.5999984741211,88.68267822265625,99.56932830810547,157.77008056640625,26.610742568969727,90.71385192871094,152.4818115234375,210.3976593017578,921.6367797851562,167.0907440185547,37.95817947387695,164.76382446289062,162.7100067138672,135.190673828125,276.6455993652344,758.7267456054688,26.784088134765625,336.61126708984375,368.6926574707031,229.72488403320312,208.88987731933594,329.0268859863281,46.6553840637207,437.4100036621094,426.9720458984375,91.33594512939453,119.64112854003906,351.9346923828125,362.6081848144531,27.968856811523438,205.057373046875,46.00397872924805,158.80984497070312,220.37429809570312,143.73951721191406,422.1719970703125,282.6556396484375,252.79661560058594,100.66313934326172,51.394920349121094,316.70343017578125,273.9254150390625,49.51836395263672,244.38272094726562,114.78667449951172,244.01806640625,185.16152954101562,150.1905975341797,120.067138671875
2026-03-09,116.15104675292969,223.98428344726562,205.13291931152344,260.75,109.6371841430664,130.90928649902344,217.05751037597656,206.6016082763672,338.5191650390625,224.37684631347656,374.1446533203125,459.80078125,183.0463104248047,331.9642639160156,271.0067443847656,135.58706665039062,173.1482696533203,344.48101806640625,559.0599975585938,303.58660888671875,3672.679931640625,163.25906372070312,177.1821746826172,59.89969253540039,952.3035888671875,497.20001220703125,221.2608184814453,58.301937103271484,702.1781005859375,87.6001205444336,26.229345321655273,91.89875030517578,548.4673461914062,76.64472198486328,360.9686279296875,75.51676177978516,40.475921630859375,200.2255859375,64.19732666015625,77.5790786743164,187.7206268310547,176.58999633789062,104.31999969482422,197.9664306640625,210.4836883544922,280.3425598144531,69.06624603271484,92.2732162475586,277.8892517089844,940.2594604492188,60.80434799194336,46.551944732666016,61.290000915527344,56.233062744140625,358.72760009765625,321.5292053222656,128.85252380371094,74.52845001220703,305.8259582519531,240.6377716064453,34.50321578979492,543.2316284179688,348.59722900390625,137.29893493652344,177.20977783203125,251.47911071777344,164.65460205078125,273.1875,287.1502685546875,27.745561599731445,142.7278289794922,32.99494552612305,76.77303314208984,98.82366180419922,272.8602294921875,369.7619323730469,480.4815979003906,659.8304443359375,515.9669189453125,129.0457000732422,328.2121276855469,941.119384765625,89.7901382446289,70.23182678222656,611.6459350585938,150.849853515625,214.87989807128906,159.59234619140625,408.5251770019531,1248.6199951171875,56.02865219116211,182.427490234375,6872.02978515625,150.50889587402344,94.61000061035156,87.04261016845703,97.05171203613281,159.8482208251953,26.3746395111084,89.09149932861328,154.05992126464844,206.60130310058594,930.0677490234375,170.30516052246094,37.721866607666016,161.8251495361328,163.4199981689453,137.60177612304688,289.05126953125,780.434326171875,26.70484161376953,342.3415222167969,374.3950500488281,228.82009887695312,207.36622619628906,332.53778076171875,46.943870544433594,437.2200012207031,420.2893981933594,92.20365142822266,120.52084350585938,373.4118957519531,363.9609375,26.884868621826172,205.4458770751953,46.26125717163086,157.62371826171875,216.3262481689453,145.08567810058594,426.55206298828125,283.550537109375,252.29920959472656,98.28326416015625,51.15938949584961,315.3163146972656,273.7856750488281,48.86935806274414,246.69992065429688,114.60820007324219,244.47425842285156,186.92857360839844,149.42578125,120.9866943359375
2026-03-10,114.94612121582031,223.5509796142578,197.5590057373047,253.85000610351562,109.61731719970703,131.3560333251953,211.01760864257812,206.41261291503906,345.4505615234375,225.60305786132812,372.6161804199219,454.5001220703125,182.53631591796875,320.1155090332031,271.7178649902344,136.26470947265625,170.93382263183594,341.3226318359375,529.969970703125,301.3696594238281,3726.02001953125,162.73277282714844,174.4322967529297,59.14222717285156,961.9392700195312,494.1400146484375,216.0448455810547,58.013999938964844,713.9935913085938,86.41883850097656,26.05044174194336,91.39478302001953,556.960693359375,75.8409652709961,351.3807067871094,76.99320983886719,40.78497314453125,195.7477569580078,62.53901672363281,75.65595245361328,184.59921264648438,169.92999267578125,105.26000213623047,194.4014434814453,209.74549865722656,279.8751220703125,69.40801239013672,93.90689849853516,281.534423828125,951.3646240234375,60.119834899902344,46.05459213256836,59.45000076293945,55.704166412353516,352.39501953125,326.1134948730469,136.0115509033203,74.76792907714844,306.7453918457031,239.3583526611328,35.19029235839844,535.7677612304688,352.1368408203125,136.60223388671875,172.33607482910156,248.37197875976562,159.06349182128906,269.9378356933594,285.97161865234375,27.597925186157227,145.10879516601562,32.65806198120117,76.85197448730469,97.6172866821289,267.9637145996094,360.2604064941406,474.83843994140625,646.9844970703125,512.97705078125,127.08277893066406,325.3577880859375,927.664306640625,88.36473846435547,70.06311798095703,606.6730346679688,154.4512176513672,214.4116973876953,159.8907470703125,404.8830871582031,1231.72998046875,55.582645416259766,184.544921875,6783.240234375,148.36386108398438,94.70999908447266,85.57152557373047,93.91209411621094,159.1060333251953,26.718957901000977,88.22624969482422,154.84400939941406,206.7611541748047,948.2467041015625,169.93162536621094,37.53833770751953,161.32875061035156,159.52000427246094,134.70248413085938,283.55975341796875,770.878662109375,26.506736755371094,344.3809509277344,372.91961669921875,222.2480010986328,206.14132690429688,329.4757080078125,47.859073638916016,432.6499938964844,411.00164794921875,91.67119598388672,121.13367462158203,383.3475036621094,356.7298583984375,27.060649871826172,202.1685333251953,46.16230392456055,159.00918579101562,217.59934997558594,147.84779357910156,432.6881408691406,280.736572265625,248.91677856445312,99.24700927734375,50.98274612426758,313.77947998046875,271.4603271484375,49.12120819091797,246.45021057128906,113.5274658203125,233.59483337402344,187.01791381835938,147.13136291503906,119.13768768310547
2026-03-11,114.93616485595703,224.2107696533203,197.4120330810547,251.8300018310547,108.5845947265625,130.3135986328125,209.1438446044922,204.5126190185547,350.6341247558594,223.6092071533203,374.8096618652344,449.0500183105469,179.3292999267578,316.0661926269531,274.256103515625,134.0723419189453,168.35684204101562,340.3163757324219,517.5700073242188,304.1929931640625,3712.419921875,162.02774047851562,172.46324157714844,58.77346420288086,945.8399658203125,493.57000732421875,214.43228149414062,58.27214431762695,704.937744140625,85.48162841796875,25.81190299987793,88.54889678955078,554.3987426757812,75.25550842285156,349.49505615234375,77.38957214355469,40.21671676635742,197.8021697998047,61.99287033081055,75.0611801147461,190.04930114746094,169.47999572753906,102.72000122070312,194.24209594726562,209.82530212402344,275.5087585449219,69.84741973876953,91.18742370605469,288.6156311035156,968.63916015625,58.829036712646484,46.343055725097656,58.5,56.193153381347656,350.6706848144531,324.7452087402344,131.55836486816406,74.62823486328125,308.2344970703125,234.15147399902344,35.777793884277344,535.4089965820312,345.9154052734375,134.32305908203125,169.68582153320312,247.05169677734375,155.93524169921875,268.1895446777344,284.77313232421875,27.214075088500977,146.31326293945312,32.77696228027344,76.60527801513672,95.49129486083984,269.6789855957031,362.7901916503906,480.0320129394531,645.245849609375,502.2933654785156,124.92452239990234,325.7370300292969,933.258056640625,87.46035766601562,69.42798614501953,596.7372436523438,154.3716278076172,225.87794494628906,160.02999877929688,404.0049743652344,1228.9300537109375,55.20601272583008,185.8134307861328,6610.91015625,161.98870849609375,94.38999938964844,84.09049987792969,92.80631256103516,158.4825897216797,26.8566837310791,87.50202178955078,152.17413330078125,201.02667236328125,938.3590087890625,164.00411987304688,37.33993148803711,168.27828979492188,159.1300048828125,133.62644958496094,285.04205322265625,773.5046997070312,25.96194076538086,337.1982421875,372.1021423339844,222.5065155029297,206.40023803710938,321.90533447265625,47.918758392333984,432.9800109863281,404.8853454589844,91.49371337890625,124.5438003540039,385.02337646484375,343.92877197265625,26.52353858947754,204.35009765625,45.172760009765625,157.3645782470703,212.2881622314453,145.0059051513672,431.44097900390625,283.63006591796875,249.81211853027344,99.1290054321289,51.25752639770508,308.32080078125,266.071044921875,49.09214782714844,245.67117309570312,112.33765411376953,234.5469207763672,184.4169921875,150.55809020996094,118.44554138183594
2026-03-12,111.16204833984375,221.9359588623047,192.09165954589844,249.88999938964844,109.23004913330078,131.2666778564453,203.53253173828125,203.95555114746094,336.8512268066406,214.90611267089844,365.0334777832031,438.6878662109375,176.39686584472656,315.07879638671875,286.8879089355469,131.0130157470703,167.59254455566406,334.7369384765625,499.3999938964844,300.1170959472656,3614.27001953125,158.5125274658203,168.28533935546875,55.71369552612305,917.7284545898438,491.8900146484375,218.08544921875,56.08781051635742,698.0635986328125,84.06604766845703,23.774383544921875,86.90855407714844,537.0631713867188,76.18826293945312,351.83966064453125,77.03284454345703,39.10013961791992,192.73594665527344,60.75162124633789,75.40813446044922,195.1822967529297,161.75,100.69000244140625,185.47900390625,203.3013153076172,274.4047546386719,69.29083251953125,83.96534729003906,286.72332763671875,966.6887817382812,58.936607360839844,45.01015853881836,56.06999969482422,54.776092529296875,352.03826904296875,306.31817626953125,129.5714111328125,73.29113006591797,303.0276184082031,233.79441833496094,34.69240951538086,530.7254028320312,336.40673828125,133.77565002441406,162.4596710205078,245.87039184570312,157.51426696777344,262.3619079589844,280.1874084472656,26.50542640686035,140.77732849121094,33.05439758300781,76.58554077148438,91.50631713867188,262.1895751953125,356.4359130859375,488.8641052246094,648.5840454101562,495.62603759765625,124.75850677490234,315.6868591308594,943.3169555664062,85.89733123779297,68.26688385009766,586.5317993164062,148.33287048339844,229.19528198242188,153.5448455810547,400.9914855957031,1168.0,53.649940490722656,182.9268035888672,6439.0,158.05618286132812,92.9800033569336,82.13236236572266,90.50590515136719,157.20602416992188,26.423830032348633,85.5079345703125,149.3751983642578,204.98284912109375,900.1354370117188,169.076416015625,37.76650619506836,172.835205078125,157.4600067138672,130.66737365722656,265.1153869628906,745.4965209960938,25.080364227294922,333.3581848144531,357.09844970703125,224.485107421875,202.19773864746094,316.8783874511719,44.32759094238281,418.7200012207031,396.14501953125,91.88813018798828,121.78604125976562,373.0627746582031,335.40460205078125,26.74814796447754,197.07821655273438,43.9061393737793,155.28138732910156,213.213134765625,142.26373291015625,420.8649597167969,275.47662353515625,242.83836364746094,96.26724243164062,50.5214958190918,305.86590576171875,263.28656005859375,49.04372024536133,240.06797790527344,114.07279205322266,236.63951110839844,177.99412536621094,152.4949493408203,114.16413879394531
2026-03-13,111.04255676269531,216.33267211914062,192.67953491210938,251.1699981689453,111.25576782226562,132.64666748046875,207.24017333984375,205.08956909179688,341.10595703125,213.82943725585938,363.4653015136719,440.4713439941406,180.85926818847656,320.5643310546875,284.4188537597656,133.45449829101562,165.5544891357422,320.9776306152344,496.17999267578125,298.19842529296875,3562.85009765625,158.24441528320312,169.22499084472656,54.079158782958984,918.931640625,490.0299987792969,216.0846710205078,55.2537956237793,691.388671875,86.46109771728516,23.843955993652344,87.78800964355469,534.03271484375,77.23017883300781,349.1458740234375,77.61747741699219,39.179893493652344,193.753173828125,59.94729232788086,75.46760559082031,195.03366088867188,161.36000061035156,100.77999877929688,186.53456115722656,203.4309844970703,272.70391845703125,70.042724609375,87.54151153564453,290.44818115234375,965.1265258789062,58.66279983520508,45.21904373168945,56.7400016784668,54.21664810180664,348.361572265625,299.31689453125,128.9224090576172,72.2334213256836,301.2786865234375,232.49020385742188,33.547279357910156,531.1139526367188,336.5059814453125,132.30262756347656,164.20664978027344,244.48062133789062,158.1001739501953,263.715087890625,280.7321472167969,26.97785758972168,141.68316650390625,33.08412170410156,76.8438720703125,93.89928436279297,263.0771179199219,357.51153564453125,492.3630676269531,641.7984619140625,496.3036804199219,123.36199188232422,313.1918029785156,939.8707885742188,85.66140747070312,67.45311737060547,582.9169921875,150.1833038330078,225.32005310058594,154.04217529296875,394.69512939453125,1173.739990234375,53.50126647949219,180.0401611328125,6466.56005859375,154.03427124023438,91.54000091552734,82.68899536132812,91.43396759033203,158.2154083251953,26.14837646484375,85.15078735351562,149.52407836914062,204.97286987304688,887.8531494140625,171.6912078857422,38.20299530029297,171.4949493408203,155.88999938964844,129.34228515625,271.1341857910156,744.6577758789062,24.76339340209961,329.020751953125,359.8200378417969,222.9936981201172,203.67161560058594,318.9530029296875,44.48675537109375,412.6300048828125,398.7784423828125,93.78129577636719,119.93765258789062,382.7688903808594,334.96697998046875,27.070415496826172,198.6421661376953,43.371788024902344,154.9225616455078,216.2168426513672,141.6953582763672,421.4436340332031,280.4880065917969,241.1869354248047,95.5985107421875,50.05043029785156,306.5046081542969,264.8934020996094,49.77021789550781,236.47235107421875,116.35325622558594,237.50076293945312,178.67909240722656,155.06747436523438,114.32234954833984
2026-03-16,111.36121368408203,218.07569885253906,195.2858428955078,249.77999877929688,112.07003021240234,133.18276977539062,211.14718627929688,206.72097778320312,345.7501525878906,214.18887329101562,363.5050048828125,437.4224853515625,181.1534881591797,325.8902893066406,285.584228515625,136.32449340820312,165.73085021972656,323.7275085449219,489.6400146484375,296.4487609863281,3488.8798828125,159.14804077148438,171.29017639160156,55.00605773925781,937.974365234375,492.2099914550781,216.5923309326172,55.45236587524414,697.156982421875,86.51051330566406,24.56951141357422,89.23072814941406,543.3235473632812,77.66677856445312,345.085205078125,78.18229675292969,39.65842819213867,192.2173614501953,60.62253189086914,75.18013000488281,195.053466796875,167.77999877929688,101.70999908447266,190.58749389648438,206.91244506835938,271.6396484375,71.25355529785156,88.41812896728516,290.8863830566406,979.6148681640625,58.73125076293945,45.43788146972656,57.56999969482422,53.70714569091797,351.17608642578125,303.62152099609375,131.84793090820312,72.7922134399414,304.2369079589844,233.79441833496094,34.015289306640625,523.3611450195312,340.029541015625,134.11404418945312,168.73294067382812,247.42892456054688,160.37437438964844,265.34490966796875,283.4261474609375,27.115650177001953,143.6406707763672,33.00485610961914,77.32079315185547,94.87821960449219,266.1187744140625,364.7322998046875,495.842041015625,641.003662109375,506.77813720703125,123.41082000732422,321.2059631347656,942.2081909179688,86.74274444580078,68.63407135009766,584.4747924804688,149.17848205566406,228.06956481933594,154.86773681640625,399.08563232421875,1198.7099609375,54.30408477783203,183.0067138671875,6565.93994140625,154.88832092285156,90.45999908447266,83.10646057128906,91.91773986816406,156.07789611816406,26.177888870239258,85.765869140625,150.98309326171875,204.51332092285156,892.6224365234375,171.8091583251953,38.43116760253906,172.22959899902344,155.94000244140625,128.9138641357422,279.3615417480469,755.7811279296875,25.09027099609375,337.48675537109375,362.930419921875,222.84457397460938,205.20521545410156,321.87542724609375,44.725502014160156,425.8800048828125,402.6483459472656,94.5997085571289,118.83060455322266,397.80194091796875,347.6885070800781,27.080183029174805,202.66661071777344,44.05457305908203,155.51065063476562,213.6607208251953,141.3762664794922,420.5456848144531,283.8686828613281,240.9581298828125,95.78536987304688,50.20745086669922,309.4684143066406,265.4223327636719,49.37306594848633,238.90939331054688,116.8985824584961,235.9375457763672,181.03182983398438,156.1699981689453,116.8239517211914
2026-03-17,112.27735900878906,216.41143798828125,194.6489715576172,252.9199981689453,111.44444274902344,132.65658569335938,208.4661102294922,206.18382263183594,352.0223693847656,215.2373046875,358.4233703613281,436.346435546875,181.50656127929688,320.3349304199219,282.6114501953125,134.65032958984375,167.1320343017578,320.1307373046875,506.57000732421875,298.506591796875,3439.639892578125,160.50845336914062,177.24761962890625,56.810028076171875,965.56884765625,492.5799865722656,215.36798095703125,56.57432174682617,699.36865234375,86.9157943725586,24.9372615814209,88.87499237060547,541.5690307617188,77.68663024902344,333.94085693359375,78.5489273071289,40.18680953979492,192.31707763671875,60.89064025878906,74.15908813476562,196.1732177734375,169.80999755859375,104.70999908447266,194.39149475097656,213.2967987060547,271.8490905761719,71.20472717285156,88.56755065917969,294.55145263671875,972.0722045898438,59.67000961303711,45.686553955078125,58.209999084472656,55.78510284423828,353.0887451171875,301.7138977050781,129.69122314453125,73.8798599243164,309.2239074707031,234.063232421875,35.48902130126953,508.8501892089844,338.88812255859375,134.69129943847656,169.50717163085938,254.23878479003906,160.2249298095703,264.4559020996094,284.1492004394531,27.13533592224121,147.9461669921875,32.9652214050293,77.08233642578125,95.9461669921875,269.87841796875,367.37158203125,492.49261474609375,632.1913452148438,504.8645935058594,125.0710220336914,326.63525390625,940.8497314453125,86.9393539428711,68.77301025390625,581.6687622070312,148.29306030273438,232.37313842773438,156.98635864257812,398.5467834472656,1206.719970703125,54.63115692138672,181.71820068359375,6596.75,153.6171875,89.38999938964844,83.63327026367188,91.25625610351562,154.87059020996094,27.004249572753906,87.03575134277344,150.34786987304688,203.5941925048828,891.29541015625,169.89230346679688,38.12363815307617,171.4651641845703,154.1199951171875,131.1057586669922,276.4665222167969,757.91796875,25.209135055541992,347.40521240234375,356.2909240722656,223.4809112548828,202.48655700683594,319.8706359863281,45.889400482177734,429.2900085449219,408.6419677734375,94.5997085571289,120.15510559082031,420.0572204589844,347.24090576171875,27.197370529174805,203.5531768798828,44.12384033203125,154.87274169921875,212.1986541748047,142.75233459472656,424.3969421386719,285.9368896484375,241.06756591796875,96.14923095703125,50.619632720947266,307.82183837890625,264.93328857421875,48.937164306640625,237.6908721923828,116.29376220703125,235.03146362304688,180.84320068359375,157.73934936523438,120.3143310546875
2026-03-18,111.03260040283203,205.1654510498047,191.20982360839844,248.47999572753906,109.97480010986328,130.02569580078125,208.7850341796875,203.3089599609375,349.0361022949219,212.45147705078125,348.845703125,430.9660949707031,177.2108917236328,317.0436096191406,277.9399719238281,127.36573791503906,162.76193237304688,314.77044677734375,508.4100036621094,292.6611633300781,3361.97998046875,156.97337341308594,174.81613159179688,57.28842544555664,962.8839721679688,484.4700012207031,210.8985595703125,57.19983673095703,691.0200805664062,83.93062591552734,24.012922286987305,86.483642578125,541.5889282226562,76.88287353515625,324.4327697753906,76.89411926269531,39.518856048583984,184.93714904785156,59.867855072021484,72.3846664428711,196.80740356445312,164.99000549316406,104.54000091552734,190.69703674316406,211.71067810058594,261.1283264160156,70.95084381103516,85.68867492675781,293.7547302246094,968.7684936523438,58.52589416503906,44.841060638427734,57.060001373291016,54.78608703613281,350.18505859375,300.5852966308594,129.66127014160156,73.37095642089844,306.1157531738281,230.57867431640625,36.066566467285156,501.0458068847656,328.4662780761719,132.08367919921875,169.15975952148438,249.7617645263672,156.57847595214844,257.541748046875,284.9910583496094,26.643218994140625,148.0470428466797,32.3112678527832,75.48265838623047,93.69163513183594,265.11151123046875,366.8935546875,487.0299072265625,638.1026611328125,486.8159484863281,122.85417175292969,321.8846130371094,919.33349609375,85.73021697998047,68.07832336425781,567.1095581054688,144.3335418701172,235.34182739257812,158.08045959472656,390.9432678222656,1191.5400390625,52.995792388916016,180.1899871826172,6482.81982421875,151.83958435058594,87.72000122070312,78.05705261230469,89.48898315429688,151.94140625,26.876358032226562,85.99405670166016,145.613525390625,200.97669982910156,910.3424072265625,163.31600952148438,37.746665954589844,171.4949493408203,150.11000061035156,129.98988342285156,268.1297607421875,743.01025390625,24.961502075195312,339.85443115234375,354.0179138183594,220.7168426513672,203.71144104003906,311.31280517578125,45.08362579345703,428.6700134277344,402.695556640625,93.7122802734375,119.69054412841797,405.7723388671875,343.9585876464844,26.767681121826172,195.4943389892578,43.39157485961914,152.3709259033203,205.5049591064453,139.8905029296875,425.7339172363281,282.71527099609375,235.34727478027344,95.2346420288086,50.36447525024414,298.4013671875,257.3483581542969,48.03630447387695,237.5010986328125,114.86599731445312,232.78121948242188,182.7591552734375,156.52757263183594,116.03292846679688
2026-03-19,111.28154754638672,203.0876007080078,199.4402313232422,247.64999389648438,108.79312896728516,127.79192352294922,208.984375,203.00059509277344,356.7664794921875,211.18338012695312,347.29742431640625,432.48052978515625,179.24102783203125,316.15594482421875,280.6361999511719,130.19586181640625,161.9094696044922,318.6661376953125,502.17999267578125,293.1979675292969,3341.580078125,155.43421936035156,171.3408660888672,60.507659912109375,964.1666870117188,481.4800109863281,209.95291137695312,58.55015563964844,686.0687255859375,84.08877563476562,24.78817367553711,84.48756408691406,538.5485229492188,76.85309600830078,330.9776916503906,77.79584503173828,38.372371673583984,181.33694458007812,61.1190299987793,71.2347640991211,199.61172485351562,159.25999450683594,104.91000366210938,189.3128662109375,210.97250366210938,257.99688720703125,70.19895935058594,85.27029418945312,289.9700927734375,969.962646484375,57.99784469604492,44.254188537597656,57.02000045776367,55.49538803100586,346.48858642578125,291.2469482421875,132.87635803222656,73.63040161132812,305.5461120605469,234.07318115234375,36.773555755615234,498.6506042480469,325.76654052734375,130.7400360107422,165.21910095214844,248.54074096679688,157.91351318359375,257.4232482910156,285.2188415527344,26.72195816040039,150.95932006835938,33.133663177490234,75.06536102294922,92.67314147949219,263.3663330078125,362.2324523925781,488.2560119628906,633.3637084960938,489.4769287109375,121.59437561035156,324.2499694824219,897.9571533203125,85.39598846435547,68.0882568359375,566.6602172851562,141.97573852539062,234.88356018066406,157.7025146484375,388.1792297363281,1190.489990234375,52.96605682373047,178.3521270751953,6417.89990234375,154.44143676757812,87.91000366210938,79.74681854248047,90.54539489746094,151.14974975585938,26.96489715576172,85.22023010253906,143.7574920654297,202.48524475097656,897.9802856445312,162.02670288085938,37.349857330322266,177.05458068847656,150.6699981689453,130.79690551757812,270.59698486328125,736.3502197265625,24.971405029296875,338.45172119140625,354.63604736328125,221.74095153808594,199.89732360839844,309.57733154296875,47.57058334350586,428.25,402.2236022949219,94.5741195678711,119.55216217041016,433.5340881347656,337.94097900390625,27.089948654174805,197.6260986328125,43.4212646484375,154.17501831054688,205.47512817382812,142.39337158203125,422.0722351074219,278.8473815917969,232.96961975097656,94.95928955078125,50.344844818115234,299.0899353027344,256.5100402832031,47.92974853515625,236.85189819335938,114.65777587890625,232.821044921875,181.25022888183594,157.09373474121094,114.68818664550781
2026-03-20,110.83343505859375,201.94529724121094,195.95211791992188,247.99000549316406,105.317626953125,124.75398254394531,214.10733032226562,204.54244995117188,356.6166687011719,209.0565643310547,345.1932678222656,437.3427734375,173.38597106933594,324.7732238769531,277.5350341796875,126.29945373535156,158.11744689941406,309.3703918457031,496.2699890136719,293.7646179199219,3282.89990234375,153.051025390625,172.5278778076172,60.148860931396484,952.542236328125,480.94000244140625,206.87709045410156,57.65656280517578,678.327880859375,81.4100341796875,23.97316551208496,84.11206817626953,531.8695068359375,73.84645080566406,326.1588134765625,76.94367218017578,38.0533447265625,178.8536834716797,61.63539123535156,70.85807037353516,199.89907836914062,156.63999938964844,100.43000030517578,188.55606079101562,208.85768127441406,255.78289794921875,68.10929107666016,85.58906555175781,290.2987976074219,954.4393310546875,56.697265625,43.52805709838867,57.06999969482422,55.165714263916016,342.6731872558594,286.4329528808594,124.38935852050781,72.65251159667969,298.61029052734375,231.33531188964844,36.375247955322266,492.8921813964844,318.3620910644531,132.02394104003906,168.64358520507812,240.0035858154297,157.84376525878906,254.51931762695312,283.8223571777344,26.170785903930664,149.67596435546875,32.539161682128906,74.2704849243164,89.5385513305664,262.279296875,351.42620849609375,486.6112365722656,623.3492431640625,494.6393737792969,118.93806457519531,319.1300964355469,884.8616333007812,84.69804382324219,68.03862762451172,559.889892578125,140.4735107421875,231.6459197998047,160.60690307617188,381.0447082519531,1204.47998046875,51.90554428100586,172.4989471435547,6369.3798828125,148.6419219970703,87.30000305175781,79.06097412109375,91.3747329711914,148.47784423828125,26.532041549682617,84.39679718017578,143.20169067382812,205.80206298828125,892.3928833007812,161.7688446044922,36.25862121582031,174.20526123046875,149.80999755859375,129.42198181152344,262.2900390625,731.7770385742188,25.11998748779297,328.1651611328125,354.0179138183594,218.04226684570312,197.33799743652344,302.7450256347656,46.38679122924805,420.32000732421875,400.6095886230469,91.06916809082031,120.56037902832031,410.221435546875,333.8728942871094,27.646589279174805,195.08590698242188,43.698333740234375,154.4740447998047,207.34498596191406,140.4788360595703,409.430908203125,274.0249328613281,233.70579528808594,94.2708969116211,50.2957763671875,300.9960021972656,257.8872985839844,48.41408157348633,235.77320861816406,111.22716522216797,230.2422332763672,177.1205291748047,158.5935516357422,114.37178039550781
2026-03-23,111.55040740966797,201.8074188232422,195.98150634765625,247.44000244140625,106.15174865722656,126.99768829345703,216.02096557617188,206.67123413085938,361.3407897949219,212.4914093017578,347.14849853515625,441.29833984375,173.1015625,325.1123352050781,275.2140808105469,130.47315979003906,159.97915649414062,322.0003967285156,507.2799987792969,300.136962890625,3353.239990234375,155.13632202148438,175.43057250976562,62.32159423828125,969.1188354492188,479.9800109863281,205.45364379882812,57.88492202758789,699.06982421875,80.39192199707031,25.29507064819336,84.14170837402344,546.533447265625,74.04491424560547,319.8732604980469,78.10301971435547,38.82099533081055,180.7186279296875,61.50629806518555,70.66972351074219,203.34750366210938,159.97999572753906,102.44999694824219,189.2033233642578,211.77052307128906,260.4202575683594,69.00765228271484,78.98460388183594,288.0678405761719,962.2009887695312,57.11775207519531,44.21440124511719,57.709999084472656,55.33554458618164,344.2488708496094,291.17706298828125,130.7695770263672,75.55622100830078,298.84014892578125,237.65731811523438,37.351097106933594,493.59075927734375,328.4365234375,134.7908172607422,168.88182067871094,246.62484741210938,156.5884246826172,259.527099609375,287.14031982421875,26.13141632080078,150.95034790039062,33.40119171142578,74.62818145751953,92.4160385131836,263.6954345703125,344.0859680175781,476.5430603027344,612.241943359375,498.68560791015625,119.52401733398438,325.8767395019531,876.0413818359375,85.6908950805664,68.65391540527344,576.7658081054688,145.80592346191406,231.6459197998047,163.44166564941406,382.1722717285156,1239.0699462890625,52.242530822753906,175.43553161621094,6530.68994140625,153.2696075439453,88.69999694824219,78.5639877319336,92.31266784667969,149.30911254882812,26.335290908813477,85.8650894165039,142.9138641357422,204.90293884277344,904.0166625976562,161.8977813720703,36.6058349609375,175.4859619140625,149.22999572753906,127.87769317626953,277.52105712890625,735.4315795898438,25.219038009643555,337.3573913574219,356.72955322265625,215.4870147705078,194.01185607910156,313.1380920410156,48.993125915527344,432.4800109863281,404.8003845214844,92.79682159423828,121.80582427978516,403.0290832519531,330.8093566894531,28.08604621887207,200.016845703125,44.39101791381836,155.98907470703125,207.63340759277344,144.0087432861328,423.9779052734375,268.00927734375,237.13796997070312,96.05088806152344,50.56074905395508,303.8101806640625,263.2266845703125,48.99528503417969,241.38636779785156,111.09827423095703,226.54823303222656,182.38192749023438,160.04371643066406,113.93672943115234
2026-03-24,113.72127532958984,202.0733184814453,189.63232421875,239.38999938964844,106.93621826171875,127.87134552001953,215.56248474121094,206.22360229492188,373.525634765625,216.65516662597656,345.81854248046875,446.5392150878906,167.0797882080078,326.1695556640625,282.7102355957031,127.76724243164062,160.26332092285156,317.78704833984375,456.6000061035156,300.2264404296875,3345.840087890625,154.8284912109375,171.1956329345703,63.27840042114258,970.5905151367188,479.3299865722656,206.27981567382812,58.162933349609375,713.94384765625,77.68351745605469,25.3149471282959,83.52904510498047,553.0131225585938,74.75936126708984,326.5179748535156,80.12446594238281,38.7512092590332,177.64697265625,59.818206787109375,72.16658782958984,204.9131622314453,154.72999572753906,101.38999938964844,189.3029022216797,215.052490234375,263.7711181640625,69.60330200195312,71.2046890258789,289.1534118652344,959.782958984375,57.37200164794922,44.65206527709961,56.34000015258789,54.84602737426758,343.119140625,290.2681884765625,141.7926788330078,76.40438079833984,289.02606201171875,240.04672241210938,37.94855880737305,484.74847412109375,328.4464416503906,134.77093505859375,170.9563751220703,238.8321990966797,155.24343872070312,261.7890319824219,289.6065368652344,25.796777725219727,156.4193572998047,33.61917495727539,74.19100189208984,91.34810638427734,265.3907470703125,350.0019836425781,478.3274230957031,606.2014770507812,497.24053955078125,118.95759582519531,323.6511535644531,880.9659423828125,85.11090850830078,69.3585205078125,575.3577880859375,145.9153594970703,242.98265075683594,164.98336791992188,371.9344177246094,1264.4599609375,53.0156135559082,174.99603271484375,6499.93017578125,146.06988525390625,87.98999786376953,77.52030944824219,89.45936584472656,149.02212524414062,26.52220344543457,87.02582550048828,142.09005737304688,206.01187133789062,922.494873046875,162.5225830078125,36.76456069946289,182.79290771484375,142.9600067138672,128.19650268554688,271.9798278808594,740.5838623046875,25.397335052490234,341.7247009277344,360.109130859375,214.03538513183594,193.19525146484375,312.88873291015625,50.246551513671875,415.6199951171875,388.1220703125,94.32588958740234,124.82056427001953,423.917724609375,326.751220703125,28.193470001220703,205.5753631591797,44.84620666503906,157.86294555664062,210.1199188232422,143.60989379882812,429.10626220703125,270.73370361328125,238.43124389648438,96.8081283569336,51.16920471191406,303.131591796875,266.17083740234375,49.314945220947266,245.3215789794922,112.11952209472656,223.9694061279297,179.7710723876953,164.2650604248047,114.62886047363281
2026-03-25,112.50639343261719,204.02313232421875,188.40756225585938,235.4199981689453,107.04544830322266,127.37494659423828,212.85150146484375,203.63723754882812,368.88140869140625,215.0076446533203,351.27734375,450.24566650390625,164.04928588867188,320.604248046875,286.5027160644531,128.53607177734375,160.35150146484375,318.30621337890625,460.1499938964844,298.4767761230469,3386.139892578125,157.16204833984375,169.08493041992188,62.41129684448242,975.8508911132812,476.19000244140625,210.34112548828125,58.82815933227539,716.3447875976562,76.07231903076172,25.5733642578125,84.47767639160156,551.62744140625,74.85859680175781,324.3329772949219,81.08564758300781,39.44906997680664,176.37045288085938,59.37135696411133,71.5519790649414,203.2880401611328,152.9199981689453,100.05000305175781,186.3652801513672,214.63351440429688,267.81011962890625,69.51542663574219,72.82840728759766,294.89007568359375,961.1959838867188,57.166648864746094,45.12952423095703,56.63999938964844,54.72614288330078,349.3327941894531,296.1907958984375,146.1260528564453,76.44429779052734,289.4158020019531,243.70054626464844,38.46635437011719,483.0518798828125,330.0345458984375,133.4671173095703,172.95150756835938,239.62635803222656,156.24969482421875,263.1817626953125,292.59771728515625,25.954254150390625,154.18521118164062,33.66871643066406,74.76728057861328,91.16022491455078,265.291015625,350.59954833984375,490.78802490234375,620.1402587890625,501.0575866699219,118.79158020019531,326.146240234375,878.7783203125,86.39867401123047,69.8547134399414,588.578857421875,147.28826904296875,240.332763671875,164.76454162597656,370.2381286621094,1265.75,52.510135650634766,178.47198486328125,6552.2001953125,145.00730895996094,91.16000366210938,78.22602844238281,92.17444610595703,150.15025329589844,26.83700942993164,88.01791381835938,142.84437561035156,202.6450958251953,919.481689453125,164.13919067382812,36.86376190185547,179.98330688476562,143.55999755859375,129.87033081054688,277.5708312988281,748.3522338867188,25.51620101928711,344.14215087890625,359.5408935546875,214.31378173828125,194.19110107421875,321.1174011230469,51.61935806274414,410.1300048828125,385.5547180175781,94.64362335205078,125.45317077636719,412.9255676269531,325.8957824707031,28.134872436523438,209.21131896972656,44.91547775268555,159.218505859375,210.21939086914062,145.76373291015625,433.01739501953125,269.0135192871094,240.08267211914062,96.73928833007812,50.923858642578125,304.2792053222656,268.9952087402344,48.79186248779297,248.018310546875,111.76258087158203,223.8798065185547,180.60494995117188,162.1593475341797,115.40011596679688
2026-03-26,113.00430297851562,207.90309143066406,192.4541778564453,239.8300018310547,107.81005859375,127.92098999023438,209.5724334716797,206.0743865966797,338.129638671875,211.15342712402344,350.51312255859375,446.5192565917969,165.66751098632812,322.9181213378906,289.5446472167969,122.94451904296875,160.11634826660156,308.9310607910156,450.4599914550781,297.6318054199219,3395.969970703125,156.2782745361328,168.1277313232422,62.152164459228516,963.0331420898438,475.2699890136719,206.7476806640625,54.28076934814453,700.55419921875,77.07067108154297,25.1261043548584,83.14366912841797,528.340576171875,75.74173736572266,317.2991943359375,81.41265106201172,39.42913055419922,168.39215087890625,60.33456039428711,70.56067657470703,205.90408325195312,151.9600067138672,93.69000244140625,187.26150512695312,208.6980743408203,263.5317687988281,69.10530090332031,69.4813461303711,293.05755615234375,958.6485595703125,58.193416595458984,44.87090301513672,55.540000915527344,54.7561149597168,352.0877990722656,284.8848876953125,135.11293029785156,75.43647766113281,280.5711364746094,235.02896118164062,38.62567901611328,479.3592834472656,325.9848937988281,134.2533721923828,173.8448486328125,239.904296875,155.38291931152344,258.1640625,288.8736267089844,25.855831146240234,144.9280242919922,33.75789260864258,74.21087646484375,90.09229278564453,267.6445617675781,347.93035888671875,493.9280700683594,623.2498779296875,499.05438232421875,119.28964233398438,325.0982971191406,862.606201171875,86.18241119384766,69.20965576171875,579.2821655273438,143.24916076660156,247.3659210205078,162.35748291015625,365.1790771484375,1270.0,51.60820770263672,171.04066467285156,6530.22021484375,141.819580078125,92.2699966430664,76.97362518310547,92.40151977539062,149.25962829589844,27.122299194335938,88.23617553710938,141.3555908203125,202.70504760742188,899.4270629882812,161.15394592285156,37.24073028564453,182.68370056152344,144.00999450683594,130.0596160888672,272.586669921875,755.6014404296875,25.268566131591797,331.9156799316406,353.72882080078125,216.02392578125,192.05003356933594,318.7236022949219,52.037166595458984,401.95001220703125,389.3019104003906,94.862060546875,124.2077407836914,378.5201110839844,330.8988952636719,28.24229621887207,202.41757202148438,44.49987030029297,157.0555877685547,210.44813537597656,141.00732421875,406.2082214355469,266.5277404785156,237.9537353515625,95.88370513916016,50.62944412231445,304.8979187011719,266.01116943359375,49.150272369384766,245.24168395996094,113.0515365600586,225.53262329101562,179.24493408203125,164.31471252441406,115.32100677490234
2026-03-27,109.77787780761719,206.2093048095703,188.71131896972656,229.83999633789062,107.9590072631836,129.16197204589844,206.41294860839844,201.64772033691406,336.7513732910156,208.92677307128906,346.156005859375,435.22052001953125,166.25596618652344,312.834716796875,288.5767517089844,123.43378448486328,157.56875610351562,300.2048645019531,429.94000244140625,290.5535888671875,3316.7099609375,153.42835998535156,162.07814025878906,63.00929641723633,928.6170654296875,468.489990234375,205.6328125,53.8637580871582,692.7933959960938,77.68351745605469,24.042739868164062,83.2918930053711,521.6017456054688,75.6226577758789,311.7320251464844,79.1930160522461,39.548763275146484,165.2606658935547,59.31177520751953,69.47025299072266,209.23358154296875,146.60000610351562,94.05000305175781,181.14419555664062,206.09446716308594,260.65960693359375,68.6463623046875,66.97105407714844,285.2294006347656,958.260498046875,57.450233459472656,44.71175003051758,53.900001525878906,53.86698913574219,343.6443786621094,282.4579162597656,136.6006317138672,72.82215118408203,273.5953369140625,229.14501953125,40.24877166748047,470.9062194824219,319.25537109375,131.6955108642578,168.69200134277344,234.61325073242188,152.10508728027344,255.8626251220703,280.13787841796875,26.04448699951172,144.1370391845703,33.718257904052734,75.22432708740234,89.24189758300781,263.4760437011719,341.615966796875,489.5718688964844,611.8346557617188,482.6002502441406,117.74664306640625,316.9144592285156,859.2099609375,86.36080169677734,67.18517303466797,570.125244140625,142.3040313720703,250.95223999023438,157.54336547851562,355.9989318847656,1232.0400390625,50.91441345214844,167.32498168945312,6450.759765625,138.69142150878906,90.11000061035156,75.49259185791016,90.51577758789062,151.4466094970703,26.600906372070312,86.32144927978516,141.6434326171875,198.64894104003906,886.4364013671875,162.19529724121094,37.349857330322266,186.9229278564453,137.61000061035156,126.64225006103516,260.4495849609375,736.6098022460938,24.921878814697266,327.0206604003906,350.4190368652344,214.5921630859375,188.9230499267578,314.5544128417969,53.2209587097168,380.4700012207031,383.4404296875,95.19964599609375,121.10401153564453,379.7991943359375,325.68695068359375,28.41807746887207,201.3616485595703,44.0644645690918,154.61358642578125,209.68231201171875,138.44464111328125,409.30120849609375,257.54901123046875,237.5557861328125,93.22846984863281,49.90322494506836,294.9085998535156,260.94122314453125,48.73374557495117,240.81707763671875,113.3886489868164,224.08888244628906,174.01332092285156,169.8372344970703,112.07781982421875
2026-03-30,111.54045867919922,209.87261962890625,193.56137084960938,235.67999267578125,108.91229248046875,130.1746063232422,215.23358154296875,206.18382263183594,322.71881103515625,208.0580596923828,346.38427734375,436.8346252441406,167.0797882080078,323.2073669433594,287.9545593261719,118.97051239013672,158.30361938476562,292.94635009765625,415.07000732421875,295.742919921875,3342.510009765625,153.6071014404297,164.28738403320312,60.47776412963867,928.8258666992188,474.6600036621094,205.36404418945312,53.97297668457031,664.9282836914062,78.76094818115234,23.814138412475586,84.71484375,510.097900390625,76.61495208740234,309.2178039550781,76.3392105102539,39.648460388183594,168.20265197753906,60.63246154785156,69.52972412109375,208.79759216308594,148.00999450683594,94.97000122070312,183.50929260253906,202.31373596191406,261.77655029296875,70.15013122558594,67.71817016601562,283.6358947753906,959.3052978515625,57.977752685546875,44.8808479309082,54.529998779296875,53.567283630371094,337.72802734375,272.9098205566406,128.35328674316406,72.60263061523438,272.9757385253906,225.00335693359375,39.093685150146484,466.8942565917969,321.09161376953125,133.80551147460938,165.60928344726562,235.5166015625,156.35928344726562,253.04759216308594,281.0589904785156,26.26293182373047,138.08175659179688,33.34174346923828,75.78073120117188,83.93187713623047,262.88763427734375,338.558349609375,497.68621826171875,594.6769409179688,492.32720947265625,118.86970520019531,318.68096923828125,859.2399291992188,84.97332000732422,67.7508316040039,572.7515258789062,141.78671264648438,244.2279052734375,157.52346801757812,358.1842041015625,1247.9300537109375,50.78556823730469,164.97772216796875,6499.33984375,137.83738708496094,92.11000061035156,75.87030792236328,91.93749237060547,155.18727111816406,27.31905174255371,87.53179168701172,143.63839721679688,201.19650268554688,859.5371704101562,163.47470092773438,37.71690368652344,183.4779510498047,139.66000366210938,126.60240173339844,260.02178955078125,748.1724853515625,25.001121520996094,325.80364990234375,347.438232421875,220.4086151123047,186.3736572265625,315.0830383300781,51.261234283447266,383.1400146484375,394.1534423828125,95.89468383789062,121.99361419677734,362.1717529296875,324.3541259765625,28.10557746887207,197.87513732910156,44.173316955566406,155.28138732910156,212.78546142578125,136.5301055908203,403.0154724121094,260.3033142089844,237.99351501464844,93.3759765625,49.93266677856445,298.9203186035156,266.4103698730469,48.724056243896484,237.08160400390625,114.35041046142578,228.96775817871094,175.55203247070312,170.31399536132812,115.02437591552734
2026-03-31,113.76119232177734,214.17604064941406,194.28643798828125,239.39999389648438,109.15060424804688,130.13490295410156,215.8614959716797,206.25344848632812,341.3656311035156,214.03909301757812,349.21295166015625,442.78289794921875,169.25704956054688,321.93072509765625,286.89776611328125,126.15966796875,161.8406524658203,309.02093505859375,424.69000244140625,300.70361328125,3377.780029296875,156.1293182373047,167.990478515625,60.846527099609375,956.3209838867188,479.20001220703125,210.34112548828125,55.909095764160156,705.804443359375,80.37214660644531,25.722450256347656,84.22076416015625,536.3355102539062,76.98210144042969,313.41815185546875,76.88420867919922,40.92454528808594,168.6813507080078,60.92042922973633,71.19510650634766,205.02215576171875,150.14999389648438,100.08999633789062,189.2074737548828,207.93992614746094,265.2969665527344,71.45861053466797,71.49356079101562,291.5636291503906,975.4156494140625,58.541893005371094,46.1540641784668,55.79999923706055,55.225650787353516,340.13616943359375,283.4167175292969,135.76193237304688,74.33885955810547,286.68743896484375,230.98684692382812,38.824832916259766,472.2934265136719,326.4414978027344,134.59176635742188,172.9818878173828,240.61904907226562,156.69802856445312,258.7232360839844,291.3497314453125,26.143779754638672,147.05331420898438,33.22283935546875,75.56214904785156,85.86997985839844,266.078857421875,343.75726318359375,494.1972351074219,600.4591064453125,497.96807861328125,119.26033782958984,326.4256896972656,864.4042358398438,85.87518310546875,70.18220520019531,587.8399658203125,144.48277282714844,243.25161743164062,163.69033813476562,369.3699951171875,1261.199951171875,52.35155487060547,174.1969757080078,6589.830078125,146.08975219726562,92.30999755859375,76.61579132080078,90.9501953125,153.67318725585938,27.6240177154541,89.39691162109375,143.36048889160156,198.04953002929688,893.2210693359375,163.98049926757812,37.895469665527344,180.8668975830078,142.49000549316406,128.3061065673828,273.76055908203125,771.4877319335938,25.87279510498047,343.1512145996094,357.7763366699219,217.76388549804688,192.0998077392578,319.72100830078125,51.12196350097656,396.4800109863281,401.4684753417969,96.4804916381836,125.09732818603516,391.4808654785156,327.7151184082031,28.31065559387207,208.2151641845703,45.48941421508789,159.1786346435547,208.8965606689453,140.7081756591797,415.79644775390625,269.0533142089844,241.36599731445312,96.74911499023438,51.568660736083984,301.6147155761719,271.75970458984375,48.62718963623047,249.60638427734375,114.78667449951172,228.79847717285156,181.00204467773438,168.51620483398438,116.8832778930664
2026-04-01,114.32011413574219,211.70428466796875,193.0812530517578,237.8699951171875,110.01451873779297,130.72064208984375,215.62228393554688,203.03042602539062,353.3606872558594,218.30270385742188,350.6322021484375,435.0810546875,167.72708129882812,320.4945068359375,287.6431579589844,127.50762939453125,163.37631225585938,312.99462890625,423.57000732421875,299.6796875,3426.469970703125,155.24554443359375,166.96266174316406,60.13889694213867,952.03515625,478.5,211.55947875976562,56.494895935058594,727.58251953125,79.89768981933594,26.418190002441406,84.39863586425781,548.3677368164062,77.3194808959961,316.9300537109375,77.22112274169922,41.3133544921875,171.573486328125,60.82113265991211,71.8592758178711,195.61830139160156,150.5,100.91000366210938,190.39500427246094,206.79275512695312,268.8074035644531,71.84920501708984,70.4376449584961,297.2903137207031,991.078125,58.93777847290039,46.38284683227539,55.45000076293945,55.84504699707031,347.3804931640625,292.31561279296875,142.16212463378906,74.87769317626953,294.7226257324219,236.5223388671875,37.83902359008789,473.8004150390625,327.1064758300781,134.01451110839844,176.53350830078125,241.3635711669922,157.4950714111328,258.97174072265625,292.5580749511719,25.5083065032959,151.79025268554688,32.57879638671875,75.59195709228516,84.48562622070312,271.99261474609375,352.48193359375,492.2733154296875,613.6229248046875,489.98516845703125,119.6802749633789,332.8030700683594,871.3565673828125,85.29045867919922,70.6287841796875,598.0653076171875,144.50267028808594,237.2545166015625,165.28176879882812,368.57171630859375,1274.050048828125,44.23419189453125,175.54541015625,6664.18994140625,144.22279357910156,92.0999984741211,76.98355865478516,89.75556182861328,153.0398406982422,28.086383819580078,89.36714935302734,143.0131072998047,193.17420959472656,918.6934814453125,156.036376953125,38.06411361694336,174.37403869628906,142.52000427246094,126.8116226196289,280.6050720214844,776.0908203125,26.09071159362793,352.14923095703125,367.78546142578125,219.384521484375,193.91226196289062,324.8576965332031,49.76905822753906,396.739990234375,401.30804443359375,96.71879577636719,127.61479949951172,422.8185119628906,328.5229797363281,27.646589279174805,210.85496520996094,46.221675872802734,161.5010223388672,203.1477508544922,143.93894958496094,427.1706848144531,272.424072265625,241.86341857910156,96.28691101074219,52.30238342285156,297.8924560546875,279.5741882324219,47.84256362915039,255.7189483642578,115.18327331542969,230.00326538085938,179.0563201904297,159.69607543945312,115.97360229492188
2026-04-02,115.25830841064453,205.6578369140625,197.26504516601562,238.0800018310547,110.8982925415039,131.72335815429688,216.88807678222656,205.945068359375,348.0373229980469,217.9632110595703,345.3322448730469,432.3609924316406,170.3848876953125,322.289794921875,291.7377014160156,127.80718231201172,164.48597717285156,314.0529479980469,412.80999755859375,299.36053466796875,3400.5400390625,153.42835998535156,167.3516845703125,60.17876434326172,961.143798828125,477.3500061035156,213.58506774902344,55.31336212158203,714.5315551757812,83.8021240234375,25.483911514282227,84.13182830810547,547.958984375,77.97439575195312,324.05364990234375,78.7254867553711,41.09402847290039,173.86724853515625,62.10210037231445,72.85057830810547,197.1641387939453,156.4499969482422,98.30999755859375,190.7243194580078,204.87745666503906,263.56170654296875,71.73202514648438,68.85377502441406,299.521240234375,995.446533203125,59.6503791809082,46.05459213256836,56.15999984741211,56.02486801147461,345.95343017578125,280.8099670410156,147.69363403320312,72.38310241699219,294.2828674316406,236.6019744873047,38.00830078125,470.896240234375,319.23553466796875,135.5472412109375,177.41143798828125,246.34689331054688,162.37692260742188,256.6557312011719,291.7855224609375,25.130992889404297,151.4906463623047,32.667972564697266,76.22785186767578,85.52389526367188,272.9699401855469,354.5635070800781,501.01568603515625,618.7393798828125,491.7691345214844,121.95570373535156,331.2760925292969,883.3033447265625,85.85536193847656,70.18220520019531,596.3278198242188,143.7266845703125,240.81094360351562,164.92369079589844,372.6528625488281,1259.93994140625,43.798091888427734,177.18348693847656,6663.14013671875,145.36480712890625,91.41999816894531,77.3910903930664,90.5355224609375,155.37527465820312,27.86012077331543,89.3869857788086,142.05035400390625,195.163330078125,906.0121459960938,156.800048828125,38.33196258544922,174.93994140625,142.64999389648438,126.3333969116211,272.17877197265625,760.7138061523438,26.219480514526367,347.17138671875,363.8974304199219,222.54031372070312,195.39608764648438,317.1776123046875,49.182132720947266,395.95001220703125,406.96185302734375,98.49608612060547,128.16207885742188,429.0540466308594,330.65728759765625,27.666120529174805,208.26498413085938,46.66697311401367,160.76344299316406,200.31312561035156,140.79791259765625,426.10308837890625,275.6854553222656,243.44520568847656,96.55243682861328,52.50068664550781,300.17767333984375,279.3246765136719,47.852256774902344,253.6015167236328,116.58130645751953,234.40419006347656,178.8577880859375,159.60667419433594,116.6163101196289
2026-04-06,114.6195297241211,203.5406036376953,194.93310546875,237.72000122070312,110.65997314453125,131.40567016601562,218.54257202148438,207.26809692382812,352.1821594238281,218.093017578125,340.00250244140625,428.8338623046875,172.7484893798828,325.31182861328125,292.30419921875,126.29945373535156,164.9318084716797,313.9331359863281,413.07000732421875,304.8953857421875,3438.35009765625,154.23269653320312,175.74818420410156,60.49769592285156,954.0338134765625,476.3800048828125,212.1581573486328,55.19422149658203,718.5364990234375,85.57147979736328,25.81190299987793,83.52904510498047,550.26171875,77.726318359375,320.22247314453125,80.14019775390625,41.353233337402344,171.2244415283203,61.913429260253906,72.64240264892578,197.0551300048828,155.07000732421875,101.63999938964844,191.7222442626953,206.97230529785156,266.3042297363281,71.85896301269531,70.63688659667969,301.3836669921875,1011.0792846679688,59.442535400390625,45.62687301635742,56.31999969482422,56.65424728393555,348.2327880859375,288.3305969238281,146.27581787109375,73.27117919921875,297.48095703125,241.7193145751953,37.659786224365234,482.95208740234375,324.2181396484375,135.77615356445312,182.2200927734375,244.93727111816406,165.77430725097656,256.92413330078125,294.125,25.51823616027832,153.80967712402344,32.88595199584961,76.72463989257812,87.58065795898438,273.7078857421875,357.2825012207031,497.8955383300781,633.7511596679688,499.80181884765625,121.8971176147461,337.3341369628906,855.82373046875,85.50849151611328,70.49977111816406,597.6259765625,143.75653076171875,240.48219299316406,165.6597442626953,372.0741271972656,1266.6300048828125,43.63951110839844,177.43319702148438,6715.4501953125,144.53062438964844,92.12999725341797,77.63958740234375,90.6836166381836,155.0981903076172,27.378076553344727,90.38899993896484,141.70297241210938,196.29283142089844,910.0430297851562,159.02162170410156,38.41132354736328,176.05186462402344,144.36000061035156,125.267333984375,274.27789306640625,761.9019775390625,26.48692512512207,357.71563720703125,366.0508117675781,220.21710205078125,197.5869598388672,315.57177734375,49.520362854003906,397.07000732421875,409.7463073730469,97.31453704833984,129.5551300048828,452.9770202636719,331.4152526855469,27.656356811523438,208.92242431640625,47.14195251464844,161.29171752929688,197.53819274902344,143.29080200195312,429.9144592285156,279.76214599609375,244.27090454101562,95.54934692382812,52.98652648925781,302.70245361328125,281.07122802734375,47.61008834838867,253.72137451171875,115.738525390625,232.7911834716797,181.2899169921875,162.2686004638672,116.9327163696289
2026-04-07,113.661376953125,203.22547912597656,193.31642150878906,234.9600067138672,110.55074310302734,131.96163940429688,216.84820556640625,209.42672729492188,353.8700866699219,217.4240264892578,337.4517517089844,430.4878234863281,170.7281494140625,321.6215515136719,290.58489990234375,128.18661499023438,166.18016052246094,333.4422607421875,372.8699951171875,306.19183349609375,3387.0,153.87521362304688,172.97515869140625,61.04586410522461,953.0891723632812,478.0799865722656,212.30784606933594,55.045284271240234,721.7245483398438,83.93062591552734,25.04659080505371,82.14562225341797,555.0367431640625,77.98431396484375,320.15264892578125,80.37930297851562,41.29341506958008,169.81825256347656,61.059452056884766,77.5394287109375,199.71080017089844,155.89999389648438,100.26000213623047,190.6145477294922,207.0321502685547,261.54718017578125,71.75816345214844,68.90357971191406,310.5662841796875,1002.3324584960938,59.59099197387695,45.39809036254883,55.31999969482422,56.814090728759766,345.2993469238281,288.24072265625,148.292724609375,72.60263061523438,303.7471923828125,240.20602416992188,38.555973052978516,488.6007385253906,316.3968200683594,135.1192626953125,196.6859588623047,243.27947998046875,165.6846466064453,257.4807434082031,296.0662536621094,25.28986167907715,154.68756103515625,32.99494552612305,75.42304992675781,84.66361999511719,268.4324035644531,352.5715637207031,493.0309143066406,623.6174926757812,496.59271240234375,121.38929748535156,330.278076171875,855.6738891601562,85.6472396850586,70.65855407714844,593.5817260742188,143.6072998046875,244.48690795898438,167.52969360351562,371.48541259765625,1270.0,42.31139373779297,177.89266967773438,6492.240234375,142.1770782470703,91.36000061035156,77.36127471923828,90.44666290283203,151.61485290527344,26.659931182861328,90.33939361572266,140.24395751953125,196.76263427734375,910.9110107421875,156.19505310058594,38.550209045410156,173.44081115722656,143.9199981689453,123.61344146728516,266.3291015625,759.1361694335938,26.358156204223633,348.6777038574219,368.23406982421875,219.73849487304688,197.09898376464844,313.1480407714844,50.08738708496094,397.8999938964844,405.923583984375,97.76133728027344,130.56015014648438,468.3860168457031,331.1858825683594,27.382917404174805,210.16761779785156,47.32997131347656,157.0655517578125,199.457763671875,139.80076599121094,430.87225341796875,305.982421875,244.8379669189453,95.95254516601562,53.24432373046875,301.924072265625,277.2987060546875,47.0966911315918,255.73890686035156,115.94673919677734,232.30328369140625,178.61952209472656,162.8049774169922,115.48910522460938
2026-04-08,116.69554138183594,208.36593627929688,189.92626953125,240.64999389648438,112.07003021240234,133.73873901367188,220.06748962402344,210.9586639404297,385.2410888671875,230.14495849609375,347.188232421875,451.4512634277344,172.7877197265625,328.8923645019531,294.77880859375,135.1161651611328,166.94305419921875,350.0759582519531,391.5299987792969,315.4764099121094,3464.929931640625,155.99029541015625,180.54611206054688,62.94949722290039,995.927734375,479.75,214.6627197265625,57.875,768.6878662109375,84.53358459472656,27.859363555908203,84.53697967529297,594.7819213867188,78.21253967285156,324.183349609375,83.38804626464844,42.01121520996094,174.11656188964844,60.57288360595703,78.1044692993164,191.13931274414062,160.69000244140625,106.3499984741211,195.78382873535156,216.15977478027344,272.7666320800781,73.47774505615234,71.16484069824219,316.94036865234375,1012.6514282226562,60.1749267578125,47.92462921142578,56.630001068115234,59.321624755859375,346.87506103515625,307.6764831542969,164.84735107421875,76.57401275634766,314.5506896972656,251.6752166748047,37.639869689941406,504.10968017578125,333.6573486328125,138.24444580078125,197.9230499267578,239.9738006591797,167.16912841796875,267.8877258300781,306.5888366699219,25.657245635986328,167.02081298828125,32.65806198120117,76.79419708251953,87.6399917602539,273.9671936035156,360.5093994140625,498.9023742675781,624.4122924804688,505.4028015136719,123.13737487792969,347.8932800292969,870.2177734375,87.8572998046875,73.77467346191406,623.4690551757812,148.40249633789062,231.09800720214844,175.07913208007812,373.52099609375,1322.760009765625,42.747493743896484,181.8680419921875,6755.5,142.66368103027344,93.05999755859375,79.07091522216797,88.74850463867188,153.18829345703125,27.023921966552734,93.45454406738281,143.81704711914062,198.0020751953125,963.871337890625,159.61668395996094,38.83789825439453,166.7891082763672,144.32000732421875,127.04077911376953,277.8195495605469,774.3734130859375,27.21001625061035,374.484619140625,388.7707214355469,215.87974548339844,202.63592529296875,334.80194091796875,51.60940933227539,410.1600036621094,412.43634033203125,98.17835998535156,135.45578002929688,495.9463806152344,339.104736328125,26.709087371826172,222.1712188720703,48.77470397949219,161.1123046875,196.56349182128906,150.1412353515625,448.4523620605469,304.2423400878906,247.8224639892578,98.78479766845703,54.890235900878906,308.32080078125,291.9994812011719,46.53486251831055,269.3323974609375,116.28385162353516,230.431396484375,186.16416931152344,155.16680908203125,118.40599060058594
2026-04-09,115.1684799194336,209.16358947753906,183.81971740722656,225.1300048828125,113.51981353759766,136.1611328125,217.6654815673828,213.3958282470703,397.3160705566406,233.1404571533203,352.9348449707031,451.2519836425781,176.46551513671875,324.5438232421875,295.90185546875,137.47259521484375,166.9529571533203,354.34918212890625,351.3299865722656,316.9024963378906,3548.18994140625,154.37171936035156,176.15716552734375,63.2086296081543,996.00732421875,485.20001220703125,215.33126831054688,61.02242660522461,784.1198120117188,85.57147979736328,27.68045997619629,85.02117156982422,609.0770263671875,79.32391357421875,321.7190246582031,82.86002349853516,42.36014938354492,173.67776489257812,58.785484313964844,78.1540298461914,188.6322784423828,154.5500030517578,109.7699966430664,192.5904541015625,217.78578186035156,271.72943115234375,74.93050384521484,73.0077133178711,315.58587646484375,1026.492919921875,59.83842086791992,48.839752197265625,56.40999984741211,60.1707878112793,340.8100280761719,312.6302795410156,169.5401611328125,76.56404113769531,316.1797180175781,255.3987274169922,37.53033447265625,506.175537109375,337.0518798828125,139.73736572265625,196.85557556152344,235.4470977783203,161.37066650390625,271.5356140136719,308.938232421875,26.233142852783203,172.50582885742188,32.667972564697266,77.67848205566406,87.9366455078125,272.5111999511719,356.5255432128906,501.7134704589844,619.8123779296875,502.7272644042969,122.67838287353516,352.2347106933594,872.46533203125,87.1239242553711,74.08232116699219,624.607421875,149.7256622314453,222.67018127441406,177.2076873779297,372.26373291015625,1335.0,43.609779357910156,183.69590759277344,6798.75,137.38204956054688,94.4000015258789,80.76067352294922,86.7442855834961,155.8502960205078,26.777982711791992,91.58942413330078,145.56390380859375,199.79129028320312,980.7731323242188,159.92413330078125,39.492637634277344,159.9090576171875,139.19000244140625,127.27989959716797,274.4669189453125,766.704833984375,27.883581161499023,384.2008972167969,393.685546875,216.3683319091797,202.34713745117188,334.8617858886719,52.265968322753906,404.9200134277344,400.5057373046875,99.04218292236328,137.80409240722656,500.4131774902344,338.237060546875,26.21103858947754,227.74966430664062,49.95226287841797,164.46133422851562,196.4739532470703,152.18539428710938,459.0682678222656,305.16705322265625,249.85191345214844,99.955078125,55.85200881958008,307.6522216796875,292.4385986328125,46.28300857543945,270.61083984375,117.77111053466797,232.09420776367188,189.91664123535156,153.99476623535156,118.64330291748047
2026-04-10,114.839111328125,204.7715606689453,177.39694213867188,218.4499969482422,112.65589904785156,135.31727600097656,212.84153747558594,209.8843231201172,398.9939880371094,234.55833435058594,348.3891296386719,444.7158508300781,175.8378448486328,311.7475891113281,296.8658447265625,140.53797912597656,168.2112274169922,370.9628601074219,345.94000244140625,312.6441650390625,3430.449951171875,153.14039611816406,173.02503967285156,62.62059783935547,993.7102661132812,479.8999938964844,215.05186462402344,62.889041900634766,787.6962890625,85.29470825195312,27.809667587280273,83.34129333496094,614.2108764648438,78.76822662353516,320.0827941894531,81.91356658935547,42.11091232299805,174.4556427001953,57.51444625854492,78.6397705078125,186.83871459960938,152.5800018310547,107.86000061035156,189.2174530029297,216.58871459960938,272.5472106933594,74.83168029785156,72.39009857177734,310.26751708984375,1025.1695556640625,60.51143264770508,48.90938186645508,56.09000015258789,58.30262756347656,333.6814270019531,307.96612548828125,170.97796630859375,76.25470733642578,315.53009033203125,255.7571563720703,37.43075942993164,494.4789733886719,334.8285827636719,136.58233642578125,191.69772338867188,229.07400512695312,160.0057373046875,268.8916320800781,308.4803161621094,26.382081985473633,173.5065460205078,32.3806266784668,76.97303771972656,87.9761962890625,260.2149658203125,352.1632080078125,501.5639343261719,609.7283935546875,497.82550048828125,123.43035125732422,353.4024353027344,864.6439208984375,86.43017578125,73.31817626953125,630.6288452148438,149.5465850830078,221.77359008789062,176.69046020507812,370.0684814453125,1325.010009765625,42.24201583862305,188.41041564941406,6750.0400390625,137.6112518310547,93.01000213623047,79.46849822998047,84.48336791992188,155.4247589111328,26.48285484313965,91.07353973388672,144.0751190185547,194.04383850097656,982.0103149414062,159.13070678710938,39.33391189575195,158.1021728515625,133.44000244140625,127.58875274658203,275.5115051269531,747.753173828125,27.23973274230957,378.9437255859375,394.78216552734375,214.03514099121094,200.72389221191406,335.2407531738281,51.649200439453125,392.239990234375,392.105224609375,98.11878204345703,138.72947692871094,502.7715148925781,338.24700927734375,26.11038589477539,228.89523315429688,49.08146286010742,161.0724334716797,194.6538543701172,149.87200927734375,464.65557861328125,302.6016845703125,249.21522521972656,100.01407623291016,55.18769073486328,303.7303161621094,294.89373779296875,45.268306732177734,266.95526123046875,116.54164123535156,228.45994567871094,187.7525177001953,151.4818115234375,116.5372085571289
2026-04-13,117.27442932128906,203.32395935058594,189.66937255859375,227.13999938964844,110.99758911132812,133.49053955078125,221.76185607910156,213.96282958984375,395.2386779785156,234.11898803710938,347.1981506347656,453.40411376953125,177.45606994628906,324.5438232421875,296.80621337890625,145.05117797851562,167.9833526611328,379.1499328613281,359.6300048828125,322.9360046386719,3514.469970703125,154.3419189453125,176.80552673339844,62.351497650146484,1017.9138793945312,480.19000244140625,213.7147674560547,63.862064361572266,788.7623291015625,86.07559967041016,27.58106803894043,82.98556518554688,616.34423828125,77.84539031982422,318.3866882324219,82.04307556152344,42.22057342529297,175.20361328125,60.106170654296875,77.41055297851562,190.03939819335938,159.61000061035156,108.13999938964844,195.4644775390625,218.7035369873047,274.4520263671875,71.54074096679688,74.26286315917969,314.78912353515625,1051.6385498046875,60.15513229370117,45.55724334716797,58.790000915527344,59.76118850708008,339.266845703125,311.5116882324219,174.9019317626953,76.66382598876953,319.01800537109375,260.41650390625,38.446441650390625,496.42510986328125,338.6201477050781,138.41366577148438,197.76341247558594,236.0824432373047,163.70201110839844,272.8576354980469,312.2732238769531,25.855831146240234,176.6525421142578,31.776214599609375,75.91984558105469,88.78703308105469,263.4560546875,356.5056457519531,507.2658996582031,615.6595458984375,507.7288818359375,122.94205474853516,358.8516540527344,863.6151123046875,87.2131118774414,74.78692626953125,634.3834228515625,152.00387573242188,224.43344116210938,180.1717529296875,383.539306640625,1345.8900146484375,42.52944564819336,189.08961486816406,6781.68994140625,155.08047485351562,94.01000213623047,81.27754211425781,88.18574523925781,154.25704956054688,26.896034240722656,92.8096923828125,142.5069122314453,199.48143005371094,987.2584838867188,161.41180419921875,39.18510437011719,159.24388122558594,134.2100067138672,130.75706481933594,280.9532775878906,745.3468017578125,27.56661033630371,376.060791015625,406.52593994140625,212.85858154296875,200.57452392578125,333.5152587890625,51.649200439453125,417.7699890136719,405.9424743652344,95.54716491699219,140.9185791015625,512.914306640625,346.3154602050781,25.271617889404297,233.42770385742188,49.48717498779297,158.80984497070312,191.39154052734375,149.54293823242188,471.8692321777344,311.22247314453125,250.04092407226562,100.32877349853516,56.03047561645508,308.74993896484375,296.5604248046875,44.658695220947266,268.713134765625,115.33200073242188,230.00326538085938,192.1105499267578,151.61094665527344,118.73229217529297
2026-04-14,120.15888214111328,207.0561981201172,188.10813903808594,228.58999633789062,111.07703399658203,134.48333740234375,219.18045043945312,213.75393676757812,395.1487731933594,234.0091552734375,348.3197021484375,460.30889892578125,174.74197387695312,322.1700744628906,294.7987060546875,148.4959716796875,169.41995239257812,380.17828369140625,380.8599853515625,326.0674133300781,3508.5,154.6398162841797,180.6658172607422,61.285064697265625,1048.6507568359375,477.5400085449219,214.4831085205078,64.19964599609375,791.2728881835938,85.27493286132812,28.515344619750977,83.16343688964844,613.6326904296875,78.21253967285156,319.1649169921875,82.30210876464844,42.38008499145508,175.66236877441406,59.619606018066406,76.94464874267578,185.32260131835938,163.5500030517578,107.80999755859375,198.19882202148438,217.9453887939453,272.38763427734375,71.52098083496094,76.12565612792969,312.08013916015625,1052.166015625,60.72917175292969,44.38349914550781,59.02000045776367,59.65129852294922,338.3907165527344,317.6040954589844,172.5555419921875,79.28813171386719,330.38116455078125,263.3136901855469,37.351097106933594,497.66259765625,340.1585693359375,138.1150665283203,195.74818420410156,238.51454162597656,161.44039916992188,270.6112365722656,309.7247009277344,25.83597183227539,179.36207580566406,31.360061645507812,75.4131088256836,87.83776092529297,268.1332092285156,354.1252746582031,498.0749816894531,607.6023559570312,512.3012084960938,123.38151550292969,365.9776306152344,861.8370361328125,87.33204650878906,75.46175384521484,629.8998413085938,151.76510620117188,223.07861328125,182.3599853515625,392.2604064941406,1341.530029296875,43.808006286621094,196.28123474121094,6843.7099609375,162.4348907470703,93.5199966430664,81.4067611694336,87.72171020507812,154.0987091064453,26.669769287109375,93.39501953125,143.3009490966797,196.5027313232422,982.7786254882812,158.1587677001953,39.29423141479492,157.61570739746094,133.64999389648438,132.35116577148438,280.07781982421875,754.3832397460938,27.48736572265625,372.0904846191406,404.0236511230469,211.11366271972656,201.9687042236328,332.7372741699219,51.22144317626953,418.79998779296875,401.37408447265625,95.4776611328125,141.07778930664062,533.0599365234375,344.9591064453125,25.28148651123047,235.9678955078125,49.0121955871582,159.75674438476562,188.9746551513672,150.44036865234375,469.5046081542969,312.40570068359375,250.7373046875,101.5088882446289,55.61404037475586,310.725830078125,296.2709655761719,44.71769332885742,267.96405029296875,115.5104751586914,226.11012268066406,192.42820739746094,148.23387145996094,119.750732421875
2026-04-15,119.54006958007812,206.9469757080078,191.6950225830078,239.32000732421875,109.9648666381836,133.42103576660156,222.42962646484375,217.0863800048828,393.7704772949219,229.7555389404297,345.6101379394531,466.4465026855469,175.31649780273438,327.2167663574219,293.387451171875,146.7585906982422,169.707275390625,396.0931091308594,402.17999267578125,328.1617126464844,3536.419921875,154.43128967285156,185.224365234375,59.86979675292969,1042.7239990234375,474.0899963378906,211.36988830566406,58.13314437866211,767.2831420898438,84.64231872558594,28.644554138183594,82.50135803222656,599.5768432617188,76.88287353515625,316.8502197265625,82.05303955078125,41.971336364746094,175.98150634765625,59.9671516418457,74.3375244140625,183.23175048828125,179.93499755859375,108.87000274658203,197.7297821044922,214.9327850341797,269.6351318359375,70.512939453125,76.30496215820312,309.9189147949219,1047.797607421875,60.6697883605957,44.16466522216797,61.290000915527344,59.31163024902344,337.39508056640625,313.5391540527344,168.0124969482422,77.61176300048828,334.2688293457031,264.66766357421875,37.38097381591797,487.6027526855469,336.38690185546875,138.0951690673828,197.90309143066406,243.01144409179688,164.45921325683594,262.7985534667969,304.5579833984375,25.816112518310547,174.58816528320312,31.409605026245117,74.82688903808594,87.45211791992188,265.9991149902344,354.48382568359375,496.370361328125,607.1254272460938,519.08984375,122.76862335205078,363.0234375,862.4663696289062,86.32115936279297,76.93049621582031,616.0596313476562,150.46185302734375,222.18203735351562,190.59573364257812,410.3312683105469,1315.8499755859375,45.03700637817383,198.63848876953125,6767.2099609375,169.22128295898438,93.5999984741211,80.5121841430664,89.11380767822266,153.23777770996094,26.748470306396484,93.93074798583984,142.30841064453125,201.1406707763672,961.5865478515625,155.89752197265625,39.04622268676758,160.27639770507812,136.5800018310547,132.56039428710938,280.8537902832031,752.8056030273438,27.5864200592041,368.4593505859375,396.1778564453125,210.25616455078125,197.56704711914062,327.98956298828125,52.14659118652344,438.45001220703125,406.4143981933594,94.79255676269531,142.0330352783203,519.229736328125,340.3314514160156,25.123598098754883,233.24839782714844,49.07156753540039,159.70689392089844,189.16363525390625,150.93894958496094,461.5127258300781,312.2664794921875,246.748046875,101.85308074951172,55.891666412353516,315.2564392089844,290.672119140625,44.27523422241211,257.06732177734375,113.8744888305664,223.95944213867188,191.46527099609375,148.0054168701172,119.4046630859375
2026-04-16,118.02298736572266,207.51295471191406,191.6950225830078,243.16000366210938,111.49408721923828,133.58981323242188,223.33660888671875,212.7492218017578,389.4158935546875,229.89532470703125,346.7713928222656,457.30987548828125,176.91127014160156,334.4576721191406,295.4049377441406,148.73561096191406,168.0626220703125,397.8403625488281,393.0799865722656,324.8707275390625,3489.2900390625,153.73619079589844,184.09718322753906,60.39802932739258,1019.20654296875,475.1199951171875,212.6371307373047,59.28488540649414,769.7637329101562,85.8680191040039,27.14374542236328,82.62982940673828,606.9835815429688,77.50801849365234,321.6292419433594,84.18506622314453,42.58944320678711,177.03863525390625,60.106170654296875,76.12186431884766,186.4423370361328,179.3300018310547,108.33000183105469,193.37881469726562,213.64593505859375,268.4982604980469,70.760009765625,75.04981231689453,314.5401306152344,1065.6295166015625,59.86811828613281,44.48297119140625,62.439998626708984,59.59135818481445,333.45245361328125,297.91864013671875,165.8258514404297,77.88118743896484,332.56982421875,263.1941833496094,37.98838806152344,482.0039978027344,334.6399841308594,137.62738037109375,200.28746032714844,249.1661376953125,163.1440887451172,264.0111999511719,308.5599670410156,25.855831146240234,173.26385498046875,31.498781204223633,74.6977310180664,87.80809020996094,265.6300964355469,351.98394775390625,497.6463317871094,603.5389404296875,517.6721801757812,121.69109344482422,361.7060546875,866.382080078125,84.8841323852539,76.5037612915039,607.1123657226562,149.77540588378906,225.3798370361328,186.3187255859375,419.35174560546875,1290.8399658203125,45.294700622558594,198.1190948486328,6703.58984375,177.72171020507812,92.70999908447266,80.20404815673828,90.9600601196289,156.73101806640625,26.777982711791992,93.23628997802734,142.04043579101562,203.3796844482422,954.841796875,154.95533752441406,39.02638244628906,162.15277099609375,138.27000427246094,133.9751739501953,264.57818603515625,744.887451171875,27.655757904052734,368.7985534667969,401.57122802734375,209.04969787597656,195.03758239746094,332.4779357910156,51.46018981933594,441.1499938964844,412.27587890625,95.11029052734375,141.1971893310547,531.4310913085938,337.47906494140625,26.051177978515625,235.56942749023438,48.91324234008789,156.96588134765625,196.0562286376953,150.26089477539062,459.2279052734375,314.6031494140625,249.7723388671875,103.3183822631836,55.00921630859375,314.4481201171875,285.2129821777344,45.99590301513672,255.18959045410156,115.44107055664062,223.1131134033203,190.1052703857422,150.9553985595703,117.70396423339844
2026-04-17,121.63603973388672,206.9072723388672,195.30165100097656,242.02000427246094,111.92108154296875,132.69630432128906,220.8748016357422,215.02723693847656,396.4471435546875,235.90631103515625,352.6370544433594,454.53997802734375,180.63571166992188,330.9269714355469,290.0084533691406,150.8324432373047,172.2832489013672,405.8976135253906,402.8500061035156,330.7845153808594,3572.3798828125,157.43014526367188,191.52850341796875,59.58076095581055,1046.2442626953125,474.5799865722656,213.5251922607422,60.8834228515625,791.67138671875,87.6867904663086,29.042118072509766,84.79389190673828,625.21630859375,77.15078735351562,326.80731201171875,85.92854309082031,43.1876106262207,178.6841583251953,60.87078094482422,76.62743377685547,182.32009887695312,183.88999938964844,112.5,194.3468017578125,218.53395080566406,274.0531005859375,69.91998291015625,75.90650177001953,321.7408142089844,1083.26220703125,62.03559875488281,45.537349700927734,63.970001220703125,60.46050262451172,334.8164367675781,303.7513732910156,164.12844848632812,81.14411163330078,339.19586181640625,266.24072265625,36.99262619018555,487.02392578125,346.79876708984375,139.1800079345703,204.6571502685547,251.6180877685547,160.64337158203125,270.6211853027344,308.8984375,26.342365264892578,178.91563415527344,31.726673126220703,75.25413513183594,91.75352478027344,269.9382629394531,348.9363098144531,490.6783752441406,588.3384399414062,520.4276123046875,126.47570037841797,377.18548583984375,865.423095703125,85.41930389404297,77.48623657226562,621.1323852539062,153.75482177734375,212.87754821777344,187.8107147216797,421.87628173828125,1340.5799560546875,45.62177276611328,201.44520568847656,7000.919921875,174.4530792236328,93.70999908447266,80.93959045410156,90.79222106933594,156.02841186523438,27.11246109008789,95.40895080566406,145.83187866210938,202.49008178710938,986.570068359375,156.49258422851562,38.70893478393555,155.24293518066406,139.74000549316406,135.69879150390625,284.0074462890625,749.4506225585938,27.86376953125,385.9366455078125,414.4515075683594,207.05552673339844,195.60520935058594,344.6563415527344,52.38534164428711,449.5799865722656,417.73150634765625,93.35284423828125,144.70970153808594,547.3597412109375,342.4059143066406,26.159725189208984,245.19223022460938,50.041324615478516,160.15542602539062,196.60325622558594,155.4062042236328,475.03204345703125,322.78643798828125,249.8419647216797,104.67550659179688,56.44691467285156,316.3641357421875,291.1311950683594,45.76975631713867,263.0500183105469,114.88582611083984,222.98367309570312,198.02880859375,145.45274353027344,121.0064697265625
2026-04-20,120.727783203125,202.27027893066406,192.74241638183594,245.30999755859375,110.49115753173828,132.3190460205078,222.32997131347656,214.0225067138672,391.1337585449219,236.46548461914062,347.5356140136719,454.9285583496094,179.9423370361328,331.07659912109375,294.3216552734375,152.57980346679688,174.7304229736328,398.9985046386719,403.75,328.969482421875,3582.5,157.52944946289062,191.5484619140625,58.97279357910156,1042.545166015625,472.0799865722656,210.72128295898438,61.21107482910156,796.921630859375,86.55005645751953,28.833396911621094,83.05386352539062,634.6167602539062,76.4462661743164,322.26776123046875,87.38310241699219,43.576416015625,178.20545959472656,59.83806228637695,75.9136962890625,181.58680725097656,189.8000030517578,111.05999755859375,195.0952606201172,221.3570098876953,274.9306945800781,69.7519760131836,77.5501480102539,318.0657653808594,1098.53662109375,62.777889251708984,45.318519592285156,64.13999938964844,60.91006088256836,330.68463134765625,303.2220458984375,165.12692260742188,80.36579895019531,335.1982727050781,266.3402404785156,36.52461624145508,477.1736755371094,348.376953125,138.28427124023438,209.84490966796875,251.85633850097656,160.0157012939453,271.03863525390625,315.5683898925781,26.312576293945312,180.3018798828125,31.64740562438965,74.99580383300781,93.06867218017578,268.4523620605469,347.1634826660156,496.5797119140625,577.4993896484375,515.785400390625,127.98818969726562,377.97393798828125,858.0911865234375,84.23993682861328,77.10912322998047,626.4547729492188,150.6210174560547,213.305908203125,189.68064880371094,417.1664733886719,1324.6600341796875,46.06778335571289,201.82476806640625,7096.97021484375,176.96435546875,92.83000183105469,80.24381256103516,91.90786743164062,155.35549926757812,27.07311248779297,95.42880249023438,143.41012573242188,203.68954467773438,994.1928100585938,156.2545623779297,38.42124557495117,154.6273956298828,140.75,137.01394653320312,280.8139953613281,748.2922973632812,28.04206657409668,388.5701904296875,412.4277648925781,207.8432159423828,194.97781372070312,343.0405578613281,51.92774200439453,460.95001220703125,417.8919677734375,92.7173843383789,149.43617248535156,539.3654174804688,337.4391784667969,25.83408546447754,246.70639038085938,50.308502197265625,159.16867065429688,197.28953552246094,153.17257690429688,476.15948486328125,321.6429748535156,250.8765869140625,105.33439636230469,56.516319274902344,313.29052734375,294.18511962890625,45.66160202026367,263.93896484375,114.16202545166016,223.21267700195312,201.34771728515625,146.6843719482422,121.87045288085938
2026-04-21,121.8556137084961,203.67030334472656,192.1100311279297,245.47999572753906,109.1903305053711,130.93905639648438,223.71534729003906,215.20628356933594,393.8403625488281,233.1903839111328,342.2752990722656,459.4022216796875,173.10757446289062,334.437744140625,292.9601135253906,151.7011260986328,170.54942321777344,401.5345153808594,404.9200134277344,328.88970947265625,3606.179931640625,155.59310913085938,190.3813934326172,60.0491943359375,1037.0062255859375,468.5,204.47488403320312,61.27064895629883,798.9678344726562,83.94050598144531,27.19344139099121,81.34366607666016,636.9893188476562,74.99751281738281,311.67218017578125,89.36568450927734,43.237457275390625,175.78204345703125,60.0267333984375,76.68690490722656,184.2920379638672,182.4499969482422,110.16999816894531,194.13723754882812,219.74098205566406,270.1038513183594,68.91195678710938,75.56781768798828,326.7803039550781,1088.9541015625,61.21413040161133,45.4577751159668,63.2599983215332,60.96999740600586,324.0936279296875,286.373046875,165.19680786132812,78.87902069091797,330.271240234375,264.3192138671875,37.98838806152344,470.237548828125,341.3595886230469,138.49327087402344,216.848388671875,253.8119354248047,158.04302978515625,269.41845703125,311.5962829589844,26.253002166748047,178.30941772460938,31.280794143676758,74.2208023071289,93.75096130371094,272.6707763671875,338.9268493652344,493.2801513671875,568.2301025390625,510.4942626953125,124.30087280273438,374.71038818359375,841.3197631835938,81.26676177978516,76.89080047607422,613.6130981445312,147.7061004638672,219.51223754882812,188.29808044433594,423.2433166503906,1324.27001953125,45.978580474853516,199.64732360839844,6933.5,180.54190063476562,93.80999755859375,78.39501190185547,92.4903793334961,153.30703735351562,26.866519927978516,94.97244262695312,141.25634765625,207.40789794921875,970.4963989257812,151.9899139404297,37.90538787841797,158.2312469482422,140.92999267578125,135.0611572265625,270.0697021484375,746.2454223632812,28.081687927246094,385.826904296875,408.7790222167969,204.702392578125,186.39358520507812,333.74462890625,52.49476623535156,467.5799865722656,419.7136535644531,92.48902130126953,152.8094024658203,559.5010986328125,326.4285583496094,25.538049697875977,242.24362182617188,50.536094665527344,158.7301025390625,194.3355712890625,150.07144165039062,478.03521728515625,344.0450134277344,249.95140075683594,104.54766082763672,56.3576774597168,309.2987976074219,290.1431884765625,45.49445343017578,257.3170166015625,112.61528015136719,222.45596313476562,201.6068572998047,147.35980224609375,117.36187744140625
2026-04-22,120.23873138427734,199.08294677734375,187.8413543701172,247.57000732421875,108.4753646850586,130.67100524902344,220.37646484375,213.03770446777344,402.9790344238281,230.11500549316406,343.327392578125,466.8052062988281,174.64291381835938,325.9999694824219,294.92791748046875,147.9068603515625,169.72708129882812,421.98211669921875,403.1499938964844,331.9912109375,3589.989990234375,154.5603790283203,178.9501190185547,62.331565856933594,1056.516357421875,465.3999938964844,200.1143798828125,60.218196868896484,807.3722534179688,85.01793670654297,26.775999069213867,81.8805923461914,637.2185668945312,74.40213775634766,307.591552734375,89.46531677246094,43.048038482666016,174.18638610839844,58.398216247558594,75.76499938964844,184.6289520263672,182.27000427246094,107.69000244140625,183.6589813232422,215.6410369873047,268.19903564453125,68.56605529785156,76.36473846435547,326.8699645996094,1096.85498046875,61.065677642822266,44.57249450683594,63.2599983215332,60.800167083740234,319.3345642089844,275.946044921875,168.50173950195312,78.82913208007812,337.5268859863281,265.41436767578125,38.94432067871094,470.3972473144531,336.9725036621094,137.4581756591797,216.88829040527344,250.0198516845703,158.23233032226562,265.4822998046875,311.6161804199219,26.352294921875,180.97500610351562,31.518596649169922,74.15125274658203,93.89012908935547,271.8729553222656,330.32171630859375,493.0608215332031,551.8175048828125,509.3062438964844,123.1640396118164,366.4067687988281,828.3141479492188,82.47586059570312,76.38468170166016,609.7686157226562,145.02993774414062,221.22569274902344,190.02879333496094,431.984375,1310.0699462890625,45.274879455566406,202.26426696777344,6610.77001953125,186.84996032714844,93.91999816894531,77.41096496582031,92.2435531616211,152.1887969970703,26.364803314208984,96.65898132324219,141.78237915039062,202.62002563476562,952.277587890625,162.6019287109375,37.478816986083984,159.49208068847656,140.60000610351562,135.5692901611328,264.2698059082031,745.4666137695312,27.943012237548828,374.3749084472656,405.7682800292969,204.69241333007812,180.15956115722656,334.28326416015625,54.066524505615234,477.260009765625,423.8572692871094,91.72447967529297,151.6451873779297,579.4668579101562,328.4731140136719,25.636728286743164,220.18887329101562,50.41735076904297,157.95265197753906,187.90048217773438,145.75376892089844,476.109619140625,351.5123596191406,248.1109619140625,103.55440521240234,56.119712829589844,310.64599609375,289.53436279296875,45.209312438964844,261.2022705078125,112.4169692993164,222.96376037597656,196.63345336914062,148.4921112060547,116.7064437866211
2026-04-23,114.2003402709961,199.52976989746094,176.1617889404297,231.97999572753906,111.26570129394531,134.10606384277344,218.64222717285156,215.4251251220703,403.40850830078125,234.648193359375,346.00714111328125,457.9574890136719,177.3173828125,322.70867919921875,301.7753601074219,149.95376586914062,171.7482452392578,419.27642822265625,392.6400146484375,317.6803894042969,3597.199951171875,153.7659912109375,176.30677795410156,64.27506256103516,1047.5667724609375,470.54998779296875,204.27532958984375,61.10186004638672,833.6934204101562,86.51051330566406,26.487764358520508,83.24278259277344,654.8731689453125,76.02950286865234,310.6744689941406,88.25981903076172,46.03886795043945,177.1383514404297,54.71419143676758,78.86000061035156,185.8973388671875,177.0,107.70999908447266,178.2003173828125,227.5917205810547,270.71221923828125,69.5147933959961,76.1057357788086,344.88665771484375,1109.801025390625,62.00590896606445,45.20909881591797,61.54999923706055,61.049922943115234,317.3134460449219,281.9884948730469,169.24061584472656,78.35016632080078,337.5468444824219,259.6498718261719,39.48203659057617,473.0818786621094,337.6275939941406,138.95111083984375,214.44406127929688,229.3916778564453,156.89727783203125,271.4859313964844,310.29217529296875,28.32822036743164,181.31158447265625,31.439329147338867,75.7906723022461,93.62173461914062,264.1940612792969,328.88751220703125,506.4584655761719,526.34423828125,501.5392761230469,124.55789947509766,367.5145568847656,835.176513671875,83.04076385498047,75.48159790039062,618.0068359375,144.0947723388672,220.25938415527344,187.6416015625,414.8514709472656,1264.3599853515625,44.38285827636719,199.4075927734375,6669.009765625,175.66885375976562,93.23999786376953,79.01127624511719,89.7950439453125,154.07891845703125,26.236913681030273,96.23239135742188,144.62100219726562,205.23886108398438,971.6837158203125,167.79885864257812,38.23276138305664,158.38015747070312,135.8300018310547,133.4570770263672,259.0866394042969,764.8776245117188,28.131214141845703,370.23504638671875,407.6524963378906,213.4169464111328,178.5562286376953,336.7867736816406,54.45449447631836,456.8500061035156,414.3901672363281,93.2436294555664,150.50088500976562,587.2012939453125,328.7723083496094,26.258405685424805,216.89161682128906,50.862648010253906,157.8330535888672,193.022705078125,146.032958984375,484.43072509765625,352.54644775390625,269.8580017089844,105.93428802490234,56.14945983886719,308.2409973144531,292.12921142578125,46.42852783203125,269.1226501464844,114.58837127685547,231.79550170898438,191.74977111816406,149.51516723632812,115.25655364990234
2026-04-24,115.32817840576172,197.3056182861328,176.2408447265625,237.44000244140625,110.34220886230469,133.75857543945312,214.6654815673828,211.76441955566406,416.5221862792969,232.60125732421875,341.9676208496094,462.43115234375,176.52496337890625,320.2950439453125,299.89703369140625,149.48448181152344,170.78720092773438,422.09197998046875,397.1199951171875,313.22259521484375,3577.909912109375,151.074951171875,179.79800415039062,68.71023559570312,1039.1143798828125,469.32000732421875,199.41590881347656,60.53591537475586,829.2516479492188,85.34412384033203,27.00459861755371,84.16748046875,658.6812133789062,75.68218994140625,307.4818115234375,88.67826080322266,45.27122116088867,175.4230194091797,54.724124908447266,77.94000244140625,183.52902221679688,176.77999877929688,108.52999877929688,176.88304138183594,224.22998046875,268.7575378417969,68.05215454101562,77.520263671875,343.36285400390625,1103.3031005859375,61.61991500854492,44.453125,60.84000015258789,61.02994155883789,311.8375549316406,284.2456970214844,175.62083435058594,77.88118743896484,342.1141052246094,258.2461242675781,40.18902587890625,431.5950012207031,333.3893737792969,133.81546020507812,214.72340393066406,230.28509521484375,157.8636932373047,267.6690673828125,306.8974609375,29.013338088989258,193.2533416748047,31.449237823486328,76.138427734375,93.49250793457031,263.0771179199219,316.22882080078125,508.69140625,510.1105651855469,503.3262634277344,124.22179412841797,366.42669677734375,827.1953735351562,82.57495880126953,77.10912322998047,614.4219360351562,145.23886108398438,223.28781127929688,187.06471252441406,423.7023010253906,1282.449951171875,44.29365539550781,208.0275421142578,6503.9501953125,172.67926025390625,93.12999725341797,77.48054504394531,88.67939758300781,153.82162475585938,26.561555862426758,98.55386352539062,148.17999267578125,200.8008270263672,972.2723388671875,162.84988403320312,38.44108581542969,161.67623901367188,137.1699981689453,148.30226135253906,264.46875,750.4491577148438,27.497272491455078,370.33477783203125,399.94622802734375,209.17930603027344,173.53712463378906,336.8266906738281,55.857139587402344,500.82000732421875,412.27587890625,92.53865814208984,149.993408203125,585.832275390625,326.6380310058594,25.853822708129883,213.84341430664062,50.199649810791016,156.51734924316406,188.77574157714844,145.4745635986328,485.3187255859375,352.9044189453125,267.31121826171875,105.24588775634766,55.10837173461914,308.7798767089844,291.4905090332031,45.60260772705078,266.73553466796875,113.6266098022461,228.5395965576172,189.9158935546875,147.90609741210938,116.06095123291016
2026-04-27,115.39804077148438,195.98501586914062,174.8673553466797,235.02999877929688,111.1266860961914,134.0961456298828,214.34652709960938,213.07749938964844,404.3572998046875,232.62123107910156,337.6304016113281,476.12115478515625,173.64247131347656,322.9281005859375,300.5132141113281,148.4160919189453,172.66964721679688,417.5391845703125,402.5899963378906,317.9696044921875,3562.260009765625,149.16839599609375,177.07484436035156,68.152099609375,1050.937744140625,472.80999755859375,201.90049743652344,61.4692268371582,827.2553100585938,82.47758483886719,26.60703468322754,83.69021606445312,658.7111206054688,75.46389770507812,309.4472961425781,87.9310531616211,45.321067810058594,173.56805419921875,54.24748611450195,78.36000061035156,183.10292053222656,174.05999755859375,106.7699966430664,180.24606323242188,225.67642211914062,267.15191650390625,67.76555633544922,77.02218627929688,354.686767578125,1084.4862060546875,61.67930221557617,45.040000915527344,61.27000045776367,61.94903564453125,311.1605529785156,284.2057189941406,167.7528839111328,77.79137420654297,348.31036376953125,256.1951904296875,39.96000289916992,444.8783874511719,329.8260803222656,136.06478881835938,223.09365844726562,226.38381958007812,156.36924743652344,268.1163330078125,310.232421875,27.95090675354004,189.7578125,30.666475296020508,74.95606231689453,92.6972427368164,262.7081298828125,319.1669006347656,509.1399841308594,510.01116943359375,505.58245849609375,123.95487976074219,359.9595031738281,827.4051513671875,82.17853546142578,77.07935333251953,608.8798828125,145.02000427246094,226.34616088867188,189.16342163085938,423.9018859863281,1274.699951171875,44.73966598510742,216.3578338623047,6482.52978515625,172.36036682128906,91.97000122070312,77.01338195800781,88.78800201416016,152.49559020996094,26.35496711730957,98.95069885253906,148.39999389648438,201.8903350830078,972.1427001953125,159.57701110839844,38.43116760253906,162.91722106933594,136.41000366210938,149.70706176757812,257.5346984863281,743.3297729492188,27.99254035949707,369.47686767578125,405.6686096191406,205.51002502441406,172.66079711914062,335.2308044433594,54.94193649291992,498.5400085449219,412.6817626953125,91.80391693115234,153.25717163085938,595.4354248046875,328.134033203125,25.18280601501465,208.71324157714844,50.69442367553711,156.96588134765625,181.76377868652344,146.05291748046875,484.79986572265625,352.67572021484375,267.5201416015625,106.44566345214844,55.495059967041016,309.0093994140625,290.74200439453125,46.31053924560547,266.8953552246094,114.14219665527344,225.22396850585938,191.41090393066406,147.19094848632812,117.05403137207031
2026-04-28,114.64948272705078,196.29281616210938,175.63809204101562,234.85000610351562,111.4146499633789,134.6123809814453,212.71197509765625,215.26596069335938,380.63677978515625,228.6072540283203,337.02496337890625,473.62030029296875,176.71315002441406,320.8336181640625,301.47723388671875,143.50350952148438,181.80445861816406,399.19818115234375,406.30999755859375,315.0376281738281,3563.090087890625,148.47329711914062,172.9452362060547,67.44446563720703,1043.8775634765625,478.1600036621094,205.16339111328125,61.5585823059082,816.3555908203125,85.17608642578125,26.139894485473633,85.1816635131836,640.4385375976562,75.33489227294922,311.2730712890625,86.53627014160156,45.09177017211914,173.74757385253906,54.73405075073242,80.9800033569336,186.6504364013672,171.97000122070312,106.18000030517578,178.6094512939453,223.59153747558594,266.2344055175781,67.14295196533203,76.80303955078125,361.2699890136719,1071.1024169921875,64.48020935058594,44.68000030517578,61.599998474121094,61.70927429199219,312.3055114746094,288.8399658203125,152.8157958984375,78.77923583984375,347.2909851074219,246.71717834472656,40.63711929321289,431.0561218261719,326.6101989746094,138.1349639892578,229.17930603027344,231.3373565673828,155.72164916992188,266.8539733886719,310.0532531738281,28.586381912231445,180.66641235351562,31.498781204223633,77.8473892211914,91.77275848388672,258.85870361328125,323.569091796875,508.68145751953125,508.95806884765625,506.7704772949219,128.8877716064453,357.62408447265625,834.0777587890625,81.16766357421875,77.6847152709961,613.1637573242188,145.27865600585938,231.7056884765625,189.34246826171875,428.3222961425781,1262.47998046875,44.63064193725586,212.92184448242188,6442.35986328125,165.3846435546875,91.56999969482422,76.89410400390625,89.83453369140625,154.6627655029297,26.049999237060547,99.26817321777344,149.1699981689453,202.93988037109375,960.0899047851562,164.52598571777344,38.67917251586914,163.93980407714844,137.11000061035156,149.44801330566406,254.570068359375,730.6787109375,28.061878204345703,365.9754333496094,400.055908203125,207.54408264160156,174.95123291015625,323.431396484375,55.35974884033203,483.8900146484375,409.1422119140625,92.24079132080078,151.72479248046875,578.6174926757812,320.5741882324219,25.71567153930664,203.51333618164062,50.61526107788086,156.68679809570312,185.7123565673828,143.43038940429688,479.6615295410156,364.6871032714844,266.3561706542969,102.21694946289062,55.7330207824707,308.66009521484375,290.8817138671875,46.44819641113281,262.8602600097656,114.79658508300781,226.3690185546875,186.7763671875,149.5449676513672,115.84247589111328
2026-04-29,111.08633422851562,202.44898986816406,178.11825561523438,235.8699951171875,110.51102447509766,133.47067260742188,211.10731506347656,211.21730041503906,382.1149597167969,227.52886962890625,335.486572265625,473.6501770019531,176.50514221191406,321.6414794921875,300.6324768066406,148.156494140625,182.66641235351562,404.809326171875,400.5400085449219,314.7882995605469,3523.56005859375,144.29275512695312,173.54371643066406,68.5806655883789,1033.5556640625,475.3800048828125,202.37945556640625,61.300437927246094,808.550048828125,84.87955474853516,25.424278259277344,84.00839233398438,636.949462890625,74.15406799316406,310.71435546875,89.23616790771484,44.543453216552734,173.47830200195312,54.316993713378906,83.9000015258789,190.47540283203125,169.3300018310547,101.33999633789062,178.42982482910156,221.70616149902344,255.9125213623047,67.14295196533203,75.39846801757812,375.10369873046875,1083.7099609375,64.75733184814453,43.709999084472656,62.02000045776367,61.689292907714844,337.2457580566406,283.21697998046875,151.66754150390625,76.45427703857422,347.1011047363281,251.9639434814453,41.63288497924805,433.9103698730469,320.40673828125,135.9951171875,242.54776000976562,225.44076538085938,155.612060546875,264.07086181640625,307.86309814453125,28.725391387939453,181.38949584960938,31.548320770263672,78.36405944824219,88.18415069580078,256.4353942871094,320.1031188964844,503.1190185546875,506.4942321777344,524.3510131835938,128.22544860839844,353.25274658203125,821.721435546875,78.66028594970703,78.35954284667969,611.9754638671875,143.1297607421875,240.89064025878906,186.0800018310547,423.5426330566406,1240.1500244140625,43.99631881713867,209.00640869140625,6207.5,163.26202392578125,91.69000244140625,76.13867950439453,92.85568237304688,153.67318725585938,25.833572387695312,98.8415756225586,146.4600067138672,200.57093811035156,945.3632202148438,161.3721466064453,38.351802825927734,172.2395477294922,137.5,155.42593383789062,252.69976806640625,685.3363647460938,27.744905471801758,358.57354736328125,398.9692687988281,207.70362854003906,172.07322692871094,317.02801513671875,55.40948486328125,481.2200012207031,408.8779296875,91.98263549804688,149.95359802246094,642.8416137695312,314.2909851074219,25.409767150878906,204.45968627929688,50.120487213134766,155.56048583984375,197.10057067871094,141.19677734375,478.28466796875,368.6345520019531,263.4114685058594,104.84268951416016,55.693359375,334.167236328125,295.4925231933594,45.82875442504883,261.0524597167969,113.5373764038086,229.3162384033203,180.57705688476562,153.62725830078125,113.0419921875
2026-04-30,115.32817840576172,209.8264923095703,176.58668518066406,237.0,112.85449981689453,136.12142944335938,205.7152557373047,216.1214599609375,394.00018310546875,235.14744567871094,343.6549072265625,473.0623474121094,180.98240661621094,310.83001708984375,298.19757080078125,147.04815673828125,181.30906677246094,416.7703857421875,401.760009765625,322.1680908203125,3704.030029296875,147.99664306640625,167.9378204345703,69.43779754638672,1059.6287841796875,473.6000061035156,192.46104431152344,66.6917724609375,888.4617919921875,87.75598907470703,26.348615646362305,84.8734359741211,668.9091186523438,76.14857482910156,307.30224609375,91.15898132324219,45.291160583496094,174.2362518310547,52.529598236083984,83.29000091552734,191.55551147460938,168.64999389648438,102.19999694824219,178.5795135498047,225.85598754882812,259.8916931152344,68.67476654052734,76.41453552246094,374.8945617675781,1077.500732421875,64.70783996582031,44.93000030517578,62.650001525878906,59.73122024536133,342.79132080078125,289.56903076171875,163.98867797851562,76.72369384765625,381.71026611328125,250.03250122070312,42.12080764770508,433.5810546875,326.3521423339844,136.16432189941406,235.88348388671875,229.2924041748047,157.50502014160156,256.45697021484375,311.82525634765625,29.192066192626953,174.8118896484375,32.568885803222656,78.25476837158203,89.76473236083984,256.0962829589844,319.25653076171875,499.560302734375,514.6011352539062,502.078369140625,127.70149993896484,360.97747802734375,814.2996215820312,80.24597930908203,79.49087524414062,618.1865844726562,145.76614379882812,247.3459930419922,190.58999633789062,406.8987121582031,1276.6099853515625,43.96658706665039,199.33767700195312,6315.8701171875,160.83047485351562,99.4000015258789,77.41096496582031,91.4537124633789,156.83987426757812,26.266427993774414,100.1114501953125,147.08999633789062,201.19065856933594,907.3690795898438,163.71273803710938,37.14152526855469,177.85873413085938,136.3000030517578,178.91917419433594,262.39947509765625,706.0054931640625,28.279794692993164,357.7655334472656,407.6524963378906,208.61097717285156,175.33963012695312,320.77825927734375,56.58333206176758,482.6000061035156,407.0279235839844,94.4450454711914,152.0830078125,673.1600341796875,314.2909851074219,25.784746170043945,210.84500122070312,50.96160125732422,156.23826599121094,194.44497680664062,144.62696838378906,491.42486572265625,368.37603759765625,268.0871887207031,106.99638366699219,56.179203033447266,329.1576232910156,301.14129638671875,47.22494888305664,269.5621337890625,116.93824768066406,231.54656982421875,180.6069793701172,153.28955078125,114.17410278320312
2026-05-01,114.3001480102539,205.1398468017578,177.69337463378906,244.35000610351562,112.76512908935547,135.92286682128906,207.41958618164062,215.45497131347656,388.5968933105469,230.1349639892578,327.3480529785156,465.489990234375,179.89280700683594,311.510009765625,299.2113037109375,142.0856475830078,181.75491333007812,420.6142883300781,402.30999755859375,318.80731201171875,3594.080078125,148.26475524902344,169.2046356201172,68.88963317871094,1055.7308349609375,473.010009765625,194.81591796875,67.1385726928711,888.0225830078125,88.23045349121094,26.497703552246094,86.76260375976562,655.381591796875,75.44404602050781,303.30145263671875,91.50767517089844,44.95220184326172,169.1500701904297,52.062889099121094,82.08999633789062,188.89984130859375,175.83999633789062,100.87999725341797,174.78738403320312,225.2375030517578,258.8046569824219,69.06018829345703,78.99456787109375,371.1697082519531,1079.68994140625,64.5,44.90999984741211,62.13999938964844,58.97196578979492,344.3245849609375,286.1533203125,158.01780700683594,75.60610961914062,382.989501953125,241.3509521484375,41.4835205078125,432.2237548828125,321.4687805175781,135.16903686523438,233.08010864257812,230.5034942626953,154.17738342285156,253.93223571777344,311.06866455078125,28.884258270263672,172.4059600830078,32.231998443603516,78.07592010498047,87.92568969726562,255.13893127441406,312.1054992675781,506.31890869140625,509.43499755859375,494.6308288574219,127.0886001586914,354.2707214355469,813.1209716796875,79.28465270996094,79.61988830566406,613.6130981445312,141.76681518554688,245.21412658691406,190.1699981689453,413.5443115234375,1267.0699462890625,44.00623321533203,198.21897888183594,6154.14013671875,171.23428344726562,96.66999816894531,76.61579132080078,91.83876037597656,155.7711181640625,25.902435302734375,100.2900161743164,147.25999450683594,199.22152709960938,880.2403564453125,165.011962890625,37.30025100708008,174.92007446289062,136.52999877929688,176.35862731933594,264.18023681640625,700.3739013671875,27.923202514648438,361.3267822265625,406.1770324707031,205.95872497558594,173.2682647705078,317.1776123046875,56.62311935424805,489.0199890136719,402.1480712890625,93.99822998046875,151.24716186523438,726.4120483398438,293.9453125,25.774879455566406,206.63128662109375,50.397560119628906,156.31800842285156,195.001953125,142.3335418701172,485.3785705566406,366.6856994628906,264.9435119628906,105.78677368164062,55.82225799560547,327.35137939453125,296.7301025390625,47.303611755371094,264.62811279296875,116.46231842041016,227.7828826904297,179.3910369873047,151.72019958496094,113.36971282958984
2026-05-04,111.96464538574219,206.68882751464844,177.97991943359375,247.5399932861328,111.60331726074219,133.68910217285156,206.34317016601562,218.7177734375,390.89404296875,230.0850372314453,321.42279052734375,468.5899963378906,179.16970825195312,314.9200134277344,296.5080871582031,140.8175506591797,180.75425720214844,415.84185791015625,393.75,318.3385925292969,3482.239990234375,145.2857666015625,165.164794921875,68.77999877929688,1046.3536376953125,468.5199890136719,196.6319580078125,65.6539077758789,873.1602172851562,89.13983917236328,25.513729095458984,84.88337707519531,654.6737670898438,75.1066665649414,302.96221923828125,92.2847671508789,44.58333206176758,166.4374542236328,51.49687957763672,82.01000213623047,190.53485107421875,172.57000732421875,97.6500015258789,173.67967224121094,220.31956481933594,254.8953094482422,68.19051361083984,81.0167465209961,370.3928527832031,1077.868896484375,64.56928253173828,44.880001068115234,62.810001373291016,60.02093505859375,347.5503845214844,280.1707458496094,159.71522521972656,75.53626251220703,379.41168212890625,237.5478057861328,41.802162170410156,426.3255615234375,310.0941162109375,133.178466796875,237.39991760253906,227.80335998535156,155.8611297607422,250.13522338867188,306.270263671875,28.665815353393555,171.1136016845703,32.470001220703125,77.68842315673828,83.85993957519531,252.31668090820312,307.3746643066406,491.99420166015625,514.780029296875,503.8952941894531,127.58287811279297,346.5559387207031,806.9577026367188,77.599853515625,78.34961700439453,602.4290771484375,140.83164978027344,251.579833984375,188.00999450683594,412.72607421875,1260.5400390625,42.707847595214844,198.24893188476562,5932.1201171875,179.66494750976562,93.9800033569336,75.42301177978516,91.30561828613281,152.98046875,25.872920989990234,98.67292022705078,143.4199981689453,199.1515655517578,865.7930297851562,167.79885864257812,37.4986572265625,177.1836395263672,138.19000244140625,167.76039123535156,258.1415710449219,708.15234375,27.398218154907227,353.4261169433594,399.07891845703125,205.94876098632812,172.18276977539062,309.68701171875,55.33985137939453,497.5,400.91162109375,93.71028900146484,147.34658813476562,738.0137329101562,290.10552978515625,25.755144119262695,204.48956298828125,48.96271896362305,154.13514709472656,193.3708038330078,139.3420867919922,485.3985290527344,368.6445007324219,262.0485534667969,94.71343231201172,54.77125549316406,326.173828125,287.1491394042969,46.77266311645508,261.90142822265625,115.45098876953125,226.86685180664062,175.1053466796875,152.65386962890625,111.89995574951172
2026-05-05,117.30437469482422,204.65330505371094,176.88311767578125,249.42999267578125,110.85856628417969,136.0519256591797,205.11724853515625,217.36489868164062,410.3099365234375,234.18887329101562,327.1197509765625,474.6499938964844,176.43580627441406,314.54998779296875,302.0536193847656,136.48410034179688,183.5382843017578,426.6846923828125,380.6000061035156,315.0874938964844,3540.919921875,143.16075134277344,167.20965576171875,67.77999877929688,1043.0323486328125,465.5199890136719,196.5720977783203,63.950035095214844,902.9150390625,88.07229614257812,25.613121032714844,85.83790588378906,672.7669677734375,74.35252380371094,305.19708251953125,93.94854736328125,44.89238357543945,168.79104614257812,51.50680923461914,80.69000244140625,190.89158630371094,166.13999938964844,98.54000091552734,174.26846313476562,222.92318725585938,256.94970703125,68.06204223632812,82.53089141845703,367.5743408203125,1073.1522216796875,65.56890106201172,44.33000183105469,57.279998779296875,60.630332946777344,347.6300354003906,286.3230895996094,161.85194396972656,75.98529052734375,384.0388488769531,233.60525512695312,41.54326629638672,427.932373046875,313.07177734375,133.51686096191406,238.96621704101562,227.35665893554688,154.70542907714844,253.0177764892578,308.0124206542969,28.71546173095703,173.06910705566406,32.290000915527344,77.9765625,85.68903350830078,256.4353942871094,301.42877197265625,498.7129821777344,505.61993408203125,496.24810791015625,128.6702880859375,353.82159423828125,800.1253051757812,77.09441375732422,79.29239654541016,605.2350463867188,142.08517456054688,259.5195617675781,189.25,410.4909362792969,1302.4200439453125,42.67811584472656,196.271240234375,6004.330078125,184.70741271972656,95.0,75.16458129882812,91.6709213256836,153.42578125,26.02048683166504,100.07176208496094,144.89999389648438,197.65223693847656,870.721923828125,168.06663513183594,37.05224609375,178.9607391357422,137.5500030517578,185.863525390625,262.61834716796875,701.22265625,27.77462387084961,359.1421203613281,434.5893859863281,203.28652954101562,172.15289306640625,311.65191650390625,55.70792007446289,502.510009765625,400.08099365234375,93.70036315917969,147.943603515625,770.4606323242188,294.4638977050781,25.557785034179688,206.14317321777344,49.42780685424805,154.45411682128906,193.2613983154297,140.9873809814453,476.3690185546875,361.8035583496094,262.64544677734375,96.44425964355469,55.128196716308594,321.36376953125,290.9316101074219,46.54651641845703,263.11993408203125,114.24134826660156,223.52134704589844,179.67010498046875,153.83584594726562,111.76092529296875
2026-05-06,117.46406555175781,203.5809326171875,172.49588012695312,243.0800018310547,108.82291412353516,131.60423278808594,196.25674438476562,216.7779998779297,428.0877990722656,241.01864624023438,328.62835693359375,475.2900085449219,178.45652770996094,308.2699890136719,298.3565979003906,138.26141357421875,184.71728515625,424.7677307128906,385.8599853515625,321.021240234375,3541.7900390625,143.74661254882812,167.89791870117188,66.66999816894531,1067.5540771484375,469.8299865722656,191.07406616210938,67.65670776367188,925.213623046875,89.19914245605469,27.352468490600586,87.65747833251953,713.5189819335938,73.47930908203125,252.15924072265625,91.29845428466797,45.46063995361328,168.9007568359375,50.9705924987793,86.86000061035156,183.47947692871094,167.97000122070312,103.91999816894531,174.557861328125,226.6240997314453,262.70404052734375,67.99286651611328,86.33617401123047,373.19146728515625,1082.60546875,65.47982788085938,44.709999084472656,56.11000061035156,60.34062194824219,345.7483215332031,305.4492492675781,181.2921600341797,78.52977752685547,394.90234375,241.7491912841797,40.228858947753906,428.5910339355469,320.64495849609375,132.8599853515625,245.75021362304688,224.0906982421875,152.83238220214844,258.9518127441406,313.4877624511719,28.358007431030273,181.39747619628906,31.579999923706055,78.72174835205078,90.00331115722656,256.2359313964844,300.9805908203125,500.2879638671875,510.915283203125,491.06683349609375,128.80868530273438,358.3526611328125,742.8486328125,76.9061050415039,79.55042266845703,614.6016845703125,145.78602600097656,244.8455352783203,193.35000610351562,413.0653381347656,1327.0400390625,43.490840911865234,207.5880584716797,6099.7998046875,193.35731506347656,94.77999877929688,76.24801635742188,90.2195816040039,154.33621215820312,26.09918785095215,100.74638366699219,147.89999389648438,196.712646484375,900.624267578125,169.12783813476562,36.585994720458984,170.4822998046875,136.77000427246094,191.8613739013672,285.59918212890625,719.974609375,27.943012237548828,371.2425537109375,457.9373779296875,199.1087188720703,176.00685119628906,322.7930603027344,54.8723030090332,504.4200134277344,399.7978515625,93.00532531738281,150.49093627929688,785.859619140625,291.5516662597656,25.232145309448242,215.33763122558594,50.268917083740234,154.9425048828125,192.1175994873047,148.40618896484375,487.07470703125,365.1942138671875,266.8436584472656,98.23408508300781,55.683448791503906,318.14044189453125,295.1332702636719,46.644840240478516,270.161376953125,112.97222137451172,219.5684814453125,185.84947204589844,147.6875762939453,110.45006561279297
2026-05-07,118.42222595214844,201.27734375,178.04910278320312,251.0399932861328,108.00865173339844,130.80999755859375,201.2700653076172,212.55027770996094,410.1301574707031,234.37860107421875,326.6235046386719,458.8399963378906,178.07020568847656,313.5899963378906,293.1688232421875,136.41419982910156,184.0732879638672,411.9080810546875,426.8900146484375,317.82000732421875,3554.8798828125,152.18710327148438,170.85049438476562,63.529998779296875,1061.7568359375,475.0799865722656,184.87754821777344,66.97914123535156,894.031494140625,90.01957702636719,26.83563232421875,86.86203002929688,680.741943359375,73.38999938964844,255.07252502441406,91.81652069091797,44.32412338256836,169.5789031982422,51.576316833496094,87.36000061035156,180.84361267089844,171.35000610351562,102.72000122070312,175.2963409423828,220.35946655273438,255.85269165039062,67.76555633544922,84.96149444580078,371.40875244140625,1061.5098876953125,65.18290710449219,44.36000061035156,56.810001373291016,60.84012985229492,346.2361755371094,302.25323486328125,182.12086486816406,78.24040985107422,395.0622253417969,240.83323669433594,38.95427703857422,428.1618957519531,320.238037109375,132.04385375976562,246.53834533691406,229.6199951171875,155.5323486328125,253.9918670654297,304.8964538574219,28.31829071044922,176.10023498535156,31.520000457763672,77.9268798828125,87.21990203857422,257.3428649902344,299.9646911621094,492.29327392578125,509.0773010253906,500.1016845703125,128.8679962158203,351.3564453125,753.9263916015625,77.26288604736328,78.22061157226562,599.6331176757812,143.01039123535156,241.33892822265625,190.1699981689453,419.8606262207031,1319.2900390625,44.01613998413086,211.2537841796875,6008.85009765625,193.91537475585938,94.58000183105469,77.0034408569336,93.06301879882812,154.6627655029297,26.049999237060547,99.23841094970703,146.05999755859375,195.66311645507812,884.8499755859375,169.70306396484375,36.476871490478516,167.0968780517578,147.64999389648438,201.8046417236328,279.42120361328125,708.0424194335938,27.685474395751953,352.6878967285156,447.1705627441406,200.9633026123047,176.0466766357422,319.38189697265625,52.723567962646484,505.19000244140625,404.6210632324219,90.92022705078125,148.04312133789062,765.8939208984375,293.4466247558594,24.92624282836914,209.25115966796875,49.220001220703125,153.97567749023438,193.15199279785156,130.14833068847656,468.7463073730469,367.6402282714844,263.5209045410156,98.44060516357422,54.840660095214844,320.6153259277344,288.3567199707031,46.30070877075195,265.25732421875,111.82206726074219,220.4944610595703,182.8096160888672,145.591796875,86.70558166503906
2026-05-08,115.39804077148438,200.1255340576172,178.2763671875,244.5,108.30655670166016,130.16000366210938,198.21023559570312,212.03298950195312,434.89935302734375,232.0520782470703,329.2139587402344,465.55999755859375,174.86083984375,312.7900085449219,293.58624267578125,127.8371353149414,182.37908935546875,429.3205261230469,403.5400085449219,315.1672668457031,3496.18994140625,148.3839111328125,165.51390075683594,63.88999938964844,1078.7509765625,475.94000244140625,183.25108337402344,66.59053802490234,895.7882080078125,89.52533721923828,26.219406127929688,87.05095672607422,677.42236328125,72.61000061035156,260.48004150390625,96.2100830078125,44.692996978759766,166.51724243164062,51.31814193725586,90.55000305175781,179.9716033935547,163.92999267578125,100.41999816894531,170.80564880371094,219.29208374023438,253.52903747558594,68.14109802246094,85.86798095703125,376.5378723144531,1066.8035888671875,64.86619567871094,44.16999816894531,55.47999954223633,60.37059020996094,345.0115661621094,296.7800598144531,186.6539306640625,78.62956237792969,396.8111877441406,239.03121948242188,39.66127395629883,434.3195495605469,315.086669921875,131.3969268798828,274.31280517578125,229.75999450683594,155.24343872070312,253.22650146484375,300.74517822265625,28.6260986328125,186.6807403564453,31.40999984741211,77.91693878173828,87.85610961914062,253.42364501953125,298.4309387207031,491.6054382324219,503.2156982421875,494.65081787109375,127.83001708984375,352.4842224121094,735.2770385742188,75.46907806396484,77.48623657226562,589.5375366210938,142.55274963378906,243.93899536132812,193.08999633789062,414.22283935546875,1124.4599609375,43.74853515625,214.94947814941406,5974.06982421875,195.27066040039062,92.95999908447266,74.36940002441406,92.7372055053711,153.01016235351562,25.68000030517578,99.7046890258789,146.4199981689453,193.9138946533203,878.8300170898438,169.5840606689453,35.62372589111328,170.3234405517578,146.64999389648438,218.2837677001953,273.82025146484375,713.8238525390625,27.368501663208008,357.57598876953125,452.4941711425781,199.43775939941406,175.3595428466797,316.00067138671875,52.99216079711914,516.47998046875,396.54144287109375,90.8805160522461,148.74960327148438,782.0823974609375,284.7099304199219,24.82756233215332,205.40602111816406,49.11000061035156,152.8593292236328,192.58506774902344,133.0998992919922,465.11456298828125,377.8221130371094,263.2821350097656,99.10932922363281,55.05879211425781,318.1304931640625,283.1570739746094,46.42852783203125,265.3871765136719,110.71158599853516,214.44068908691406,181.4940185546875,143.59535217285156,82.25659942626953
2026-05-11,111.24602508544922,201.34683227539062,170.30226135253906,236.07000732421875,109.2201156616211,130.6999969482422,197.91123962402344,212.67959594726562,443.0691833496094,231.8124542236328,327.1197509765625,463.70001220703125,175.79196166992188,312.07000732421875,302.6201171875,122.28551483154297,185.5396270751953,427.75299072265625,394.3599853515625,311.4674072265625,3427.800048828125,142.1478729248047,157.404296875,64.5999984741211,1075.2606201171875,479.54998779296875,182.1035919189453,65.6439437866211,925.0738525390625,89.62418365478516,25.28512954711914,86.24556732177734,700.4599609375,73.19000244140625,259.1032409667969,98.3520736694336,44.603271484375,164.2234649658203,48.905155181884766,92.22000122070312,183.06329345703125,157.3300018310547,96.6500015258789,166.17526245117188,219.43174743652344,250.4175262451172,69.7519760131836,82.4312744140625,380.20294189453125,1080.8740234375,65.49961853027344,43.29999923706055,54.38999938964844,60.250709533691406,342.52252197265625,300.3955383300781,207.0726318359375,75.12715148925781,386.537353515625,241.31112670898438,40.089447021484375,425.5171813964844,309.0816955566406,131.4864959716797,273.6144714355469,223.5500030517578,157.2360382080078,250.57257080078125,298.6545715332031,28.506946563720703,184.28378295898438,32.25,78.15541076660156,86.5737533569336,254.38101196289062,301.1299743652344,502.80999755859375,508.9183654785156,496.9768981933594,128.23532104492188,352.62396240234375,724.3690795898438,73.87347412109375,77.38700103759766,585.143798828125,142.6024932861328,251.5200653076172,191.10000610351562,411.7681579589844,1078.530029296875,42.01405715942383,219.18453979492188,5910.669921875,193.16796875,91.3499984741211,73.55433654785156,92.68783569335938,147.8544158935547,25.809999465942383,99.39714813232422,143.36000061035156,196.82260131835938,874.3599853515625,180.6126251220703,35.95109558105469,174.09605407714844,145.9199981689453,236.65591430664062,262.10101318359375,711.70703125,26.576074600219727,342.2633972167969,455.2556457519531,197.1544189453125,177.8690948486328,311.8913269042969,54.64350128173828,516.1900024414062,397.3720703125,92.17129516601562,149.4262237548828,833.415771484375,281.82763671875,24.54139518737793,205.32632446289062,47.970001220703125,148.42385864257812,189.820068359375,132.96029663085938,475.4211730957031,382.25677490234375,261.9888610839844,98.3422622680664,54.02762222290039,323.1899719238281,282.13909912109375,46.43836212158203,267.80426025390625,111.8121566772461,213.18614196777344,175.51397705078125,148.6708984375,76.13923645019531
2026-05-12,112.68326568603516,206.39093017578125,167.75291442871094,234.8699951171875,108.72361755371094,131.94000244140625,196.7451171875,214.34085083007812,430.66461181640625,230.8538818359375,333.7695617675781,470.1199951171875,177.1291961669922,316.3500061035156,301.7256774902344,127.67738342285156,185.29193115234375,418.6374206542969,393.6600036621094,313.45196533203125,3409.81005859375,146.47735595703125,160.15737915039062,65.23999786376953,1086.3780517578125,484.9599914550781,182.1634521484375,65.32508850097656,910.4510498046875,90.44461059570312,24.69872283935547,86.94158172607422,702.3540649414062,73.30999755859375,260.3304138183594,98.9199447631836,44.3939094543457,164.971435546875,47.39579772949219,95.1500015258789,184.26229858398438,155.19000244140625,94.88999938964844,165.91578674316406,216.1797332763672,251.01588439941406,70.43387603759766,84.56303405761719,391.7061462402344,1075.3115234375,65.21260070800781,43.31999969482422,54.880001068115234,60.21074676513672,344.9418640136719,297.0797119140625,197.9366455078125,76.27466583251953,383.5891418457031,235.92498779296875,41.52334976196289,428.83056640625,308.148681640625,132.48178100585938,294.65484619140625,219.22000122070312,155.23345947265625,249.8966827392578,303.5126953125,28.963693618774414,180.9040985107422,32.45000076293945,79.51661682128906,85.3510513305664,256.6448059082031,308.22125244140625,502.28167724609375,517.6114501953125,498.9735412597656,127.74105072021484,349.5400695800781,733.8785400390625,76.13308715820312,78.63999938964844,580.3107299804688,142.47317504882812,251.0319366455078,191.8800048828125,406.8887023925781,1072.449951171875,41.97441101074219,220.52297973632812,5795.66015625,186.18228149414062,91.83999633789062,73.65373229980469,92.5199966430664,150.26901245117188,25.8700008392334,100.04199981689453,143.91000366210938,198.33192443847656,881.3400268554688,185.39297485351562,36.06021499633789,174.16554260253906,144.22000122070312,209.5360870361328,256.78857421875,722.3311157226562,26.89304542541504,336.31793212890625,453.68048095703125,201.7908935546875,178.14793395996094,310.7742004394531,55.349796295166016,513.2100219726562,400.3641662597656,92.74717712402344,149.704833984375,808.2236938476562,293.6660461425781,24.896636962890625,212.9070281982422,47.790000915527344,149.76943969726562,192.25685119628906,131.35487365722656,466.6011962890625,394.138916015625,264.22723388671875,96.8081283569336,54.017704010009766,326.4200134277344,278.7757568359375,47.12662887573242,268.6931457519531,111.62377166748047,216.7108612060547,174.80633544921875,149.614501953125,76.4073715209961
2026-05-13,112.52356719970703,207.0264129638672,157.74325561523438,231.02999877929688,108.326416015625,127.94999694824219,191.363037109375,214.41046142578125,436.06787109375,231.0735626220703,333.9283752441406,469.17999267578125,172.22598266601562,310.8999938964844,304.30963134765625,124.45223999023438,184.7371063232422,416.13140869140625,376.82000732421875,308.7647705078125,3366.7900390625,143.17066955566406,154.6412353515625,65.41000366210938,1087.9691162109375,485.5199890136719,185.9452362060547,65.33505249023438,900.6292114257812,88.5863037109375,24.877626419067383,87.36912536621094,707.348388671875,72.80999755859375,255.09246826171875,101.4903335571289,44.26430892944336,163.10650634765625,45.64812088012695,98.11000061035156,184.31185913085938,149.07000732421875,93.93000030517578,165.6463623046875,214.09483337402344,248.9415283203125,69.79151153564453,81.81365966796875,398.0204772949219,1071.97802734375,65.1532211303711,43.77000045776367,52.369998931884766,59.36157989501953,339.86419677734375,294.34307861328125,206.1939697265625,75.64602661132812,398.79998779296875,230.99681091308594,40.846229553222656,426.68487548828125,300.2975769042969,132.00404357910156,304.1324768066406,214.63999938964844,154.22720336914062,248.5945587158203,298.9034729003906,29.102703094482422,184.73521423339844,32.810001373291016,79.7451400756836,84.46632385253906,253.7228240966797,303.6995544433594,511.64208984375,516.558349609375,489.81890869140625,127.85967254638672,349.5001220703125,736.3657836914062,75.52853393554688,78.08000183105469,575.9669189453125,146.34315490722656,248.14295959472656,193.8300018310547,404.3342590332031,1025.530029296875,41.964500427246094,225.56710815429688,5720.10009765625,189.10211181640625,89.69999694824219,72.79891204833984,89.91999816894531,147.7158660888672,25.959999084472656,99.62532043457031,142.24000549316406,195.87303161621094,882.3699951171875,186.36492919921875,35.46500015258789,170.5815887451172,140.80999755859375,212.38555908203125,262.83721923828125,718.806396484375,26.377965927124023,330.8113708496094,453.59075927734375,203.07713317871094,177.3711700439453,305.5477600097656,55.091156005859375,509.2799987792969,383.7330627441406,91.02944946289062,150.82925415039062,816.767578125,301.2856750488281,24.41311264038086,206.8603973388672,46.540000915527344,146.54998779296875,189.25314331054688,132.32211303710938,469.95355224609375,398.8818054199219,263.2821350097656,96.81795501708984,52.2924690246582,320.30999755859375,273.99530029296875,46.41869354248047,264.45831298828125,111.24699401855469,215.50608825683594,171.48741149902344,150.5481719970703,73.82536315917969
2026-05-14,113.04257202148438,209.28038024902344,162.0415802001953,233.86000061035156,108.83284759521484,128.60000610351562,197.02418518066406,215.31570434570312,440.01300048828125,231.79248046875,333.71002197265625,472.0400085449219,168.8878631591797,315.4100036621094,298.0187072753906,128.99539184570312,181.8440704345703,439.0950622558594,388.19000244140625,311.9161682128906,3379.52001953125,143.45864868164062,154.09262084960938,64.61000061035156,1097.843505859375,484.05999755859375,193.95779418945312,66.49089813232422,918.5159912109375,86.30294036865234,25.04659080505371,88.3335952758789,714.2068481445312,73.26000213623047,260.5099792480469,115.09941864013672,45.7796630859375,165.5,45.727561950683594,97.1500015258789,184.946044921875,153.6999969482422,94.97000122070312,164.1993408203125,213.83547973632812,248.20355224609375,69.90022277832031,80.51866912841797,395.1023254394531,1074.3663330078125,64.3515396118164,43.97999954223633,53.459999084472656,58.8620719909668,339.12744140625,291.17706298828125,207.96127319335938,77.58183288574219,396.9311218261719,233.39617919921875,41.11508560180664,431.83453369140625,302.08416748046875,133.6263427734375,300.6407165527344,218.3699951171875,155.143798828125,249.26052856445312,298.56500244140625,28.894187927246094,189.05271911621094,33.400001525878906,79.93392181396484,84.74466705322266,253.3239288330078,306.37872314453125,510.0371398925781,517.0252685546875,489.1200866699219,125.7738265991211,352.773681640625,746.4046630859375,76.28174591064453,79.18000030517578,574.4091186523438,144.3733367919922,247.87399291992188,194.52999877929688,408.5451354980469,1041.9100341796875,41.6473388671875,235.465576171875,5680.60986328125,194.9318389892578,89.68000030517578,72.6199951171875,88.83000183105469,147.1221160888672,25.75,99.97254943847656,142.7100067138672,196.79261779785156,880.4299926757812,190.28245544433594,35.4947624206543,170.2738037109375,139.85000610351562,199.34373474121094,264.0111389160156,711.8068237304688,26.546356201171875,333.2354431152344,455.1360168457031,208.07254028320312,174.95123291015625,308.3804016113281,55.459224700927734,510.0199890136719,381.2506408691406,92.20108032226562,152.99844360351562,804.1865844726562,304.69659423828125,24.32430076599121,205.89413452148438,47.130001068115234,147.35000610351562,187.17442321777344,129.86912536621094,480.5794677734375,396.82354736328125,267.9479064941406,96.7884521484375,52.966697692871094,322.5199890136719,274.544189453125,46.27121353149414,269.1026611328125,111.63999938964844,217.87582397460938,173.07212829589844,151.75,74.95748138427734
2026-05-15,111.48555755615234,208.90306091308594,166.81419372558594,236.6199951171875,105.61553192138672,125.1500015258789,199.28665161132812,216.2308807373047,436.077880859375,227.55882263183594,326.30999755859375,470.3800048828125,169.01663208007812,317.2200012207031,293.5564270019531,124.81169891357422,179.1690216064453,424.51812744140625,391.8800048828125,312.6242370605469,3321.14990234375,142.4656524658203,153.74349975585938,64.12000274658203,1075.8375244140625,482.70001220703125,194.7760009765625,64.43827819824219,886.6651611328125,85.66044616699219,24.489999771118164,87.62763977050781,694.3492431640625,71.63999938964844,257.7099914550781,117.76942443847656,45.52045822143555,168.30999755859375,46.79999923706055,95.88999938964844,189.36557006835938,159.1999969482422,93.55999755859375,161.57479858398438,210.25425720214844,246.9469757080078,68.34864044189453,79.97078704833984,391.0886535644531,1054.225830078125,63.223262786865234,43.2599983215332,55.33000183105469,58.66227340698242,333.0342712402344,281.17950439453125,191.5164794921875,74.69808197021484,393.08343505859375,224.75445556640625,41.58309555053711,422.1539306640625,295.29510498046875,133.28794860839844,304.4018249511719,219.3000030517578,153.78883361816406,246.18911743164062,296.4743957519531,28.725391387939453,180.20201110839844,33.630001068115234,80.30155181884766,81.8121566772461,249.71383666992188,302.1658020019531,504.51458740234375,512.6539306640625,493.3729553222656,124.2712173461914,352.4742736816406,759.72998046875,75.46907806396484,79.77999877929688,557.86279296875,145.46768188476562,254.0603790283203,192.50999450683594,421.0081481933594,1031.6400146484375,41.50857925415039,225.05770874023438,5563.6201171875,192.2810516357422,88.48999786376953,71.01000213623047,91.54000091552734,147.5674285888672,25.329999923706055,99.73445129394531,141.57000732421875,199.64134216308594,862.719970703125,188.0509490966797,34.60193634033203,174.9300079345703,141.91000366210938,200.74855041503906,258.9473876953125,697.2086791992188,26.407682418823242,326.01312255859375,447.3599853515625,207.71360778808594,170.46990966796875,299.32391357421875,55.091156005859375,502.4200134277344,380.52386474609375,89.78832244873047,152.09295654296875,794.9031982421875,305.9432678222656,23.712493896484375,204.32022094726562,46.959999084472656,147.42999267578125,184.220458984375,128.95175170898438,465.5435791015625,391.61334228515625,269.1615905761719,97.29000091552734,52.66924285888672,325.75,267.298583984375,45.5927734375,263.5793762207031,109.16000366210938,218.8715057373047,168.07879638671875,157.9199981689453,73.7061996459961
2026-05-18,111.894775390625,207.92999267578125,175.4404754638672,243.49000549316406,106.62838745117188,127.68000030517578,206.4627685546875,220.05076599121094,413.0565185546875,225.3221893310547,324.3900146484375,471.17999267578125,175.60374450683594,326.57000732421875,291.49920654296875,121.5366439819336,183.5382843017578,420.0451965332031,399.3699951171875,311.3876037597656,3365.739990234375,141.35348510742188,154.68115234375,66.20999908447266,1079.795166015625,488.3800048828125,199.33607482910156,64.27885437011719,862.3502807617188,88.8828353881836,24.90999984741211,89.40744018554688,675.7476196289062,72.12999725341797,261.8699951171875,118.43692779541016,46.058807373046875,174.50999450683594,51.400001525878906,95.98999786376953,194.33999633789062,162.6699981689453,94.61000061035156,163.52076721191406,210.31411743164062,248.53265380859375,67.6370849609375,79.70182800292969,392.4730224609375,1057.39013671875,64.75733184814453,44.0,56.65999984741211,58.95198440551758,341.6065368652344,285.6339416503906,178.27676391601562,72.94188690185547,392.87353515625,225.88943481445312,42.59877395629883,421.9443664550781,297.5779724121094,135.91549682617188,305.2797546386719,222.75,155.4127960205078,247.9584197998047,299.3813171386719,29.22185516357422,175.64500427246094,33.779998779296875,80.67910766601562,83.3231430053711,254.8696746826172,309.9044494628906,509.2496337890625,524.8739013671875,504.9435729980469,126.78215026855469,358.472412109375,775.1129150390625,76.62861633300781,81.41000366210938,554.9869384765625,151.74520874023438,258.54327392578125,192.69000244140625,422.6246643066406,1074.8399658203125,42.19245910644531,222.0612030029297,5716.77978515625,185.96304321289062,91.73999786376953,71.12999725341797,94.48999786376953,147.508056640625,25.329999923706055,101.58965301513672,142.38999938964844,203.90945434570312,858.4299926757812,189.9254150390625,34.65153884887695,179.8000030517578,144.05999755859375,202.890625,251.28709411621094,628.7409057617188,26.71474838256836,325.0754089355469,436.3599853515625,213.8955535888672,175.22012329101562,301.9969787597656,56.851924896240234,498.42999267578125,393.9835510253906,89.5897445678711,152.9785614013672,740.3121948242188,312.38604736328125,24.107208251953125,199.73793029785156,47.04999923706055,150.25,189.6211395263672,130.79647827148438,459.3775939941406,388.9087829589844,273.7079772949219,95.52999877929688,52.99644470214844,332.6400146484375,265.8015441894531,45.97623825073242,259.8539123535156,109.55000305175781,221.76893615722656,168.59707641601562,160.49000549316406,77.18196868896484
2026-05-19,110.35773468017578,212.24923706054688,174.6993865966797,244.16000366210938,108.23704528808594,128.9199981689453,202.77503967285156,223.40310668945312,406.40478515625,220.94873046875,330.75,463.760009765625,181.26966857910156,323.6600036621094,289.96868896484375,119.02043914794922,183.3995819091797,410.4204406738281,392.3399963378906,308.4656066894531,3347.280029296875,145.92127990722656,154.1524658203125,65.47000122070312,1030.4930419921875,480.4599914550781,199.9347686767578,61.219852447509766,858.5573120117188,91.2749252319336,23.889999389648438,89.50686645507812,657.395263671875,73.30999755859375,266.1700134277344,114.9499740600586,45.93917465209961,172.1999969482422,50.880001068115234,94.18000030517578,197.25,154.64999389648438,94.2699966430664,166.6941680908203,207.04214477539062,245.06210327148438,69.8508071899414,75.84673309326172,400.6397705078125,1043.2701416015625,65.06414031982422,43.56999969482422,56.029998779296875,58.142784118652344,338.6495666503906,284.9248352050781,175.56092834472656,72.472900390625,384.6684875488281,227.68150329589844,42.79792785644531,403.88055419921875,300.1883850097656,134.3827667236328,309.81903076171875,222.3300018310547,153.5397491455078,245.8809814453125,294.3738708496094,28.64595603942871,174.05799865722656,34.310001373291016,81.39449310302734,82.50800323486328,252.9948272705078,306.9065856933594,504.4747619628906,523.204833984375,498.86376953125,126.9996337890625,357.9833984375,761.0485229492188,77.87734985351562,81.06999969482422,531.8899536132812,148.59152221679688,262.0199890136719,189.5800018310547,416.51788330078125,1050.77001953125,42.04378890991211,220.35317993164062,5773.52001953125,180.83090209960938,91.91999816894531,70.94000244140625,94.4800033569336,148.80441284179688,25.65999984741211,100.3396224975586,141.3000030517578,202.7799530029297,852.5599975585938,189.99484252929688,34.96898651123047,182.3800048828125,145.19000244140625,194.8901824951172,245.92489624023438,629.3599853515625,26.585979461669922,319.9080505371094,422.2900085449219,214.34423828125,173.7661895751953,298.276611328125,56.47390365600586,493.8699951171875,387.3669738769531,90.66207122802734,150.13272094726562,732.8274536132812,316.90399169921875,24.649940490722656,195.31503295898438,46.77000045776367,150.67999267578125,192.37620544433594,131.2551727294922,446.99566650390625,387.02947998046875,270.15643310546875,96.83000183105469,52.84771728515625,329.9100036621094,258.9451904296875,46.939815521240234,254.97984313964844,111.48999786376953,221.380615234375,171.18841552734375,162.5500030517578,78.37366485595703
2026-05-20,113.56156921386719,210.799560546875,177.0906219482422,243.6300048828125,107.9292221069336,128.8699951171875,202.9345245361328,220.8167266845703,426.32000732421875,224.3736114501953,331.57000732421875,457.2699890136719,182.280029296875,321.1499938964844,287.4046325683594,122.86463928222656,184.96498107910156,417.0998840332031,398.44000244140625,308.9742431640625,3419.360107421875,145.92127990722656,156.55642700195312,66.79000091552734,1045.6773681640625,480.8999938964844,198.7972412109375,63.36214828491211,870.9442749023438,91.57146453857422,26.030000686645508,89.83499145507812,667.7726440429688,72.94999694824219,264.75,113.92381286621094,45.79960250854492,171.36000061035156,51.29999923706055,93.27999877929688,191.3300018310547,160.72999572753906,98.23999786376953,170.76571655273438,210.4637451171875,247.96420288085938,68.92182922363281,77.89879608154297,394.6043395996094,1065.06005859375,65.59858703613281,43.68000030517578,56.40999984741211,58.97196578979492,338.2612609863281,299.79632568359375,180.4134979248047,75.97531127929688,384.6684875488281,236.4227752685547,42.12080764770508,395.8766174316406,308.2677917480469,136.04489135742188,303.3842468261719,225.0,151.1287078857422,249.26052856445312,300.625732421875,28.487089157104492,182.94700622558594,33.59000015258789,81.02687072753906,86.79244995117188,256.714599609375,307.90252685546875,505.0329895019531,519.191162109375,497.20654296875,128.76913452148438,369.0216064453125,753.8464965820312,77.4511947631836,82.51000213623047,541.2066040039062,149.0093536376953,258.3699951171875,197.77000427246094,420.1499938964844,1082.6700439453125,43.798091888427734,223.20985412597656,5990.3701171875,187.50767517089844,92.22000122070312,71.2699966430664,94.91999816894531,147.73565673828125,25.790000915527344,101.99640655517578,142.44000244140625,202.51007080078125,859.4400024414062,187.07901000976562,35.157470703125,179.33999633789062,147.9600067138672,201.76478576660156,252.58038330078125,649.760009765625,27.26944923400879,328.43719482421875,436.2300109863281,211.58230590820312,174.12469482421875,306.9042663574219,56.98124313354492,498.92999267578125,393.60601806640625,90.8110122680664,153.30691528320312,750.5348510742188,320.634033203125,24.600603103637695,200.6145477294922,48.0,159.2100067138672,189.1337890625,135.4033203125,450.6673278808594,381.12322998046875,264.4261779785156,98.87000274658203,54.037532806396484,330.75,262.7376708984375,47.018470764160156,258.815185546875,110.6500015258789,218.64248657226562,179.65016174316406,156.27999877929688,79.15819549560547
2026-05-21,114.56963348388672,212.9840087890625,175.75665283203125,240.19000244140625,109.0711669921875,129.61000061035156,206.72190856933594,213.3162384033203,427.3599853515625,222.83590698242188,337.4200134277344,450.57000732421875,182.0422821044922,324.2200012207031,288.3984680175781,124.67191314697266,182.4088134765625,413.9149169921875,389.8399963378906,308.85455322265625,3438.179931640625,145.22618103027344,159.27957153320312,65.80000305175781,1057.7891845703125,479.9800109863281,200.17425537109375,61.95720291137695,864.3465576171875,90.97838592529297,26.18000030517578,89.92447662353516,636.780029296875,73.63999938964844,265.44000244140625,117.75946044921875,45.759727478027344,172.36000061035156,52.31999969482422,93.31999969482422,191.00999450683594,159.27000427246094,102.62000274658203,172.97116088867188,207.2615966796875,249.50001525878906,69.49502563476562,78.60607147216797,388.2402648925781,1078.4200439453125,65.08393859863281,43.529998779296875,55.81999969482422,58.96197509765625,337.225830078125,301.38433837890625,191.5963592529297,77.04299926757812,383.2393493652344,238.72259521484375,41.78224563598633,391.7748107910156,311.4439697265625,135.3780517578125,302.9652099609375,252.97000122070312,150.92945861816406,248.4255828857422,301.6411437988281,28.576452255249023,184.21800231933594,33.5,80.64929962158203,88.3034439086914,255.04917907714844,305.0939025878906,512.8881225585938,519.3897705078125,498.78387451171875,128.52200317382812,369.8299865722656,765.6534423828125,77.4511947631836,84.30000305175781,537.2022705078125,150.82000732421875,248.42999267578125,200.50999450683594,419.0899963378906,1090.449951171875,43.99631881713867,219.25445556640625,6047.8701171875,189.11209106445312,92.33999633789062,71.62999725341797,94.25,147.3002471923828,25.950000762939453,103.09762573242188,143.39999389648438,198.88168334960938,864.72998046875,186.91041564941406,35.881649017333984,174.0500030517578,145.83999633789062,212.6246795654297,258.97723388671875,642.5900268554688,27.447744369506836,373.98583984375,440.25,207.48426818847656,175.25,308.5400085449219,56.95140075683594,503.9800109863281,392.3978271484375,90.90037536621094,152.92880249023438,809.882568359375,312.6653137207031,25.005184173583984,201.79000854492188,47.88999938964844,157.4600067138672,189.8697967529297,138.7138671875,446.62652587890625,380.3078918457031,264.06805419921875,98.25,54.09702682495117,331.1199951171875,261.55999755859375,47.46092987060547,254.85000610351562,112.11000061035156,216.8104248046875,191.30126953125,155.2899932861328,79.51570129394531
2026-05-22,114.73930358886719,214.17552185058594,177.1103973388672,240.99000549316406,110.51102447509766,131.58999633789062,204.07073974609375,215.4649200439453,432.1600036621094,224.1838836669922,339.29998779296875,452.30999755859375,182.11163330078125,324.7799987792969,287.68292236328125,131.86106872558594,183.93458557128906,413.485595703125,386.0,310.9288635253906,3406.5,146.59652709960938,160.65611267089844,66.05999755859375,1066.9873046875,486.3800048828125,200.2440948486328,62.913761138916016,878.2607421875,90.40507507324219,25.979999542236328,90.093505859375,639.5499877929688,74.52999877929688,274.9100036621094,119.96123504638672,45.38088607788086,172.92999267578125,52.75,93.26000213623047,191.42999267578125,160.25,106.66999816894531,171.64390563964844,209.38638305664062,252.63148498535156,70.34494018554688,87.97982025146484,393.09051513671875,1079.7900390625,65.5194091796875,43.939998626708984,57.130001068115234,59.071868896484375,341.38751220703125,302.4629821777344,193.7530517578125,78.61958312988281,379.1518249511719,239.64849853515625,41.29432678222656,393.28179931640625,310.7392578125,135.3780517578125,307.2251892089844,253.83999633789062,152.4039764404297,250.68191528320312,305.0059814453125,28.914047241210938,188.83799743652344,33.790000915527344,80.95732116699219,88.33326721191406,259.21771240234375,310.72113037109375,515.948486328125,529.7718505859375,497.7056884765625,129.63906860351562,369.1499938964844,765.23388671875,77.89716339111328,84.05999755859375,535.7144165039062,152.44000244140625,254.64999389648438,201.02999877929688,418.57000732421875,1103.0899658203125,44.273834228515625,215.07933044433594,6036.990234375,191.41407775878906,91.73999786376953,72.7699966430664,97.0,149.00233459472656,25.899999618530273,103.0281753540039,144.44000244140625,199.4214324951172,866.9600219726562,187.43605041503906,36.03045654296875,177.69000244140625,148.22999572753906,237.28359985351562,254.77899169921875,638.8800048828125,27.56661033630371,376.85882568359375,452.2900085449219,208.3218231201172,177.00999450683594,309.0799865722656,56.98124313354492,524.739990234375,394.16290283203125,92.1415023803711,153.1875,812.15087890625,315.63739013671875,24.92624282836914,202.77999877929688,48.380001068115234,158.27000427246094,190.4367218017578,138.09564208984375,449.99884033203125,386.2638854980469,264.50579833984375,101.0199966430664,54.3647346496582,328.8800048828125,260.6499938964844,47.53958511352539,256.4100036621094,113.41000366210938,216.95977783203125,191.85940551757812,154.9199981689453,80.75704956054688
2026-05-26,114.85907745361328,211.61375427246094,174.89700317382812,238.22999572753906,110.25283813476562,130.89999389648438,203.28335571289062,211.70474243164062,454.8900146484375,229.09652709960938,335.94000244140625,455.5,183.2012176513672,319.2900085449219,287.8121032714844,139.34976196289062,183.3797607421875,421.3431701660156,385.29998779296875,309.87176513671875,3100.110107421875,146.71568298339844,162.8905029296875,66.7300033569336,1071.3626708984375,483.6199951171875,199.9347686767578,64.6574935913086,906.86767578125,89.59453582763672,26.709999084472656,89.33783721923828,668.75,74.19999694824219,270.7799987792969,117.88898468017578,46.46755599975586,171.08999633789062,51.810001373291016,90.7300033569336,184.7100067138672,154.0,111.44000244140625,172.4522247314453,214.8729248046875,253.53900146484375,70.40423583984375,86.26644897460938,386.2782287597656,1077.6300048828125,65.45012664794922,44.45000076293945,55.61000061035156,60.26069641113281,343.1298522949219,314.09844970703125,195.8697967529297,79.61742401123047,384.6085205078125,237.4781036376953,40.90597915649414,391.6351013183594,308.22808837890625,134.72116088867188,300.97991943359375,250.69000244140625,150.0825958251953,248.90269470214844,305.3643493652344,29.341005325317383,201.13900756835938,32.869998931884766,79.94385528564453,88.7607192993164,257.7417907714844,312.2051086425781,513.3466796875,529.43408203125,492.1849365234375,129.04592895507812,373.80999755859375,753.5668334960938,76.9061050415039,83.2699966430664,560.1295776367188,154.02999877929688,248.0500030517578,201.75999450683594,416.0299987792969,1101.3299560546875,44.541439056396484,214.60987854003906,6032.81982421875,192.3906707763672,89.87000274658203,72.7300033569336,94.80000305175781,144.16323852539062,25.850000381469727,103.8813705444336,142.9600067138672,198.6917724609375,868.030029296875,180.03738403320312,35.83205032348633,173.8800048828125,144.8800048828125,247.90438842773438,266.3291015625,634.6199951171875,27.982635498046875,380.8490905761719,456.29998779296875,206.44729614257812,178.97000122070312,311.25,57.67759323120117,534.5599975585938,389.3302307128906,90.90037536621094,157.73487854003906,845.1574096679688,312.1666564941406,24.68941307067871,208.60000610351562,48.68000030517578,158.97000122070312,190.07867431640625,140.2195587158203,460.3852844238281,374.71978759765625,269.6988220214844,101.97000122070312,54.751426696777344,326.4800109863281,268.94000244140625,47.677242279052734,261.4700012207031,112.98999786376953,214.5502166748047,197.71983337402344,149.80999755859375,79.67459869384766
2026-05-27,115.61761474609375,213.8776397705078,174.2646026611328,237.0,110.34220886230469,129.57000732421875,202.1770477294922,207.7555389404297,448.25,226.04110717773438,336.05999755859375,443.1700134277344,183.23094177246094,318.5400085449219,283.96600341796875,140.02874755859375,184.5092315673828,421.193359375,391.32000732421875,311.6867980957031,3027.47998046875,146.20925903320312,167.94778442382812,63.20000076293945,1064.3421630859375,479.9200134277344,199.40591430664062,64.27885437011719,908.2451171875,89.82188415527344,27.979999542236328,90.7696304321289,667.8499755859375,74.22000122070312,267.010009765625,119.22398376464844,46.995933532714844,169.86000061035156,53.15999984741211,92.06999969482422,182.39999389648438,157.5800018310547,114.37000274658203,172.77157592773438,212.84788513183594,261.8663024902344,70.8193130493164,90.84872436523438,389.8835754394531,1070.219970703125,65.94499206542969,44.81999969482422,55.619998931884766,59.85110092163086,341.1883850097656,316.8150634765625,190.59788513183594,83.93805694580078,384.5985107421875,236.9205780029297,39.43224334716797,391.3656311035156,315.4836730957031,131.0684814453125,305.5491027832031,255.1999969482422,149.15603637695312,248.78341674804688,297.93780517578125,29.887115478515625,195.718994140625,32.220001220703125,81.09642028808594,90.42081451416016,257.5423278808594,307.8029479980469,506.2690734863281,527.6854858398438,494.2115478515625,129.08547973632812,385.8599853515625,755.6344604492188,75.30059814453125,83.19999694824219,573.5703735351562,155.1699981689453,247.0500030517578,201.61000061035156,412.6700134277344,1093.8399658203125,45.57221603393555,212.35250854492188,6098.080078125,190.2979736328125,89.0199966430664,71.79000091552734,94.43000030517578,146.20179748535156,26.209999084472656,103.74248504638672,147.49000549316406,196.82260131835938,856.6799926757812,180.54318237304688,35.554283142089844,174.6300048828125,142.25999450683594,232.54110717773438,273.7506408691406,627.739990234375,27.824148178100586,375.3126220703125,456.0799865722656,205.00152587890625,176.58999633789062,309.9700012207031,56.2053108215332,525.9199829101562,392.4638977050781,90.61243438720703,157.13784790039062,870.0396118164062,305.1254577636719,24.56113052368164,208.75,48.459999084472656,157.00999450683594,189.78028869628906,138.43466186523438,456.6437683105469,381.8292236328125,277.94598388671875,104.47000122070312,54.225921630859375,327.6099853515625,275.6499938964844,47.431434631347656,260.80999755859375,113.13999938964844,214.6597442626953,202.5038604736328,147.89999389648438,78.9297866821289
2026-05-28,135.1201171875,217.08482360839844,176.28036499023438,240.9499969482422,108.16754150390625,127.76000213623047,201.97769165039062,206.19375610351562,449.67999267578125,225.11248779296875,336.4800109863281,439.8500061035156,184.91485595703125,318.29998779296875,281.8988342285156,147.45753479003906,183.12216186523438,425.9059143066406,439.32000732421875,314.259765625,3007.080078125,147.37106323242188,169.3941650390625,64.70999908447266,1040.6258544921875,477.4200134277344,199.41590881347656,63.58135986328125,886.0263061523438,90.03933715820312,27.940000534057617,91.13752746582031,668.6799926757812,73.16999816894531,267.7099914550781,118.19782257080078,45.67000198364258,173.05999755859375,53.849998474121094,92.97000122070312,183.02999877929688,156.6999969482422,114.30999755859375,180.25604248046875,211.989990234375,259.5426330566406,69.45549774169922,90.52000427246094,391.15838623046875,1069.43994140625,65.57879638671875,44.7599983215332,55.83000183105469,59.1118278503418,347.430908203125,320.42059326171875,182.69000244140625,84.16755676269531,385.88775634765625,235.30772399902344,39.16339111328125,383.6211853027344,318.8186340332031,128.36131286621094,307.9734191894531,264.2200012207031,147.75125122070312,248.1373291015625,295.3992614746094,29.82754135131836,192.76300048828125,31.90999984741211,79.89418029785156,89.21798706054688,262.0299987792969,313.50982666015625,500.39764404296875,533.716064453125,492.9237060546875,129.32273864746094,385.760009765625,756.1439208984375,74.8942642211914,81.95999908447266,574.3192749023438,152.85000610351562,251.3300018310547,203.7899932861328,426.989990234375,1163.5,46.94989013671875,214.00057983398438,6160.5400390625,202.99378967285156,89.2300033569336,71.20999908447266,95.51000213623047,144.7668914794922,26.139999389648438,102.50237274169922,145.91000366210938,194.4236602783203,852.8099975585938,177.1017303466797,35.0483512878418,176.7100067138672,138.7899932861328,242.39471435546875,279.83905029296875,621.52001953125,27.56661033630371,369.86590576171875,454.79998779296875,203.09707641601562,178.9600067138672,305.1400146484375,54.8325080871582,480.6400146484375,394.2384033203125,89.39115905761719,156.82937622070312,880.0924682617188,306.8109436035156,24.55126190185547,210.3300018310547,47.79999923706055,154.88999938964844,187.989990234375,144.97598266601562,451.2360534667969,380.35760498046875,265.6199951171875,106.66999816894531,53.98796081542969,324.95001220703125,276.75,47.205284118652344,261.20001220703125,111.66999816894531,213.47488403320312,204.9158172607422,146.9600067138672,77.72815704345703
2026-05-29,135.2698211669922,216.18125915527344,184.8473663330078,231.30999755859375,107.2142562866211,126.66999816894531,200.44281005859375,205.00999450683594,450.05999755859375,225.51190185546875,336.7900085449219,445.7099914550781,185.19223022460938,316.05999755859375,276.89990234375,148.53590393066406,180.82359313964844,446.06402587890625,448.7200012207031,315.6060791015625,2935.18994140625,146.090087890625,167.01014709472656,63.880001068115234,1041.013671875,474.4800109863281,196.37252807617188,63.641143798828125,874.2481689453125,90.44461059570312,28.059999465942383,89.61624145507812,646.6300048828125,72.56999969482422,269.3599853515625,119.97119140625,45.2599983215332,171.25999450683594,55.7599983215332,90.9800033569336,182.4600067138672,159.2899932861328,113.8499984741211,182.29180908203125,211.36000061035156,255.30419921875,69.11949157714844,88.94999694824219,391.5965881347656,1068.0400390625,64.7771224975586,44.20000076293945,56.560001373291016,58.262664794921875,345.30029296875,323.35693359375,181.16000366210938,83.05995178222656,376.2035827636719,232.888427734375,38.685420989990234,377.7828674316406,314.7789611816406,126.52999877929688,304.7011413574219,297.79998779296875,147.30291748046875,245.79153442382812,297.9676818847656,29.817611694335938,192.17100524902344,31.079999923706055,78.50315856933594,89.24781036376953,260.05999755859375,313.908203125,496.12115478515625,527.0,493.1533203125,127.5927734375,375.6000061035156,741.6199951171875,73.14999389648438,82.69000244140625,580.8099975585938,153.1300048828125,248.77000427246094,208.0,450.239990234375,1180.5799560546875,45.81999969482422,210.8942108154297,6104.7998046875,224.9972381591797,86.87999725341797,70.83999633789062,96.9800033569336,142.6887664794922,26.18000030517578,102.80000305175781,143.55999755859375,190.3154754638672,844.6300048828125,175.9215087890625,35.107872009277344,175.8800048828125,138.72999572753906,250.09628295898438,283.1618347167969,614.780029296875,27.735000610351562,363.0126647949219,451.05999755859375,199.85653686523438,179.66000366210938,303.8399963378906,54.26548385620117,475.6199951171875,401.1352844238281,88.49754333496094,154.869140625,879.173095703125,304.2777099609375,24.472318649291992,213.41000366210938,48.209999084472656,154.75,187.52999877929688,145.04579162597656,450.2781982421875,378.15020751953125,262.6400146484375,106.69000244140625,54.38456344604492,326.3599853515625,282.9200134277344,47.00864028930664,261.1600036621094,111.05000305175781,210.54757690429688,202.89256286621094,145.25999450683594,77.15218353271484
2026-06-01,135.7189483642578,211.4250946044922,194.25424194335938,248.16000366210938,104.35441589355469,123.79000091552734,205.416259765625,207.2100067138672,458.1700134277344,223.02561950683594,329.1300048828125,447.1499938964844,185.7568359375,320.4100036621094,277.1682434082031,146.1195526123047,181.18026733398438,459.2431640625,476.8800048828125,312.68408203125,3020.949951171875,144.3126220703125,168.82557678222656,62.970001220703125,1015.0101928710938,470.2900085449219,194.72610473632812,64.87670135498047,863.7576293945312,89.98003387451172,27.510000228881836,87.92593383789062,643.5,70.58000183105469,264.69000244140625,120.87779998779297,45.86000061035156,172.89999389648438,57.15999984741211,90.62000274658203,185.8300018310547,164.77999877929688,110.81999969482422,179.4976043701172,207.5399932861328,249.7892303466797,68.27945709228516,85.58000183105469,401.0282287597656,1050.77001953125,65.13341522216797,43.9900016784668,59.04999923706055,58.66227340698242,337.71368408203125,324.1958923339844,176.6999969482422,82.50116729736328,372.35589599609375,235.7557373046875,39.18330383300781,370.218017578125,308.3769836425781,126.56999969482422,327.5372314453125,320.4200134277344,144.42361450195312,244.33038330078125,295.2499084472656,29.98641014099121,194.00399780273438,30.850000381469727,78.13553619384766,89.57585906982422,256.8699951171875,308.34075927734375,495.842041015625,516.5,494.42120361328125,126.66352844238281,376.9599914550781,734.8200073242188,73.3184814453125,81.83999633789062,570.9600219726562,150.92999267578125,258.6600036621094,211.00999450683594,460.5199890136719,1183.5699462890625,45.93000030517578,224.09881591796875,6121.31005859375,247.28968811035156,86.63999938964844,69.33999633789062,102.44000244140625,140.0465545654297,25.6299991607666,102.9000015258789,140.27999877929688,192.58447265625,823.2999877929688,171.24032592773438,34.244808197021484,180.24000549316406,145.0800018310547,228.14735412597656,287.55902099609375,600.6599731445312,27.34000015258789,365.41680908203125,456.7099914550781,200.2454071044922,174.41000366210938,294.8599853515625,54.464439392089844,492.2900085449219,405.4493713378906,86.51173400878906,158.9985809326172,920.6035766601562,298.6626892089844,24.225622177124023,211.08999633789062,46.869998931884766,152.75,186.74000549316406,138.4147186279297,447.4546203613281,377.7027587890625,263.5,109.0199966430664,53.09559631347656,322.7699890136719,281.55999755859375,46.92998123168945,256.010009765625,108.5999984741211,211.59303283691406,201.46731567382812,149.3800048828125,77.02307891845703
2026-06-02,134.79074096679688,213.8776397705078,184.00746154785156,236.66000366210938,106.03258514404297,127.11000061035156,205.0873565673828,210.4600067138672,490.04998779296875,227.3890838623047,328.260009765625,445.3999938964844,183.77574157714844,317.8599853515625,277.5657653808594,148.17645263671875,181.68556213378906,480.8090515136719,490.1199951171875,310.12109375,3029.360107421875,143.41891479492188,166.79071044921875,64.54000091552734,1013.2501831054688,471.510009765625,194.4567108154297,66.1820068359375,908.1253051757812,88.8828353881836,27.639999389648438,87.766845703125,672.6699829101562,71.8499984741211,264.8399963378906,127.52294158935547,46.13999938964844,173.30999755859375,55.13999938964844,89.5,187.5500030517578,156.9499969482422,110.79000091552734,175.74539184570312,211.83999633789062,255.56350708007812,70.0879898071289,83.41000366210938,387.4534606933594,1071.800048828125,65.52930450439453,44.72999954223633,56.459999084472656,60.10085678100586,336.1306457519531,317.324462890625,200.39999389648438,81.55323028564453,358.1744384765625,239.96707153320312,39.96000289916992,366.6152648925781,309.2007751464844,127.16999816894531,320.124755859375,329.2300109863281,141.85316467285156,247.08370971679688,299.6102600097656,30.14527702331543,204.52000427246094,31.440000534057617,77.90701293945312,90.36117553710938,257.70001220703125,306.876708984375,494.3467712402344,513.4299926757812,476.8805847167969,127.4840316772461,373.760009765625,736.780029296875,73.09053802490234,82.81999969482422,576.9299926757812,152.89999389648438,263.05999755859375,214.97999572753906,441.30999755859375,1170.0,43.72999954223633,222.56060791015625,6180.9599609375,243.73207092285156,86.2300033569336,70.33000183105469,100.79000091552734,140.5215606689453,25.549999237060547,103.30999755859375,140.82000732421875,196.73265075683594,836.3200073242188,172.2321014404297,34.552337646484375,182.55999755859375,142.33999633789062,239.9537353515625,289.29998779296875,602.9199829101562,28.030000686645508,362.6236267089844,463.4100036621094,201.0829620361328,174.25999450683594,293.0,56.26499938964844,508.3500061035156,394.9479675292969,88.91456604003906,158.98863220214844,925.9497680664062,292.5190734863281,24.31443214416504,214.72999572753906,48.119998931884766,153.69000244140625,188.8300018310547,138.2551727294922,457.8809814453125,375.7738037109375,264.67999267578125,108.93000030517578,54.13668441772461,317.32000732421875,281.8399963378906,47.067630767822266,264.510009765625,110.2300033569336,211.01553344726562,203.1616668701172,149.55999755859375,75.86117553710938
2026-06-03,137.13621520996094,215.59542846679688,175.32188415527344,229.60000610351562,105.48644256591797,126.30999755859375,201.8282012939453,209.33999633789062,500.7699890136719,227.88832092285156,338.2200012207031,440.92999267578125,180.51686096191406,315.6000061035156,280.52734375,147.3976287841797,181.497314453125,478.4727478027344,481.4800109863281,299.7494812011719,3061.64990234375,144.59066772460938,164.36679077148438,64.2699966430664,985.3175659179688,475.3699951171875,195.42459106445312,67.33785247802734,924.4650268554688,87.59783172607422,27.170000076293945,84.38623046875,682.3300170898438,70.22000122070312,263.6400146484375,126.02853393554688,46.439998626708984,174.72000122070312,53.5099983215332,91.37000274658203,189.7100067138672,154.5800018310547,107.36000061035156,177.71131896972656,213.50999450683594,254.97509765625,70.02869415283203,82.05000305175781,389.6843566894531,1077.0,65.46002960205078,46.459999084472656,55.08000183105469,60.54042053222656,335.5631408691406,314.248291015625,200.75999450683594,81.52328491210938,355.466064453125,236.8907012939453,41.029998779296875,362.5035095214844,310.6400146484375,125.94000244140625,326.7690734863281,305.6300048828125,137.9376983642578,248.7535858154297,299.50079345703125,30.333932876586914,212.51100158691406,31.3700008392334,78.25476837158203,88.9297103881836,258.9200134277344,302.2255554199219,505.97003173828125,512.030029296875,470.7608337402344,131.02304077148438,376.75,739.530029296875,77.25297546386719,80.95999908447266,583.1500244140625,151.64999389648438,267.2099914550781,210.13999938964844,427.3399963378906,1169.3199462890625,43.810001373291016,214.5,6119.41015625,229.53146362304688,87.37999725341797,69.91999816894531,98.44999694824219,141.05592346191406,25.34000015258789,101.19000244140625,140.19000244140625,193.37413024902344,850.760009765625,174.49334716796875,34.740821838378906,184.67999267578125,139.72000122070312,249.08999633789062,286.4200134277344,618.9500122070312,27.399999618530273,358.5535583496094,461.7300109863281,203.6055908203125,172.5500030517578,296.489990234375,56.849998474121094,498.0199890136719,390.0567626953125,88.89470672607422,157.09805297851562,940.019775390625,294.2145690917969,23.238834381103516,218.38999938964844,47.41999816894531,157.89999389648438,181.4499969482422,139.2124481201172,464.7853088378906,374.8590087890625,262.1300048828125,108.66999816894531,52.6890754699707,312.3999938964844,285.29998779296875,45.86808395385742,262.7799987792969,110.05000305175781,217.05935668945312,206.4207763671875,152.52999877929688,77.05286407470703
2026-06-04,138.10435485839844,223.3502197265625,176.7349090576172,233.63999938964844,106.24111938476562,127.79000091552734,210.3000030517578,210.83999633789062,501.70001220703125,228.4175262451172,345.6000061035156,455.0899963378906,192.07650756835938,322.239990234375,281.1037902832031,146.5489044189453,187.44187927246094,418.248046875,513.2000122070312,311.67681884765625,3081.93994140625,148.5130157470703,167.07000732421875,66.11000061035156,1016.8299560546875,478.6300048828125,201.3018035888672,68.2944107055664,938.738525390625,92.70819854736328,27.850000381469727,84.61491394042969,678.0999755859375,70.36000061035156,270.32000732421875,129.51548767089844,46.22999954223633,179.9600067138672,53.400001525878906,94.81999969482422,188.35000610351562,160.07000732421875,108.95999908447266,186.25360107421875,213.47000122070312,253.63873291015625,70.96754455566406,82.9000015258789,407.7807312011719,1089.1500244140625,67.20193481445312,47.15999984741211,56.22999954223633,61.409568786621094,340.00360107421875,327.2420959472656,197.6999969482422,83.04000091552734,369.0478820800781,240.8929901123047,41.220001220703125,361.10626220703125,309.95001220703125,127.33000183105469,348.9766540527344,301.7699890136719,141.53433227539062,249.60841369628906,309.4957580566406,29.84739875793457,213.11000061035156,31.700000762939453,76.32720947265625,91.33536529541016,260.9700012207031,308.5299987792969,507.45001220703125,519.0499877929688,480.9537658691406,135.30348205566406,385.29998779296875,756.9500122070312,81.1973876953125,83.45999908447266,580.8599853515625,152.77000427246094,267.04998779296875,218.27000427246094,428.04998779296875,1180.47998046875,43.619998931884766,218.66000366210938,6177.27001953125,235.5206298828125,88.4000015258789,69.8499984741211,99.4800033569336,140.6699981689453,25.690000534057617,103.51000213623047,140.77999877929688,195.29327392578125,872.22998046875,173.55116271972656,34.879703521728516,184.13999938964844,138.7899932861328,242.57000732421875,293.2799987792969,628.72998046875,28.43000030517578,365.8258056640625,462.239990234375,207.30479431152344,179.41000366210938,300.0899963378906,58.0099983215332,494.4800109863281,397.4645080566406,89.6989517211914,161.9439239501953,925.3302001953125,300.40802001953125,22.46914291381836,220.75,49.18000030517578,158.6300048828125,177.02000427246094,140.0699920654297,462.71002197265625,394.21844482421875,263.8999938964844,110.22000122070312,54.98938751220703,320.17999267578125,283.05999755859375,44.117916107177734,262.5199890136719,111.2300033569336,218.0649871826172,207.39752197265625,152.0399932861328,78.9695053100586
2026-06-05,135.17999267578125,225.62403869628906,176.1321563720703,229.9600067138672,108.50515747070312,129.13999938964844,216.13999938964844,221.00999450683594,453.010009765625,226.21084594726562,349.5799865722656,454.6600036621094,192.28451538085938,328.5299987792969,280.60687255859375,138.60089111328125,187.96697998046875,385.1204833984375,486.1199951171875,309.8119201660156,3116.429931640625,150.10182189941406,165.83999633789062,62.59000015258789,995.5999755859375,488.1300048828125,205.26318359375,66.91935729980469,902.6055908203125,93.4001235961914,27.40999984741211,88.07508087158203,651.219970703125,72.04000091552734,275.0400085449219,121.1866455078125,46.9900016784668,179.85000610351562,53.209999084472656,95.93000030517578,187.30999755859375,156.8000030517578,108.12999725341797,183.91844177246094,214.75999450683594,257.26885986328125,72.46971893310547,83.48999786376953,413.8460693359375,1080.949951171875,67.48895263671875,46.790000915527344,54.43000030517578,61.21975326538086,344.9219665527344,327.5916442871094,177.5800018310547,82.11000061035156,365.5400085449219,235.52674865722656,39.18000030517578,371.38568115234375,310.7799987792969,132.13999938964844,349.2559814453125,284.8399963378906,140.97640991210938,251.19879150390625,310.9691162109375,30.314075469970703,192.9199981689453,31.68000030517578,78.97014617919922,89.95360565185547,265.1499938964844,307.8299865722656,507.8999938964844,523.760009765625,490.2581481933594,135.9658203125,392.510009765625,775.6599731445312,80.93971252441406,84.48999786376953,575.8300170898438,153.75999450683594,262.010009765625,211.92999267578125,416.6700134277344,1154.3299560546875,42.97999954223633,205.10000610351562,6182.5498046875,212.93917846679688,90.33000183105469,70.33999633789062,100.52999877929688,141.9199981689453,26.040000915527344,105.22000122070312,146.5399932861328,203.929443359375,882.3400268554688,176.8240203857422,35.455081939697266,183.0800018310547,137.0,215.94000244140625,280.0,635.4500122070312,28.540000915527344,365.6562194824219,446.7099914550781,209.4285888671875,180.99000549316406,305.29998779296875,54.869998931884766,464.8500061035156,401.55157470703125,90.77129364013672,160.94888305664062,846.8661499023438,304.84619140625,22.449405670166016,212.64999389648438,49.20000076293945,160.7100067138672,178.10000610351562,140.10000610351562,456.8399963378906,397.201416015625,272.32000732421875,108.54000091552734,55.21743392944336,323.57000732421875,281.3800048828125,44.609535217285156,260.3999938964844,112.94999694824219,220.39999389648438,204.29786682128906,149.9199981689453,78.89006805419922
2026-06-08,132.43527221679688,221.4934539794922,172.35752868652344,225.0399932861328,106.4000015258789,126.7699966430664,212.52000427246094,215.02000427246094,492.1700134277344,225.6117401123047,345.7300109863281,449.3800048828125,187.31199645996094,325.8500061035156,275.0613098144531,143.38368225097656,185.87648010253906,395.9732971191406,471.05999755859375,311.44744873046875,3074.0400390625,148.94000244140625,162.3000030517578,64.83999633789062,994.77001953125,487.0,204.0358428955078,67.10867309570312,913.9445190429688,90.73126983642578,27.010000228881836,85.57938385009766,672.6799926757812,70.91000366210938,274.0799865722656,123.68729400634766,47.11000061035156,173.64999389648438,52.9900016784668,97.08000183105469,189.24000549316406,152.49000549316406,109.7300033569336,183.15003967285156,216.19000244140625,256.7103576660156,70.00892639160156,84.63999938964844,416.4554443359375,1062.739990234375,66.64768981933594,46.0,52.720001220703125,61.09987258911133,339.36639404296875,321.6390686035156,187.5399932861328,83.7699966430664,361.1700134277344,234.19265747070312,40.5,360.5973205566406,309.7099914550781,127.58999633789062,355.1421203613281,280.82000732421875,138.5354766845703,250.8707733154297,309.7147521972656,30.53251838684082,210.80599975585938,31.290000915527344,79.0297622680664,90.20211791992188,262.010009765625,302.1000061035156,501.9200134277344,520.0700073242188,484.85723876953125,135.5802764892578,391.4200134277344,766.6400146484375,79.9684829711914,84.37999725341797,553.97998046875,153.85000610351562,266.1700134277344,212.24000549316406,411.739990234375,1138.8800048828125,43.22999954223633,208.63999938964844,6191.10986328125,211.0856475830078,89.0199966430664,69.62999725341797,98.91999816894531,140.67999267578125,25.6200008392334,105.02999877929688,145.10000610351562,200.1710968017578,883.1400146484375,174.61236572265625,35.06818771362305,183.4199981689453,136.07000732421875,217.77000427246094,272.0,611.3400268554688,28.559999465942383,371.94085693359375,451.6600036621094,204.33346557617188,178.66000366210938,299.54998779296875,56.54999923706055,473.4800109863281,394.5979309082031,88.36846923828125,161.00857543945312,876.1453247070312,300.7271728515625,22.202709197998047,205.61000061035156,48.83000183105469,159.75,178.42999267578125,140.89999389648438,458.9200134277344,404.2610778808594,268.6700134277344,107.69999694824219,54.88032150268555,319.6700134277344,269.9800109863281,44.67836380004883,259.6300048828125,111.25,216.13999938964844,201.816162109375,151.75,78.27435302734375
2026-06-09,135.21990966796875,223.8268280029297,171.408935546875,224.0800018310547,107.98999786376953,127.76000213623047,217.0500030517578,217.17999267578125,499.2099914550781,229.4559783935547,344.57000732421875,449.19000244140625,189.025634765625,331.5899963378906,281.23297119140625,153.83792114257812,185.12350463867188,391.5403137207031,452.510009765625,317.5108642578125,3137.75,152.0399932861328,163.99000549316406,63.54999923706055,1011.9600219726562,487.7699890136719,212.2080535888672,70.98473358154297,913.0062866210938,91.50227355957031,27.729999542236328,87.29953002929688,669.22998046875,72.62999725341797,279.57000732421875,119.91141510009766,47.279998779296875,179.8699951171875,52.939998626708984,97.05999755859375,186.75999450683594,155.6699981689453,112.4800033569336,188.0199432373047,220.97000122070312,263.72125244140625,70.42400360107422,86.55999755859375,422.7099914550781,1059.8399658203125,67.16234588623047,46.58000183105469,54.029998779296875,62.71827697753906,344.165283203125,330.02862548828125,173.94000244140625,83.76000213623047,362.2900085449219,236.8011016845703,39.619998931884766,374.150146484375,321.3299865722656,128.97000122070312,362.3251647949219,277.489990234375,141.03619384765625,255.00572204589844,311.2976379394531,31.257354736328125,213.93699645996094,31.34000015258789,80.81820678710938,92.0113296508789,271.239990234375,308.1700134277344,515.5900268554688,530.1300048828125,494.41119384765625,137.3201446533203,393.6099853515625,784.22998046875,81.2469482421875,85.56999969482422,572.25,156.38999938964844,258.1499938964844,210.25,403.4100036621094,1162.7900390625,44.650001525878906,208.19000244140625,6406.56982421875,205.0964813232422,89.48999786376953,71.2699966430664,100.27999877929688,142.77999877929688,25.700000762939453,106.66000366210938,148.6699981689453,200.04116821289062,905.530029296875,177.0223846435547,35.46500015258789,179.0,136.97000122070312,205.4199981689453,282.260009765625,616.1799926757812,28.600000381469727,390.2062072753906,460.4700012207031,209.56817626953125,181.55999755859375,310.54998779296875,55.849998474121094,465.2699890136719,401.91107177734375,90.22520446777344,162.4414520263672,845.4072265625,313.1739501953125,22.40993309020996,210.91000366210938,49.43000030517578,164.8699951171875,179.4600067138672,145.6199951171875,470.760009765625,410.6545715332031,271.2799987792969,107.87000274658203,55.54463577270508,325.04998779296875,279.0,45.012664794921875,265.7699890136719,113.0999984741211,221.3000030517578,212.4606170654297,148.91000366210938,81.63095092773438
2026-06-10,131.36732482910156,223.3601531982422,168.47422790527344,221.27999877929688,108.7699966430664,128.52999877929688,220.13999938964844,223.33999633789062,497.010009765625,221.44798278808594,337.7300109863281,450.6199951171875,190.67984008789062,336.3299865722656,274.80291748046875,148.99522399902344,184.86590576171875,371.51202392578125,447.5899963378906,312.484619140625,3110.050048828125,147.7899932861328,160.63999938964844,63.02000045776367,1010.6799926757812,483.67999267578125,215.83016967773438,67.72645568847656,854.5746459960938,92.30292510986328,25.989999771118164,89.43726348876953,630.52001953125,73.45999908447266,281.239990234375,118.35723114013672,46.40999984741211,180.39999389648438,51.810001373291016,98.0199966430664,189.8000030517578,151.0,111.18000030517578,183.2498321533203,213.75999450683594,256.29150390625,70.66118621826172,85.38999938964844,404.55999755859375,1038.3299560546875,66.9149169921875,46.029998779296875,53.279998779296875,60.000953674316406,339.57550048828125,318.3132019042969,168.1699981689453,79.4000015258789,353.32000732421875,230.69813537597656,39.72999954223633,372.59326171875,318.9200134277344,129.25999450683594,363.6021423339844,272.3599853515625,139.82070922851562,248.6641387939453,307.75360107421875,31.475799560546875,213.56399536132812,31.84000015258789,83.05377197265625,89.31739807128906,268.6300048828125,303.0,509.1600036621094,525.02001953125,488.2615051269531,138.18019104003906,386.2300109863281,790.4400024414062,79.53240966796875,86.12999725341797,552.8699951171875,156.85000610351562,263.2799987792969,206.66000366210938,397.3599853515625,1133.030029296875,43.959999084472656,200.4199981689453,6305.0400390625,200.56224060058594,90.45999908447266,69.66000366210938,101.0999984741211,144.32000732421875,25.600000381469727,109.20999908447266,149.0500030517578,204.10935974121094,875.5999755859375,181.44570922851562,35.58000183105469,181.72000122070312,135.0800018310547,191.1999969482422,268.7300109863281,601.6500244140625,28.579999923706055,375.5121154785156,440.07000732421875,211.97116088867188,177.41000366210938,303.9100036621094,55.5099983215332,460.5400085449219,403.3869323730469,90.38406372070312,160.99862670898438,815.4085693359375,308.0177307128906,22.90332794189453,202.0,49.7599983215332,167.66000366210938,185.5500030517578,140.9199981689453,449.1199951171875,405.1460266113281,267.0299987792969,103.26000213623047,56.32793426513672,322.9599914550781,272.6700134277344,46.163055419921875,256.5199890136719,114.01000213623047,224.27999877929688,206.2513427734375,150.6199951171875,80.72725677490234
2026-06-11,129.30130004882812,223.18142700195312,165.52964782714844,205.57000732421875,108.25,128.47999572753906,220.89999389648438,219.57000732421875,552.6400146484375,225.87136840820312,354.05999755859375,450.3800048828125,187.52000427246094,335.1700134277344,276.4029846191406,152.2303466796875,182.65650939941406,384.9607238769531,446.20001220703125,317.62054443359375,3081.6201171875,147.35000610351562,163.58999633789062,63.47999954223633,1016.5800170898438,485.7900085449219,220.67962646484375,69.4901123046875,895.9678955078125,90.97838592529297,28.1200008392334,88.88046264648438,655.6900024414062,72.8499984741211,281.4800109863281,121.37593841552734,47.369998931884766,181.8800048828125,51.18000030517578,100.4800033569336,185.82000732421875,154.58999633789062,114.37000274658203,180.4156951904297,218.52999877929688,262.9134521484375,71.49132537841797,88.0199966430664,399.17999267578125,1043.1800537109375,65.96479034423828,46.38999938964844,53.060001373291016,59.78116989135742,357.2875061035156,332.3457336425781,176.5500030517578,80.8499984741211,356.55999755859375,237.52789306640625,39.7599983215332,377.7529296875,326.010009765625,128.39999389648438,367.82220458984375,274.8500061035156,138.46572875976562,252.91836547851562,312.0840759277344,31.009122848510742,241.16400146484375,31.360000610351562,82.00057983398438,94.38716125488281,265.2699890136719,312.1700134277344,515.4400024414062,548.6799926757812,485.6958312988281,136.51942443847656,396.8900146484375,787.1900024414062,79.61170196533203,87.58000183105469,565.5399780273438,157.91000366210938,260.80999755859375,212.66000366210938,390.3399963378906,1141.25,45.959999084472656,204.8699951171875,6479.7001953125,183.4617462158203,90.0999984741211,70.12999725341797,99.2699966430664,143.72999572753906,26.170000076293945,109.69000244140625,148.33999633789062,202.1702117919922,902.3699951171875,179.2836456298828,35.459999084472656,178.10000610351562,118.38999938964844,202.9600067138672,287.9599914550781,611.47998046875,28.889999389648438,392.3409729003906,457.5899963378906,207.4443817138672,184.2100067138672,316.8900146484375,56.0,456.2900085449219,391.0501403808594,90.89044189453125,164.0335235595703,867.4714965820312,304.8262634277344,22.696102142333984,207.74000549316406,50.68000030517578,168.33999633789062,185.82000732421875,145.38999938964844,460.1400146484375,403.2468566894531,268.2799987792969,108.6500015258789,57.14097595214844,319.04998779296875,280.19000244140625,46.153221130371094,262.0899963378906,113.06999969482422,218.7899932861328,218.0120849609375,146.60000610351562,80.83649444580078
2026-06-12,129.5907440185547,226.12049865722656,168.2568359375,198.42999267578125,109.0,129.22999572753906,218.69000244140625,221.6300048828125,567.25,226.7799835205078,355.20001220703125,459.1300048828125,187.17999267578125,335.30999755859375,279.8813781738281,153.5683135986328,185.3018341064453,381.4662780761719,441.7300109863281,324.55157470703125,3116.300048828125,146.24000549316406,164.94000244140625,63.13999938964844,1032.0,489.25,223.36378479003906,69.65950775146484,908.8839111328125,91.09700775146484,29.18000030517578,88.94011688232422,659.5800170898438,73.56999969482422,281.6700134277344,120.6486587524414,47.56999969482422,176.27999877929688,52.16999816894531,101.95999908447266,187.22000122070312,150.5800018310547,113.83000183105469,179.72714233398438,217.42999267578125,264.6886291503906,72.09416961669922,89.68000030517578,404.07000732421875,1055.8499755859375,66.64768981933594,46.56999969482422,53.779998779296875,60.080875396728516,358.6415710449219,334.8825378417969,179.1999969482422,81.5,358.1600036621094,237.0500030517578,39.599998474121094,386.40557861328125,328.3900146484375,129.6199951171875,378.3274230957031,272.239990234375,140.00999450683594,255.88043212890625,319.28167724609375,31.485727310180664,254.5399932861328,31.940000534057617,82.09000396728516,89.76473236083984,266.1600036621094,307.7900085449219,523.5700073242188,540.3300170898438,489.1600341796875,137.33990478515625,402.5400085449219,784.0499877929688,79.48285675048828,88.83999633789062,577.3300170898438,158.32000732421875,263.5799865722656,214.0399932861328,390.739990234375,1131.489990234375,44.93000030517578,205.19000244140625,6374.93017578125,183.49163818359375,91.0199966430664,70.75,100.62999725341797,144.27000427246094,26.209999084472656,111.12000274658203,149.61000061035156,203.0198516845703,903.47998046875,182.78460693359375,35.849998474121094,179.4499969482422,113.68000030517578,211.72000122070312,294.3800048828125,612.1400146484375,29.270000457763672,402.9949645996094,459.3399963378906,209.29898071289062,183.52999877929688,317.29998779296875,56.18000030517578,453.8900146484375,396.31976318359375,91.63512420654297,166.7997589111328,930.3765869140625,311.3687744140625,23.2684383392334,210.3800048828125,51.65999984741211,168.41000366210938,189.10000610351562,147.4199981689453,458.25,406.20001220703125,272.70001220703125,108.0999984741211,58.439857482910156,322.3900146484375,286.4700012207031,47.303611755371094,265.20001220703125,113.44000244140625,219.4499969482422,222.7960968017578,147.00999450683594,79.0191650390625
2026-06-15,130.33929443359375,220.02389526367188,163.39529418945312,198.60000610351562,109.56999969482422,129.30999755859375,215.74000549316406,221.80999755859375,585.780029296875,230.4499969482422,350.5299987792969,459.8800048828125,185.75999450683594,329.510009765625,281.2131042480469,158.35110473632812,182.775390625,393.3175048828125,443.2099914550781,334.4644470214844,3105.47998046875,145.52000427246094,174.63999938964844,62.459999084472656,1042.8699951171875,495.5199890136719,225.90823364257812,70.87512969970703,932.20068359375,88.73999786376953,30.1200008392334,90.06368255615234,679.7100219726562,73.6500015258789,281.42999267578125,119.72212219238281,47.38999938964844,174.74000549316406,50.81999969482422,100.68000030517578,180.39999389648438,168.08999633789062,112.5,180.72506713867188,220.6699981689453,267.8500061035156,71.2936782836914,90.0,401.8900146484375,1064.3800048828125,65.49961853027344,46.099998474121094,47.90999984741211,60.22073745727539,357.95458984375,341.83392333984375,187.8800048828125,84.06999969482422,367.1099853515625,238.1699981689453,38.18000030517578,389.19000244140625,329.82000732421875,129.82000732421875,379.364990234375,268.7099914550781,140.10000610351562,260.92987060546875,317.96759033203125,31.545305252075195,256.4200134277344,31.459999084472656,80.91000366210938,89.21798706054688,265.0299987792969,304.1700134277344,521.47998046875,530.3599853515625,489.81890869140625,135.7582244873047,400.6300048828125,779.780029296875,79.66124725341797,87.66000366210938,588.8900146484375,158.22999572753906,250.86000061035156,217.97999572753906,399.760009765625,1154.469970703125,45.20000076293945,212.4499969482422,6335.0,191.97213745117188,90.26000213623047,71.80999755859375,100.9000015258789,146.25,26.0,110.58999633789062,150.4600067138672,203.40966796875,918.8599853515625,180.31507873535156,36.16999816894531,173.25999450683594,114.8499984741211,220.80999755859375,313.6700134277344,614.97998046875,28.600000381469727,411.3544921875,463.57000732421875,207.48426818847656,183.63999938964844,320.239990234375,53.709999084472656,454.3800048828125,401.2015075683594,91.27767944335938,166.54103088378906,1018.0740966796875,307.1201171875,22.982271194458008,216.13999938964844,48.47999954223633,167.3300018310547,188.86000061035156,150.99000549316406,472.5400085449219,411.0400085449219,267.32000732421875,108.83000183105469,57.299617767333984,323.82000732421875,292.989990234375,46.281044006347656,268.8900146484375,114.0,216.94000244140625,222.54693603515625,140.9199981689453,79.39653015136719
2026-06-16,128.09361267089844,220.89767456054688,163.55340576171875,201.3800048828125,110.4800033569336,129.75,215.89999389648438,223.08999633789062,568.22998046875,231.89999389648438,347.8399963378906,471.3299865722656,184.47000122070312,331.45001220703125,278.7484130859375,158.57077026367188,183.02308654785156,376.1147155761719,435.3900146484375,339.809814453125,3127.7900390625,145.16000366210938,175.72000122070312,61.52000045776367,1052.22998046875,494.95001220703125,227.22537231445312,70.89506530761719,943.7093505859375,88.12999725341797,30.899999618530273,90.14322662353516,699.969970703125,74.02999877929688,281.4599914550781,119.12435913085938,46.900001525878906,176.7100067138672,51.04999923706055,100.72000122070312,180.11000061035156,170.02999877929688,110.16999816894531,180.97454833984375,222.6300048828125,273.8699951171875,71.21461486816406,87.58000183105469,397.79998779296875,1094.6800537109375,65.71735382080078,46.04999923706055,49.83000183105469,61.369606018066406,362.5145263671875,351.2921142578125,177.4199981689453,82.51000213623047,371.1000061035156,234.9600067138672,37.20000076293945,396.92999267578125,337.0899963378906,131.02000427246094,368.62030029296875,270.80999755859375,141.27999877929688,264.18017578125,329.6549377441406,31.773677825927734,237.3300018310547,31.440000534057617,80.27999877929688,89.24781036376953,264.760009765625,310.45001220703125,518.1699829101562,535.9500122070312,500.4909973144531,134.87841796875,399.1000061035156,785.4299926757812,80.59284210205078,87.4000015258789,603.5700073242188,161.6300048828125,250.47000122070312,220.8300018310547,393.8299865722656,1151.5699462890625,45.040000915527344,207.41000366210938,6437.580078125,187.6770782470703,90.68000030517578,73.51000213623047,100.27999877929688,146.1199951171875,26.040000915527344,111.16999816894531,152.49000549316406,204.56915283203125,938.510009765625,182.5465850830078,36.380001068115234,172.0,118.18000030517578,214.07000732421875,312.8399963378906,614.72998046875,29.0,405.7582092285156,466.30999755859375,208.42152404785156,186.77000427246094,322.44000244140625,53.06999969482422,448.3800048828125,409.886474609375,91.11880493164062,170.44161987304688,1030.6051025390625,309.7530822753906,22.853988647460938,217.0,49.130001068115234,166.32000732421875,184.36000061035156,149.38999938964844,475.3399963378906,407.6499938964844,267.45001220703125,110.0199966430664,58.390281677246094,333.1199951171875,300.8299865722656,45.946739196777344,272.1199951171875,114.66999816894531,218.58999633789062,226.42398071289062,141.86000061035156,78.78083038330078
2026-06-17,124.09131622314453,219.66644287109375,154.15638732910156,193.07000732421875,108.91999816894531,128.27000427246094,216.08999633789062,221.66000366210938,592.9199829101562,231.27000427246094,341.6600036621094,471.9700012207031,181.08999633789062,326.69000244140625,280.01055908203125,160.8673095703125,177.97021484375,392.2791442871094,423.010009765625,339.6103820800781,3059.6298828125,141.61000061035156,171.6300048828125,60.06999969482422,1057.3800048828125,491.2799987792969,225.7884979248047,69.24100494384766,954.14990234375,85.7699966430664,29.90999984741211,90.06368255615234,717.780029296875,73.30999755859375,277.0899963378906,116.89270782470703,45.56999969482422,169.63999938964844,48.81999969482422,99.16000366210938,177.5800018310547,165.66000366210938,105.72000122070312,177.39198303222656,220.7899932861328,269.05999755859375,70.06822204589844,82.45999908447266,391.2699890136719,1088.52001953125,63.96554946899414,44.880001068115234,48.77000045776367,60.62034606933594,361.2401123046875,356.58551025390625,175.39999389648438,79.58000183105469,362.1000061035156,231.88999938964844,36.22999954223633,388.1600036621094,327.4800109863281,129.63999938964844,361.14794921875,262.3500061035156,134.58999633789062,260.5322570800781,331.9645080566406,30.671527862548828,238.72999572753906,31.329999923706055,79.93000030517578,85.96737670898438,259.55999755859375,313.1700134277344,515.8499755859375,532.3200073242188,492.1649475097656,131.58653259277344,394.6099853515625,779.7999877929688,77.44127655029297,85.8499984741211,591.0800170898438,159.22999572753906,244.61000061035156,224.9600067138672,378.9100036621094,1129.530029296875,44.189998626708984,204.64999389648438,6275.93994140625,182.8937225341797,88.4000015258789,72.72000122070312,97.58000183105469,141.58999633789062,25.920000076293945,110.22000122070312,150.55999755859375,204.32925415039062,945.969970703125,177.96456909179688,35.33000183105469,167.1699981689453,116.94000244140625,212.97000122070312,301.4700012207031,607.9299926757812,28.649999618530273,402.8652648925781,458.69000244140625,206.82618713378906,192.5800018310547,313.79998779296875,50.33000183105469,461.739990234375,395.4777526855469,89.6095962524414,170.25257873535156,1065.310302734375,300.3382263183594,22.143503189086914,212.1999969482422,48.16999816894531,164.1300048828125,181.30999755859375,145.8699951171875,472.510009765625,399.5299987792969,258.04998779296875,105.12999725341797,57.41859817504883,330.3800048828125,294.82000732421875,45.071659088134766,271.8599853515625,112.54000091552734,215.85000610351562,220.41404724121094,140.74000549316406,76.72515869140625
2026-06-18,126.81607818603516,214.95994567871094,126.45942687988281,193.82000732421875,108.66999816894531,127.69000244140625,214.05999755859375,221.1699981689453,617.1099853515625,237.4199981689453,337.6000061035156,467.42999267578125,176.0500030517578,317.739990234375,278.4800720214844,163.7130126953125,175.6815643310547,410.70001220703125,423.3999938964844,337.0773010253906,3064.47998046875,143.97999572753906,171.77999877929688,58.40999984741211,1050.0899658203125,489.4599914550781,221.28829956054688,71.55269622802734,983.9945678710938,82.05000305175781,30.8700008392334,88.96995544433594,716.8599853515625,73.37999725341797,271.8299865722656,119.09447479248047,45.630001068115234,170.85000610351562,43.70000076293945,98.31999969482422,173.6300048828125,173.4600067138672,109.11000061035156,176.80320739746094,223.57000732421875,269.1199951171875,71.0466079711914,84.80999755859375,388.5,1092.18994140625,63.43109893798828,45.88999938964844,47.86000061035156,60.96999740600586,348.476318359375,357.19476318359375,194.9199981689453,79.29000091552734,367.4599914550781,234.1999969482422,34.93000030517578,375.1700134277344,334.2799987792969,128.25,359.8011169433594,249.10000610351562,133.8800048828125,262.5003356933594,323.761474609375,30.542448043823242,259.55999755859375,31.59000015258789,79.38999938964844,89.19811248779297,255.82000732421875,294.82000732421875,512.1500244140625,510.95001220703125,488.9703369140625,130.98350524902344,396.20001220703125,750.6300048828125,78.63054656982422,85.58000183105469,609.1199951171875,160.60000610351562,242.91000366210938,223.1699981689453,379.3999938964844,1144.8399658203125,45.20000076293945,210.69000244140625,6490.93017578125,183.6510772705078,86.83999633789062,73.2699966430664,98.23999786376953,142.02000427246094,25.209999084472656,109.56999969482422,150.3800048828125,204.779052734375,953.27001953125,176.93312072753906,35.380001068115234,166.13999938964844,114.75,226.11000061035156,312.510009765625,609.9400024414062,28.6200008392334,412.0029296875,473.7900085449219,204.34344482421875,185.60000610351562,320.7900085449219,48.09000015258789,455.510009765625,388.7606506347656,90.04647827148438,167.47637939453125,1069.4674072265625,306.98046875,21.71918296813965,217.63999938964844,48.33000183105469,163.80999755859375,181.6699981689453,143.5,483.3999938964844,400.9599914550781,256.8800048828125,104.86000061035156,57.646644592285156,327.239990234375,302.8399963378906,44.609535217285156,273.8299865722656,112.16999816894531,214.60000610351562,226.16485595703125,137.80999755859375,78.16511535644531
2026-06-22,126.2471694946289,228.38438415527344,123.34685516357422,187.72000122070312,109.69999694824219,130.3000030517578,209.0800018310547,222.55999755859375,640.1799926757812,241.5500030517578,344.7200012207031,471.4100036621094,176.42999267578125,313.6300048828125,281.3621520996094,165.7100067138672,178.22781372070312,392.1300048828125,410.0299987792969,337.1471252441406,2949.06005859375,140.7100067138672,167.77000427246094,59.150001525878906,1051.739990234375,488.69000244140625,222.25619506835938,71.5925521850586,1020.3870849609375,83.12000274658203,30.190000534057617,88.16456604003906,724.9299926757812,73.80000305175781,271.2799987792969,121.07705688476562,46.20000076293945,169.4499969482422,41.83000183105469,101.30000305175781,175.05999755859375,172.0800018310547,105.56999969482422,177.8210906982422,229.39999389648438,269.3399963378906,71.35296630859375,84.52999877929688,394.82000732421875,1115.93994140625,64.06452941894531,46.119998931884766,47.18000030517578,61.66999816894531,341.8554382324219,354.6778869628906,209.8300018310547,80.43000030517578,348.7799987792969,236.33999633789062,35.16999816894531,376.989990234375,326.6199951171875,129.5,359.8709716796875,252.22000122070312,131.33999633789062,263.7130126953125,329.993408203125,30.651670455932617,269.1600036621094,32.25,79.52999877929688,86.92168426513672,254.42999267578125,285.8299865722656,516.7100219726562,493.6000061035156,483.2798767089844,130.6177520751953,384.19000244140625,744.8499755859375,78.56117248535156,87.55999755859375,609.8800048828125,163.22000122070312,247.2899932861328,227.08999633789062,367.3399963378906,1164.0699462890625,43.189998626708984,208.64999389648438,6352.5498046875,174.4630584716797,85.62999725341797,72.4800033569336,95.93000030517578,140.7100067138672,25.079999923706055,111.2300033569336,147.67999267578125,207.28794860839844,962.1400146484375,171.74612426757812,35.59000015258789,168.41000366210938,115.0,221.89999389648438,309.3599853515625,612.5,28.75,409.91802978515625,478.0799865722656,203.76512145996094,181.8300018310547,316.8999938964844,47.95000076293945,464.5799865722656,385.4209899902344,90.96987915039062,172.84963989257812,1093.260498046875,303.8787841796875,21.807994842529297,212.69000244140625,48.7599983215332,164.1699981689453,180.05999755859375,149.1999969482422,491.5899963378906,406.67999267578125,259.9100036621094,107.23999786376953,58.182064056396484,326.6000061035156,304.3900146484375,44.59970474243164,276.75,113.04000091552734,213.30999755859375,225.30772399902344,138.47000122070312,75.36463928222656
2026-06-23,126.42682647705078,233.10081481933594,125.5009536743164,188.77999877929688,111.69999694824219,133.74000549316406,215.77999877929688,231.5500030517578,585.8800048828125,234.0800018310547,347.010009765625,466.1099853515625,179.3800048828125,320.739990234375,280.7062683105469,158.6999969482422,180.5561065673828,380.1499938964844,433.0400085449219,336.85791015625,3046.4599609375,143.9199981689453,168.94000244140625,58.68000030517578,1015.3300170898438,492.80999755859375,228.41278076171875,70.49649047851562,982.41748046875,84.33000183105469,28.719999313354492,90.9088363647461,699.0499877929688,75.33000183105469,281.1000061035156,120.69847106933594,46.15999984741211,168.8000030517578,40.95000076293945,101.56999969482422,175.97999572753906,171.52000427246094,103.62999725341797,178.59947204589844,223.5399932861328,268.6600036621094,72.08429718017578,83.76000213623047,395.1000061035156,1115.9300537109375,65.02455139160156,45.599998474121094,47.29999923706055,60.34000015258789,348.80487060546875,356.0262145996094,194.07000732421875,78.94999694824219,346.0799865722656,236.41000366210938,35.11000061035156,386.9200134277344,324.45001220703125,131.3300018310547,358.2846984863281,264.94000244140625,133.0,260.06512451171875,332.6414794921875,30.651670455932617,244.49000549316406,32.540000915527344,80.30999755859375,86.83221435546875,258.5899963378906,293.7699890136719,512.260009765625,503.6700134277344,487.2532043457031,132.35760498046875,386.8299865722656,763.9099731445312,79.90901184082031,88.02999877929688,604.1799926757812,161.83999633789062,248.52000427246094,226.02999877929688,373.94000244140625,1156.6400146484375,42.380001068115234,200.0399932861328,6389.56982421875,164.58740234375,87.54000091552734,71.75,97.98999786376953,142.0500030517578,24.719999313354492,112.36000061035156,150.86000061035156,215.59426879882812,947.5800170898438,177.2207489013672,36.290000915527344,170.33999633789062,112.33000183105469,204.1300048828125,309.5299987792969,618.030029296875,29.290000915527344,406.017578125,456.3599853515625,208.4913330078125,186.38999938964844,322.8999938964844,47.790000915527344,461.5,378.5809020996094,91.63512420654297,172.86953735351562,1037.8499755859375,309.17462158203125,22.50861358642578,203.0500030517578,49.66999816894531,164.35000610351562,184.57000732421875,150.52999877929688,474.3399963378906,409.25,258.6099853515625,105.83000183105469,59.54043960571289,328.4800109863281,299.0899963378906,45.946739196777344,270.260009765625,114.13999938964844,218.83999633789062,225.387451171875,139.72999572753906,76.30805969238281
2026-06-24,131.37730407714844,233.2299041748047,127.61551666259766,192.61000061035156,113.31999969482422,134.9600067138672,220.75999450683594,233.5399932861328,588.969970703125,235.3800048828125,351.42999267578125,460.95001220703125,174.4600067138672,325.4800109863281,277.00921630859375,162.77999877929688,181.90353393554688,382.07000732421875,456.7300109863281,341.6248474121094,3087.77001953125,147.77000427246094,181.25,56.380001068115234,982.5999755859375,494.80999755859375,232.50387573242188,73.79463195800781,992.6085815429688,82.13999938964844,28.90999984741211,91.35626220703125,694.8699951171875,76.48999786376953,284.4700012207031,119.28376770019531,46.060001373291016,170.92999267578125,41.439998626708984,101.87000274658203,171.4499969482422,177.92999267578125,105.69999694824219,188.47897338867188,224.30999755859375,276.2900085449219,73.34927368164062,83.2699966430664,384.0,1095.0,65.5392074584961,46.2599983215332,48.189998626708984,60.38999938964844,342.8112487792969,365.42449951171875,205.8300018310547,78.94999694824219,345.0400085449219,240.02000427246094,33.900001525878906,387.760009765625,342.8599853515625,132.32000732421875,360.788818359375,262.9599914550781,130.02000427246094,262.0928039550781,331.95458984375,31.177921295166016,240.47999572753906,32.59000015258789,80.5999984741211,92.39901733398438,265.17999267578125,287.2699890136719,515.72998046875,491.6400146484375,493.5826110839844,132.88153076171875,383.55999755859375,766.5499877929688,79.41348266601562,84.5999984741211,616.6199951171875,165.91000366210938,246.50999450683594,219.86000061035156,365.4599914550781,1203.1800537109375,41.81999969482422,199.0,6764.830078125,156.98385620117188,87.81999969482422,72.62999725341797,96.30000305175781,142.27000427246094,24.040000915527344,106.69999694824219,152.0399932861328,220.40213012695312,961.0900268554688,177.30999755859375,36.91999816894531,168.63999938964844,112.93000030517578,197.41000366210938,320.95001220703125,623.4299926757812,29.489999771118164,413.2398986816406,460.3699951171875,212.95828247070312,185.05999755859375,333.1300048828125,46.61000061035156,463.92999267578125,380.6528015136719,92.07200622558594,168.0336151123047,993.25,312.8448181152344,22.07442855834961,198.5500030517578,49.790000915527344,165.1699981689453,180.7899932861328,149.75,483.1499938964844,405.79998779296875,259.9599914550781,106.13999938964844,59.59992980957031,332.2300109863281,307.2900085449219,44.91434097290039,272.4800109863281,115.61000061035156,223.25999450683594,234.8757781982422,136.89999389648438,77.62885284423828
2026-06-25,135.24984741210938,241.4215850830078,124.32508850097656,189.72999572753906,114.52999877929688,137.0,217.86000061035156,231.60000610351562,668.0,240.9499969482422,352.82000732421875,453.2900085449219,168.72000122070312,315.95001220703125,278.2017822265625,165.14999389648438,184.41015625,378.9100036621094,444.7300109863281,341.5251159667969,3059.0400390625,151.3800048828125,177.0500030517578,56.939998626708984,971.9199829101562,487.80999755859375,234.24009704589844,75.7276840209961,1055.052734375,79.52999877929688,28.459999084472656,90.54093933105469,727.5900268554688,77.0999984741211,286.95001220703125,118.52659606933594,47.439998626708984,169.08999633789062,39.150001525878906,104.66000366210938,172.24000549316406,176.91000366210938,102.58999633789062,192.80999755859375,230.72999572753906,281.20001220703125,73.87305450439453,81.5,387.32000732421875,1087.6099853515625,66.47943878173828,46.91999816894531,47.529998779296875,61.72999954223633,343.1896057128906,370.89764404296875,228.00999450683594,78.52999877929688,342.19000244140625,235.41000366210938,34.66999816894531,386.94000244140625,345.0,130.3699951171875,375.114990234375,258.2699890136719,124.48999786376953,268.9711608886719,333.6170654296875,32.290000915527344,258.79998779296875,33.0099983215332,80.41999816894531,93.30362701416016,266.3399963378906,288.5199890136719,522.280029296875,505.0199890136719,488.101806640625,136.49964904785156,378.9100036621094,763.8099975585938,79.79999542236328,84.62999725341797,628.9400024414062,167.97000122070312,253.55999755859375,221.0399932861328,352.8299865722656,1243.4200439453125,40.900001525878906,195.74000549316406,6814.43994140625,151.9314422607422,86.9000015258789,73.62999725341797,96.72000122070312,139.52000427246094,23.670000076293945,105.44000244140625,148.5,215.44432067871094,989.9099731445312,178.92999267578125,37.0,171.75999450683594,112.55000305175781,204.89999389648438,322.6499938964844,620.1400146484375,29.979999542236328,409.1099853515625,479.3900146484375,212.87852478027344,186.58999633789062,339.0799865722656,47.41999816894531,455.0199890136719,373.83160400390625,93.43000030517578,168.67044067382812,1025.3599853515625,315.2683410644531,22.12376594543457,200.07000732421875,50.66999816894531,155.19000244140625,181.57000732421875,146.0,503.4599914550781,415.5299987792969,267.7300109863281,109.30999755859375,60.69059371948242,330.5199890136719,312.9700012207031,45.29780197143555,282.45001220703125,117.06999969482422,223.0800018310547,239.26112365722656,137.5500030517578,77.28128051757812
2026-06-26,135.74888610839844,251.55943298339844,127.44754028320312,196.25999450683594,118.31999969482422,138.69000244140625,226.00999450683594,239.61000061035156,626.8400268554688,237.52000427246094,358.3299865722656,452.80999755859375,175.58999633789062,328.69000244140625,276.07501220703125,163.72000122070312,188.36328125,365.0199890136719,464.8299865722656,339.43084716796875,3128.699951171875,155.9199981689453,181.4600067138672,56.560001373291016,964.7100219726562,498.6600036621094,237.40321350097656,73.3263168334961,995.6229858398438,82.62000274658203,29.06999969482422,91.54518127441406,685.8699951171875,78.80999755859375,286.1300048828125,113.3459701538086,47.65999984741211,171.89999389648438,40.029998779296875,104.33999633789062,171.05999755859375,183.08999633789062,104.55999755859375,196.19000244140625,225.9600067138672,283.6499938964844,74.78226470947266,80.54000091552734,395.17999267578125,1091.300048828125,67.67699432373047,47.099998474121094,49.45000076293945,61.47999954223633,345.1907653808594,368.5406188964844,221.0500030517578,78.0999984741211,334.69000244140625,232.50999450683594,34.209999084472656,391.67999267578125,348.8599853515625,133.88999938964844,383.8399963378906,271.6300048828125,123.86000061035156,266.0985412597656,327.57427978515625,33.400001525878906,248.63999938964844,33.189998626708984,82.62999725341797,92.96563720703125,271.4700012207031,291.25,519.6199951171875,507.3999938964844,498.18487548828125,139.10943603515625,377.30999755859375,763.510009765625,80.9800033569336,85.94999694824219,616.0599975585938,164.00999450683594,254.05999755859375,212.02999877929688,372.9700012207031,1263.75,40.75,192.52999877929688,6828.6201171875,148.0150604248047,89.55000305175781,73.19000244140625,99.9000015258789,141.38999938964844,24.290000915527344,107.75,149.02000427246094,224.24041748046875,968.9199829101562,180.77000427246094,37.02000045776367,171.64999389648438,115.72000122070312,189.38999938964844,318.1300048828125,632.9000244140625,30.059999465942383,411.1600036621094,476.82000732421875,215.76010131835938,187.99000549316406,344.07000732421875,47.0,454.3399963378906,386.14947509765625,94.2699966430664,167.27737426757812,899.9000244140625,331.82415771484375,22.419801712036133,197.74000549316406,50.4900016784668,155.42999267578125,182.67999267578125,146.0,477.8900146484375,427.8900146484375,268.3500061035156,108.13999938964844,60.39314270019531,336.2300109863281,311.3500061035156,45.759925842285156,269.5299987792969,118.8499984741211,225.52999877929688,238.39402770996094,136.5399932861328,75.56324768066406
2026-06-29,132.5749969482422,252.5126495361328,123.25791931152344,195.24000549316406,114.58999633789062,137.97000122070312,227.1199951171875,241.3800048828125,694.6400146484375,237.72000122070312,360.54998779296875,446.7900085449219,168.6699981689453,327.57000732421875,269.6747741699219,166.4199981689453,190.86000061035156,372.45001220703125,510.6000061035156,339.9494323730469,3153.6201171875,155.19000244140625,182.41000366210938,56.310001373291016,950.1699829101562,496.0,235.7069091796875,73.1668930053711,1031.27685546875,78.62999725341797,29.190000534057617,91.87330627441406,691.0900268554688,77.93000030517578,281.6499938964844,117.2613296508789,48.0099983215332,169.0800018310547,38.7400016784668,103.58000183105469,168.47000122070312,184.82000732421875,101.27999877929688,192.77999877929688,224.0,278.6000061035156,74.5747299194336,79.37000274658203,388.0299987792969,1085.1700439453125,68.33999633789062,47.400001525878906,48.83000183105469,60.66999816894531,346.5448303222656,373.2447509765625,255.69000244140625,77.33999633789062,351.2799987792969,233.75999450683594,34.09000015258789,392.3299865722656,350.80999755859375,133.49000549316406,388.8999938964844,278.0,122.91000366210938,265.8600158691406,327.91278076171875,33.5,278.3900146484375,32.27000045776367,82.6500015258789,90.31147003173828,279.5799865722656,289.3800048828125,511.05999755859375,502.07000732421875,508.787109375,139.04022216796875,374.8800048828125,747.530029296875,80.93000030517578,85.98999786376953,581.22998046875,162.42999267578125,259.2200012207031,211.72000122070312,368.57000732421875,1258.8199462890625,41.47999954223633,194.97000122070312,6821.02978515625,147.2477264404297,90.16000366210938,72.91999816894531,99.80999755859375,138.67999267578125,24.3700008392334,108.51000213623047,148.4499969482422,219.7624053955078,963.7899780273438,182.8699951171875,36.7400016784668,174.0500030517578,113.88999938964844,188.72000122070312,321.44000244140625,631.8099975585938,30.270000457763672,397.6099853515625,482.3299865722656,214.05508422851562,187.3300018310547,344.29998779296875,46.380001068115234,447.260009765625,386.5279235839844,93.91000366210938,169.3371124267578,968.530029296875,329.6399841308594,21.531694412231445,198.3000030517578,50.58000183105469,151.22999572753906,173.97000122070312,146.55999755859375,480.3500061035156,419.82000732421875,272.70001220703125,108.01000213623047,60.76000213623047,341.6499938964844,303.82000732421875,43.36082077026367,268.29998779296875,118.44000244140625,223.3699951171875,239.37075805664062,136.05999755859375,72.74291229248047
2026-06-30,132.8300018310547,249.86151123046875,122.96148681640625,194.4199981689453,113.04000091552734,136.80999755859375,229.57000732421875,237.94000244140625,723.0,241.94000244140625,362.1199951171875,458.760009765625,163.57000732421875,331.69000244140625,291.3699951171875,176.32000732421875,188.69000244140625,377.75,560.6099853515625,337.32659912109375,3195.93994140625,151.3300018310547,178.24000549316406,55.5,961.5599975585938,500.3900146484375,237.0439910888672,73.08717346191406,1062.92822265625,75.7300033569336,28.56999969482422,91.15740966796875,713.2100219726562,76.5,282.9800109863281,117.02222442626953,47.529998779296875,170.0800018310547,38.72999954223633,103.44999694824219,165.75999450683594,184.52999877929688,99.29000091552734,190.47999572753906,224.27999877929688,278.6099853515625,73.57657623291016,78.94999694824219,386.7300109863281,1042.3900146484375,67.93000030517578,48.029998779296875,49.04999923706055,61.09000015258789,352.6877746582031,373.2647399902344,255.42999267578125,77.08000183105469,353.3299865722656,237.5399932861328,33.95000076293945,389.8900146484375,352.67999267578125,132.52000427246094,397.2200012207031,281.2099914550781,123.11000061035156,270.4700012207031,325.86199951171875,32.72999954223633,301.7099914550781,31.969999313354492,81.2699966430664,89.95360565185547,280.0,290.5899963378906,518.9400024414062,509.4599914550781,512.740478515625,137.3498077392578,370.5899963378906,755.5999755859375,78.2300033569336,84.61000061035156,576.7000122070312,161.91000366210938,255.6699981689453,209.0399932861328,373.0199890136719,1277.510009765625,41.04999923706055,200.08999633789062,6813.39990234375,146.04193115234375,92.08999633789062,71.5999984741211,98.33000183105469,135.39999389648438,24.079999923706055,107.77999877929688,146.63999938964844,218.35302734375,978.1199951171875,180.91000366210938,36.349998474121094,169.0500030517578,113.61000061035156,184.7899932861328,317.5299987792969,623.5399780273438,30.200000762939453,401.4100036621094,495.0799865722656,212.45974731445312,189.72999572753906,344.32000732421875,46.4900016784668,446.07000732421875,385.2980041503906,92.70999908447266,168.760009765625,965.0,314.8399963378906,20.42649269104004,201.61000061035156,49.81999969482422,151.5,167.72999572753906,146.3800048828125,491.1600036621094,415.6300048828125,272.0,107.5,60.400001525878906,343.0899963378906,295.010009765625,41.63032531738281,269.6000061035156,116.7699966430664,222.8800048828125,232.3242950439453,136.72000122070312,71.36254119873047
2026-07-01,133.38999938964844,249.28561401367188,129.57200622558594,199.75999450683594,112.19000244140625,135.0500030517578,239.6699981689453,243.1199951171875,650.9099731445312,237.1300048828125,361.3299865722656,479.67999267578125,166.0800018310547,343.55999755859375,306.3999938964844,172.22000122070312,190.42999267578125,369.3399963378906,593.9600219726562,347.04998779296875,3218.14990234375,152.89999389648438,182.63999938964844,53.81999969482422,980.3800048828125,499.739990234375,237.72000122070312,71.81175994873047,989.57421875,76.52999877929688,28.520000457763672,92.23125457763672,682.3200073242188,75.91999816894531,288.4200134277344,116.57390594482422,48.33000183105469,174.22999572753906,41.06999969482422,104.80999755859375,165.69000244140625,188.8699951171875,100.33000183105469,193.72000122070312,217.1699981689453,278.3699951171875,72.6377182006836,82.47000122070312,416.19000244140625,1013.6199951171875,68.62999725341797,47.75,50.72999954223633,61.79999923706055,361.2699890136719,374.47320556640625,220.6300048828125,75.5199966430664,357.8900146484375,237.63999938964844,33.0099983215332,393.239990234375,350.8399963378906,133.88999938964844,409.4200134277344,286.25,126.7300033569336,268.9700012207031,332.5718078613281,33.369998931884766,266.19000244140625,31.719999313354492,81.29000091552734,86.54393005371094,283.8800048828125,292.2300109863281,533.5499877929688,521.8200073242188,521.565673828125,138.33836364746094,368.32000732421875,768.0599975585938,79.19999694824219,87.19999694824219,579.239990234375,159.9600067138672,264.8699951171875,211.86000061035156,384.2799987792969,1300.3800048828125,43.060001373291016,197.5800018310547,6643.72998046875,142.00596618652344,92.69000244140625,70.63999938964844,102.70999908447266,141.16000366210938,23.8799991607666,108.93000030517578,147.42999267578125,225.1999969482422,963.8099975585938,177.69000244140625,35.619998931884766,174.5,119.77999877929688,181.9199981689453,306.29998779296875,624.719970703125,30.799999237060547,398.0199890136719,482.82000732421875,214.0850067138672,191.77999877929688,346.04998779296875,45.09000015258789,454.5299987792969,414.9700012207031,91.37000274658203,169.6699981689453,915.1900024414062,313.3900146484375,20.20939826965332,201.44000244140625,50.88999938964844,151.35000610351562,173.05999755859375,143.99000549316406,484.5799865722656,426.5400085449219,277.7300109863281,109.54000091552734,61.959999084472656,351.0799865722656,295.0299987792969,41.28619384765625,264.0,116.22000122070312,224.0800018310547,227.39076232910156,136.27999877929688,71.94844818115234
2026-07-02,130.69000244140625,259.2248840332031,135.71810913085938,207.47999572753906,115.0199966430664,138.50999450683594,252.44000244140625,250.3300018310547,603.0399780273438,234.6199951171875,374.1499938964844,489.1600036621094,166.02999877929688,357.4599914550781,314.19000244140625,164.58999633789062,193.9600067138672,360.45001220703125,597.0399780273438,351.9599914550781,3159.280029296875,158.0800018310547,184.55999755859375,52.779998779296875,995.72998046875,507.7799987792969,238.94000244140625,69.81893157958984,961.7459106445312,76.5999984741211,27.90999984741211,94.58773803710938,661.7000122070312,77.7300033569336,296.510009765625,112.27000427246094,48.88999938964844,181.3699951171875,41.9900016784668,104.72000122070312,169.1999969482422,192.00999450683594,104.69000244140625,197.92999267578125,213.7100067138672,283.3599853515625,74.77238464355469,83.70999908447266,417.8900146484375,1002.02001953125,69.83000183105469,48.599998474121094,52.33000183105469,62.650001525878906,373.5400085449219,377.04998779296875,196.7899932861328,76.0,356.17999267578125,240.02000427246094,32.959999084472656,410.5,357.8999938964844,137.85000610351562,396.75,289.5199890136719,132.99000549316406,272.760009765625,332.9700012207031,33.29999923706055,235.5500030517578,32.060001373291016,84.13999938964844,87.68711853027344,286.9800109863281,302.07000732421875,546.6400146484375,545.9099731445312,538.4873046875,140.56260681152344,372.95001220703125,786.2999877929688,83.19000244140625,90.05999755859375,599.4199829101562,160.44000244140625,266.3500061035156,213.92999267578125,390.489990234375,1308.4300537109375,44.09000015258789,194.8300018310547,6750.7900390625,139.78370666503906,90.25,73.13999938964844,106.3499984741211,144.22000122070312,24.31999969482422,110.87000274658203,151.41000366210938,232.22000122070312,962.8900146484375,182.27000427246094,36.88999938964844,176.4199981689453,124.55000305175781,176.25,296.29998779296875,654.27001953125,30.280000686645508,398.2200012207031,471.70001220703125,217.33999633789062,199.25,352.4800109863281,45.130001068115234,437.1600036621094,439.8900146484375,93.05999755859375,170.69000244140625,820.1599731445312,326.5400085449219,20.30807876586914,197.44000244140625,50.97999954223633,154.25999450683594,177.52000427246094,144.2100067138672,478.1300048828125,425.3599853515625,282.25,110.66000366210938,61.72999954223633,362.1300048828125,303.19000244140625,41.84663772583008,262.19000244140625,118.83000183105469,230.39999389648438,226.7728271484375,137.08999633789062,74.28218841552734
2026-07-06,130.60000610351562,252.95945739746094,135.33273315429688,207.5399932861328,112.98999786376953,135.97999572753906,249.77000427246094,248.3699951171875,592.7899780273438,237.13999938964844,366.44000244140625,507.5,162.11000061035156,356.9100036621094,308.8599853515625,166.80999755859375,194.35000610351562,373.8999938964844,622.3499755859375,356.0299987792969,2957.7099609375,155.5399932861328,181.02999877929688,53.25,1011.2100219726562,506.5799865722656,237.52000427246094,69.84882354736328,968.1240234375,74.91999816894531,27.510000228881836,92.85765838623047,678.239990234375,76.29000091552734,298.54998779296875,113.9800033569336,48.810001373291016,178.24000549316406,41.369998931884766,102.08000183105469,168.10000610351562,188.4600067138672,105.66999816894531,193.6199951171875,214.74000549316406,283.7200012207031,73.96199798583984,84.9000015258789,408.1700134277344,998.8400268554688,69.93000030517578,48.310001373291016,51.779998779296875,63.599998474121094,376.8800048828125,378.67999267578125,194.8000030517578,77.8499984741211,364.8999938964844,245.22000122070312,33.0,417.07000732421875,350.6499938964844,137.63999938964844,392.8599853515625,299.5199890136719,134.91000366210938,274.2699890136719,337.7200012207031,31.75,233.30999755859375,31.690000534057617,82.95999908447266,87.13043975830078,284.3900146484375,301.2699890136719,540.52001953125,538.0,532.2078247070312,139.1588592529297,379.75,784.22998046875,83.05999755859375,90.45999908447266,605.2999877929688,159.14999389648438,268.989990234375,222.10000610351562,386.739990234375,1295.56005859375,43.34000015258789,195.5500030517578,6693.66015625,143.2615966796875,84.23999786376953,73.48999786376953,105.38999938964844,143.2899932861328,23.719999313354492,112.55000305175781,149.30999755859375,231.6699981689453,971.3599853515625,184.75999450683594,36.11000061035156,177.3300018310547,124.9800033569336,186.47999572753906,287.7799987792969,649.8099975585938,30.479999542236328,396.32000732421875,482.8699951171875,214.5800018310547,201.3699951171875,349.1300048828125,45.720001220703125,442.2699890136719,447.2200012207031,92.94999694824219,175.9600067138672,868.260009765625,324.7300109863281,20.30807876586914,200.14999389648438,51.41999816894531,151.30999755859375,181.7899932861328,145.49000549316406,487.239990234375,417.989990234375,282.5899963378906,110.0199966430664,62.83000183105469,357.25,304.8399963378906,41.36484909057617,261.30999755859375,116.62999725341797,228.97999572753906,223.08514404296875,136.44000244140625,74.89788818359375
2026-07-07,131.13999938964844,252.85023498535156,140.45118713378906,212.3800048828125,114.43000030517578,137.52999877929688,254.6699981689453,251.4600067138672,554.5,231.6999969482422,368.1000061035156,507.8399963378906,165.25,359.82000732421875,305.04998779296875,158.61000061035156,195.38999938964844,370.7799987792969,640.4600219726562,349.5799865722656,3074.860107421875,156.3000030517578,181.9499969482422,54.470001220703125,1009.4299926757812,504.0,239.7100067138672,68.42394256591797,938.3792114257812,77.22000122070312,26.68000030517578,94.48831176757812,660.1400146484375,77.0199966430664,304.4800109863281,111.79000091552734,48.5099983215332,181.8300018310547,43.939998626708984,104.33000183105469,174.00999450683594,195.72000122070312,106.08000183105469,194.19000244140625,214.0500030517578,283.0799865722656,75.73999786376953,84.44000244140625,418.8500061035156,1022.9299926757812,70.1500015258789,47.11000061035156,52.709999084472656,62.54999923706055,374.6400146484375,366.9800109863281,185.3800048828125,76.02999877929688,363.6199951171875,248.67999267578125,33.790000915527344,423.1099853515625,345.2099914550781,139.63999938964844,394.6199951171875,306.1300048828125,136.4499969482422,271.0899963378906,339.2200012207031,31.489999771118164,216.47000122070312,32.4900016784668,84.05000305175781,86.225830078125,283.8599853515625,295.3999938964844,538.22998046875,535.3800048828125,530.7303466796875,140.08810424804688,380.75,807.3300170898438,83.83000183105469,91.66999816894531,594.1699829101562,158.00999450683594,266.3299865722656,222.0399932861328,388.8399963378906,1295.5899658203125,43.209999084472656,196.92999267578125,6693.68994140625,141.1090850830078,86.6500015258789,73.43000030517578,108.12000274658203,144.97999572753906,24.06999969482422,112.87999725341797,152.75,234.39999389648438,957.510009765625,187.7899932861328,36.38999938964844,178.83999633789062,125.04000091552734,182.97000122070312,282.260009765625,676.22998046875,30.59000015258789,395.30999755859375,468.8999938964844,222.4600067138672,200.85000610351562,342.260009765625,46.41999816894531,436.6300048828125,443.4599914550781,94.58999633789062,179.94000244140625,827.6400146484375,329.739990234375,20.81134033203125,197.83999633789062,51.36000061035156,154.11000061035156,184.72999572753906,146.3000030517578,475.739990234375,428.19000244140625,283.1199951171875,111.95999908447266,62.88999938964844,352.20001220703125,299.8999938964844,41.87613296508789,259.19000244140625,117.68000030517578,237.2100067138672,221.74960327148438,141.69000244140625,75.76187133789062
2026-07-08,129.07000732421875,250.95375061035156,135.55999755859375,206.0399932861328,113.19000244140625,135.89999389648438,256.6099853515625,251.1699981689453,570.5,231.33999633789062,367.989990234375,490.5799865722656,165.0399932861328,357.510009765625,296.75,158.22000122070312,189.1199951171875,388.69000244140625,599.7999877929688,336.3900146484375,3070.169921875,150.55999755859375,174.2899932861328,57.58000183105469,990.3400268554688,494.7900085449219,237.14999389648438,66.50086212158203,946.324462890625,76.9000015258789,25.639999389648438,92.50965881347656,669.2100219726562,76.19000244140625,309.57000732421875,113.81999969482422,48.689998626708984,180.1699981689453,42.43000030517578,104.47000122070312,175.97000122070312,189.35000610351562,102.22000122070312,190.77000427246094,211.47000122070312,274.1199951171875,74.77999877929688,81.80000305175781,416.0799865722656,1015.969970703125,68.30999755859375,46.5099983215332,50.599998474121094,61.27000045776367,374.30999755859375,356.0299987792969,184.02999877929688,76.23999786376953,358.7099914550781,243.52999877929688,34.970001220703125,410.6099853515625,336.2099914550781,138.74000549316406,396.2900085449219,302.04998779296875,137.1699981689453,265.1000061035156,330.6199951171875,30.969999313354492,221.17999267578125,32.47999954223633,83.4000015258789,83.09449768066406,277.739990234375,293.44000244140625,527.6699829101562,527.9600219726562,518.989990234375,136.28216552734375,371.1600036621094,818.6599731445312,82.01000213623047,90.0999984741211,570.0,154.6999969482422,280.67999267578125,218.07000732421875,383.3399963378906,1248.97998046875,42.88999938964844,204.1199951171875,6429.1298828125,140.00294494628906,84.9800033569336,72.06999969482422,106.58000183105469,142.50999450683594,24.049999237060547,110.73999786376953,148.39999389648438,232.89999389648438,939.1300048828125,187.07000732421875,35.9900016784668,187.80999755859375,122.61000061035156,186.55999755859375,280.95001220703125,662.8800048828125,29.81999969482422,380.3599853515625,463.6099853515625,220.4600067138672,194.91000366210938,330.57000732421875,47.43000030517578,434.5,430.7900085449219,95.33000183105469,177.4199981689453,860.02001953125,326.8500061035156,20.840944290161133,196.24000549316406,49.689998626708984,152.7899932861328,180.13999938964844,140.13999938964844,472.2900085449219,425.6000061035156,280.94000244140625,109.94000244140625,61.0,347.5299987792969,286.5899963378906,41.73847961425781,259.0,116.23999786376953,233.94000244140625,217.59349060058594,141.1300048828125,74.58010864257812
2026-07-09,133.58999633789062,248.1437530517578,139.05999755859375,208.5800018310547,111.7699966430664,133.85000610351562,253.75999450683594,248.63999938964844,588.6599731445312,232.99000549316406,363.6199951171875,500.1600036621094,165.0,355.55999755859375,295.8500061035156,162.24000549316406,189.4600067138672,401.1099853515625,582.0,346.7200012207031,3010.389892578125,150.85000610351562,175.52000427246094,57.20000076293945,1019.6799926757812,495.45001220703125,233.77000427246094,67.56702423095703,936.6524047851562,76.68000030517578,26.719999313354492,90.49122619628906,673.3900146484375,75.0,302.4599914550781,118.30999755859375,49.349998474121094,177.69000244140625,43.400001525878906,102.80999755859375,174.0500030517578,192.35000610351562,104.26000213623047,195.97999572753906,211.57000732421875,273.0299987792969,74.63999938964844,81.98999786376953,420.3900146484375,1034.8699951171875,68.08999633789062,46.349998474121094,51.650001525878906,61.150001525878906,374.6000061035156,359.0400085449219,192.3800048828125,76.6500015258789,356.239990234375,244.50999450683594,34.119998931884766,409.010009765625,338.7300109863281,138.52000427246094,397.760009765625,295.29998779296875,135.11000061035156,265.4800109863281,335.4700012207031,30.719999313354492,229.52000427246094,32.400001525878906,82.62999725341797,83.8499984741211,277.6300048828125,289.8699951171875,525.5599975585938,518.260009765625,523.2000122070312,134.44345092773438,372.4700012207031,792.8099975585938,82.38999938964844,91.1500015258789,571.9000244140625,155.33999633789062,283.29998779296875,222.1300048828125,384.3599853515625,1288.02001953125,42.779998779296875,202.77999877929688,6471.43994140625,143.72000122070312,85.12000274658203,72.0,106.26000213623047,137.86000061035156,24.25,111.66999816894531,146.85000610351562,229.52000427246094,949.1699829101562,181.1699981689453,35.65999984741211,189.82000732421875,123.79000091552734,191.11000061035156,288.0799865722656,667.9500122070312,30.579999923706055,387.5799865722656,467.4800109863281,218.69000244140625,195.1999969482422,332.0299987792969,47.2400016784668,443.3699951171875,432.9599914550781,94.62000274658203,180.16000366210938,890.0900268554688,327.1099853515625,20.762001037597656,198.91000366210938,51.369998931884766,150.89999389648438,181.47999572753906,139.92999267578125,472.0,431.67999267578125,285.0400085449219,110.73999786376953,61.900001525878906,348.20001220703125,288.7300109863281,41.53200149536133,259.7699890136719,114.88999938964844,231.6699981689453,219.0386505126953,137.4600067138672,74.56024932861328
2026-07-10,134.2899932861328,246.32667541503906,135.22999572753906,208.4499969482422,112.94000244140625,135.42999267578125,253.08999633789062,251.61000061035156,602.5,233.97999572753906,363.3900146484375,506.760009765625,168.58999633789062,356.94000244140625,299.5299987792969,159.05999755859375,191.83999633789062,399.9700012207031,565.7999877929688,350.5799865722656,3072.639892578125,151.94000244140625,178.38999938964844,57.560001373291016,1036.1099853515625,493.7099914550781,235.8000030517578,69.09154510498047,950.6464233398438,79.66000366210938,26.829999923706055,91.7142105102539,675.9500122070312,75.4000015258789,303.44000244140625,121.30999755859375,49.40999984741211,179.63999938964844,42.56999969482422,104.1500015258789,176.39999389648438,191.82000732421875,105.98999786376953,199.0500030517578,215.3300018310547,274.30999755859375,75.19999694824219,82.66000366210938,416.2300109863281,1051.2099609375,68.69000244140625,46.4900016784668,50.45000076293945,62.20000076293945,375.05999755859375,359.2699890136719,190.88999938964844,77.8499984741211,355.0299987792969,243.11000061035156,34.38999938964844,406.5899963378906,343.29998779296875,138.77999877929688,392.2200012207031,287.55999755859375,135.25999450683594,268.80999755859375,336.4700012207031,31.670000076293945,231.52000427246094,32.119998931884766,83.48999786376953,84.2699966430664,276.80999755859375,290.7699890136719,529.7899780273438,523.219970703125,526.739990234375,133.7020263671875,376.1099853515625,805.9600219726562,83.87000274658203,91.6500015258789,577.719970703125,157.52000427246094,283.739990234375,222.27999877929688,385.1000061035156,1296.1700439453125,44.369998931884766,210.9600067138672,6479.39013671875,140.63999938964844,86.27999877929688,73.08999633789062,107.54000091552734,137.3800048828125,24.170000076293945,112.2300033569336,147.0399932861328,230.72000122070312,961.27001953125,181.6199951171875,35.779998779296875,188.36000061035156,124.73999786376953,189.16000366210938,285.3699951171875,664.52001953125,31.020000457763672,394.8999938964844,472.1199951171875,219.1999969482422,195.92999267578125,333.989990234375,47.7599983215332,445.5,430.5,94.19999694824219,180.22000122070312,910.3400268554688,329.7799987792969,21.1299991607666,200.36000061035156,51.66999816894531,151.33999633789062,187.61000061035156,140.72999572753906,479.70001220703125,424.6199951171875,286.9599914550781,112.47000122070312,62.40999984741211,348.9700012207031,295.25,42.119998931884766,261.2099914550781,114.95999908447266,233.3300018310547,221.01206970214844,138.8800048828125,75.03691864013672
2026-07-13,134.0399932861328,246.2472381591797,138.52000427246094,212.22000122070312,113.43000030517578,135.6300048828125,261.2300109863281,256.45001220703125,575.3900146484375,232.10000610351562,360.45001220703125,518.22998046875,169.5,367.3500061035156,301.9599914550781,155.99000549316406,194.52999877929688,384.04998779296875,547.030029296875,354.42999267578125,3078.97998046875,153.8300018310547,175.8000030517578,57.65999984741211,1031.56005859375,496.8500061035156,233.66000366210938,68.3641586303711,929.7451782226562,79.83999633789062,26.610000610351562,92.6786880493164,664.3900146484375,75.75,306.1300048828125,119.25,49.63999938964844,183.75,44.15999984741211,105.9000015258789,182.1999969482422,189.57000732421875,107.80000305175781,200.16000366210938,214.27000427246094,271.8500061035156,75.97000122070312,81.1500015258789,425.1700134277344,1039.530029296875,69.72000122070312,47.04999923706055,51.18000030517578,62.310001373291016,372.7799987792969,353.4200134277344,183.11000061035156,76.72000122070312,350.6700134277344,243.61000061035156,35.209999084472656,390.739990234375,337.1099853515625,140.77999877929688,406.0,290.2300109863281,137.6699981689453,271.5,334.5299987792969,31.25,222.25,32.2400016784668,84.25,82.83999633789062,276.67999267578125,288.69000244140625,524.0599975585938,520.6799926757812,537.7000122070312,134.33470153808594,362.8699951171875,812.280029296875,83.56999969482422,93.02999877929688,569.3499755859375,157.6999969482422,296.8800048828125,221.08999633789062,390.989990234375,1299.530029296875,43.7599983215332,203.52999877929688,6437.990234375,131.5399932861328,87.27999877929688,73.41999816894531,110.75,138.49000549316406,24.479999542236328,113.61000061035156,148.3699951171875,234.47999572753906,951.260009765625,180.19000244140625,36.06999969482422,198.2899932861328,125.41999816894531,183.97999572753906,288.6099853515625,663.0900268554688,31.06999969482422,374.489990234375,460.45001220703125,223.3800048828125,196.38999938964844,328.9700012207031,47.36000061035156,433.82000732421875,437.8399963378906,94.41000366210938,178.1699981689453,860.6599731445312,331.45001220703125,21.549999237060547,198.17999267578125,51.95000076293945,150.52999877929688,188.41000366210938,136.1300048828125,479.8999938964844,429.0899963378906,289.1300048828125,112.88999938964844,62.34000015258789,357.75,292.7799987792969,42.68000030517578,260.8599853515625,115.87000274658203,236.7100067138672,215.9290313720703,144.50999450683594,74.86810302734375
2026-07-14,135.1999969482422,243.0500030517578,134.55999755859375,205.9199981689453,112.94999694824219,134.94000244140625,253.8300018310547,250.35000610351562,595.7000122070312,233.9600067138672,355.25,518.5999755859375,168.8300018310547,358.8900146484375,299.3999938964844,158.3699951171875,191.75,389.1099853515625,547.260009765625,355.05999755859375,3032.070068359375,150.64999389648438,174.85000610351562,57.779998779296875,1025.43994140625,491.0899963378906,230.11000061035156,69.51004028320312,931.6117553710938,79.05000305175781,26.5,90.51111602783203,675.5399780273438,75.08000183105469,302.2799987792969,117.08999633789062,49.91999816894531,184.3300018310547,43.029998779296875,106.18000030517578,181.75999450683594,187.7899932861328,106.5999984741211,199.0500030517578,214.14999389648438,269.75,76.58000183105469,80.86000061035156,426.7900085449219,1023.5399780273438,68.72000122070312,45.7400016784668,49.540000915527344,60.68000030517578,369.5,353.7300109863281,187.63999938964844,76.87000274658203,357.3299865722656,241.38999938964844,35.41999816894531,363.6000061035156,337.739990234375,138.14999389648438,406.7699890136719,217.07000732421875,137.61000061035156,272.2799987792969,342.8900146484375,30.260000228881836,230.3699951171875,32.540000915527344,83.08000183105469,83.70999908447266,275.67999267578125,290.010009765625,522.5399780273438,514.989990234375,538.02001953125,132.14999389648438,363.19000244140625,803.3699951171875,79.30000305175781,92.54000091552734,573.75,156.5800018310547,303.3999938964844,227.6699981689453,384.92999267578125,1314.8299560546875,42.86000061035156,211.8000030517578,6378.7998046875,127.94000244140625,85.75,72.55999755859375,109.5199966430664,135.4499969482422,24.25,112.91999816894531,146.0800018310547,226.5800018310547,964.5499877929688,175.9499969482422,36.099998474121094,201.4499969482422,122.51000213623047,178.10000610351562,283.0899963378906,656.1199951171875,30.920000076293945,368.9700012207031,469.7699890136719,220.02999877929688,193.38999938964844,328.5,47.540000915527344,425.8999938964844,438.8699951171875,93.36000061035156,183.64999389648438,878.3099975585938,311.07000732421875,21.280000686645508,200.97999572753906,51.95000076293945,150.33999633789062,187.1300048828125,135.36000061035156,483.54998779296875,425.19000244140625,288.29998779296875,113.66999816894531,62.13999938964844,356.0199890136719,291.8900146484375,42.470001220703125,262.0199890136719,115.05000305175781,234.27000427246094,219.60675048828125,145.08999633789062,73.55723571777344
2026-07-15,134.7100067138672,244.11000061035156,137.02000427246094,208.97999572753906,111.37999725341797,132.5,247.77000427246094,239.47999572753906,579.4299926757812,233.52000427246094,358.32000732421875,527.280029296875,168.6300048828125,355.1499938964844,293.69000244140625,157.0399932861328,190.2899932861328,394.2799987792969,541.1199951171875,358.44000244140625,2970.570068359375,154.8800048828125,182.8000030517578,57.25,1093.4000244140625,488.3500061035156,224.94000244140625,68.49369049072266,912.6069946289062,79.47000122070312,26.59000015258789,90.9486083984375,666.1300048828125,74.0199966430664,296.57000732421875,111.7699966430664,49.43000030517578,192.3699951171875,43.18000030517578,105.91000366210938,181.60000610351562,190.16000366210938,106.52999877929688,200.7899932861328,212.25999450683594,270.25,76.68000030517578,82.30999755859375,390.3299865722656,1022.5999755859375,68.26000213623047,45.36000061035156,50.36000061035156,60.52000045776367,365.6300048828125,360.3500061035156,174.41000366210938,77.63999938964844,370.2099914550781,241.75999450683594,35.25,378.8500061035156,341.44000244140625,134.5,407.7799987792969,211.1999969482422,139.83999633789062,271.4100036621094,346.9100036621094,30.280000686645508,224.5,32.20000076293945,82.44999694824219,85.29000091552734,271.989990234375,286.82000732421875,514.1500244140625,514.4600219726562,535.2100219726562,131.77000427246094,369.04998779296875,796.3499755859375,80.47000122070312,92.19999694824219,569.3200073242188,160.52999877929688,299.17999267578125,228.5500030517578,395.6300048828125,1316.550048828125,42.77000045776367,212.5,6497.56982421875,132.49000549316406,82.7300033569336,72.19999694824219,110.0,135.39999389648438,24.81999969482422,112.95999908447266,148.0500030517578,205.22000122070312,952.9500122070312,180.8800048828125,35.709999084472656,196.16000366210938,123.61000061035156,177.97999572753906,292.1700134277344,664.4500122070312,31.479999542236328,374.0799865722656,461.9200134277344,217.33999633789062,195.88999938964844,332.2900085449219,47.54999923706055,425.2799987792969,444.4800109863281,92.77999877929688,186.58999633789062,828.2999877929688,316.44000244140625,21.43000030517578,201.33999633789062,52.79999923706055,150.97000122070312,187.6199951171875,140.25999450683594,480.20001220703125,418.5199890136719,288.3599853515625,112.94000244140625,63.0099983215332,355.1400146484375,289.1099853515625,42.83000183105469,259.7099914550781,112.97000122070312,232.8000030517578,222.0984344482422,144.50999450683594,74.01405334472656
2026-07-16,136.10000610351562,254.38999938964844,144.61000061035156,217.05999755859375,113.0999984741211,133.1300048828125,255.92999267578125,241.86000061035156,560.9299926757812,237.3000030517578,371.5799865722656,533.2100219726562,168.9199981689453,368.6300048828125,297.2900085449219,153.13999938964844,195.5,374.45001220703125,541.75,361.57000732421875,3062.159912109375,159.92999267578125,184.61000061035156,56.540000915527344,1087.050048828125,493.1199951171875,228.72000122070312,69.09154510498047,875.5457763671875,78.7300033569336,26.860000610351562,93.53378295898438,647.8300170898438,74.38999938964844,307.989990234375,109.66000366210938,50.88999938964844,206.25,44.560001373291016,106.5,183.86000061035156,186.36000061035156,109.02999877929688,205.00999450683594,217.50999450683594,275.7099914550781,78.05000305175781,82.83999633789062,372.8500061035156,1009.1400146484375,70.0,46.66999816894531,51.720001220703125,62.45000076293945,368.82000732421875,345.7300109863281,158.38999938964844,77.72000122070312,353.80999755859375,250.99000549316406,35.040000915527344,385.739990234375,348.0199890136719,136.64999389648438,386.4800109863281,219.0500030517578,141.75999450683594,282.9700012207031,343.1499938964844,31.3799991607666,219.3699951171875,32.540000915527344,84.91999816894531,86.4000015258789,281.94000244140625,284.42999267578125,520.739990234375,513.52001953125,551.5399780273438,134.86000061035156,371.1400146484375,841.3099975585938,83.55999755859375,93.69999694824219,576.9299926757812,161.77000427246094,305.8500061035156,218.3699951171875,401.1000061035156,1335.0899658203125,44.56999969482422,207.39999389648438,6701.10009765625,124.20999908447266,86.25,75.0,114.69999694824219,139.42999267578125,25.139999389648438,113.12000274658203,151.5,205.8000030517578,958.3400268554688,189.83999633789062,36.380001068115234,201.32000732421875,127.36000061035156,170.61000061035156,293.95001220703125,678.9400024414062,32.400001525878906,388.1099853515625,468.6700134277344,224.50999450683594,194.36000061035156,338.1400146484375,47.08000183105469,417.0299987792969,457.3800048828125,93.1500015258789,185.66000366210938,745.489990234375,331.20001220703125,21.979999542236328,202.57000732421875,53.25,154.7899932861328,192.85000610351562,144.19000244140625,475.0,423.3800048828125,299.4200134277344,117.18000030517578,64.01000213623047,365.1400146484375,293.4700012207031,43.880001068115234,263.8900146484375,114.48999786376953,242.25,227.62001037597656,145.9499969482422,76.37757873535156
