Date,A,ACN,ADSK,AEP,ALL,AMAT,AME,AMGN,AMP,AMT,AON,APD,APH,AVGO,AXON,AXP,BKNG,BKR,BRK-B,CAH,CAT,CCI,CCL,CL,CMS,CSCO,CSX,CTAS,CTSH,CVS,CVX,DECK,DHR,DOV,EIX,EL,ELV,EQR,FAST,GE,GM,GOOG,HCA,HD,HIG,ICE,JPM,KDP,KLAC,KO,LEN,LHX,LIN,MA,MAA,MCK,MDT,MLM,MMM,MS,MSFT,NVR,ORCL,ORLY,OTIS,PAYX,PEP,PFE,PFG,PG,PH,PPL,PSX,PTC,QCOM,REGN,RL,ROK,RSG,RTX,SLB,SNPS,SPGI,SRE,STT,STX,T,TEL,TFC,TJX,TMUS,TT,UNP,UPS,USB,V,VMC,VZ,WAB,WEC,WSM,XOM,ZTS
2025-01-02,131.80960083007812,336.9662780761719,293.32000732421875,87.51129913330078,186.3255157470703,161.84259033203125,176.59202575683594,247.50938415527344,519.81689453125,171.52462768554688,351.9208679199219,272.5210266113281,68.24488830566406,229.05873107910156,596.489990234375,292.8649597167969,194.62417602539062,40.402122497558594,451.1000061035156,116.02224731445312,352.2651672363281,89.26000213623047,24.743371963500977,86.83361053466797,63.58005905151367,56.78629684448242,31.45258903503418,179.7089080810547,74.28954315185547,41.69453048706055,137.59176635742188,204.5399932861328,227.41778564453125,182.71151733398438,72.7314682006836,72.19133758544922,355.24090576171875,65.72865295410156,34.44028854370117,167.1824951171875,50.61366653442383,189.64291381835938,294.5042724609375,373.6907958984375,106.26854705810547,146.6472625732422,231.73416137695312,30.087472915649414,62.9601936340332,59.27490234375,125.90436553955078,201.93801879882812,406.0153503417969,516.8804931640625,141.29591369628906,562.733642578125,76.44754791259766,506.2811584472656,126.07596588134766,120.07047271728516,413.6726379394531,7989.89013671875,162.82435607910156,79.1806640625,89.6596450805664,131.21905517578125,141.66854858398438,24.009389877319336,73.24957275390625,159.36758422851562,620.878173828125,30.690967559814453,108.5838623046875,183.00999450683594,148.76795959472656,709.3313598632812,227.48748779296875,274.5706787109375,196.87176513671875,113.0388412475586,36.81039810180664,482.75,463.18145751953125,83.18952178955078,94.00382995605469,84.53764343261719,21.091814041137695,137.99053955078125,40.44990921020508,118.9397201538086,213.96224975585938,369.42047119140625,221.4661865234375,112.41450500488281,44.98391342163086,310.8957214355469,252.70578002929688,35.81977081298828,187.5628662109375,89.36988067626953,182.820068359375,102.13241577148438,158.0016326904297
2025-01-03,134.0421600341797,341.8253173828125,294.05999755859375,87.61599731445312,185.8401641845703,167.95602416992188,177.81993103027344,249.36129760742188,525.5842895507812,172.97430419921875,350.92950439453125,273.11749267578125,69.32280731201172,229.62155151367188,601.0599975585938,298.1275329589844,193.77699279785156,41.47148132324219,453.55999755859375,117.28058624267578,356.20135498046875,89.98999786376953,24.120086669921875,86.45002746582031,63.65651321411133,56.94108200073242,31.62862777709961,183.4197540283203,74.26036834716797,43.156009674072266,138.6609344482422,207.25,232.3954315185547,185.06381225585938,72.54057312011719,70.41532897949219,360.8050842285156,66.50723266601562,34.72119903564453,170.52439880371094,51.00777816772461,192.12998962402344,293.4657287597656,374.3833923339844,106.71685028076172,147.13821411132812,234.9011688232422,30.097017288208008,64.9767074584961,59.188629150390625,127.31922149658203,204.26551818847656,405.3584899902344,515.8514404296875,143.69610595703125,573.8947143554688,77.1432113647461,512.3399047851562,126.24122619628906,121.18668365478516,418.3866882324219,8070.60009765625,163.10873413085938,80.28133392333984,90.29147338867188,132.3275604248047,141.140380859375,23.991344451904297,73.74173736572266,158.55145263671875,628.9260864257812,30.77680015563965,110.17829895019531,184.5399932861328,152.82508850097656,712.26708984375,230.365966796875,276.42791748046875,197.80648803710938,112.90242004394531,36.992530822753906,493.7099914550781,466.9859924316406,83.70510864257812,93.7351303100586,87.23847961425781,20.943992614746094,139.71737670898438,41.168731689453125,118.52738952636719,213.5529022216797,376.6044921875,223.76666259765625,112.3418960571289,45.9238166809082,311.4000549316406,254.248291015625,35.86431884765625,189.03184509277344,89.1797103881836,187.8401641845703,102.65589141845703,158.68177795410156
2025-01-06,134.77316284179688,339.3909606933594,292.510009765625,85.9693374633789,180.46249389648438,175.28419494628906,177.68128967285156,246.8507080078125,520.6505126953125,170.79505920410156,345.4670104980469,272.472900390625,70.34138488769531,233.4329833984375,570.7100219726562,296.9471435546875,194.0116729736328,41.636749267578125,451.4100036621094,117.60499572753906,356.60284423828125,88.54000091552734,23.872753143310547,83.9471435546875,62.519283294677734,56.85401916503906,31.296106338500977,182.6795196533203,73.80342102050781,43.20315170288086,138.10757446289062,208.47000122070312,235.72044372558594,185.06381225585938,71.3042984008789,71.79122924804688,368.6609191894531,64.15274047851562,34.856807708740234,171.01028442382812,52.74186706542969,196.9349822998047,293.68328857421875,374.5661926269531,105.88845825195312,143.93702697753906,233.7559356689453,29.65806007385254,68.26901245117188,58.28762435913086,126.55088806152344,198.94830322265625,404.7801208496094,506.52105712890625,138.79380798339844,576.8662719726562,76.08541870117188,513.0341796875,126.64947509765625,123.78478240966797,422.833984375,7988.669921875,162.4908905029297,80.697998046875,89.708251953125,128.9073486328125,137.95260620117188,24.262025833129883,73.65654754638672,154.201904296875,632.2005004882812,30.26178741455078,109.30516052246094,184.8300018310547,154.78102111816406,710.392578125,238.68701171875,275.1278381347656,197.7179412841797,111.1777572631836,37.155494689941406,501.05999755859375,461.9569091796875,80.6880111694336,94.46449279785156,87.19932556152344,20.879323959350586,140.73779296875,41.168731689453125,118.67465209960938,206.99359130859375,378.98602294921875,222.32644653320312,112.72305297851562,45.80162811279297,309.5509338378906,254.49551391601562,35.285282135009766,190.79861450195312,87.59178924560547,195.26800537109375,102.54167175292969,161.19839477539062
2025-01-07,135.74127197265625,344.2790222167969,290.82000732421875,86.11211395263672,180.5886688232422,175.62001037597656,176.948486328125,250.16317749023438,518.70849609375,167.8673095703125,345.4372253417969,275.4454345703125,70.667724609375,225.7607879638672,562.030029296875,297.0848083496094,189.51918029785156,42.19086456298828,452.9200134277344,119.34503173828125,355.4278259277344,87.45999908447266,23.585844039916992,83.80329132080078,62.796424865722656,57.008792877197266,31.48192596435547,186.252197265625,73.52146911621094,43.165435791015625,140.2927703857422,205.10000610351562,236.61106872558594,185.0145721435547,71.09114837646484,72.37672424316406,369.72906494140625,63.27098083496094,35.02147674560547,170.87144470214844,51.214683532714844,195.6914825439453,304.8501892089844,369.6216125488281,106.24905395507812,143.79954528808594,236.00759887695312,29.276363372802734,68.17010498046875,58.31637954711914,124.75183868408203,197.6920166015625,406.77996826171875,505.9967041015625,137.39443969726562,581.646728515625,76.11400604248047,504.38714599609375,129.0601806640625,122.0912094116211,417.4181823730469,7897.0,158.90158081054688,79.98133087158203,89.54301452636719,131.93911743164062,137.13204956054688,24.47857093811035,74.11087799072266,154.8740234375,626.509765625,30.5192928314209,109.32415008544922,183.08999633789062,155.42979431152344,724.3175659179688,238.25473022460938,274.9812316894531,199.78416442871094,111.85982513427734,37.740238189697266,487.6199951171875,459.3021240234375,80.42068481445312,93.78311157226562,87.67881774902344,20.509780883789062,141.0517578125,41.04737091064453,117.9481430053711,206.95458984375,375.4681091308594,222.8387451171875,113.4218521118164,45.773433685302734,308.19622802734375,249.15599060058594,34.670623779296875,187.7316131591797,88.60919952392578,190.44284057617188,103.50293731689453,158.85670471191406
2025-01-08,135.33624267578125,345.573486328125,296.3699951171875,87.81588745117188,186.17991638183594,174.80027770996094,176.7108154296875,252.215576171875,524.6917114257812,169.78126525878906,349.4126892089844,274.4065246582031,71.03363037109375,226.42236328125,577.3400268554688,297.9012756347656,192.53500366210938,42.22974395751953,451.8399963378906,120.45590209960938,353.5380859375,87.5,23.92222023010254,83.87042236328125,63.360267639160156,57.27000045776367,31.491708755493164,190.1307830810547,73.91036224365234,43.382301330566406,140.95864868164062,207.52000427246094,235.61158752441406,184.26658630371094,63.8515739440918,71.87907409667969,372.14697265625,63.336647033691406,35.32660675048828,171.4466094970703,50.24911880493164,194.37826538085938,307.8570861816406,372.47869873046875,106.6388931274414,143.9272003173828,235.96878051757812,29.696231842041016,67.86353302001953,59.15029525756836,125.12664031982422,201.73350524902344,411.7403259277344,510.9438171386719,138.3953094482422,586.6359252929688,78.7918701171875,512.9151000976562,130.77101135253906,123.03423309326172,419.5825500488281,8005.9501953125,159.99012756347656,80.3826675415039,89.22223663330078,132.8770751953125,138.20721435546875,24.234956741333008,74.13926696777344,155.64215087890625,632.6937866210938,30.68142318725586,110.33016204833984,184.36000061035156,154.03543090820312,727.5806884765625,238.77542114257812,273.2705993652344,203.63128662109375,112.95114135742188,37.20341873168945,502.0,463.5179748535156,79.07443237304688,93.7927017211914,86.78833770751953,20.491302490234375,140.99288940429688,41.0286979675293,119.43059539794922,210.05393981933594,381.5355529785156,224.0760040283203,115.0372314453125,45.604248046875,309.1158142089844,252.41900634765625,34.688438415527344,189.84576416015625,90.09252166748047,189.68252563476562,101.770751953125,160.3433380126953
2025-01-10,135.80052185058594,337.90325927734375,284.9599914550781,89.00567626953125,175.68667602539062,169.5263214111328,174.43324279785156,250.32546997070312,505.61395263671875,164.3521270751953,346.4980163574219,281.9388427734375,69.42169952392578,221.4853057861328,570.0,288.50732421875,187.2845916748047,42.05475616455078,442.6600036621094,119.51215362548828,343.6781311035156,84.33000183105469,24.011260986328125,82.81558227539062,62.203914642333984,56.82499694824219,31.08094596862793,186.82461547851562,73.22979736328125,45.26807403564453,143.62213134765625,207.5,232.62301635742188,180.74302673339844,59.7172966003418,71.67414855957031,370.1175231933594,62.83010482788086,34.692134857177734,170.2566375732422,49.11604690551758,192.16976928710938,299.51898193359375,375.0664367675781,103.6079330444336,140.2251739501953,232.8048095703125,28.99008560180664,67.5530014038086,58.536834716796875,121.39739227294922,202.83395385742188,405.9956970214844,500.0737609863281,137.32962036132812,578.1682739257812,76.86687469482422,504.4466857910156,127.54376983642578,118.79066467285156,414.0382995605469,7845.22021484375,151.88937377929688,79.83999633789062,88.23076629638672,131.7496337890625,134.52899169921875,24.108640670776367,72.2557373046875,152.24319458007812,621.3909912109375,30.26178741455078,108.12830352783203,182.3800048828125,152.0020294189453,691.1713256835938,233.1658172607422,267.2491760253906,202.97206115722656,112.16188049316406,37.02128601074219,492.5400085449219,451.2350158691406,75.16941833496094,90.12660217285156,86.9644775390625,20.292959213256836,138.25546264648438,39.936466217041016,117.8696060180664,205.94097900390625,372.6617126464844,217.6868133544922,111.87906646728516,44.532752990722656,304.2803039550781,248.8692626953125,34.27865219116211,187.463623046875,88.8183822631836,192.0024871826172,101.39957427978516,158.69149780273438
2025-01-13,140.22613525390625,337.2754211425781,284.82000732421875,89.98605346679688,177.1912384033203,168.74612426757812,174.77984619140625,257.924072265625,507.68359375,167.64938354492188,351.6234436035156,290.2696838378906,67.58232116699219,222.4529571533203,568.6799926757812,292.16656494140625,188.24679565429688,43.581024169921875,443.9100036621094,118.81417083740234,354.93829345703125,85.7300033569336,23.635311126708984,83.52519989013672,62.10835266113281,56.84434127807617,31.18852424621582,188.10760498046875,74.55204772949219,48.57761764526367,145.69476318359375,204.58999633789062,237.38294982910156,183.80398559570312,52.615535736083984,73.18666076660156,385.01348876953125,64.92193603515625,35.30238723754883,170.13766479492188,49.19487380981445,191.29432678222656,304.8205261230469,374.3833923339844,104.74820709228516,141.29550170898438,237.01698303222656,29.37178611755371,68.3372573852539,59.0927848815918,123.29012298583984,208.32647705078125,413.1323547363281,500.3115234375,139.18301391601562,581.4877319335938,77.94371795654297,508.8990783691406,130.83905029296875,119.3102798461914,412.2989501953125,7962.0,151.31918334960938,80.6760025024414,88.60986328125,133.14234924316406,136.28323364257812,24.18082046508789,73.63762664794922,152.5120391845703,629.2318725585938,30.214099884033203,110.07390594482422,182.4199981689453,152.1472625732422,711.0274047851562,232.3406219482422,269.331298828125,203.8870849609375,114.72452545166016,38.20036315917969,487.42999267578125,451.1134948730469,73.46037292480469,90.64484405517578,87.023193359375,20.171329498291016,138.50074768066406,40.253868103027344,117.70269775390625,208.04620361328125,372.52337646484375,219.18502807617188,113.4490737915039,45.482059478759766,303.4991455078125,253.16062927246094,34.5597038269043,190.4114990234375,89.27478790283203,190.3356170654297,104.01688385009766,161.60650634765625
2025-01-14,141.6881561279297,337.1304626464844,286.8699951171875,89.94798278808594,181.33612060546875,171.50160217285156,177.4040069580078,254.97439575195312,516.5897216796875,169.41171264648438,359.5247802734375,296.2532043457031,69.49091339111328,221.87039184570312,579.7999877929688,295.4519348144531,188.8359832763672,43.81433868408203,450.0299987792969,121.93051147460938,363.8190612792969,86.66999816894531,24.248703002929688,84.0718002319336,62.653072357177734,57.3957633972168,31.433027267456055,189.76565551757812,75.0284423828125,48.624759674072266,147.1484375,206.13999938964844,235.146484375,185.82167053222656,53.68125534057617,72.08399200439453,381.7798767089844,65.58794403076172,35.71405792236328,175.3834686279297,50.19000244140625,190.0607452392578,302.4565734863281,377.8465270996094,106.60964965820312,142.63099670410156,240.18093872070312,29.715312957763672,69.35293579101562,59.46660614013672,126.663330078125,209.2711181640625,418.8769836425781,504.3841247558594,140.2765350341797,590.0846557617188,81.24099731445312,513.341552734375,133.3761444091797,119.91650390625,410.7967529296875,8143.64013671875,153.6687774658203,80.28866577148438,89.21250915527344,134.26031494140625,136.7076416015625,23.82893943786621,74.62198638916016,153.3761749267578,638.1281127929688,30.500219345092773,111.29821014404297,185.5,154.47116088867188,685.2106323242188,233.35247802734375,270.7486267089844,203.67062377929688,116.41022491455078,38.219539642333984,490.3599853515625,452.870849609375,74.57745361328125,91.59496307373047,89.27388000488281,20.3958683013916,140.20794677734375,40.991355895996094,117.06456756591797,208.74790954589844,378.18560791015625,221.71749877929688,114.20230865478516,46.11180114746094,305.64495849609375,257.1553649902344,34.70475387573242,196.62490844726562,89.93087768554688,187.74270629882812,104.42613220214844,159.7506103515625
2025-01-15,140.5027313232422,337.8453369140625,290.94000244140625,90.53811645507812,182.52037048339844,176.173095703125,178.30514526367188,256.7308349609375,526.96728515625,170.8519287109375,358.06744384765625,295.2335510253906,70.16337585449219,225.12884521484375,580.0,307.216552734375,190.8445587158203,44.44622802734375,458.510009765625,122.5989990234375,367.06982421875,86.63999938964844,24.674118041992188,84.25401306152344,63.65651321411133,58.024566650390625,31.745988845825195,193.1409149169922,75.62152099609375,49.16220474243164,148.4895782470703,203.72999572753906,235.4928436279297,187.73106384277344,56.31800842285156,72.71826171875,378.02191162109375,65.15645599365234,35.97075271606445,178.78482055664062,50.938812255859375,195.9600372314453,302.9115905761719,390.6504821777344,108.40289306640625,145.5670928955078,244.91720581054688,29.553091049194336,70.83540344238281,59.207801818847656,129.83973693847656,208.54075622558594,419.5534362792969,517.5926513671875,139.90679931640625,579.86767578125,81.38396453857422,526.83740234375,133.93020629882812,125.6227035522461,421.3119812011719,8259.080078125,155.63499450683594,80.26933288574219,89.66938018798828,136.6857452392578,136.5473175048828,23.657503128051758,75.79564666748047,153.28976440429688,647.3102416992188,30.624204635620117,112.94011688232422,185.3699951171875,159.19639587402344,697.667724609375,232.55673217773438,269.898193359375,206.38623046875,116.03996276855469,38.957664489746094,507.19000244140625,464.1349182128906,78.69253540039062,95.75050354003906,92.31719207763672,20.49878692626953,140.76724243164062,42.372982025146484,116.93693542480469,208.76742553710938,380.9920349121094,223.14805603027344,115.68157196044922,47.84122848510742,312.75482177734375,265.184326171875,34.614097595214844,198.79856872558594,90.8722152709961,193.52313232421875,106.1297607421875,162.43238830566406
2025-01-16,142.9624786376953,340.0863037109375,290.0799865722656,92.15623474121094,185.50042724609375,184.17288208007812,179.09735107421875,257.19854736328125,535.9715576171875,180.08999633789062,364.9377136230469,300.1973571777344,69.08545684814453,226.52110290527344,585.8400268554688,306.3902893066406,192.24180603027344,45.03923416137695,462.80999755859375,124.87973022460938,372.6117248535156,90.6500015258789,24.782943725585938,84.9252700805664,65.00399780273438,57.86978530883789,32.24476623535156,195.460205078125,75.28123474121094,48.992488861083984,149.4742889404297,208.22000122070312,239.38192749023438,191.41204833984375,56.18938064575195,76.18244171142578,374.1085205078125,65.89749145507812,36.212913513183594,178.23944091796875,51.07675552368164,193.40335083007812,306.0668640136719,393.76727294921875,109.61137390136719,147.52120971679688,246.78065490722656,29.84891128540039,73.9022216796875,59.66789627075195,131.826171875,212.76727294921875,423.974609375,518.37548828125,141.0019989013672,591.53564453125,83.06119537353516,526.7780151367188,135.29107666015625,130.68417358398438,419.60223388671875,8355.8095703125,156.8441925048828,80.31466674804688,90.59280395507812,139.12062072753906,138.20721435546875,23.9011173248291,76.79894256591797,154.1059112548828,649.6181640625,31.635154724121094,113.53804016113281,186.97000122070312,156.3109130859375,687.5512084960938,233.53916931152344,274.63909912109375,208.51150512695312,117.37486267089844,39.389034271240234,515.8099975585938,472.21136474609375,80.1915283203125,96.4415054321289,93.03153991699219,20.601699829101562,140.98309326171875,41.990238189697266,119.16552734375,210.27810668945312,384.2629089355469,227.04345703125,117.92314910888672,45.143699645996094,313.7139587402344,266.15338134765625,34.759151458740234,197.8656005859375,93.55359649658203,194.10800170898438,105.94894409179688,164.57005310058594
2025-01-17,145.57041931152344,342.0556335449219,291.45001220703125,92.56552124023438,183.36488342285156,189.67393493652344,178.9686279296875,259.75689697265625,541.621337890625,180.39317321777344,363.0144348144531,305.71917724609375,68.65034484863281,234.44998168945312,593.8900146484375,307.4526062011719,194.683837890625,45.24338150024414,467.95001220703125,124.1325912475586,377.9676513671875,91.05999755859375,25.574417114257812,85.04994201660156,65.06134033203125,58.266414642333984,32.01005172729492,195.71678161621094,75.65068817138672,49.61479568481445,151.4344024658203,209.91000366210938,235.87876892089844,192.00259399414062,57.604225158691406,75.97750854492188,374.1376647949219,65.44723510742188,36.84738540649414,181.32345581054688,50.21956253051758,196.52711486816406,307.06585693359375,393.8154296875,109.08509826660156,146.42140197753906,251.52664184570312,30.173357009887695,74.9119644165039,60.10881042480469,132.62261962890625,212.45562744140625,427.4154968261719,519.9213256835938,140.89903259277344,588.9317626953125,83.93792724609375,538.0130615234375,137.0894012451172,132.66641235351562,424.0001220703125,8362.8603515625,158.3090362548828,81.11933135986328,92.1188735961914,138.5995635986328,139.8199920654297,23.729684829711914,77.2911148071289,154.7108154296875,660.2698364257812,31.711454391479492,114.3922119140625,187.7899932861328,159.3416748046875,675.9967041015625,236.23095703125,280.1522216796875,210.29237365722656,118.00821685791016,41.775962829589844,526.7000122070312,469.12664794921875,81.32771301269531,93.69672393798828,95.57579803466797,20.854312896728516,142.974853515625,44.482765197753906,119.62693786621094,213.4164581298828,384.5889587402344,226.43447875976562,117.7325668334961,45.45386505126953,316.05755615234375,267.07293701171875,35.158058166503906,200.1881561279297,94.16213989257812,198.28225708007812,106.90069580078125,161.1886749267578
2025-01-21,150.71717834472656,345.771240234375,296.9100036621094,93.09854125976562,184.18995666503906,190.4838104248047,182.89991760253906,262.3343200683594,548.0459594726562,179.9573211669922,364.9079284667969,307.60467529296875,71.91374969482422,237.2838134765625,605.5800170898438,312.7545166015625,185.1847686767578,45.72945022583008,468.57000732421875,125.66619873046875,391.4801330566406,90.69999694824219,25.32708168029785,85.0885238647461,65.27159118652344,59.04033279418945,32.53817367553711,198.59861755371094,76.27293395996094,50.11452865600586,148.40516662597656,214.11000061035156,241.56890869140625,195.28005981445312,57.172428131103516,76.914306640625,377.95391845703125,65.7849349975586,36.85221862792969,185.93463134765625,53.096561431884766,198.5963134765625,314.9984130859375,402.52130126953125,109.14356231689453,148.9843292236328,255.28265380859375,30.25923728942871,75.87820434570312,59.83083724975586,128.86866760253906,217.03274536132812,433.748291015625,523.250732421875,140.8896484375,582.4816284179688,84.22380828857422,548.008544921875,142.78564453125,132.11793518066406,423.476318359375,8347.0498046875,169.65406799316406,82.7386703491211,92.82846069335938,138.002685546875,140.10293579101562,24.036457061767578,78.1240234375,155.2772979736328,669.1068115234375,32.01664733886719,114.35424041748047,187.89999389648438,161.96571350097656,682.165771484375,243.37310791015625,284.2283935546875,211.48292541503906,122.52938842773438,41.92933654785156,529.75,476.782470703125,82.59756469726562,95.01153564453125,99.07902526855469,21.041425704956055,145.50624084472656,44.70681381225586,121.05049133300781,213.92327880859375,392.4548645019531,228.82196044921875,120.5821762084961,46.35617446899414,320.0228576660156,272.4421081542969,35.375640869140625,204.11866760253906,95.30314636230469,205.1155548095703,106.0916976928711,163.27430725097656
2025-01-22,150.74679565429688,348.3808288574219,301.45001220703125,92.79396057128906,179.8218231201172,193.09117126464844,186.86093139648438,261.0265808105469,550.7826538085938,175.56094360351562,364.1446228027344,304.94000244140625,76.97698974609375,237.87628173828125,607.5999755859375,316.98431396484375,182.5293426513672,44.533721923828125,460.510009765625,126.57062530517578,390.7430725097656,88.43000030517578,24.980812072753906,84.43273162841797,63.64695739746094,59.62077331542969,32.50883483886719,196.41751098632812,76.85628509521484,49.963661193847656,146.6888885498047,214.9199981689453,241.63818359375,195.67376708984375,53.552635192871094,77.77303314208984,379.42022705078125,64.14336395263672,36.61490249633789,186.78744506835938,51.98320388793945,198.99424743652344,316.02703857421875,394.5080261230469,108.7244873046875,151.39016723632812,255.0982666015625,30.05884552001953,76.34004974365234,59.21738815307617,131.7627410888672,214.3059539794922,433.88555908203125,522.3787231445312,137.72572326660156,580.7919921875,83.70921325683594,545.0734252929688,144.95335388183594,130.8669891357422,440.9688415527344,8381.5,181.10720825195312,82.75533294677734,92.7215347290039,137.1689453125,139.66909790039062,23.468029022216797,77.2911148071289,158.17698669433594,665.2308349609375,31.14875602722168,112.5130386352539,187.92999267578125,164.841552734375,674.4593505859375,246.01577758789062,282.4493713378906,209.06248474121094,121.19447326660156,39.90668487548828,544.7000122070312,477.6330871582031,79.05534362792969,93.25525665283203,105.86044311523438,20.882375717163086,152.16831970214844,43.88530731201172,120.33381652832031,212.64646911621094,394.83642578125,227.9230194091797,120.29178619384766,45.707645416259766,319.95367431640625,271.3049621582031,35.31217956542969,205.4387664794922,92.78341674804688,207.3542022705078,104.24530029296875,162.39718627929688
2025-01-23,150.5986328125,352.4068908691406,301.0799865722656,92.7749252319336,179.24911499023438,188.3406524658203,188.57408142089844,265.26495361328125,552.6266479492188,176.60321044921875,361.52734375,311.6835021972656,77.67912292480469,237.25421142578125,613.3800048828125,320.54510498046875,190.39010620117188,44.38789749145508,459.8299865722656,127.11132049560547,399.38128662109375,88.63999938964844,25.33697509765625,84.77991485595703,62.93977737426758,60.20121383666992,32.92937088012695,195.21347045898438,77.46878814697266,51.391197204589844,146.31375122070312,218.57000732421875,243.10279846191406,196.0083770751953,52.624717712402344,78.1731185913086,389.74249267578125,63.965145111083984,36.547096252441406,199.12359619140625,53.42171096801758,198.5465850830078,321.813232421875,398.6349182128906,108.07151794433594,154.83685302734375,258.1166687011719,29.62943458557129,75.25614166259766,58.97775650024414,130.19468688964844,214.04299926757812,432.1503601074219,529.3546142578125,137.51040649414062,593.50341796875,85.05290222167969,544.1710205078125,145.4490966796875,132.59906005859375,441.47283935546875,8345.349609375,183.31918334960938,84.10800170898438,93.50887298583984,137.14051818847656,140.16896057128906,23.85600471496582,77.4898681640625,159.53079223632812,670.7540283203125,31.225055694580078,116.37578582763672,189.07000732421875,168.8308868408203,688.9496459960938,252.00848388671875,284.1600036621094,208.85585021972656,123.05555725097656,40.290122985839844,551.5399780273438,480.0447998046875,79.06489562988281,93.6103515625,106.09529113769531,21.0788516998291,154.022705078125,43.65192413330078,120.3632583618164,210.56076049804688,395.55780029296875,239.7638397216797,121.25374603271484,45.51966094970703,324.55181884765625,271.74993896484375,35.52069854736328,207.43380737304688,92.52667999267578,206.99249267578125,104.83538818359375,162.7187957763672
2025-01-24,149.60089111328125,351.582275390625,300.8299865722656,93.45072937011719,180.6177978515625,184.43951416015625,186.14793395996094,262.91668701171875,552.7933349609375,175.36199951171875,365.9786682128906,316.7435302734375,76.3342056274414,241.61854553222656,610.3200073242188,316.08917236328125,188.28591918945312,44.28096389770508,463.19000244140625,126.64926147460938,400.5900573730469,88.48999786376953,25.14900016784668,84.75098419189453,62.901554107666016,60.20121383666992,31.970930099487305,194.80882263183594,77.82852172851562,52.088253021240234,145.97610473632812,217.16000366210938,243.2413330078125,195.57533264160156,54.08549880981445,80.4858169555664,389.35406494140625,64.02142333984375,36.58100128173828,195.107421875,53.116275787353516,200.85458374023438,309.6572265625,398.7407531738281,108.65626525878906,154.63067626953125,257.03936767578125,29.724857330322266,74.15541076660156,59.35158157348633,128.11366271972656,212.9328155517578,430.60150146484375,528.6312255859375,138.9239044189453,587.9478149414062,85.94869995117188,543.9627685546875,145.25466918945312,132.61830139160156,438.8539123535156,8200.5595703125,180.4976806640625,83.5999984741211,93.96572875976562,138.4290313720703,140.64053344726562,23.929380416870117,77.45201873779297,158.54257202148438,670.0143432617188,31.358577728271484,115.65446472167969,188.9600067138672,166.65223693847656,670.2539672851562,251.4976348876953,281.9410400390625,208.42294311523438,122.10065460205078,40.50101852416992,546.1900024414062,480.2411193847656,78.96941375732422,95.06910705566406,105.87022399902344,21.25661277770996,151.77584838867188,43.8759651184082,120.49089813232422,213.02659606933594,396.1210632324219,240.46942138671875,120.72737884521484,46.12119674682617,326.5196838378906,274.4295349121094,35.847076416015625,207.3047637939453,93.19227600097656,208.81077575683594,103.41728973388672,164.32688903808594
2025-01-27,149.12672424316406,362.0013732910156,299.07000732421875,97.68637084960938,187.5291748046875,172.4102325439453,183.14747619628906,270.1048278808594,550.6354370117188,181.95654296875,373.5528259277344,314.203857421875,66.74174499511719,199.5846405029297,604.6799926757812,311.2495422363281,184.74810791015625,42.33668518066406,474.70001220703125,128.51710510253906,388.1585388183594,92.43000030517578,25.406227111816406,87.96240997314453,64.21080780029297,57.153907775878906,32.90003204345703,199.9112091064453,78.86883544921875,53.66379165649414,147.45791625976562,211.89999389648438,247.98146057128906,192.84901428222656,53.04734420776367,81.53970336914062,399.3365478515625,65.79431915283203,36.93939971923828,192.8365478515625,54.11140441894531,192.7666778564453,328.3809509277344,408.7164611816406,111.51181030273438,157.9300994873047,258.01959228515625,30.373746871948242,69.496337890625,61.220699310302734,133.3985137939453,216.47763061523438,430.8367614746094,542.65234375,143.81024169921875,600.7189331054688,88.11194610595703,541.4638671875,147.28628540039062,131.49246215820312,429.4653015136719,8382.6298828125,155.60549926757812,85.50199890136719,95.00579071044922,140.25753784179688,145.818359375,24.63561248779297,78.19976043701172,163.89430236816406,653.6717529296875,31.95941925048828,116.81236267089844,188.47999572753906,165.75172424316406,679.10107421875,243.35345458984375,277.8257751464844,212.102783203125,121.84730529785156,40.77901077270508,510.7300109863281,486.7845458984375,78.43475341796875,96.20157623291016,101.26122283935547,22.585153579711914,147.4195098876953,44.4454231262207,122.62130737304688,215.81405639648438,363.2740173339844,245.9210205078125,123.65866088867188,46.56295394897461,330.811279296875,271.9081726074219,36.844337463378906,202.8085174560547,95.92118835449219,206.89474487304688,104.85441589355469,168.63461303710938
2025-01-28,148.5142364501953,367.0848388671875,309.92999267578125,95.18305969238281,185.36453247070312,170.71148681640625,181.1075897216797,267.5751037597656,560.895263671875,177.11483764648438,368.2786865234375,314.5694580078125,67.81965637207031,204.74876403808594,637.530029296875,311.85943603515625,185.11642456054688,42.0742073059082,469.9700012207031,125.56788635253906,383.5495300292969,89.75,27.473947525024414,86.66047668457031,62.700862884521484,57.492496490478516,31.96114730834961,197.80906677246094,78.71326446533203,54.7427978515625,146.50132751464844,215.9199981689453,245.2600860595703,194.9552764892578,51.54981231689453,80.96397399902344,393.66558837890625,64.9688491821289,36.22260284423828,192.80677795410156,49.303253173828125,196.04957580566406,325.1169128417969,402.9061279296875,110.53722381591797,155.97593688964844,259.2716369628906,29.906164169311523,69.51710510253906,59.77333068847656,131.6659393310547,207.7227325439453,426.9351501464844,542.3748779296875,141.7321319580078,599.248046875,87.65453338623047,537.626220703125,147.1696319580078,133.31109619140625,441.95709228515625,8064.08984375,161.22885131835938,85.22266387939453,93.18810272216797,139.7270050048828,141.70628356933594,24.53472328186035,78.45530700683594,160.54222106933594,657.084228515625,31.320423126220703,115.00910949707031,190.92999267578125,166.11000061035156,680.7078247070312,252.9221649169922,275.8902893066406,212.58489990234375,125.06280517578125,39.609519958496094,526.1199951171875,486.5041198730469,78.05284118652344,96.35513305664062,98.12004089355469,22.828405380249023,145.65341186523438,44.128028869628906,122.07151794433594,215.53143310546875,361.4360046386719,240.83677673339844,122.89635467529297,45.529056549072266,330.751953125,272.0169372558594,36.62675476074219,203.5330810546875,94.05753326416016,209.88612365722656,102.82719421386719,166.0908966064453
2025-01-29,145.30369567871094,363.2334289550781,304.1700134277344,93.32698822021484,185.2189178466797,173.11143493652344,180.74118041992188,268.8924560546875,564.122314453125,173.9881134033203,363.57952880859375,314.8676452636719,68.61078643798828,203.75148010253906,639.969970703125,310.0986633300781,186.5855712890625,41.87005615234375,469.260009765625,125.59738159179688,386.4388122558594,87.88999938964844,27.61245346069336,86.38080596923828,62.85376739501953,57.608585357666016,32.25455093383789,195.96351623535156,78.9368896484375,54.33220291137695,146.0136260986328,218.89999389648438,221.40106201171875,194.2466278076172,51.26500701904297,80.29065704345703,388.7131652832031,64.23717498779297,35.87873458862305,197.43780517578125,49.04707717895508,196.1590118408203,324.0486755371094,397.70184326171875,110.61518859863281,154.3851776123047,258.72808837890625,30.402374267578125,70.51102447509766,60.223838806152344,128.4600067138672,206.4080047607422,429.6898498535156,543.8018798828125,139.06431579589844,599.4766235351562,87.11133575439453,535.3158569335938,147.3057098388672,133.47471618652344,437.1441650390625,7965.009765625,159.2823028564453,85.87200164794922,92.00222778320312,139.16802978515625,141.81944274902344,24.41548728942871,78.91908264160156,160.5808868408203,656.6700439453125,31.215511322021484,115.939208984375,189.0800018310547,166.26492309570312,681.6400756835938,252.2934112548828,272.6254577636719,208.89523315429688,121.92525482177734,39.245243072509766,512.7100219726562,483.4847717285156,78.27243041992188,96.7870101928711,97.2491226196289,22.669357299804688,144.92733764648438,44.28672790527344,121.94389343261719,229.1860809326172,359.6968078613281,241.21371459960938,121.40802764892578,44.795928955078125,332.1363525390625,269.1494140625,36.5179557800293,205.27003479003906,93.21128845214844,211.84129333496094,103.42679595947266,165.89598083496094
2025-01-30,149.5416259765625,369.3742980957031,309.95001220703125,93.30794525146484,188.1504364013672,179.47177124023438,184.187255859375,271.1262512207031,537.3546752929688,176.06314086914062,368.9429016113281,322.361572265625,70.8655014038086,212.9442596435547,653.4299926757812,313.73822021484375,188.65895080566406,43.35742950439453,472.3500061035156,126.08890533447266,368.50396728515625,89.02999877929688,28.18627166748047,87.65379333496094,63.26469421386719,58.49858856201172,32.13719177246094,199.53616333007812,80.46331787109375,54.25580978393555,146.6044921875,223.11000061035156,220.75784301757812,202.1794891357422,49.66642379760742,83.41329193115234,387.76153564453125,65.41910552978516,36.31462860107422,203.85379028320312,48.771202087402344,201.58078002929688,330.96246337890625,398.7407531738281,111.35588073730469,156.5651397705078,260.3294677734375,30.76499366760254,73.4245376586914,61.39323425292969,131.40362548828125,206.51512145996094,437.59112548828125,560.8550415039062,142.13465881347656,600.8878784179688,87.66404724121094,541.75146484375,150.08578491210938,134.65829467773438,410.124755859375,8140.56982421875,167.50103759765625,87.34400177001953,92.6923828125,140.2670440673828,143.26243591308594,24.68147087097168,79.0421371459961,161.7207794189453,694.2272338867188,31.921274185180664,114.6864242553711,192.00999450683594,166.4779510498047,677.484375,253.95367431640625,272.7231750488281,214.84791564941406,125.67666625976562,39.32193374633789,526.3599853515625,489.3925476074219,79.52318572998047,98.11140441894531,96.1727066040039,22.472885131835938,146.98777770996094,44.82817840576172,123.78959655761719,228.42587280273438,361.9893798828125,241.57135009765625,104.2740478515625,45.11549758911133,339.2264099121094,273.26275634765625,35.78361511230469,208.29733276367188,94.56148529052734,212.66246032714844,104.28336334228516,168.3227081298828
2025-01-31,149.67991638183594,373.4488525390625,311.3399963378906,93.62205505371094,186.69435119628906,178.1187286376953,182.76129150390625,272.462646484375,532.9603881835938,175.2388153076172,367.6243591308594,322.51544189453125,69.9952621459961,218.48361206054688,652.1799926757812,312.2627258300781,187.20596313476562,44.89341354370117,468.6700134277344,121.56678771972656,365.02508544921875,89.27999877929688,27.37501335144043,83.61299133300781,63.07357406616211,58.624351501464844,32.14697265625,197.94723510742188,80.3174819946289,53.931148529052734,139.91761779785156,177.36000061035156,220.42137145996094,200.4669189453125,49.61129379272461,81.41285705566406,384.246337890625,66.25396728515625,35.67649841308594,201.8704833984375,48.73179244995117,204.53543090820312,326.31365966796875,396.3165588378906,108.71475982666016,156.94810485839844,259.4268493652344,30.631393432617188,73.01016998291016,60.84687805175781,127.49827575683594,206.46641540527344,437.3362731933594,550.3714599609375,142.82737731933594,591.098388671875,86.549072265625,539.5599365234375,147.94728088378906,134.09161376953125,410.19390869140625,8016.18017578125,167.1864471435547,86.29467010498047,92.75068664550781,139.90699768066406,142.1212615966797,24.32377052307129,78.03883361816406,160.34902954101562,697.3438110351562,32.045249938964844,111.86766052246094,193.47999572753906,167.44622802734375,667.4671020507812,245.30845642089844,272.1659851074219,213.38186645507812,125.64743041992188,38.61256408691406,525.47998046875,487.4014892578125,79.1794662475586,97.5259780883789,94.29387664794922,22.20155906677246,145.1824493408203,44.45475769042969,122.51329803466797,227.06138610839844,358.4615478515625,239.5125274658203,103.666015625,44.90871810913086,337.99029541015625,271.0775146484375,35.711082458496094,206.37176513671875,94.38082885742188,206.63076782226562,101.67557525634766,166.55870056152344
2025-02-03,146.82501220703125,373.7010803222656,306.2300109863281,94.57389068603516,186.35462951660156,176.587890625,182.33547973632812,275.7560119628906,526.8399047851562,175.6367645263672,372.3271179199219,325.2186279296875,69.34258270263672,214.9881591796875,658.1099853515625,311.35772705078125,185.44122314453125,46.07942581176758,464.6099853515625,123.2085189819336,355.305908203125,89.33000183105469,26.76162338256836,83.93124389648438,63.532291412353516,59.050010681152344,31.794889450073242,199.56581115722656,80.59943389892578,53.425071716308594,140.0583038330078,170.6300048828125,212.02964782714844,199.08900451660156,48.178077697753906,80.768798828125,393.3742980957031,65.97254943847656,35.91032028198242,202.40599060058594,47.194759368896484,201.59072875976562,330.65582275390625,393.2189636230469,109.44568634033203,157.49801635742188,258.9512939453125,31.051265716552734,73.20499420166016,60.72226333618164,122.59223175048828,207.21630859375,445.2669372558594,558.8138427734375,142.74313354492188,596.1372680664062,86.272705078125,531.4584350585938,145.84764099121094,132.86143493652344,406.1024475097656,7737.5,165.75112915039062,87.73733520507812,91.90503692626953,140.8070526123047,141.72512817382812,24.030269622802734,76.63802337646484,163.02488708496094,686.2186889648438,32.24553680419922,111.85816955566406,189.8800048828125,164.841552734375,661.3873901367188,241.67352294921875,264.9520263671875,217.50450134277344,126.59258270263672,38.497535705566406,520.25,484.5691223144531,78.85484313964844,94.21497344970703,91.47563934326172,22.688068389892578,142.3272705078125,43.77328109741211,122.04206085205078,232.061279296875,356.2579345703125,234.90185546875,100.99788665771484,44.053401947021484,341.9655456542969,268.12103271484375,36.24597930908203,203.11618041992188,95.51232147216797,199.895263671875,101.92302703857422,167.57228088378906
2025-02-04,145.25433349609375,379.9195556640625,306.8500061035156,93.16516876220703,185.2771453857422,176.35084533691406,178.7408447265625,275.89923095703125,525.1527709960938,174.46188354492188,374.8895263671875,322.9098815917969,68.9371337890625,219.62899780273438,662.9099731445312,310.669189453125,184.8895721435547,46.623817443847656,467.489990234375,123.05120849609375,355.698974609375,88.55000305175781,26.801197052001953,83.42010498046875,63.245582580566406,59.34022903442383,32.14697265625,197.98670959472656,81.22167205810547,53.80702209472656,143.6971435546875,169.49000549316406,212.77182006835938,199.7189178466797,47.516597747802734,67.79037475585938,390.3445739746094,66.24457550048828,35.65214157104492,200.49208068847656,47.854896545410156,206.63449096679688,331.150390625,395.84515380859375,109.12407684326172,156.44729614257812,260.04803466796875,29.84891128540039,74.10594940185547,60.070472717285156,124.6323471069336,205.20045471191406,445.8453063964844,554.0178833007812,144.746337890625,599.61572265625,86.69200897216797,532.7970581054688,147.44178771972656,132.48365783691406,407.5354309082031,7788.5498046875,165.05311584472656,88.94599914550781,91.78838348388672,141.65028381347656,135.33067321777344,23.72760009765625,76.37300109863281,162.4163055419922,680.2321166992188,32.05479431152344,117.31537628173828,191.07000732421875,167.552734375,691.3399658203125,242.50857543945312,264.25799560546875,215.71377563476562,125.08228302001953,39.51365280151367,523.8800048828125,480.1850280761719,77.74730682373047,94.41651153564453,92.4835433959961,22.688068389892578,142.04273986816406,44.230712890625,122.85692596435547,231.23281860351562,351.2873840332031,235.36581420898438,101.43350982666016,44.59855270385742,341.30303955078125,269.0208740234375,36.09185791015625,204.55540466308594,94.3427963256836,203.5220947265625,104.65455627441406,167.86468505859375
2025-02-05,146.1927947998047,386.3514709472656,311.3599853515625,94.6024398803711,187.35443115234375,178.43475341796875,178.47349548339844,293.83624267578125,527.9874267578125,177.6170196533203,379.7859802246094,320.48565673828125,68.74923706054688,229.0784912109375,680.52001953125,315.2923889160156,185.6976776123047,47.4890251159668,473.7300109863281,125.29261779785156,352.6525573730469,89.8499984741211,26.900131225585938,83.53584289550781,64.14391326904297,60.530128479003906,32.1567497253418,198.96376037597656,81.2800064086914,53.17680740356445,143.4814453125,172.52000427246094,209.92181396484375,201.50035095214844,48.178077697753906,64.34571075439453,390.5193786621094,67.47340393066406,35.822635650634766,202.8720245361328,47.1060905456543,192.2991180419922,333.1582336425781,398.0865783691406,110.72239685058594,157.80239868164062,262.4646911621094,29.70577049255371,75.07811737060547,60.50180435180664,123.85515594482422,203.5059051513672,444.7669982910156,561.1325073242188,146.8431396484375,603.1737670898438,87.3781509399414,535.4348754882812,148.19029235839844,134.57594299316406,408.4447021484375,7790.0,168.75941467285156,89.8826675415039,91.90503692626953,142.93878173828125,137.37725830078125,24.250394821166992,76.25941467285156,163.2664031982422,679.4134521484375,32.35044860839844,117.04013061523438,189.75999450683594,170.2833251953125,710.8488159179688,244.6207733154297,264.4730529785156,217.44544982910156,125.85204315185547,39.39299774169922,528.4199829101562,480.72723388671875,78.57796478271484,95.32825469970703,93.38381958007812,22.893898010253906,143.46542358398438,44.501434326171875,123.22017669677734,236.28143310546875,353.58984375,236.31307983398438,101.55148315429688,44.532752990722656,345.54522705078125,271.2555236816406,36.38197708129883,205.69683837890625,95.93070983886719,204.79296875,104.57841491699219,171.20753479003906
2025-02-06,145.84701538085938,375.7674255371094,307.70001220703125,95.34486389160156,186.257568359375,180.53839111328125,181.11746215820312,284.2615661621094,531.2831420898438,179.78677368164062,382.10009765625,315.656494140625,69.25358581542969,228.44654846191406,677.4000244140625,314.9186096191406,188.87155151367188,45.67112350463867,477.2200012207031,124.89939880371094,359.1385498046875,90.23999786376953,27.147464752197266,82.62931060791016,65.30024719238281,60.23991012573242,32.01982879638672,201.61859130859375,84.67315673828125,51.792240142822266,142.45919799804688,172.19000244140625,207.82388305664062,201.4314727783203,46.992923736572266,62.706336975097656,379.1676940917969,67.65164947509766,36.363338470458984,204.33970642089844,47.22431945800781,192.3090362548828,320.99237060546875,398.4136657714844,110.595703125,164.65655517578125,268.7441101074219,29.58172035217285,75.3421630859375,60.731849670410156,123.62200164794922,201.25633239746094,451.60955810546875,561.9945678710938,148.70594787597656,596.067626953125,86.549072265625,540.868896484375,148.06393432617188,136.6585693359375,410.9449768066406,7739.75,169.43777465820312,88.71600341796875,93.36306762695312,142.12399291992188,137.0849151611328,23.69091033935547,75.71991729736328,163.1408233642578,682.10595703125,32.53165817260742,114.66744995117188,171.61000061035156,163.95069885253906,716.155029296875,268.3362121582031,262.6744689941406,218.00628662109375,125.48178100585938,38.65937805175781,533.1799926757812,485.20477294921875,78.367919921875,95.57776641845703,94.47002410888672,22.875186920166016,143.71070861816406,44.94953536987305,123.85831451416016,240.90122985839844,353.4712829589844,235.37548828125,102.9762954711914,44.871124267578125,343.6070251464844,274.103271484375,36.209716796875,205.94497680664062,95.83561706542969,206.26910400390625,103.19837951660156,169.6968994140625
2025-02-07,143.44654846191406,374.44805908203125,301.1499938964844,95.51619720458984,184.66561889648438,177.77304077148438,182.71177673339844,280.2140808105469,528.2914428710938,178.924560546875,383.8778991699219,298.63897705078125,69.02613067626953,222.0382843017578,679.239990234375,311.59381103515625,193.1296844482422,44.91285705566406,472.739990234375,125.21397399902344,357.5956115722656,89.51000213623047,26.464820861816406,83.67086029052734,65.65385437011719,60.23991012573242,31.873126983642578,199.4177703857422,83.80785369873047,51.5726203918457,143.1344451904297,168.24000549316406,204.60772705078125,199.34490966796875,46.019073486328125,63.457706451416016,380.0902404785156,66.91059112548828,35.96876525878906,203.5662078857422,46.69226837158203,186.17100524902344,318.53936767578125,391.8818054199219,110.63467407226562,163.8218994140625,267.676513671875,29.619892120361328,73.94573974609375,61.19194412231445,118.4634017944336,200.7401885986328,446.0904235839844,557.624755859375,148.02261352539062,592.0325927734375,85.77716064453125,534.086181640625,145.68238830566406,135.59304809570312,404.9461364746094,7558.0498046875,171.51211547851562,87.78333282470703,92.17720031738281,139.94012451171875,136.3586883544922,23.608366012573242,77.9252700805664,162.26173400878906,676.144775390625,32.560272216796875,114.1739273071289,169.02000427246094,162.63385009765625,704.183837890625,264.21990966796875,262.3616943359375,217.51434326171875,124.67304229736328,38.765567779541016,525.8200073242188,485.28887939453125,78.27243041992188,95.43380737304688,94.08837890625,22.959388732910156,144.1129913330078,44.51076889038086,122.4151382446289,239.9948272705078,351.9297180175781,233.99327087402344,102.64958190917969,44.39176940917969,344.1410217285156,269.8612976074219,36.15531921386719,205.26011657714844,96.78646087646484,202.59339904785156,103.63618469238281,167.07521057128906
2025-02-10,141.9449920654297,375.3309020996094,304.989990234375,96.8708267211914,181.11285400390625,181.38775634765625,184.15753173828125,281.40728759765625,520.4819946289062,179.9099578857422,382.9740905761719,298.7447814941406,71.00395965576172,232.0802001953125,677.8499755859375,305.1902160644531,194.15750122070312,46.089141845703125,470.1700134277344,125.0468521118164,356.9470520019531,89.66999816894531,25.82175064086914,82.89933013916016,66.1125717163086,60.76231002807617,32.35234832763672,201.3027801513672,84.54676055908203,51.83998489379883,146.0886688232422,161.64999389648438,201.3816375732422,200.32913208007812,46.09257125854492,67.04875183105469,384.6736145019531,66.51661682128906,35.91032028198242,203.50669860839844,45.884342193603516,187.2255096435547,314.7906799316406,398.2500915527344,109.11433410644531,164.1066436767578,263.0567321777344,29.486295700073242,74.31758880615234,61.872493743896484,119.1920166015625,202.98004150390625,451.7859802246094,560.33984375,146.83380126953125,599.6953125,86.56813049316406,526.5200805664062,145.50741577148438,133.0067138671875,407.3871765136719,7518.0,175.896728515625,87.33466339111328,93.37278747558594,140.19760131835938,136.1417694091797,23.72760009765625,79.86558532714844,161.83668518066406,672.9020385742188,32.6461067199707,117.41027069091797,168.4199981689453,165.92604064941406,684.7047119140625,263.8269348144531,295.5380859375,218.52777099609375,124.9653549194336,39.77910614013672,531.3300170898438,481.6900329589844,78.49203491210938,94.09980773925781,95.70301055908203,23.258779525756836,146.87005615234375,44.01599884033203,122.69003295898438,249.3415985107422,356.17889404296875,236.16810607910156,103.60247802734375,44.06280517578125,347.3152770996094,265.5502014160156,36.21878433227539,206.81842041015625,96.24449157714844,204.6658477783203,105.61582946777344,167.5430450439453
2025-02-11,140.028564453125,378.357666015625,299.7200012207031,97.87960052490234,183.87933349609375,180.9334259033203,183.513916015625,283.1924133300781,520.1082153320312,183.26405334472656,381.5836486816406,297.72509765625,69.1744613647461,232.0802001953125,669.260009765625,304.511474609375,193.51893615722656,46.02076721191406,472.6099853515625,126.21671295166016,355.9741516113281,91.22000122070312,25.33697509765625,84.25914764404297,66.37059783935547,60.39468765258789,32.381690979003906,202.71408081054688,85.43151092529297,52.517948150634766,147.65487670898438,157.63999938964844,199.52122497558594,199.4433135986328,46.6805534362793,69.0003890991211,379.8960266113281,67.01377868652344,36.20745849609375,207.07666015625,46.01242446899414,186.10137939453125,320.2010192871094,400.530029296875,108.6075439453125,163.92991638183594,266.890380859375,30.116098403930664,75.02569580078125,64.79598236083984,121.35842895507812,201.34397888183594,451.6683654785156,559.5570678710938,146.0568389892578,606.6622314453125,86.91120147705078,524.566650390625,145.87680053710938,133.47164916992188,406.6163635253906,7494.35986328125,174.19598388671875,88.26266479492188,93.97544860839844,139.3297576904297,137.35841369628906,23.41575813293457,80.87834167480469,163.67210388183594,673.2481079101562,32.92268753051758,122.952880859375,167.97999572753906,166.5360565185547,660.0087890625,267.3832702636719,296.9163818359375,219.6592559814453,125.80333709716797,40.329315185546875,529.1400146484375,505.2557067871094,79.65685272216797,94.63725280761719,95.73236083984375,23.53009796142578,146.05569458007812,44.19337463378906,122.40531158447266,252.13882446289062,360.4576721191406,239.4545135498047,103.93826293945312,44.73013687133789,347.3945007324219,264.76898193359375,36.708351135253906,206.5702667236328,97.65172576904297,201.772216796875,106.28205871582031,169.8625946044922
2025-02-12,136.4031219482422,377.212890625,297.2799987792969,98.33113861083984,183.7822723388672,178.6520233154297,183.69210815429688,281.6650695800781,518.2001342773438,179.56884765625,384.1062927246094,298.5523681640625,68.95691680908203,233.37371826171875,665.0800170898438,301.393310546875,198.29196166992188,45.33694076538086,471.7300109863281,124.90921783447266,345.96014404296875,89.7300033569336,25.613988876342773,83.64192962646484,66.4661636352539,60.491432189941406,32.19586944580078,201.9344024658203,85.63567352294922,60.36698913574219,145.27273559570312,154.02999877929688,200.07537841796875,197.88824462890625,48.39857864379883,67.36100769042969,374.4969787597656,66.57289123535156,35.890830993652344,207.88980102539062,46.987857818603516,184.46983337402344,308.97479248046875,391.6605529785156,108.37364196777344,163.5567626953125,267.33685302734375,30.221067428588867,74.22759246826172,65.85993194580078,118.13308715820312,195.36451721191406,449.5312805175781,559.4579467773438,145.8602752685547,591.3468017578125,87.05414581298828,512.8060913085938,144.71031188964844,132.81297302246094,404.2444763183594,7300.3701171875,169.30995178222656,88.28666687011719,94.03376007080078,140.140380859375,135.80224609375,23.360721588134766,80.39563751220703,163.8170166015625,670.6875610351562,32.92268753051758,118.67254638671875,166.57000732421875,164.8899383544922,658.4218139648438,268.2085266113281,295.1568298339844,219.90524291992188,123.53300476074219,40.01077651977539,509.7099914550781,496.84271240234375,79.1794662475586,94.26295471191406,97.08277893066406,23.72657012939453,143.73036193847656,43.29718017578125,122.14024353027344,248.8055419921875,357.38446044921875,240.2084503173828,103.6932373046875,44.636146545410156,348.1571960449219,260.8534240722656,36.74461364746094,187.8606414794922,97.39500427246094,199.2989501953125,103.08436584472656,169.46299743652344
2025-02-13,134.7929229736328,377.8919982910156,303.4800109863281,97.02454376220703,187.12149047851562,181.99021911621094,182.63255310058594,283.48834228515625,530.8684692382812,180.01419067382812,387.6321716308594,303.1795349121094,68.60090637207031,232.83062744140625,664.7000122070312,302.4753112792969,197.92015075683594,45.08295822143555,480.489990234375,124.63397216796875,347.59149169921875,89.87000274658203,25.58431053161621,84.6256103515625,66.72418975830078,61.758724212646484,32.37190628051758,203.29637145996094,87.09405517578125,63.37483596801758,146.1918487548828,158.11000061035156,201.470703125,199.49253845214844,47.33285140991211,67.98552703857422,380.2650146484375,67.08880615234375,36.4315299987793,206.62046813964844,47.18490219116211,186.9071502685547,318.4107971191406,396.7494201660156,109.42619323730469,165.53053283691406,268.18121337890625,30.411916732788086,75.58546447753906,66.61717224121094,120.22178649902344,194.7704620361328,451.9722900390625,561.15234375,146.9554901123047,598.7709350585938,87.86418151855469,527.204345703125,144.5644989013672,132.55145263671875,405.72686767578125,7341.47998046875,170.92225646972656,89.04533386230469,95.27796173095703,141.74253845214844,136.3586883544922,23.516643524169922,82.298095703125,165.2080841064453,685.912109375,32.817779541015625,119.14707946777344,167.92999267578125,166.69097900390625,668.74658203125,273.6313781738281,291.9408874511719,220.87930297851562,122.61707305908203,40.618900299072266,528.2899780273438,506.94769287109375,80.0674057006836,95.03071594238281,99.30410766601562,23.979183197021484,150.3335418701172,43.371864318847656,123.9275131225586,258.3569641113281,357.0089416503906,242.58628845214844,104.94561004638672,44.54215621948242,352.2579345703125,266.3115234375,37.20697784423828,195.01695251464844,98.67864227294922,202.4174041748047,103.83338928222656,160.74034118652344
2025-02-14,133.0345458984375,376.4076843261719,302.7200012207031,97.83157348632812,182.13209533691406,167.10665893554688,181.751220703125,280.1875915527344,536.9566650390625,179.43621826171875,384.3546142578125,304.1030578613281,68.1163330078125,230.1053924560547,683.4099731445312,305.95745849609375,199.330810546875,45.327178955078125,479.5899963378906,124.0736083984375,347.218017578125,87.95999908447266,25.95036506652832,82.97650146484375,66.27439880371094,62.7551383972168,32.63596725463867,201.93182373046875,88.18296813964844,62.85921096801758,147.30128479003906,155.07000732421875,204.15249633789062,199.13821411132812,45.99150466918945,67.02923583984375,377.9830322265625,66.81678009033203,36.426658630371094,206.53123474121094,47.657840728759766,185.9023895263672,312.7630615234375,393.9308166503906,109.13381958007812,163.70407104492188,268.4432067871094,30.201984405517578,74.24638366699219,66.01329040527344,120.3092269897461,192.44297790527344,448.00201416015625,559.6163940429688,146.96484375,590.0447998046875,88.44549560546875,522.9601440429688,145.17991638183594,134.59532165527344,403.6416015625,7365.72021484375,171.21719360351562,87.91999816894531,94.4094009399414,140.42648315429688,135.23635864257812,23.41575813293457,81.06763458251953,157.35438537597656,692.2687377929688,32.16924285888672,121.51976776123047,171.10000610351562,166.7684326171875,668.08203125,277.6592712402344,287.7767333984375,227.64865112304688,119.27493286132812,40.30035400390625,522.530029296875,504.48919677734375,80.29656219482422,95.16509246826172,99.29431915283203,24.203723907470703,149.89202880859375,44.193233489990234,122.4405746459961,263.9514465332031,358.965576171875,240.89474487304688,105.47197723388672,44.88051986694336,350.4551696777344,267.42889404296875,37.16165542602539,186.78871154785156,98.75824737548828,209.78836059570312,103.93900299072266,153.51861572265625
2025-02-18,133.55812072753906,375.9808349609375,295.6600036621094,98.18702697753906,183.41339111328125,169.87200927734375,182.56324768066406,281.7657775878906,538.068115234375,179.59727478027344,388.42669677734375,304.9496154785156,68.26466369628906,225.6521759033203,710.010009765625,307.7378845214844,203.1827850341797,45.893768310546875,482.82000732421875,124.1129379272461,347.88629150390625,89.30999755859375,25.4556941986084,83.31402587890625,66.97750091552734,62.4842643737793,32.90003204345703,201.4571990966797,86.60252380371094,62.610931396484375,148.07884216308594,155.83999633789062,202.4009246826172,202.1204376220703,47.130733489990234,70.4446029663086,371.4089660644531,66.84491729736328,36.4412727355957,208.32614135742188,47.4213752746582,184.8379364013672,313.257568359375,387.9761657714844,109.95247650146484,163.4978485107422,271.70428466796875,30.965381622314453,74.98909759521484,66.18584442138672,119.00743103027344,190.58290100097656,456.65814208984375,563.431396484375,147.48904418945312,595.7396240234375,82.0224380493164,529.5148315429688,145.54136657714844,136.30015563964844,404.8374328613281,7263.39990234375,176.76187133789062,86.38800048828125,95.2584457397461,141.52317810058594,135.9059600830078,23.44327163696289,81.96682739257812,159.80804443359375,687.5333862304688,32.61749267578125,123.64570617675781,170.7899932861328,168.13372802734375,674.4296264648438,281.6969909667969,295.69061279296875,224.8740234375,120.5903549194336,41.16910934448242,525.0,508.30303955078125,80.79304504394531,96.39353942871094,100.88935852050781,24.390840530395508,151.51092529296875,44.948509216308594,121.93836975097656,256.5344543457031,358.6197204589844,242.7796173095703,106.24520111083984,45.059104919433594,353.3475341796875,269.703125,37.35203552246094,186.8780059814453,98.89253234863281,212.8286590576172,105.76351928710938,152.50502014160156
2025-02-19,135.48443603515625,378.5613708496094,299.05999755859375,99.0420913696289,185.9857635498047,171.90652465820312,187.01937866210938,283.1803894042969,540.4089965820312,178.65924072265625,392.1809997558594,304.9976806640625,69.03601837158203,225.84967041015625,593.4199829101562,304.8558044433594,201.9467315673828,45.80584716796875,483.7699890136719,124.6044692993164,346.9035339355469,89.26000213623047,25.811857223510742,84.3073501586914,67.56501770019531,62.72611618041992,31.69708824157715,205.8079071044922,86.27082824707031,63.40347671508789,149.09347534179688,152.5500030517578,202.8462371826172,201.64801025390625,48.15970993041992,69.67371368408203,380.371826171875,66.71360778808594,36.81148147583008,208.74261474609375,47.096229553222656,186.16102600097656,317.06561279296875,380.395751953125,110.06942749023438,163.9495391845703,271.0248718261719,31.280282974243164,76.62091827392578,67.16351318359375,117.49191284179688,189.5603485107422,452.97216796875,563.3224487304688,147.39544677734375,599.0393676757812,82.9087142944336,516.5841674804688,146.72337341308594,136.28079223632812,409.90728759765625,7176.91015625,178.4528045654297,86.38666534423828,95.93182373046875,143.0872039794922,137.51873779296875,23.745941162109375,81.57875061035156,160.83201599121094,693.553955078125,32.7987060546875,123.34201049804688,169.9199981689453,169.66360473632812,680.043212890625,281.40228271484375,293.9134216308594,225.96617126464844,122.1980972290039,40.715423583984375,500.9800109863281,507.30291748046875,81.48047637939453,95.78889465332031,100.79151153564453,24.549894332885742,153.11024475097656,44.87297439575195,121.53462982177734,256.6708984375,366.16937255859375,238.80691528320312,105.85858917236328,44.28837966918945,351.8617248535156,262.00042724609375,38.08638381958008,191.8804931640625,99.34330749511719,208.8596649169922,105.91716003417969,152.6609344482422
2025-02-20,135.12879943847656,373.3420715332031,291.0199890136719,100.25261688232422,183.63668823242188,174.2327880859375,186.940185546875,286.70245361328125,532.1175537109375,182.27870178222656,390.39324951171875,302.3330078125,68.60090637207031,223.88473510742188,541.8099975585938,298.894775390625,198.2967071533203,45.82538604736328,481.79998779296875,125.22380065917969,343.1199951171875,91.2300033569336,24.298168182373047,84.74134063720703,68.0947494506836,62.56166458129883,31.745988845825195,203.62265014648438,85.40255737304688,62.15259552001953,150.57275390625,150.02000427246094,205.78530883789062,203.17355346679688,47.681968688964844,69.61514282226562,379.19683837890625,67.22014617919922,36.602020263671875,206.997314453125,47.18490219116211,185.67359924316406,317.995361328125,379.63580322265625,109.51390838623047,163.78260803222656,258.94158935546875,31.623815536499023,76.90574645996094,67.13477325439453,119.1920166015625,192.07290649414062,452.8055725097656,558.1500244140625,149.8479766845703,599.8045654296875,83.80451965332031,501.7991027832031,145.62928771972656,130.12979125976562,412.0759582519531,7258.0,173.02609252929688,87.49600219726562,96.64422607421875,143.29701232910156,140.6216583251953,23.75511360168457,81.928955078125,161.527587890625,687.5333862304688,32.56980514526367,124.8510513305664,165.75999450683594,168.1918182373047,691.2055053710938,281.4612731933594,297.68377685546875,227.14686584472656,121.90576934814453,41.120845794677734,493.9700012207031,500.507080078125,82.12017059326172,95.62574768066406,100.43922424316406,24.465688705444336,152.84532165527344,44.042179107666016,121.10136413574219,258.6688537597656,362.30560302734375,239.37718200683594,107.3313980102539,43.950016021728516,347.1666564941406,255.69189453125,38.52156066894531,190.6794891357422,99.29534149169922,204.6365509033203,107.54959869384766,153.42112731933594
2025-02-21,133.72604370117188,353.376953125,285.0,101.19413757324219,180.21983337402344,170.2434844970703,184.3754119873047,291.591064453125,521.7606201171875,181.4922637939453,386.9071350097656,298.10986328125,66.83074951171875,215.90646362304688,513.219970703125,290.5730285644531,197.20651245117188,44.565208435058594,478.739990234375,124.90921783447266,334.1673889160156,92.19000244140625,22.972454071044922,86.28437042236328,68.85563659667969,61.8941650390625,31.589509963989258,202.1394500732422,82.7977523803711,60.61525344848633,148.79953002929688,146.57000732421875,208.04159545898438,197.37644958496094,47.930015563964844,70.06403350830078,373.9531555175781,67.1263427734375,36.426658630371094,198.16172790527344,45.608463287353516,180.63978576660156,312.97076416015625,370.6509094238281,108.6075439453125,164.8431396484375,256.4570007324219,32.48263931274414,74.59847259521484,68.39041900634766,117.13246154785156,193.8161163330078,448.9823303222656,552.4324951171875,150.4002685546875,594.0402221679688,85.71045684814453,485.73486328125,141.62417602539062,127.56283569335938,404.2331237792969,7094.7998046875,164.97445678710938,86.89399719238281,96.00013732910156,141.62808227539062,144.77146911621094,24.121986389160156,79.86558532714844,164.44491577148438,659.3680419921875,33.113433837890625,122.22207641601562,161.64999389648438,160.18405151367188,695.4857177734375,272.79638671875,289.8681335449219,227.1566925048828,120.74038696289062,40.290706634521484,474.8399963378906,498.6094665527344,83.16088104248047,94.72361755371094,98.68761444091797,24.905420303344727,152.23446655273438,43.107513427734375,119.25991821289062,258.4447326660156,350.63519287109375,237.34735107421875,107.0828628540039,43.113494873046875,345.2252502441406,250.02615356445312,38.766334533691406,183.4939727783203,99.79408264160156,190.8037872314453,106.2916488647461,156.38392639160156
2025-02-24,133.63714599609375,353.0374755859375,285.260009765625,102.11643981933594,183.2192840576172,166.86793518066406,183.9694061279297,298.04815673828125,522.3016357421875,181.91864013671875,389.50927734375,297.6288757324219,66.3857192993164,205.31158447265625,499.7300109863281,290.7008972167969,199.5157470703125,43.58833312988281,498.4200134277344,125.39094543457031,333.06671142578125,92.55999755859375,23.378082275390625,86.90158081054688,69.4624252319336,61.178287506103516,31.110286712646484,201.07159423828125,82.48556518554688,60.17601013183594,149.71932983398438,140.11000061035156,208.94212341308594,196.31350708007812,47.98514938354492,73.28424835205078,374.1085205078125,67.7360610961914,36.426658630371094,197.0510711669922,45.884342193603516,180.25180053710938,316.08642578125,367.88043212890625,110.92704772949219,165.38320922851562,253.6424102783203,32.558982849121094,73.10868072509766,67.66194915771484,116.39412689208984,194.62440490722656,449.5018615722656,553.908935546875,152.44094848632812,602.040771484375,85.92964172363281,486.52813720703125,142.1125946044922,125.8967514038086,400.06414794921875,7062.02001953125,167.08815002441406,87.6606674194336,96.30266571044922,142.94415283203125,145.1015625,24.443002700805664,80.55652618408203,164.744384765625,651.5680541992188,33.266029357910156,121.69540405273438,162.5800018310547,155.99139404296875,708.3163452148438,270.8020324707031,287.3250427246094,228.96710205078125,122.83612823486328,40.08799362182617,470.0799865722656,498.4411926269531,83.23726654052734,94.57967376708984,97.93411254882812,25.01768684387207,150.94374084472656,42.80540466308594,119.61441040039062,261.32965087890625,342.7792053222656,234.23492431640625,106.92637634277344,42.86912536621094,346.5426025390625,248.74070739746094,39.27403259277344,180.8801727294922,100.59013366699219,190.3052215576172,106.8486099243164,161.11070251464844
2025-02-25,132.5504913330078,352.1061096191406,283.7200012207031,103.41344451904297,184.8985595703125,163.86849975585938,185.12799072265625,303.73541259765625,513.4199829101562,193.0516815185547,394.86260986328125,305.2958984375,64.28923034667969,199.9894561767578,496.6499938964844,288.5467224121094,198.9131622314453,43.0217399597168,499.82000732421875,125.64652252197266,336.4472961425781,93.33000183105469,23.486909866333008,89.00395202636719,70.38705444335938,62.174705505371094,31.384124755859375,203.513916015625,82.76847839355469,60.78712844848633,148.3253936767578,142.7899932861328,208.21971130371094,195.2308349609375,47.920833587646484,72.97199249267578,390.2960205078125,68.45835876464844,36.3389778137207,197.6063690185547,46.022281646728516,176.45156860351562,329.43927001953125,378.3371887207031,113.45123291015625,168.1229248046875,249.81846618652344,33.341461181640625,71.85975646972656,68.52462005615234,120.7755355834961,198.6366729736328,458.2854919433594,558.89306640625,154.19140625,623.2299194335938,86.22506713867188,486.1810607910156,143.14805603027344,125.5383529663086,394.0235900878906,7335.39990234375,165.69215393066406,89.77200317382812,97.63965606689453,144.00270080566406,147.52542114257812,24.52555274963379,80.79315185546875,166.78268432617188,649.6797485351562,33.36139678955078,120.91014099121094,162.72000122070312,156.10757446289062,718.465576171875,263.45361328125,283.5154113769531,229.75424194335938,124.70662689208984,39.5860481262207,457.95001220703125,498.5907287597656,67.44528198242188,93.29364776611328,97.58184051513672,24.93348503112793,149.70230102539062,42.62602996826172,120.82563018798828,263.67852783203125,344.65673828125,237.67599487304688,108.72135925292969,43.15109634399414,348.7514953613281,246.9905548095703,39.62760925292969,180.92987060546875,101.5588150024414,191.9573211669922,105.36980438232422,164.24893188476562
2025-02-26,132.83697509765625,347.6435852050781,285.6700134277344,102.69287872314453,182.90863037109375,166.8085174560547,186.3460235595703,294.83404541015625,516.6362915039062,190.1902313232422,396.51129150390625,301.91937255859375,65.49571228027344,210.25848388671875,572.4000244140625,291.2615966796875,198.9416046142578,42.503997802734375,494.1000061035156,125.02718353271484,336.66351318359375,91.62999725341797,23.86285972595215,86.95943450927734,70.50263214111328,61.99089813232422,31.27654457092285,202.0207977294922,82.0953369140625,60.97810745239258,147.11163330078125,144.97000122070312,207.25982666015625,194.5615692138672,48.33427047729492,71.50823974609375,374.953369140625,68.30827331542969,35.993125915527344,199.9268341064453,47.746517181396484,173.79539489746094,316.4226989746094,375.6340026855469,112.64232635498047,168.0836181640625,251.1675262451172,32.19636917114258,73.20284271240234,67.86325073242188,118.05537414550781,197.03955078125,452.46240234375,556.1582641601562,153.72332763671875,619.7911376953125,86.32035064697266,487.0140380859375,144.01747131347656,126.94290161132812,395.83575439453125,7209.669921875,169.55572509765625,88.69466400146484,96.35145568847656,142.3433380126953,142.89462280273438,24.232051849365234,81.30426788330078,165.4785614013672,653.0608520507812,33.25648880004883,120.12489318847656,163.02999877929688,156.95965576171875,702.0499267578125,270.9396057128906,281.885498046875,227.845458984375,124.67725372314453,39.19028854370117,470.4599914550781,495.61285400390625,69.55534362792969,93.4088134765625,98.12004089355469,24.858638763427734,150.47080993652344,42.80540466308594,122.98218536376953,256.8950500488281,346.5639343261719,237.27969360351562,107.59835052490234,43.00070571899414,347.3052978515625,247.7222442626953,39.14710998535156,181.87400817871094,101.38617706298828,193.8831787109375,105.11052703857422,160.79884338378906
2025-02-27,125.5367202758789,346.207763671875,282.3500061035156,101.03081512451172,189.3443603515625,155.05836486816406,185.50430297851562,294.295166015625,517.4231567382812,193.26011657714844,401.248779296875,300.5340576171875,64.7342529296875,195.3091583251953,525.4400024414062,289.39263916015625,194.34124755859375,42.5723762512207,502.4100036621094,125.31229400634766,334.12811279296875,93.44999694824219,23.249467849731445,86.98836517333984,69.67431640625,61.72970962524414,31.30588722229004,201.0913543701172,81.93923950195312,61.57012939453125,148.5624542236328,138.49000549316406,203.5686492919922,193.4100341796875,47.16748046875,71.20574951171875,381.498291015625,69.11497497558594,36.09054946899414,199.74835205078125,46.92873001098633,169.32864379882812,317.4414978027344,375.4319763183594,114.4842758178711,167.75958251953125,251.4198455810547,32.07230758666992,69.30144500732422,67.93034362792969,116.93815612792969,199.54234313964844,451.2174377441406,559.6759643554688,156.23204040527344,617.0380249023438,86.47283935546875,478.2977294921875,147.03594970703125,125.18962860107422,388.70587158203125,7181.9501953125,161.97598266601562,90.23066711425781,95.72687530517578,141.8665008544922,143.3756103515625,23.93855094909668,82.84706115722656,166.1258087158203,647.5345458984375,32.855926513671875,122.01141357421875,162.75,149.54257202148438,697.9187622070312,265.9686279296875,279.17547607421875,228.9474334716797,127.82085418701172,39.48951721191406,454.7099914550781,491.97930908203125,68.64830780029297,93.59115600585938,98.51145935058594,25.167381286621094,149.5249481201172,43.154720306396484,121.60356903076172,257.4700927734375,340.2099304199219,236.88339233398438,108.2795181274414,43.49885940551758,352.36688232421875,242.37286376953125,39.22870635986328,180.0751495361328,101.28067016601562,187.9687957763672,105.77310943603516,160.78907775878906
2025-02-28,126.36651611328125,338.08782958984375,274.2099914550781,101.88587188720703,193.31454467773438,156.4739532470703,187.45509338378906,296.45068359375,528.4684448242188,194.82350158691406,406.3339538574219,304.1319274902344,65.86160278320312,196.9186248779297,528.4500122070312,296.0421447753906,198.20899963378906,43.55902862548828,513.8300170898438,127.28824615478516,338.0098876953125,94.0999984741211,23.674884796142578,87.923828125,70.358154296875,62.019920349121094,31.433542251586914,205.17506408691406,81.29536437988281,62.75416564941406,150.4115447998047,139.36000061035156,205.59730529785156,196.1484375,50.015533447265625,70.50958251953125,385.3921813964844,69.57463073730469,36.88942337036133,205.25201416015625,48.406646728515625,171.32826232910156,302.9610290527344,381.5212707519531,115.27368927001953,170.10646057128906,256.85491943359375,31.98642921447754,70.26093292236328,68.25624084472656,116.21925354003906,200.72071838378906,457.8541259765625,571.061279296875,157.3740692138672,636.3289794921875,87.69263458251953,479.0909729003906,151.52947998046875,128.9383544921875,393.1224060058594,7245.580078125,163.25404357910156,91.57599639892578,97.37616729736328,144.6416473388672,144.74317932128906,24.24122428894043,84.2762680053711,167.93223571777344,660.8905639648438,33.58075714111328,124.19480895996094,163.6300048828125,152.18600463867188,693.90673828125,266.37139892578125,281.9443664550781,233.20779418945312,130.23980712890625,40.21348571777344,457.2799987792969,499.8268737792969,68.3332290649414,95.23226928710938,99.72488403320312,25.64453125,151.76153564453125,43.758941650390625,122.85416412353516,263.72857666015625,349.5185241699219,239.76023864746094,109.5682373046875,44.081600189208984,359.2707824707031,244.53834533691406,39.07457733154297,184.21949768066406,102.32610321044922,190.21725463867188,106.9062271118164,162.99169921875
2025-03-03,124.79582977294922,334.68267822265625,272.0299987792969,103.4710693359375,196.1392822265625,150.59393310546875,184.7318878173828,299.0682067871094,523.1768798828125,198.60398864746094,406.5325927734375,298.8409729003906,62.74653625488281,185.01048278808594,525.75,290.66156005859375,195.44845581054688,42.591915130615234,510.0799865722656,126.99333953857422,326.3055419921875,95.86000061035156,23.012027740478516,89.50543975830078,71.33094024658203,61.410457611083984,31.3549861907959,205.10585021972656,81.4709701538086,61.97117614746094,145.16770935058594,137.24000549316406,203.54885864257812,190.74070739746094,50.77808380126953,68.81327056884766,384.0521240234375,70.37196350097656,36.2318115234375,200.27391052246094,46.68241500854492,167.7866973876953,307.88671875,374.8740234375,117.24125671386719,170.07704162597656,252.94361877441406,32.56852340698242,68.50748443603516,69.32019805908203,114.56773376464844,202.26913452148438,453.148681640625,569.6839599609375,159.99510192871094,641.2838745117188,89.86541748046875,466.625732421875,149.8688201904297,125.08308410644531,384.7052001953125,7200.2900390625,159.2823028564453,91.732666015625,98.30327606201172,146.2628631591797,147.11988830566406,24.076129913330078,83.89767456054688,169.62277221679688,643.1452026367188,34.01947021484375,119.69395446777344,160.55999755859375,148.7485809326172,680.132568359375,257.7457580566406,273.578857421875,235.76597595214844,131.0624237060547,38.43737030029297,443.260009765625,495.6783752441406,68.20911407470703,93.07292175292969,97.91454315185547,25.93456268310547,148.38204956054688,42.890377044677734,121.65280151367188,266.7991943359375,342.1467590332031,238.90493774414062,109.77996063232422,43.46126174926758,358.3892517089844,237.08287048339844,39.77266311645508,180.53231811523438,103.92778778076172,183.48175048828125,103.47809600830078,166.1981201171875
2025-03-04,121.56554412841797,335.4490966796875,267.42999267578125,101.107666015625,193.19805908203125,151.32643127441406,181.5432891845703,300.4250793457031,489.9817199707031,196.24473571777344,401.9241638183594,293.7424621582031,62.35096740722656,185.1190948486328,528.280029296875,278.8379821777344,193.5615997314453,41.8690299987793,495.8599853515625,124.17192077636719,321.10687255859375,94.20999908447266,21.676420211791992,87.81774139404297,70.1847915649414,61.1976318359375,30.638132095336914,202.2680206298828,81.6953353881836,61.312313079833984,144.13412475585938,133.77999877929688,203.76657104492188,181.63243103027344,50.364654541015625,66.76396179199219,385.7708435058594,68.88986206054688,36.15874481201172,197.1105499267578,44.55421447753906,171.7162322998047,308.6483459472656,367.1684875488281,114.51016998291016,166.7874298095703,242.87908935546875,32.06276321411133,69.28558349609375,67.27854919433594,115.3643569946289,201.6653594970703,452.2663879394531,550.0147094726562,157.40213012695312,640.4481201171875,88.65514373779297,458.7990417480469,142.4838104248047,117.90531921386719,384.82403564453125,7201.7099609375,154.80918884277344,90.45133209228516,97.21025848388672,144.9563751220703,145.42222595214844,23.617534637451172,81.03924560546875,167.294677734375,617.7776489257812,33.113433837890625,117.10836029052734,158.44000244140625,149.5619354248047,670.8175048828125,248.2753448486328,263.013916015625,232.1451873779297,126.03849792480469,37.72307205200195,445.4700012207031,483.97259521484375,67.43573760986328,88.0056381225586,92.0627670288086,24.53118133544922,145.85972595214844,41.3137321472168,119.88030242919922,258.8000183105469,339.1427307128906,234.73544311523438,107.50629425048828,41.92921829223633,348.8902282714844,232.22787475585938,38.86606216430664,176.55691528320312,101.18476867675781,179.42477416992188,103.2668228149414,165.5841064453125
2025-03-05,124.97364044189453,337.8550720214844,267.239990234375,99.33030700683594,193.7125244140625,153.75172424316406,183.23658752441406,304.6400451660156,500.7221984863281,197.7322998046875,401.3183288574219,299.7355651855469,63.992557525634766,189.16749572753906,534.9600219726562,279.5363464355469,194.3147735595703,41.34151077270508,498.5,125.26313781738281,332.64410400390625,94.62999725341797,22.101837158203125,88.4831771850586,69.71283721923828,61.87480926513672,30.363176345825195,202.9898223876953,82.23191833496094,62.97378921508789,143.00570678710938,136.08999633789062,208.36814880371094,187.2276611328125,50.7045783996582,70.50958251953125,385.965087890625,69.10560607910156,36.285396575927734,200.80941772460938,47.76622009277344,174.0839385986328,316.145751953125,371.6610107421875,115.23453521728516,168.5157012939453,244.12136840820312,31.776493072509766,70.95181274414062,67.17311096191406,118.55082702636719,205.025146484375,459.030517578125,553.21533203125,159.1619873046875,636.398681640625,89.63671112060547,474.4028625488281,144.19329833984375,119.87168884277344,397.1131286621094,7387.7900390625,158.83006286621094,89.31133270263672,98.91809844970703,145.05174255371094,145.12985229492188,23.79180335998535,82.40220642089844,168.6761016845703,632.7548828125,32.941768646240234,114.66639709472656,161.16000366210938,153.4641571044922,682.3968505859375,246.04527282714844,268.698974609375,231.9680633544922,126.95906829833984,38.0609130859375,447.9599914550781,489.6756591796875,68.64830780029297,88.81179809570312,90.44815063476562,24.493757247924805,148.55938720703125,40.700069427490234,121.16043853759766,256.9322204589844,344.52825927734375,236.76675415039062,109.55903625488281,41.98561096191406,349.33587646484375,237.65635681152344,38.8388671875,178.7831573486328,100.1968994140625,183.4132843017578,101.2502670288086,162.75779724121094
2025-03-06,125.01315307617188,331.6268005371094,260.3900146484375,98.56172180175781,191.64492797851562,150.00987243652344,182.3453826904297,305.8429260253906,494.68310546875,196.064697265625,398.86517333984375,299.13916015625,61.06538009643555,177.1902313232422,499.30999755859375,271.13592529296875,185.56251525878906,40.93122482299805,497.8399963378906,124.86007690429688,335.1206359863281,95.18000030517578,20.647506713867188,89.96835327148438,69.00010681152344,61.342742919921875,30.372995376586914,198.35240173339844,81.51973724365234,62.305381774902344,145.0349578857422,131.92999267578125,212.57391357421875,183.5666046142578,50.6035270690918,70.14678192138672,391.1116943359375,67.45466613769531,37.92211151123047,194.4132843017578,46.50506591796875,173.3079376220703,318.2426452636719,367.2166442871094,114.22628784179688,166.59103393554688,239.27835083007812,31.995973587036133,68.60460662841797,67.53734588623047,122.54365539550781,208.19992065429688,456.981689453125,544.8125,156.11038208007812,638.4581298828125,88.75043487548828,472.6944885253906,143.538818359375,115.62895965576172,393.0234375,7494.919921875,148.38954162597656,88.73733520507812,100.09893798828125,142.94415283203125,145.818359375,24.066957473754883,82.00467681884766,168.72438049316406,623.73876953125,32.321842193603516,117.58717346191406,160.55999755859375,151.90652465820312,693.6087646484375,234.14825439453125,266.8923645019531,227.76673889160156,125.627197265625,38.379451751708984,445.7300109863281,481.53778076171875,66.4714126586914,86.21096801757812,84.78228759765625,25.008331298828125,145.12078857421875,39.878700256347656,118.80695343017578,257.1376037597656,337.6900634765625,238.38011169433594,110.92138671875,41.71303939819336,340.896728515625,232.53440856933594,40.09904479980469,176.49729919433594,99.5542984008789,178.33966064453125,103.34364318847656,163.00140380859375
2025-03-07,125.16133117675781,331.9566650390625,259.75,100.51201629638672,194.84823608398438,154.1080780029297,182.1968536376953,312.6175842285156,491.1324768066406,201.14324951171875,400.3450012207031,304.3819885253906,62.232295989990234,192.5049285888672,526.4000244140625,268.7456359863281,185.0481719970703,41.89833450317383,495.6199951171875,124.35869598388672,344.25018310546875,97.7300033569336,20.419960021972656,93.29551696777344,70.38705444335938,61.85546875,30.697052001953125,200.78480529785156,81.19780731201172,63.33664321899414,148.24954223632812,126.72000122070312,209.86245727539062,183.1916046142578,51.816246032714844,71.88230895996094,397.6080627441406,67.51093292236328,38.95967102050781,192.2316436767578,46.86066818237305,174.83999633789062,326.5511169433594,362.47406005859375,115.3128433227539,167.17042541503906,235.14382934570312,31.814668655395508,70.50376892089844,68.46710968017578,121.6207504272461,214.3448944091797,459.54022216796875,541.7903442382812,155.7265625,640.9754028320312,90.05601501464844,457.2793884277344,142.9136199951172,115.55146789550781,389.4783020019531,7393.2099609375,152.53823852539062,87.93399810791016,101.5042495727539,146.36778259277344,146.94586181640625,24.51637840270996,81.02978515625,169.9705352783203,627.5153198242188,32.493507385253906,120.83353424072266,162.64999389648438,156.94931030273438,702.6160278320312,228.53866577148438,271.5267639160156,230.41343688964844,125.74469757080078,39.93355178833008,450.8800048828125,465.4212951660156,66.1658935546875,86.03821563720703,86.1131362915039,25.373212814331055,148.5889434814453,39.83149719238281,117.4480209350586,259.376953125,341.62396240234375,242.30662536621094,111.95236206054688,42.03260803222656,342.0456848144531,218.42431640625,41.75812911987305,178.18682861328125,102.46995544433594,184.18557739257812,104.6880111694336,166.0421600341797
2025-03-10,120.41961669921875,325.2821960449219,248.39999389648438,103.10599517822266,193.88246154785156,148.47552490234375,177.6218719482422,315.02337646484375,472.4742736816406,201.88232421875,396.27288818359375,292.1647644042969,61.10493850708008,182.1272735595703,515.4500122070312,257.0499267578125,176.2439422607422,40.20833206176758,497.1000061035156,121.83220672607422,339.2480773925781,98.5199966430664,18.876590728759766,94.0284423828125,71.28277587890625,60.03675842285156,30.098037719726562,198.36227416992188,81.94900512695312,62.286285400390625,149.4158935546875,121.11000061035156,203.09365844726562,175.3957977294922,52.35829544067383,70.63704681396484,399.36328125,66.48846435546875,38.87199401855469,190.87051391601562,47.492855072021484,167.1312713623047,332.4955749511719,360.40582275390625,114.8723373413086,166.1000518798828,225.380126953125,31.051265716552734,67.23973083496094,68.48627471923828,121.64988708496094,213.3167724609375,452.96234130859375,532.2282104492188,156.6439208984375,655.5218505859375,89.38892364501953,464.96710205078125,144.20306396484375,108.18964385986328,376.4563903808594,7503.419921875,146.2758331298828,89.77200317382812,101.41641998291016,147.35958862304688,148.6680145263672,24.43383026123047,79.2030258178711,170.27000427246094,599.6862182617188,32.957881927490234,120.78564453125,161.02000427246094,150.87461853027344,739.6777954101562,214.55894470214844,265.46856689453125,229.547607421875,125.86222839355469,39.7115364074707,429.8500061035156,457.3583679199219,66.32820892333984,83.30303955078125,84.5572280883789,25.522907257080078,145.86959838867188,38.11323547363281,115.81338500976562,260.73626708984375,335.28216552734375,241.31527709960938,111.03184509277344,39.82382583618164,338.24212646484375,219.345947265625,42.14796829223633,174.42018127441406,104.5224380493164,181.06710815429688,107.35755157470703,167.43585205078125
2025-03-11,119.56018829345703,317.9966125488281,250.85000610351562,100.3294677734375,196.65301513671875,145.50584411621094,177.1168212890625,306.87255859375,470.1923828125,198.7650604248047,397.0177917480469,286.748779296875,60.95659637451172,187.6962432861328,526.6400146484375,251.216796875,172.37857055664062,40.88236999511719,496.25,122.0681381225586,333.9020690917969,97.62999725341797,18.896377563476562,90.74951171875,69.42391204833984,58.69206619262695,28.988388061523438,194.35765075683594,80.45635986328125,62.047569274902344,146.10650634765625,120.52999877929688,203.4696807861328,178.38583374023438,51.503875732421875,68.24455261230469,411.54266357421875,65.45661926269531,37.67855453491211,190.47311401367188,47.69041442871094,165.3086700439453,320.02301025390625,354.16259765625,114.71572875976562,165.32431030273438,222.390869140625,31.719242095947266,65.83815002441406,68.09329223632812,117.97765350341797,207.91163635253906,445.1297302246094,521.0112915039062,154.45350646972656,649.9003295898438,88.89338684082031,461.272216796875,144.12493896484375,108.52867889404297,376.74359130859375,7361.22021484375,141.74374389648438,88.27066802978516,98.7131576538086,139.7112274169922,144.938232421875,23.83765983581543,78.44583892822266,167.23670959472656,604.223876953125,32.957881927490234,118.31497955322266,157.27999877929688,149.04440307617188,713.1923217773438,219.27450561523438,260.34320068359375,227.98316955566406,125.46070861816406,38.6883430480957,430.67999267578125,449.5014343261719,65.67896270751953,82.26655578613281,85.10521697998047,24.334705352783203,142.43099975585938,37.678951263427734,114.34615325927734,250.99644470214844,330.92218017578125,231.1005401611328,107.1104736328125,39.06250762939453,328.9906921386719,222.68557739257812,39.37376022338867,174.83758544921875,101.4437255859375,170.998046875,104.82245635986328,160.21408081054688
2025-03-12,118.39453125,314.63995361328125,251.85000610351562,98.91719055175781,193.4044189453125,147.55491638183594,175.48292541503906,300.7233581542969,472.5627746582031,195.83729553222656,395.57769775390625,283.4491882324219,62.13340377807617,191.7841033935547,557.8900146484375,256.4892272949219,174.2439422607422,41.4978141784668,495.94000244140625,124.68312072753906,332.2904052734375,95.29000091552734,19.292112350463867,87.58628845214844,68.55706787109375,58.48891830444336,29.017847061157227,190.05641174316406,77.55886840820312,61.913883209228516,144.7694549560547,121.58000183105469,202.8264617919922,179.3529052734375,50.971012115478516,65.1460952758789,400.8162536621094,64.69680786132812,37.016075134277344,193.73179626464844,47.31505584716797,168.3164520263672,309.4594421386719,350.8630065917969,113.33549499511719,165.97239685058594,221.1873779296875,31.308914184570312,67.4409408569336,67.0389175415039,115.53921508789062,204.60195922851562,442.28680419921875,519.8618774414062,151.42994689941406,637.433349609375,87.20661926269531,461.5205078125,146.76243591308594,110.42725372314453,379.53607177734375,7350.47998046875,148.3403778076172,87.28600311279297,97.50304412841797,138.290283203125,140.98008728027344,23.580848693847656,78.3503189086914,162.64813232421875,606.1516723632812,32.65983963012695,118.72676086425781,157.0,148.7523651123047,684.7305908203125,221.2982940673828,257.23065185546875,226.92056274414062,125.31381225585938,38.65937805175781,432.4599914550781,447.87200927734375,65.83171844482422,82.30494689941406,84.870361328125,24.063385009765625,141.07131958007812,37.61286544799805,113.57805633544922,249.9598388671875,336.282958984375,230.81866455078125,106.0979232788086,39.175296783447266,329.6840515136719,225.1234130859375,38.612220764160156,174.91708374023438,100.45585632324219,170.97848510742188,104.79364013671875,157.57290649414062
2025-03-13,115.90512084960938,307.5968933105469,246.92999267578125,100.14692687988281,197.062744140625,148.43594360351562,171.22483825683594,300.8581237792969,464.5270690917969,196.86058044433594,391.5155334472656,281.7176208496094,60.93681716918945,188.95025634765625,534.5599975585938,252.2397918701172,170.0815887451172,40.77492141723633,504.25,124.1325912475586,327.55364990234375,95.08999633789062,18.91616439819336,87.29696655273438,69.23126983642578,57.72467041015625,28.605409622192383,188.44464111328125,76.42718505859375,62.78282165527344,145.6608123779297,117.04000091552734,201.96551513671875,174.75436401367188,51.292572021484375,63.59687805175781,406.87176513671875,64.04955291748047,35.89570617675781,191.16859436035156,46.53470230102539,164.06373596191406,311.3585510253906,336.1674499511719,114.04029846191406,166.09024047851562,218.55718994140625,31.595186233520508,67.55095672607422,66.73218536376953,113.01335144042969,206.78555297851562,445.8178405761719,515.0956420898438,151.40188598632812,640.4481201171875,87.98806762695312,461.9178161621094,142.71827697753906,108.17996215820312,375.07989501953125,7130.75,145.16497802734375,85.96600341796875,97.21025848388672,136.907470703125,141.14183044433594,23.47995948791504,76.92716217041016,162.8606719970703,584.9065551757812,32.83289337158203,117.30945587158203,153.3000030517578,147.91513061523438,675.902099609375,212.86917114257812,250.66195678710938,225.59226989746094,126.5281753540039,38.543548583984375,428.5799865722656,449.3609924316406,64.78146362304688,81.06690979003906,83.78416442871094,24.40955352783203,139.1401824951172,37.27299499511719,111.08670806884766,253.3726806640625,335.8172607421875,227.70855712890625,106.0703125,38.460960388183594,325.4346923828125,223.01263427734375,39.62760925292969,175.16554260253906,100.81072235107422,161.36891174316406,104.35192108154297,155.99407958984375
2025-03-14,119.70836639404297,309.2945861816406,254.42999267578125,101.41510772705078,202.41856384277344,154.08828735351562,174.7366485595703,301.88775634765625,477.8445129394531,199.8546600341797,396.07427978515625,280.8229675292969,62.301517486572266,193.07760620117188,556.260009765625,261.2895202636719,176.8161163330078,41.8494873046875,514.5999755859375,125.83331298828125,333.7743225097656,103.22000122070312,19.7076358795166,86.62190246582031,70.0884780883789,58.52761459350586,29.469562530517578,190.6793212890625,77.18814849853516,62.715980529785156,148.89434814453125,118.68000030517578,208.5463104248047,178.7509765625,52.36747741699219,65.22454071044922,410.4700012207031,64.66867065429688,36.66047668457031,195.8280792236328,47.74967956542969,166.9420623779297,315.90838623046875,340.0978698730469,116.37982940673828,167.9756317138672,225.59365844726562,32.053218841552734,70.67327880859375,66.78047180175781,114.7328872680664,206.66806030273438,448.02105712890625,522.83447265625,152.8715057373047,647.1541137695312,88.6932601928711,474.22412109375,146.9285125732422,111.72525024414062,384.7745361328125,7236.52978515625,146.7477569580078,88.49400329589844,98.1959228515625,138.70034790039062,141.37973022460938,23.59002113342285,79.06668853759766,162.26173400878906,600.9515991210938,33.54435348510742,121.3602294921875,155.8000030517578,152.43222045898438,662.257080078125,216.43531799316406,255.47312927246094,228.27838134765625,127.30183410644531,39.67292022705078,446.2300109863281,455.5790710449219,67.03472900390625,83.31263732910156,86.01527404785156,24.867992401123047,143.7315673828125,38.28317642211914,111.52983856201172,250.3216552734375,344.63629150390625,230.8575439453125,107.47868347167969,39.4948616027832,328.6539001464844,229.2360382080078,39.50068664550781,177.59054565429688,102.3836441040039,163.74441528320312,107.45357513427734,157.16357421875
2025-03-17,121.00245666503906,315.9787292480469,260.6199951171875,101.70332336425781,204.96478271484375,153.89031982421875,177.20680236816406,305.2174377441406,484.6114196777344,201.52227783203125,388.3174743652344,284.3822937011719,63.15198516845703,192.0507049560547,554.8200073242188,260.05987548828125,180.69297790527344,42.86544418334961,523.010009765625,127.8289566040039,336.7225036621094,102.91000366210938,20.667293548583984,87.48020935058594,70.5604248046875,58.90489959716797,29.78380012512207,192.98321533203125,78.06616973876953,63.64219665527344,150.50637817382812,117.4800033569336,210.38693237304688,180.54696655273438,54.168182373046875,67.54838562011719,419.8799743652344,65.71926879882812,37.05504608154297,200.71607971191406,48.40161895751953,165.8962860107422,325.6134948730469,342.827880859375,117.91667938232422,170.18141174316406,227.0397491455078,32.291786193847656,71.1976318359375,67.70743560791016,115.568359375,208.548095703125,452.7520751953125,527.1448364257812,153.97610473632812,651.9498901367188,88.96009826660156,485.4278564453125,149.66368103027344,114.26314544677734,384.9132385253906,7213.25,151.4076690673828,89.86599731445312,98.94738006591797,141.13218688964844,143.99627685546875,23.89269256591797,80.11734008789062,163.99090576171875,614.4954223632812,33.79432678222656,123.71599578857422,158.7899932861328,153.76593017578125,673.7272338867188,216.1504364013672,257.240478515625,231.9680633544922,129.31922912597656,39.9914665222168,453.510009765625,462.8647766113281,67.8462905883789,84.27235412597656,88.5693130493164,25.101890563964844,144.5789031982422,38.755226135253906,112.77058410644531,254.41905212402344,347.74774169921875,231.1782684326172,108.67533111572266,39.64524841308594,331.3777770996094,232.962158203125,39.573211669921875,180.75096130371094,102.73851013183594,171.07623291015625,109.23966979980469,160.97425842285156
2025-03-18,121.60505676269531,314.3877258300781,259.95001220703125,101.82821655273438,200.3211212158203,151.95999145507812,174.67710876464844,306.64166259765625,480.8935546875,203.58778381347656,387.393798828125,280.7268371582031,63.3056640625,186.2941436767578,539.989990234375,258.427001953125,177.05487060546875,42.689605712890625,523.1400146484375,129.23475646972656,330.89483642578125,104.94000244140625,19.905502319335938,86.30365753173828,70.79158020019531,58.33413314819336,29.71506118774414,191.2429656982422,77.63692474365234,64.52068328857422,152.48822021484375,115.30000305175781,210.5650634765625,178.3957061767578,53.929317474365234,66.71493530273438,425.3992004394531,65.2033462524414,37.064781188964844,199.48414611816406,48.075645446777344,162.01205444335938,327.2987976074219,338.4134216308594,116.3994140625,170.2010955810547,228.04913330078125,32.053218841552734,70.37590789794922,66.9928970336914,115.12146759033203,208.00955200195312,453.1455383300781,525.3613891601562,151.94480895996094,658.2778930664062,87.87370300292969,484.8915100097656,147.42669677734375,114.40843963623047,379.7836608886719,7182.509765625,146.92471313476562,89.25,99.22062683105469,140.17852783203125,141.76031494140625,24.131160736083984,79.50604248046875,162.0105743408203,609.3744506835938,33.47705078125,122.96903228759766,160.02000427246094,152.14991760253906,660.3603515625,215.95396423339844,253.45050048828125,230.2757110595703,129.9459991455078,39.70188522338867,447.989990234375,459.23126220703125,67.55030822753906,84.56027221679688,86.7394027709961,24.896060943603516,144.69711303710938,38.56640625,113.4992904663086,254.96669006347656,340.9303283691406,230.42990112304688,109.41175079345703,39.73923110961914,331.5957336425781,234.369384765625,40.09904479980469,180.63169860839844,103.40027618408203,168.41725158691406,109.12443542480469,160.25306701660156
2025-03-19,120.72586059570312,314.77581787109375,268.29998779296875,101.68411254882812,199.8625946044922,152.90042114257812,175.6592254638672,303.85089111328125,490.8275146484375,202.53607177734375,387.7215576171875,282.8239440917969,66.83531951904297,193.10723876953125,568.1099853515625,266.22747802734375,181.82147216796875,43.568790435791016,525.27001953125,129.88357543945312,332.77191162109375,104.3499984741211,20.82558822631836,87.2198257446289,70.99383544921875,59.12739562988281,29.528480529785156,194.16978454589844,77.71497344970703,64.84532928466797,155.56056213378906,119.05000305175781,208.0712890625,179.8660430908203,53.745567321777344,66.28350830078125,419.772705078125,65.44723510742188,37.245018005371094,204.23306274414062,49.181976318359375,165.60745239257812,331.283935546875,342.14056396484375,117.14337158203125,171.0381317138672,232.06719970703125,31.938716888427734,71.3284683227539,66.89634704589844,116.87015533447266,208.60684204101562,452.2012939453125,531.2075805664062,151.44866943359375,660.4468383789062,87.54969787597656,486.887939453125,149.66368103027344,116.09391021728516,384.0417785644531,7274.85009765625,149.87400817871094,89.3393325805664,100.29412841796875,140.69349670410156,140.92300415039062,24.03944206237793,80.62356567382812,162.8413543701172,622.829345703125,33.640499114990234,123.53404235839844,161.24000549316406,154.06771850585938,667.7091674804688,220.62042236328125,255.31602478027344,230.78736877441406,132.52162170410156,39.653621673583984,450.2799987792969,463.75439453125,67.87493896484375,86.5756607055664,87.73585510253906,25.11124610900879,145.5838623046875,38.96292495727539,116.0595703125,253.51937866210938,346.875732421875,229.74957275390625,108.13224029541016,40.115196228027344,336.64739990234375,238.93783569335938,39.836124420166016,184.45802307128906,103.15091705322266,162.54200744628906,110.82410430908203,159.59034729003906
2025-03-20,118.81929779052734,291.919677734375,267.82000732421875,102.03956604003906,205.04281616210938,152.82119750976562,174.52828979492188,303.16766357421875,484.975341796875,203.01931762695312,390.4925537109375,281.78497314453125,65.79427337646484,188.70986938476562,558.4099731445312,266.4044494628906,181.70822143554688,43.656715393066406,528.72998046875,130.8273468017578,330.4428405761719,104.58999633789062,20.973989486694336,87.0655288696289,70.9745864868164,58.64370346069336,29.44010353088379,192.2811737060547,75.32477569580078,65.54238891601562,156.24330139160156,115.66999816894531,208.0614013671875,178.90884399414062,54.13143539428711,66.69532775878906,423.47821044921875,65.82246398925781,36.78226089477539,202.6037139892578,48.836246490478516,164.38243103027344,330.6296691894531,344.1735534667969,117.14337158203125,172.90911865234375,231.97012329101562,31.900548934936523,71.01622772216797,67.3115463256836,116.64671325683594,205.52239990234375,450.234130859375,531.494873046875,152.1788330078125,663.0039672851562,86.93025970458984,480.5113220214844,147.7686004638672,116.69448852539062,383.07135009765625,7287.919921875,150.13946533203125,89.5433349609375,99.4450912475586,138.50010681152344,140.00958251953125,24.021095275878906,80.35611724853516,161.85601806640625,617.599609375,33.63087844848633,123.3616714477539,159.89999389648438,153.76593017578125,658.0364990234375,221.1705780029297,253.4112091064453,231.08251953125,131.6891632080078,39.846675872802734,449.989990234375,465.60858154296875,67.4461669921875,86.87317657470703,87.19322204589844,25.064470291137695,144.1256561279297,39.01957321166992,114.47416687011719,251.34844970703125,346.15234375,228.1945037841797,107.68119812011719,40.049407958984375,336.2809143066406,236.56936645507812,39.663875579833984,184.26919555664062,103.40027618408203,161.29071044921875,111.29462432861328,159.01531982421875
2025-03-21,119.2835922241211,296.19793701171875,267.25,100.98277282714844,201.42349243164062,150.58401489257812,173.12953186035156,304.1300354003906,484.5426025390625,204.8763885498047,387.6917724609375,280.5632019042969,66.0322265625,189.8191375732422,560.0,266.0897216796875,182.8260498046875,43.090126037597656,521.9099731445312,129.65745544433594,329.98095703125,106.38999938964844,20.716760635375977,87.08480834960938,70.79158020019531,58.33413314819336,29.037487030029297,189.0280303955078,74.55406951904297,64.0241470336914,156.22433471679688,117.86000061035156,209.1598358154297,177.270751953125,53.442386627197266,65.64617156982422,416.56451416015625,65.4847640991211,36.40230941772461,202.80242919921875,49.19185256958008,165.5775909423828,325.9407043457031,339.9429931640625,116.73222351074219,171.72744750976562,234.51296997070312,32.01505661010742,70.02799224853516,66.30733489990234,111.93498992919922,203.6521453857422,450.8045959472656,530.8112182617188,150.96194458007812,657.840087890625,86.08210754394531,473.80694580078125,146.879638671875,116.37482452392578,387.4482727050781,7184.7900390625,149.65773010253906,89.27266693115234,98.77172088623047,136.3925018310547,138.39207458496094,24.1036434173584,79.525146484375,161.0252227783203,615.009521484375,33.41936492919922,120.17277526855469,159.83999633789062,152.66586303710938,653.9251098632812,220.0899200439453,254.0985565185547,229.5869903564453,129.6326141357422,39.56674575805664,448.6000061035156,466.245361328125,67.00296020507812,86.90196990966797,87.08470916748047,25.27965545654297,144.01727294921875,39.10454177856445,114.34615325927734,250.18475341796875,343.9823303222656,227.31007385253906,105.95063781738281,40.26558303833008,332.4773254394531,231.97116088867188,39.88146209716797,183.64306640625,102.44117736816406,159.980712890625,110.91051483154297,158.8886260986328
2025-03-24,120.48877716064453,298.0023498535156,269.19000244140625,100.08928680419922,202.2332305908203,153.3854522705078,177.39529418945312,302.5325622558594,499.79766845703125,201.62648010253906,390.4726867675781,282.2948303222656,68.7092056274414,189.41305541992188,572.52001953125,273.31964111328125,186.48712158203125,43.568790435791016,525.8499755859375,130.9551239013672,335.7692565917969,104.30999755859375,21.2114315032959,87.6634521484375,70.44483947753906,58.98229217529297,29.31244468688965,192.3899688720703,76.0369644165039,64.52068328857422,156.48037719726562,124.68000030517578,210.58485412597656,183.0633087158203,53.82825469970703,66.13642883300781,416.60357666015625,66.93873596191406,37.47883987426758,208.8627471923828,50.83157730102539,169.24269104003906,330.9469299316406,352.1602478027344,118.52359771728516,172.57431030273438,240.75357055664062,32.301326751708984,72.13333129882812,66.57769012451172,114.2082748413086,206.32534790039062,451.5521240234375,538.718505859375,153.2459716796875,657.5316162109375,85.89151763916016,487.3746643066406,149.60507202148438,120.37538146972656,389.25048828125,7361.52001953125,152.2530975341797,90.84933471679688,98.93761444091797,138.11863708496094,139.34353637695312,23.975238800048828,81.42587280273438,160.02056884765625,635.256103515625,33.4385986328125,121.11124420166016,161.4499969482422,155.83950805664062,656.427734375,231.88870239257812,263.1022644042969,232.19436645507812,131.90464782714844,40.25209426879883,457.7699890136719,471.92034912109375,67.69669342041016,89.118896484375,87.59772491455078,25.22351837158203,146.78590393066406,39.79373550415039,117.77298736572266,253.23577880859375,354.34716796875,228.59300231933594,106.5949935913086,41.13029861450195,340.60943603515625,238.6405487060547,39.49162292480469,187.69796752929688,101.45331573486328,166.4816436767578,111.19860076904297,159.0250701904297
2025-03-25,119.04651641845703,299.6709899902344,273.0799865722656,98.47525787353516,203.03314208984375,152.08868408203125,178.2682647705078,295.2959289550781,502.1778869628906,198.499755859375,393.4423522949219,282.0158386230469,68.89759063720703,186.4517822265625,577.1799926757812,274.7164611816406,189.18716430664062,44.13538360595703,528.8699951171875,130.50289916992188,336.70281982421875,100.44999694824219,21.033349990844727,86.40008544921875,69.3853759765625,59.00164031982422,28.99820899963379,191.29238891601562,76.89547729492188,63.47988510131836,157.35275268554688,122.97000122070312,210.18899536132812,183.29029846191406,52.59716033935547,64.79312133789062,412.93707275390625,66.6291732788086,37.55189895629883,210.75038146972656,51.947776794433594,172.09112548828125,333.5442199707031,349.46893310546875,118.89556884765625,172.94851684570312,243.733154296875,32.282249450683594,71.55049133300781,66.4425048828125,114.38314056396484,208.1368408203125,449.9390869140625,540.1949462890625,152.61878967285156,660.2578735351562,84.42394256591797,485.0007629394531,149.9469757080078,121.27625274658203,391.3102722167969,7321.35009765625,151.32899475097656,91.69866943359375,98.9571304321289,137.4510498046875,138.47769165039062,23.434099197387695,81.8270492553711,157.3157196044922,643.9359741210938,32.76559829711914,120.17277526855469,162.8000030517578,155.9076385498047,629.7535400390625,227.65447998046875,267.90362548828125,233.96539306640625,132.8545684814453,40.81195068359375,457.2300109863281,480.55450439453125,66.58863830566406,88.79258728027344,86.77886199951172,25.550973892211914,148.5791015625,39.65211868286133,118.04871368408203,253.0304412841797,360.6889343261719,229.16641235351562,101.21000671386719,41.07390213012695,341.3523254394531,238.8090057373047,39.42816162109375,188.43341064453125,100.04344177246094,165.37698364257812,111.95720672607422,157.20257568359375
2025-03-26,118.44391632080078,301.86346435546875,271.2099914550781,99.8202896118164,204.16481018066406,149.1585693359375,175.4905548095703,294.1893005371094,496.8076171875,198.9924774169922,394.0283203125,284.0359802246094,67.00386810302734,177.54812622070312,559.0599975585938,271.49005126953125,188.64273071289062,43.00220489501953,533.2100219726562,131.7120819091797,335.2188720703125,101.08999633789062,20.706867218017578,88.75321197509766,70.60858917236328,59.78522491455078,29.361541748046875,202.41632080078125,75.94915008544922,64.16737365722656,159.27767944335938,118.16000366210938,208.21971130371094,179.84632873535156,53.08408737182617,64.6068115234375,419.82147216796875,67.1357192993164,37.55189895629883,206.02134704589844,50.32780838012695,166.46397399902344,334.3670349121094,350.5726013183594,120.07023620605469,173.07652282714844,243.6361083984375,32.50172424316406,69.93383026123047,67.61087036132812,114.50943756103516,207.5199432373047,453.8537292480469,544.0693359375,153.98545837402344,659.6806640625,84.08087921142578,479.6074523925781,149.1459503173828,118.37026977539062,386.17083740234375,7314.919921875,145.30259704589844,92.0653305053711,100.216064453125,143.23023986816406,141.42727661132812,23.122255325317383,81.76018524169922,160.91897583007812,630.243896484375,33.265533447265625,121.20700073242188,162.14999389648438,154.19427490234375,635.7120361328125,224.74656677246094,264.39837646484375,233.92604064941406,131.55206298828125,40.94709396362305,449.8999938964844,475.5350341796875,68.18807220458984,88.9173583984375,86.45330047607422,25.86907386779785,147.5347137451172,39.633235931396484,117.8714599609375,256.70733642578125,348.8575439453125,231.34349060058594,102.18575286865234,41.13969421386719,340.9164733886719,234.92431640625,40.053714752197266,186.53517150878906,101.47249603271484,161.65240478515625,113.5704574584961,158.68397521972656
2025-03-27,117.52520751953125,299.3120422363281,269.80999755859375,101.02120971679688,204.17454528808594,146.18882751464844,174.1612548828125,294.24700927734375,490.64068603515625,202.8013916015625,396.8191833496094,283.9013671875,67.5888442993164,170.33804321289062,550.6500244140625,267.5750732421875,188.1929168701172,42.621219635009766,534.52001953125,134.33688354492188,333.440185546875,102.58999633789062,20.558467864990234,89.87191009521484,70.45447540283203,59.39826965332031,29.38118553161621,203.9390869140625,75.68575286865234,64.5397720336914,158.0260009765625,116.94999694824219,207.9228515625,176.7871856689453,52.633907318115234,65.64617156982422,421.2061462402344,66.84491729736328,37.86366271972656,204.54104614257812,46.62360382080078,163.41636657714844,339.3731994628906,351.15338134765625,120.38347625732422,173.6673583984375,240.81179809570312,32.69256591796875,69.38469696044922,68.30610656738281,114.6163101196289,208.27392578125,457.09954833984375,552.4920043945312,154.68753051757812,662.3173828125,84.79560852050781,481.0278015136719,145.0041046142578,115.27055358886719,386.77484130859375,7314.43994140625,143.3167266845703,94.90799713134766,100.52835083007812,144.7942352294922,142.4073028564453,22.938817977905273,81.26351165771484,162.97659301757812,619.1221313476562,33.63087844848633,119.43538665771484,160.30999755859375,153.78538513183594,631.431884765625,221.20005798339844,263.2201232910156,235.91354370117188,130.67066955566406,40.63820266723633,446.2300109863281,476.3216857910156,67.50398254394531,88.08240509033203,86.3250503540039,26.383649826049805,144.9434356689453,39.08565902709961,118.7281723022461,262.3497619628906,343.44720458984375,229.3413543701172,102.18575286865234,40.632144927978516,346.5426025390625,235.3999786376953,40.7608642578125,185.7698974609375,101.87532043457031,160.7334747314453,113.20555877685547,160.8280792236328
2025-03-28,115.27290344238281,295.23748779296875,261.6300048828125,102.76012420654297,201.40399169921875,143.5952911376953,169.03244018554688,295.382568359375,474.2938537597656,204.2415771484375,391.86309814453125,281.15966796875,66.02230834960938,167.49563598632812,534.9500122070312,261.1419372558594,183.49839782714844,42.08393859863281,526.3099975585938,134.1304473876953,323.99615478515625,103.5999984741211,19.65816879272461,89.51508331298828,71.44651794433594,58.875877380371094,28.585771560668945,200.94302368164062,74.04676818847656,64.11009216308594,157.49497985839844,111.55999755859375,204.01791381835938,172.34654235839844,53.45158004760742,64.14596557617188,421.2549133300781,66.9574966430664,37.10375213623047,198.58004760742188,46.109954833984375,155.42880249023438,339.19482421875,346.7196044921875,119.6395263671875,172.0425567626953,235.69703674316406,32.413978576660156,66.76790618896484,67.94884490966797,110.68177795410156,203.4269256591797,451.5718078613281,535.6864013671875,155.2959747314453,664.6953735351562,84.1712417602539,474.7703857421875,141.48741149902344,111.715576171875,375.1096496582031,7181.68017578125,138.4896697998047,93.90333557128906,99.65003204345703,144.03131103515625,142.02671813964844,23.122255325317383,79.33412170410156,162.3197021484375,594.5750122070312,34.33272933959961,116.60081481933594,154.8000030517578,148.67446899414062,632.9512329101562,212.66598510742188,253.94143676757812,234.7033233642578,128.99606323242188,40.42584228515625,437.95001220703125,470.5811767578125,67.18603515625,85.45280456542969,83.77967834472656,26.36493682861328,140.0367889404297,38.198204040527344,116.40422058105469,259.07379150390625,328.9800109863281,225.628662109375,100.94306182861328,39.720436096191406,339.59912109375,230.8414306640625,40.733665466308594,180.6714630126953,103.15091705322266,155.41543579101562,113.05192565917969,158.9665985107422
2025-03-31,115.55937957763672,302.7171936035156,261.79998779296875,104.97942352294922,202.0088348388672,143.65469360351562,170.76849365234375,299.8091735839844,476.15277099609375,206.17446899414062,396.37225341796875,283.7089538574219,65.03083038330078,165.8218536376953,525.9500122070312,264.6535949707031,182.41622924804688,42.93382263183594,532.5800170898438,135.4379425048828,324.10418701171875,104.2300033569336,19.321792602539062,90.36375427246094,72.34224700927734,59.69816207885742,28.900007247924805,203.22714233398438,74.63211822509766,64.69256591796875,158.6328887939453,111.80999755859375,203.1754608154297,173.3629608154297,54.13143539428711,64.71467590332031,424.1412658691406,67.8033676147461,37.775978088378906,198.8483123779297,46.4556770324707,155.59811401367188,342.555419921875,354.79339599609375,121.1176528930664,169.8662872314453,238.07485961914062,32.87510681152344,67.38246154785156,69.15583038330078,111.50753784179688,204.9544677734375,457.9946594238281,543.1280517578125,156.86859130859375,669.6005859375,86.313232421875,474.8995361328125,143.46067810058594,113.0135726928711,371.7328796386719,7244.39013671875,137.4475860595703,95.50533294677734,100.7137680053711,147.13072204589844,142.66419982910156,23.24148941040039,80.58535766601562,164.6284637451172,600.9219360351562,34.71730041503906,118.24794006347656,154.9499969482422,149.54090881347656,629.8429565429688,217.65528869628906,253.6959686279297,238.26510620117188,129.72076416015625,40.34861755371094,428.8500061035156,475.8160095214844,68.75656127929688,85.92304992675781,83.80928802490234,26.45849609375,139.23870849609375,38.84963607788086,119.93937683105469,260.8144836425781,333.8553161621094,229.60377502441406,101.24683380126953,40.1579704284668,347.136962890625,231.1981964111328,41.123504638671875,180.2341766357422,104.5224380493164,154.55519104003906,114.20423126220703,160.4674530029297
2025-04-01,112.9043197631836,304.2111511230469,264.6099853515625,104.1147689819336,202.42831420898438,144.1892547607422,170.52047729492188,295.3537292480469,480.6476745605469,207.91783142089844,396.0941467285156,284.0186462402344,65.50674438476562,166.90138244628906,541.2000122070312,266.06024169921875,185.5379638671875,43.7641716003418,532.989990234375,135.30572509765625,324.8609313964844,104.61000061035156,19.183284759521484,90.55663299560547,72.37113952636719,59.78522491455078,29.008028030395508,205.54092407226562,74.58332824707031,64.91218566894531,159.7897491455078,113.3499984741211,198.60650634765625,174.14251708984375,53.97525405883789,66.54826354980469,421.91796875,67.51920318603516,37.805206298828125,202.46463012695312,46.68286895751953,158.23739624023438,342.7338562011719,353.8543701171875,121.76371002197266,168.87171936035156,236.48318481445312,33.59563064575195,67.6461181640625,69.3972396850586,111.24523162841797,205.3852996826172,459.4208068847656,543.5144653320312,156.77496337890625,670.2970581054688,84.99730682373047,481.2860412597656,144.25192260742188,112.11272430419922,378.4666442871094,7213.6201171875,139.54159545898438,95.45333099365234,101.55305480957031,147.42636108398438,142.4073028564453,22.507741928100586,81.33036804199219,164.7637176513672,602.9089965820312,34.669227600097656,119.08106994628906,156.1999969482422,148.9957275390625,612.7320556640625,225.7209930419922,254.04942321777344,239.80001831054688,130.1027069091797,40.7347297668457,435.94000244140625,478.32574462890625,68.94925689697266,85.97145080566406,83.40480041503906,26.645614624023438,138.6278533935547,38.72690200805664,120.84532165527344,262.60400390625,338.542236328125,230.50762939453125,100.57485961914062,39.729949951171875,343.06597900390625,235.1324462890625,41.14163589477539,182.52996826171875,104.43611145019531,155.3079071044922,114.30986022949219,157.79708862304688
2025-04-02,114.82481384277344,306.87896728515625,267.92999267578125,103.51911163330078,200.4088897705078,146.25814819335938,171.34388732910156,294.1796569824219,486.2342834472656,206.4586944580078,393.33306884765625,285.4800720214844,67.32113647460938,170.4370880126953,558.4199829101562,270.7522888183594,185.6785430908203,43.88139343261719,537.719970703125,136.8252410888672,328.88031005859375,103.80999755859375,19.806568145751953,90.21910095214844,71.9088363647461,59.80458068847656,29.204423904418945,206.33197021484375,74.85651397705078,64.99812316894531,157.8553009033203,117.9800033569336,203.3340606689453,176.658935546875,55.05016326904297,67.4209213256836,418.65130615234375,67.85072326660156,38.00004959106445,198.47079467773438,47.39407730102539,158.2174835205078,344.0226135253906,359.0530090332031,122.22379302978516,167.83775329589844,238.57955932617188,33.758949279785156,68.01583099365234,68.87580108642578,112.3624496459961,207.4905548095703,462.0272521972656,542.3948364257812,157.26173400878906,690.037109375,85.35270690917969,489.1426086425781,144.33984375,115.53208923339844,378.4171142578125,7302.06982421875,143.39537048339844,94.46733093261719,101.43595123291016,147.7601318359375,141.88400268554688,22.654491424560547,82.32371520996094,163.73974609375,621.8110961914062,34.73653030395508,118.80335998535156,157.16000366210938,149.9984588623047,621.2725830078125,233.0471649169922,256.1310119628906,241.4569549560547,130.39646911621094,40.72507858276367,438.54998779296875,481.3224182128906,70.18256378173828,86.71675109863281,84.37163543701172,26.327510833740234,140.1944122314453,39.23671340942383,123.02157592773438,258.7120056152344,344.7750549316406,231.7614288330078,101.44013214111328,40.90938949584961,343.0461120605469,237.9369354248047,40.56140899658203,184.76612854003906,104.38814544677734,161.31024169921875,113.9545669555664,159.3466796875
2025-04-03,108.56830596923828,292.4532165527344,257.1499938964844,104.82571411132812,200.30160522460938,134.1417236328125,160.20335388183594,298.1732482910156,448.31793212890625,216.20840454101562,391.60491943359375,274.0981140136719,62.12581253051758,152.53073120117188,539.6900024414062,243.77052307128906,176.2241668701172,39.9152717590332,530.1599731445312,135.2662353515625,300.4794006347656,107.05999755859375,17.095781326293945,92.58185577392578,72.72750854492188,55.811763763427734,27.485939025878906,202.5547637939453,71.4809799194336,64.46338653564453,148.04090881347656,100.87999725341797,196.138671875,160.583740234375,53.63532257080078,57.0567626953125,441.4302673339844,64.93324279785156,38.00004959106445,186.4097442626953,45.3394775390625,152.01266479492188,346.1142883300781,344.55108642578125,120.8337631225586,165.001708984375,221.95411682128906,34.22969055175781,61.53630065917969,70.66215515136719,105.30943298339844,205.57135009765625,459.54864501953125,525.7179565429688,153.18043518066406,713.3193359375,84.42098999023438,481.69329833984375,136.50547790527344,104.54749298095703,369.47503662109375,7109.990234375,134.9111785888672,96.1259994506836,101.78727722167969,146.4154815673828,144.02481079101562,22.278446197509766,75.76188659667969,166.53152465820312,550.35498046875,34.832672119140625,102.63859558105469,149.52999877929688,135.726806640625,606.4161376953125,195.1245880126953,234.8243865966797,245.02723693847656,127.536865234375,37.84855270385742,417.760009765625,458.2854309082031,68.14954376220703,80.17355346679688,70.56949615478516,26.75788688659668,128.0657196044922,34.969390869140625,123.51393127441406,261.9684143066406,328.0287780761719,217.67845153808594,92.16141510009766,36.89549255371094,336.17193603515625,235.0432586669922,41.359222412109375,172.51197814941406,104.09083557128906,135.74655151367188,107.96250915527344,155.5554962158203
2025-04-04,101.96531677246094,276.5432434082031,245.50999450683594,100.37751007080078,182.00990295410156,125.66816711425781,151.44369506835938,283.2958984375,415.25054931640625,208.60951232910156,373.20111083984375,255.002197265625,58.58624267578125,144.8848876953125,497.1300048828125,230.62464904785156,169.63099670410156,34.591278076171875,493.5400085449219,127.90550231933594,283.1047668457031,100.9800033569336,16.324094772338867,88.39640045166016,70.01142120361328,53.11417770385742,26.719985961914062,188.19744873046875,67.06159973144531,60.78712844848633,135.86538696289062,106.0199966430664,180.1522216796875,151.52484130859375,50.30034255981445,51.899200439453125,418.2222595214844,60.42438507080078,36.25130081176758,165.7251434326172,43.640480041503906,147.1424560546875,328.7758483886719,342.6051940917969,111.17216491699219,154.346923828125,205.3434295654297,32.48122024536133,57.14623260498047,67.52397918701172,107.86444854736328,197.85533142089844,430.76904296875,485.3094177246094,143.29541015625,679.6696166992188,79.60873413085938,467.51971435546875,123.97244262695312,96.70134735107422,356.3343505859375,7410.93017578125,126.10259246826172,92.65799713134766,92.68204498291016,136.67860412597656,139.49578857421875,21.067758560180664,69.6680908203125,158.1851348876953,511.3348388671875,33.13093185424805,94.62324523925781,139.77000427246094,124.08360290527344,569.4833374023438,194.85838317871094,222.99282836914062,232.18606567382812,115.0211410522461,33.57236862182617,388.1300048828125,422.8122863769531,63.47648239135742,73.8045883178711,65.83395385742188,24.92412757873535,120.2032470703125,32.845176696777344,120.29388427734375,242.62562561035156,315.2163391113281,207.26931762695312,89.94297790527344,35.031219482421875,310.16094970703125,228.66127014160156,39.0111198425293,159.95968627929688,100.09140014648438,138.50332641601562,100.19396209716797,147.8756866455078
2025-04-07,102.54938507080078,276.2134094238281,243.6199951171875,97.58177185058594,176.11752319335938,131.5085906982422,152.10836791992188,278.77301025390625,420.9159240722656,202.1855010986328,361.86883544921875,250.7726287841797,60.38081741333008,152.6595001220703,502.54998779296875,231.21681213378906,168.0732879638672,34.88434600830078,490.3800048828125,124.00804138183594,275.2232971191406,98.20999908447266,16.25484275817871,86.01434326171875,68.32591247558594,52.987579345703125,26.602149963378906,188.4050750732422,65.73480224609375,60.96855545043945,132.8973388671875,106.12999725341797,179.01246643066406,149.47225952148438,50.01862716674805,51.91881561279297,412.61529541015625,59.22138595581055,35.150413513183594,166.60934448242188,42.998416900634766,148.6363983154297,326.77337646484375,330.6106872558594,107.51112365722656,152.288818359375,209.40577697753906,32.27946853637695,59.9305419921875,66.01764678955078,104.02706909179688,196.04383850097656,418.8677673339844,481.09814453125,141.076904296875,658.635986328125,79.86808013916016,456.7132568359375,125.57450103759766,97.7571792602539,354.3736572265625,7046.72998046875,125.0113525390625,88.92266845703125,89.74455261230469,133.979736328125,136.2417449951172,20.75591278076172,68.43595123291016,154.78475952148438,525.5904541015625,32.22718811035156,92.49730682373047,139.69000244140625,126.28374481201172,568.8179931640625,190.47056579589844,223.49359130859375,227.75775146484375,114.89384460449219,31.98931121826172,380.8999938964844,410.4603576660156,61.57835388183594,73.85298919677734,67.73802947998047,25.101890563964844,121.68115997314453,33.17560958862305,117.31017303466797,241.2174530029297,313.2940368652344,204.0717315673828,87.96387481689453,35.002681732177734,309.358642578125,226.47117614746094,38.6031494140625,160.42678833007812,98.98843383789062,141.83688354492188,98.849609375,145.31248474121094
2025-04-08,98.29258728027344,272.98291015625,238.83999633789062,97.30316162109375,178.9856719970703,127.65788269042969,150.2036895751953,269.6983947753906,419.017578125,193.91390991210938,357.7768859863281,240.61978149414062,59.557891845703125,154.53135681152344,504.0299987792969,228.36460876464844,164.8845977783203,34.19076156616211,492.6400146484375,123.33708953857422,269.2089538574219,94.83000183105469,16.51207160949707,85.44534301757812,67.60355377197266,51.799468994140625,26.2093505859375,187.97991943359375,64.84701538085938,64.5779800415039,129.84397888183594,101.87999725341797,173.08567810058594,149.14662170410156,48.973854064941406,49.08509826660156,420.1822814941406,58.558319091796875,34.68278121948242,168.2684783935547,41.961238861083984,145.9871368408203,329.3013000488281,324.540771484375,107.7754135131836,149.30506896972656,211.7787322998047,32.250648498535156,59.42403030395508,66.06592559814453,100.02452850341797,196.57260131835938,406.54345703125,475.54913330078125,140.3842010498047,649.5421752929688,78.64820098876953,449.45257568359375,124.21665954589844,97.16629791259766,351.1058044433594,6700.0,122.39629364013672,87.68000030517578,88.69056701660156,130.6610107421875,133.4919891357422,20.031339645385742,66.439697265625,153.00729370117188,519.4906616210938,32.24641799926758,88.9349365234375,136.74000549316406,121.35778045654297,552.9584350585938,179.79190063476562,215.0004119873047,224.0789794921875,117.96890258789062,30.84063148498535,381.5899963378906,413.44775390625,61.453094482421875,72.91409301757812,65.64649963378906,24.690231323242188,120.51853942871094,32.96790313720703,118.19641876220703,240.85565185546875,312.3427429199219,202.41949462890625,84.61322021484375,34.62221908569336,305.34698486328125,224.44955444335938,38.231441497802734,159.2341766357422,98.73906707763672,136.08872985839844,96.76583862304688,140.74163818359375
2025-04-09,105.97463989257812,290.9786682128906,263.5299987792969,98.33113861083984,188.28273010253906,148.2181396484375,159.71725463867188,280.1202392578125,465.2254333496094,196.5858154296875,370.827392578125,261.51593017578125,65.61580657958984,183.3716583251953,559.8400268554688,258.9296569824219,182.78880310058594,37.85405731201172,521.4099731445312,128.71456909179688,295.81146240234375,95.54000091552734,19.40093994140625,87.01730346679688,68.50890350341797,56.610328674316406,28.14387321472168,201.7043914794922,71.11026763916016,67.01289367675781,138.4730682373047,116.05999755859375,190.18215942382812,163.6724853515625,52.294742584228516,55.06629943847656,424.8433532714844,63.3324089050293,37.24989318847656,186.05206298828125,45.181427001953125,160.40858459472656,335.5962829589844,344.04766845703125,113.91304016113281,154.41583251953125,228.83859252929688,33.32663345336914,69.7127914428711,67.54328155517578,105.56201934814453,209.8896026611328,438.6475830078125,511.5458068847656,147.76051330566406,668.3768310546875,81.91400146484375,478.3758544921875,135.1183319091797,108.19933319091797,386.68572998046875,7121.08984375,137.3296356201172,89.89666748046875,92.0086669921875,139.37745666503906,138.5252685546875,20.62750816345215,73.80384826660156,156.8037567138672,589.3057861328125,32.84251022338867,98.76020050048828,149.24000549316406,139.7863311767578,572.730712890625,205.4581298828125,238.0351104736328,235.97332763671875,125.77407836914062,34.7307014465332,428.70001220703125,443.8733215332031,65.57694244384766,79.67991638183594,73.29242706298828,24.765079498291016,131.88858032226562,35.86628723144531,124.12445831298828,249.2655029296875,339.6817626953125,217.25082397460938,91.73798370361328,37.38058090209961,329.2779235839844,237.3720703125,38.884193420410156,174.73818969726562,100.09140014648438,154.70179748535156,101.59596252441406,149.64944458007812
2025-04-10,98.9459457397461,278.070556640625,256.9200134277344,99.14776611328125,186.1267547607422,136.84417724609375,156.16578674316406,270.80499267578125,449.01629638671875,197.38172912597656,366.50701904296875,253.6181640625,63.58327102661133,170.64508056640625,551.25,243.6619415283203,177.97073364257812,35.8123779296875,515.8099975585938,127.16547393798828,284.1661071777344,95.16000366210938,17.412368774414062,88.53141784667969,68.9134292602539,55.1105842590332,27.319000244140625,200.45852661132812,67.80303192138672,65.85751342773438,127.99490356445312,109.62999725341797,179.1511993408203,157.45558166503906,51.6790771484375,52.262001037597656,425.51617431640625,60.879051208496094,36.91865158081055,180.3295440673828,43.19597625732422,154.74160766601562,332.0869445800781,342.33416748046875,112.36640167236328,152.82058715820312,221.77833557128906,33.384273529052734,65.09871673583984,68.3254165649414,101.51091003417969,209.06707763671875,424.7889099121094,495.5770568847656,144.9709930419922,675.90869140625,79.28215789794922,472.0588073730469,129.8921661376953,103.23979187011719,377.6347961425781,6998.830078125,131.5676727294922,91.55733489990234,92.0477066040039,137.7180938720703,137.14564514160156,19.80204200744629,68.73204040527344,158.00160217285156,553.7952270507812,32.88096237182617,92.88036346435547,143.75999450683594,130.8397674560547,542.6105346679688,191.9495849609375,225.987548828125,236.9300079345703,124.44220733642578,31.410146713256836,406.8900146484375,428.674560546875,64.45926666259766,76.46639251708984,68.80352783203125,24.95229148864746,125.47445678710938,33.64765548706055,125.52276611328125,250.4585723876953,335.25244140625,213.1591033935547,88.88438415527344,35.43070983886719,321.53204345703125,233.4576416015625,39.536376953125,167.63218688964844,101.1943588256836,144.57411193847656,95.9592056274414,143.26583862304688
2025-04-11,101.67822265625,277.21258544921875,258.45001220703125,100.5216064453125,187.84373474121094,143.47653198242188,157.68357849121094,275.20281982421875,461.0649719238281,203.68661499023438,373.7374267578125,260.3641662597656,64.84245300292969,180.19248962402344,567.97998046875,247.8464813232422,181.60923767089844,37.053016662597656,524.1099853515625,130.0170135498047,288.3820495605469,96.66999816894531,17.451942443847656,90.65306854248047,69.17347717285156,55.83124542236328,27.505582809448242,203.73143005371094,68.4566879272461,66.37313842773438,128.61126708984375,109.05000305175781,187.05027770996094,159.97193908691406,52.332054138183594,54.15441131591797,428.87066650390625,61.22953796386719,39.28116989135742,180.48851013183594,43.097198486328125,158.75527954101562,330.4809265136719,342.5664978027344,113.59980010986328,153.52960205078125,230.65493774414062,33.77816390991211,66.4328842163086,68.97236633300781,102.2395248413086,217.40977478027344,434.57550048828125,505.9085998535156,144.4374237060547,685.8881225585938,79.62794494628906,488.36785888671875,132.80322265625,104.73153686523438,384.6656494140625,7203.2998046875,130.5810546875,92.65266418457031,94.75096893310547,139.94964599609375,137.42156982421875,20.095542907714844,69.3528823852539,161.23776245117188,558.926025390625,33.400142669677734,93.25382995605469,145.32000732421875,135.561279296875,550.3466186523438,195.15415954589844,225.22171020507812,240.56930541992188,125.60759735107422,32.78084182739258,421.2099914550781,435.58563232421875,65.81782531738281,76.86323547363281,69.20802307128906,25.330501556396484,126.06561279296875,33.4116325378418,126.19236755371094,252.9522247314453,342.6644287109375,212.44956970214844,89.3630599975586,36.01091384887695,330.23870849609375,240.1171112060547,40.28252029418945,170.6932373046875,102.58504486083984,144.92604064941406,99.04166412353516,145.6438446044922
2025-04-14,104.1333236694336,282.5260314941406,260.7099914550781,102.39505767822266,190.7216339111328,143.07066345214844,160.07440185546875,282.8435974121094,466.6515808105469,208.05227661132812,381.7226867675781,263.8193664550781,64.90193176269531,176.64686584472656,574.8300170898438,252.04092407226562,180.4336395263672,36.935794830322266,529.52001953125,132.9869842529297,292.9713134765625,99.83999633789062,17.630022048950195,91.59817504882812,70.82046508789062,55.90914535522461,27.760896682739258,207.27130126953125,69.08104705810547,66.0771255493164,128.31732177734375,107.1500015258789,191.2525634765625,161.5015106201172,53.376834869384766,54.50740051269531,430.19683837890625,63.38924026489258,39.6026725769043,184.7903289794922,44.5887565612793,160.8169403076172,337.66815185546875,345.7998962402344,115.18560028076172,157.350341796875,229.2096710205078,34.30654525756836,66.4081039428711,69.95726776123047,103.04586791992188,218.05604553222656,438.7065734863281,508.59820556640625,148.30345153808594,690.4848022460938,80.89585876464844,499.53192138671875,132.86181640625,105.69050598144531,384.0318603515625,7240.97998046875,132.84043884277344,94.27999877929688,96.14652252197266,142.1621551513672,139.62899780273438,20.288150787353516,70.13609313964844,163.38230895996094,563.11767578125,34.082759857177734,93.6751937866211,146.5399932861328,135.50289916992188,567.10986328125,198.9306640625,229.18844604492188,242.186767578125,126.46942138671875,32.742225646972656,421.9800109863281,441.62579345703125,67.18603515625,78.31513977050781,71.69418334960938,25.718164443969727,128.03616333007812,34.157466888427734,128.60494995117188,256.8344421386719,344.3291015625,216.02621459960938,90.82666015625,36.33430480957031,332.0018310546875,241.28648376464844,40.80758285522461,172.21380615234375,104.04288482666016,142.0030517578125,99.2817153930664,146.99851989746094
2025-04-15,102.08411407470703,281.4243469238281,265.3399963378906,102.49112701416016,189.78509521484375,143.9813690185547,158.93356323242188,284.1716003417969,468.60888671875,208.26246643066406,376.5282897949219,256.77337646484375,65.19938659667969,177.23118591308594,578.4199829101562,254.48851013183594,182.63519287109375,37.27769470214844,528.1699829101562,132.46401977539062,288.3623352050781,100.51000213623047,17.80810546875,90.90382385253906,70.03069305419922,55.704647064208984,27.397560119628906,205.86721801757812,69.52006530761719,65.80975341796875,127.57767486572266,104.18000030517578,188.2296905517578,161.1265106201172,53.078330993652344,53.35038375854492,426.88134765625,63.483970642089844,39.773155212402344,184.46249389648438,43.99608612060547,158.03819274902344,332.6420593261719,342.80853271484375,114.68635559082031,157.50790405273438,227.65699768066406,33.99913024902344,67.02661895751953,69.3875732421875,102.0840835571289,216.3522491455078,443.5654602050781,513.4811401367188,146.3895721435547,689.3704223632812,79.1188735961914,495.67816162109375,132.12916564941406,106.97882843017578,381.97210693359375,7205.169921875,132.14979553222656,93.1953353881836,96.41001892089844,140.77932739257812,135.90872192382812,20.58165168762207,69.81134796142578,162.7447509765625,561.7733154296875,34.005836486816406,92.13341522216797,147.05999755859375,134.92849731445312,554.0509033203125,200.41954040527344,228.8251495361328,241.63446044921875,125.97975158691406,32.58778381347656,425.6499938964844,440.8017272949219,67.65814971923828,78.78942108154297,71.0331802368164,26.001819610595703,127.63219451904297,34.450138092041016,126.53704071044922,260.8144836425781,340.8312072753906,213.89773559570312,88.82916259765625,36.743309020996094,332.6258544921875,242.3270263671875,40.97339630126953,171.52806091308594,103.83187866210938,139.69598388671875,99.00325012207031,145.42941284179688
2025-04-16,101.66832733154297,278.09002685546875,260.1600036621094,101.7609634399414,189.492431640625,136.794677734375,157.25701904296875,271.98870849609375,455.60614013671875,208.25289916992188,370.2811584472656,252.9213104248047,64.21781921386719,172.93289184570312,571.8499755859375,249.61309814453125,179.80010986328125,37.24838638305664,516.4500122070312,132.5725555419922,285.1291809082031,101.25,17.67949104309082,90.16122436523438,69.51058959960938,54.30228042602539,26.857463836669922,202.4262237548828,68.30058288574219,65.45646667480469,128.355224609375,103.0199966430664,188.96310424804688,159.82391357421875,52.54661178588867,51.63446044921875,424.2193298339844,63.51238250732422,39.18861770629883,181.263427734375,43.67999267578125,154.87107849121094,328.13153076171875,334.9476623535156,114.67656707763672,156.0209503173828,224.2196502685547,33.73012924194336,63.65452194213867,69.21376037597656,99.83024597167969,214.32534790039062,440.6344299316406,509.56085205078125,145.37831115722656,691.201171875,79.43582916259766,487.7520446777344,127.44027709960938,104.47968292236328,367.9896545410156,7045.009765625,128.02566528320312,90.95733642578125,94.44844055175781,138.82435607910156,133.2921600341797,20.214778900146484,68.4263916015625,160.7354278564453,553.0736083984375,33.919307708740234,92.47815704345703,143.97999572753906,132.14427185058594,545.4805908203125,199.22645568847656,223.97471618652344,240.26356506347656,126.57713317871094,32.9642448425293,415.6499938964844,434.4993591308594,67.82193756103516,77.07617950439453,71.8421630859375,25.547971725463867,125.03108215332031,33.98753356933594,124.38048553466797,253.90077209472656,327.6324462890625,210.51548767089844,86.71199035644531,35.972862243652344,328.1883239746094,238.38290405273438,40.17198181152344,168.66578674316406,102.96868133544922,134.53436279296875,100.04993438720703,143.03192138671875
2025-04-17,101.45054626464844,275.2724914550781,259.4700012207031,103.48067474365234,189.90216064453125,136.07205200195312,156.55267333984375,266.8403015136719,456.9241638183594,212.70455932617188,364.907958984375,254.45050048828125,64.50535583496094,169.34767150878906,559.530029296875,248.02413940429688,181.08580017089844,38.01035690307617,518.2100219726562,132.9179229736328,289.168212890625,103.58999633789062,17.7982120513916,92.61478424072266,70.22332763671875,54.30228042602539,27.1815242767334,203.45457458496094,67.74451446533203,64.25331115722656,130.7353515625,105.66999816894531,185.1671905517578,158.9555206298828,53.53541946411133,53.40921401977539,413.970703125,64.63958740234375,39.73906326293945,180.60772705078125,44.02571487426758,152.73973083496094,332.1067810058594,343.72821044921875,115.3128433227539,156.21791076660156,226.5144805908203,34.008731842041016,62.885337829589844,70.48834991455078,101.74407196044922,213.67906188964844,444.6965637207031,513.4314575195312,148.4593963623047,693.5692749023438,79.33978271484375,490.900634765625,127.19606018066406,105.75831604003906,364.197021484375,7190.06982421875,126.90090942382812,92.72666931152344,96.14652252197266,138.1853790283203,135.90872192382812,20.306493759155273,68.90396118164062,164.8313446044922,554.6058959960938,34.342342376708984,94.90095520019531,143.55999755859375,133.03990173339844,559.2644653320312,203.61427307128906,228.07894897460938,239.93809509277344,126.22457885742188,33.89091110229492,413.32000732421875,433.46923828125,68.52531433105469,78.65391540527344,74.76242065429688,25.67088508605957,127.33663940429688,33.893123626708984,125.67047882080078,256.24774169921875,330.1294860839844,214.0726776123047,88.76472473144531,36.33430480957031,326.4846496582031,239.7504425048828,40.56808090209961,169.87828063964844,103.95655822753906,136.74453735351562,102.67145538330078,144.8933868408203
2025-04-21,99.25284576416016,272.230712890625,254.27000427246094,101.38628387451172,182.38059997558594,134.19122314453125,154.01307678222656,263.3663024902344,443.7345886230469,208.24334716796875,353.5260314941406,249.3014678955078,63.047882080078125,164.61358642578125,541.9299926757812,239.33920288085938,175.71337890625,36.92601776123047,506.9200134277344,129.42501831054688,281.16973876953125,102.12999725341797,17.05620574951172,91.83895111083984,69.44316864013672,52.94862365722656,26.96548080444336,198.1645050048828,66.39818572998047,62.22898864746094,126.80957794189453,103.55000305175781,183.3138427734375,155.9358673095703,52.0615348815918,53.330772399902344,396.5744323730469,63.938636779785156,39.11067581176758,177.19009399414062,43.84791564941406,149.2538604736328,314.8575744628906,335.82861328125,111.80844116210938,152.66302490234375,223.61419677734375,33.92226791381836,61.5343132019043,70.2662582397461,100.75315856933594,209.6643829345703,436.5623474121094,505.48187255859375,146.32342529296875,679.052734375,78.57137298583984,481.7926330566406,123.17142486572266,102.96857452392578,355.6213684082031,7133.83984375,121.17842102050781,91.23332977294922,94.71192932128906,133.88436889648438,134.8525848388672,20.214778900146484,67.10830688476562,161.11524963378906,541.0521240234375,33.948158264160156,92.8995132446289,139.6199951171875,132.53367614746094,557.6060180664062,201.1886444091797,222.8160858154297,235.09555053710938,123.5118637084961,33.41792678833008,402.3599853515625,420.4618225097656,67.88937377929688,78.04411315917969,72.9372787475586,24.89556121826172,126.85383605957031,33.33610153198242,122.0860824584961,247.87692260742188,319.4376525878906,209.98094177246094,88.59902954101562,35.96335983276367,317.0648498535156,232.06036376953125,39.545589447021484,166.03207397460938,102.58504486083984,135.42823791503906,101.1638412475586,143.60260009765625
2025-04-22,101.77722930908203,276.84210205078125,261.1400146484375,103.90341186523438,189.1607208251953,136.903564453125,158.3780059814453,267.908447265625,459.9633483886719,211.09011840820312,366.0104064941406,256.8314208984375,65.1894760131836,167.95120239257812,555.52001953125,249.11962890625,182.0665740966797,37.47307586669922,520.7899780273438,131.9114990234375,287.5191345214844,104.37000274658203,17.78831672668457,92.9154281616211,70.98419952392578,53.601104736328125,27.27972412109375,203.5336456298828,68.02742767333984,63.14064407348633,130.19482421875,106.41999816894531,190.36056518554688,161.40280151367188,53.93653869628906,54.850582122802734,405.55535888671875,65.29318237304688,39.670867919921875,187.9496307373047,44.60851287841797,153.2775115966797,321.8067932128906,343.1183166503906,116.23299407958984,158.22674560546875,230.0592498779297,34.08558654785156,63.07664108276367,71.35738372802734,104.8431167602539,210.60440063476562,447.14569091796875,523.356201171875,149.63133239746094,691.6687622070312,80.07939147949219,487.6825256347656,133.1743927001953,106.92070770263672,363.2463684082031,7166.919921875,125.53934478759766,92.90266418457031,96.56615447998047,136.6499786376953,136.4986572265625,20.664199829101562,69.58212280273438,163.18568420410156,560.1915893554688,34.81344223022461,96.62469482421875,143.80999755859375,135.06480407714844,581.4401245117188,206.66110229492188,230.17031860351562,239.2378692626953,111.3976821899414,33.40827560424805,413.3999938964844,436.7843017578125,69.6718978881836,81.15116119384766,74.34806060791016,25.49123764038086,131.48460388183594,34.30852127075195,123.78965759277344,252.59036254882812,329.5943908691406,210.8070526123047,89.14212036132812,37.09523391723633,328.2576599121094,238.4027099609375,39.78509521484375,170.70318603515625,104.66629028320312,139.41632080078125,103.99662780761719,146.6731719970703
2025-04-23,103.94522094726562,280.9368591308594,264.44000244140625,102.81777954101562,189.97044372558594,142.1302490234375,160.8977508544922,267.42730712890625,464.09429931640625,203.0943603515625,366.31829833984375,256.23138427734375,70.54344177246094,175.21080017089844,576.9000244140625,256.73870849609375,187.3308868408203,35.0601806640625,526.8099975585938,132.64161682128906,292.0614318847656,102.27999877929688,18.282987594604492,91.05342864990234,70.79158020019531,54.17568588256836,27.093143463134766,205.3629608154297,69.29568481445312,63.256404876708984,129.60691833496094,106.66000366210938,194.56283569335938,164.15603637695312,54.25369644165039,56.144874572753906,416.25250244140625,65.71944427490234,39.06196975708008,192.42037963867188,45.28021240234375,157.08209228515625,333.068359375,345.0448303222656,116.53646087646484,158.5320281982422,235.22506713867188,33.80698013305664,65.13340759277344,70.77803039550781,104.98951721191406,211.80880737304688,440.8507995605469,526.0159912109375,150.76548767089844,688.783447265625,80.44439697265625,494.97296142578125,132.91065979003906,108.79022216796875,370.7426452636719,7083.08984375,129.64373779296875,92.03333282470703,90.07637023925781,136.58323669433594,135.3568572998047,20.535791397094727,70.71873474121094,161.09579467773438,574.1901245117188,34.842288970947266,98.42503356933594,147.6999969482422,136.73924255371094,583.78369140625,209.56002807617188,235.4822540283203,238.05433654785156,117.79263305664062,32.84840393066406,422.2300109863281,440.3522033691406,70.63540649414062,82.77728271484375,77.04139709472656,25.708709716796875,134.05616760253906,35.06380081176758,123.5828628540039,253.61720275878906,332.8148193359375,213.6061553955078,89.48271179199219,37.580322265625,331.1995544433594,242.33692932128906,39.33372116088867,180.85035705566406,104.31143188476562,143.29638671875,103.10358428955078,147.57281494140625
2025-04-24,105.94493865966797,284.10540771484375,271.7099914550781,102.51033782958984,190.0972900390625,148.65371704101562,165.90753173828125,269.294189453125,466.28765869140625,201.47991943359375,362.56402587890625,260.2092590332031,75.38182067871094,186.3428192138672,590.6699829101562,263.8247985839844,191.16937255859375,35.538856506347656,531.6400146484375,134.03286743164062,303.01239013671875,100.75,18.500640869140625,89.89937591552734,71.40799713134766,54.81843185424805,27.633237838745117,207.39987182617188,70.35907745361328,63.594058990478516,131.8732452392578,110.6500015258789,194.75112915039062,167.4815673828125,54.291011810302734,57.5078125,418.1247863769531,65.65313720703125,39.99236297607422,196.1261444091797,46.30751419067383,160.8169403076172,338.4513244628906,348.1620788574219,116.72244262695312,160.49166870117188,238.89678955078125,33.105674743652344,68.33600616455078,70.02486419677734,106.59994506835938,211.76962280273438,442.14910888671875,531.4248657226562,150.70877075195312,684.9627685546875,80.97269439697266,505.8092346191406,135.66537475585938,111.97711181640625,383.5268249511719,7146.8798828125,135.6720733642578,90.14466857910156,90.5057601928711,137.52737426757812,128.74412536621094,20.893495559692383,71.63567352294922,155.06918334960938,590.0076904296875,34.85190200805664,100.25409698486328,151.63999938964844,143.3104248046875,595.611328125,217.07351684570312,244.03433227539062,237.4527130126953,119.44768524169922,33.717159271240234,438.8999938964844,450.6813659667969,71.80126953125,84.76153564453125,81.92494201660156,26.03018569946289,141.4063262939453,35.78131866455078,124.56758880615234,256.3846435546875,339.91961669921875,209.39779663085938,91.0567855834961,38.093955993652344,332.52679443359375,247.26214599609375,39.435054779052734,184.23936462402344,104.4552993774414,148.71861267089844,104.31350708007812,148.93206787109375
2025-04-25,105.21236419677734,286.0357666015625,269.92999267578125,102.54877471923828,188.19493103027344,150.019775390625,165.3619384765625,270.2565002441406,458.2814636230469,201.39395141601562,333.5628967285156,258.52520751953125,75.20336151123047,190.46287536621094,603.780029296875,261.3476257324219,191.58392333984375,35.607234954833984,530.9600219726562,135.72999572753906,302.6075439453125,100.19000244140625,18.401708602905273,91.07282257080078,69.52021026611328,55.227447509765625,27.338640213012695,206.06497192382812,70.40784454345703,63.015235900878906,131.5508270263672,109.19000244140625,195.3854522705078,166.7809295654297,54.06713104248047,58.233394622802734,411.19158935546875,64.91429901123047,39.53690719604492,197.13949584960938,46.53470230102539,163.18728637695312,325.0782470703125,346.16778564453125,116.25257873535156,160.73780822753906,237.83238220214844,33.048038482666016,68.85043334960938,69.43586730957031,105.04808044433594,211.58358764648438,441.0376281738281,529.4598388671875,150.63316345214844,691.4996337890625,80.83821868896484,501.03173828125,134.14149475097656,112.37425994873047,388.03253173828125,7071.419921875,136.6389923095703,89.80000305175781,90.69120025634766,136.5736846923828,126.90776824951172,21.02189826965332,70.16475677490234,156.5175018310547,591.2039794921875,34.54424285888672,99.56460571289062,154.02999877929688,144.62466430664062,598.471435546875,216.88619995117188,243.8772430419922,240.21426391601562,122.63048553466797,33.32139587402344,446.6199951171875,449.5014343261719,71.95543670654297,84.57762908935547,81.5895004272461,25.349409103393555,142.24378967285156,35.564170837402344,124.62667083740234,227.6247100830078,344.8047790527344,207.29844665527344,90.1270751953125,37.970298767089844,331.9919738769531,244.8144073486328,38.60599899291992,182.89767456054688,103.32355499267578,148.51235961914062,104.25589752197266,150.07620239257812
2025-04-28,105.79644012451172,285.8992614746094,271.4700012207031,102.85620880126953,190.63381958007812,149.2674560546875,164.965087890625,272.42169189453125,460.6813659667969,201.85247802734375,341.1310119628906,260.78997802734375,75.23310852050781,190.62135314941406,602.4600219726562,261.4858093261719,193.62353515625,35.372779846191406,530.9400024414062,136.40097045898438,303.20989990234375,100.91999816894531,18.658937454223633,88.21195983886719,69.83805847167969,55.35404968261719,27.368101119995117,205.94631958007812,70.80783081054688,62.63899612426758,132.84996032714844,109.1500015258789,194.16636657714844,168.08352661132812,54.43093490600586,57.98826599121094,403.5271301269531,65.65313720703125,39.23326110839844,199.55369567871094,46.66311264038086,161.76307678222656,329.14263916015625,345.52886962890625,117.86774444580078,160.9840087890625,237.51011657714844,32.70218276977539,68.76221466064453,69.31999206542969,105.55561065673828,214.2078094482422,440.644287109375,530.4620971679688,151.63497924804688,696.2058715820312,80.72294616699219,499.5021667480469,134.73736572265625,112.19989776611328,387.3492126464844,7040.35009765625,138.2669219970703,91.34400177001953,91.39385223388672,137.47967529296875,127.26932525634766,21.141132354736328,70.55636596679688,157.3242950439453,590.2845458984375,35.053802490234375,101.29791259765625,151.8300018310547,143.70956420898438,606.634521484375,218.84835815429688,242.0706024169922,242.72921752929688,122.21916198730469,32.91598129272461,443.9700012207031,448.9114685058594,72.84186553955078,84.76153564453125,81.05674743652344,25.7748966217041,142.76597595214844,36.196720123291016,125.18795776367188,231.5363006591797,348.1242980957031,206.63755798339844,89.37226104736328,38.21760559082031,334.30975341796875,243.17929077148438,39.04816436767578,182.10260009765625,104.10042572021484,149.83843994140625,104.31350708007812,150.17401123046875
2025-04-29,106.3805160522461,290.9884033203125,272.8900146484375,104.23966217041016,193.9311981201172,148.0399627685547,166.46307373046875,277.6855773925781,463.8975830078125,211.4340057373047,347.5172119140625,262.2224426269531,76.02629852294922,189.33383178710938,611.1300048828125,263.5287170410156,194.386962890625,35.08948516845703,534.5700073242188,137.9796600341797,303.5456237792969,103.69999694824219,18.510534286499023,89.54057312011719,70.91678619384766,55.840980529785156,27.544858932495117,206.9153289794922,71.50050354003906,62.73546600341797,132.09136962890625,111.69000244140625,197.15948486328125,167.9749755859375,54.78541946411133,58.42950439453125,403.361328125,65.86153411865234,39.3165168762207,199.19602966308594,46.36677169799805,161.40452575683594,337.62847900390625,347.5424499511719,119.6395263671875,163.79049682617188,238.87725830078125,32.88471603393555,68.19029235839844,69.86071014404297,104.99928283691406,216.62643432617188,443.18182373046875,535.613037109375,148.84690856933594,703.7178344726562,81.26084899902344,501.4488830566406,135.1769561767578,112.5679931640625,390.201171875,7113.93994140625,138.90823364257812,93.28199768066406,92.61372375488281,139.62542724609375,127.79263305664062,21.819852828979492,71.24406433105469,157.7228240966797,595.8701171875,34.98650360107422,101.50859832763672,153.64999389648438,142.9891815185547,564.9747314453125,220.8204345703125,243.1604766845703,244.29737854003906,123.12993621826172,32.92563247680664,460.7699890136719,460.51422119140625,72.60099029541016,85.69075775146484,80.50426483154297,25.812713623046875,143.11085510253906,36.59324264526367,126.07420349121094,236.249755859375,350.2249755859375,208.5133514404297,89.04087829589844,38.521976470947266,338.2817077636719,243.13963317871094,39.56401824951172,183.2256622314453,104.68547821044922,150.68319702148438,104.05424499511719,151.99285888671875
2025-04-30,106.51909637451172,291.6513671875,274.25,104.0859375,193.54098510742188,149.18824768066406,168.22889709472656,279.9566650390625,463.2779235839844,215.33160400390625,352.3739013671875,262.3772888183594,76.29397583007812,190.62135314941406,613.2999877929688,262.92669677734375,201.91220092773438,34.581512451171875,533.25,139.41036987304688,305.39215087890625,105.76000213623047,18.14447784423828,89.40479278564453,70.9360580444336,56.22078323364258,27.564498901367188,209.30824279785156,71.7736587524414,64.35619354248047,129.0189971923828,110.83000183105469,197.55593872070312,168.39930725097656,49.916015625,58.792293548583984,410.1189270019531,66.55301666259766,39.65443801879883,200.229248046875,44.68753433227539,160.2392578125,342.0894775390625,348.9848937988281,120.08002471923828,165.40545654296875,238.87725830078125,33.23056411743164,69.65133666992188,70.0538330078125,106.00457000732422,215.44161987304688,445.78839111328125,543.929931640625,150.88833618164062,709.2001342773438,81.41454315185547,520.439697265625,135.69468688964844,112.69981384277344,391.4092712402344,7125.75,138.83917236328125,94.34666442871094,93.95071411132812,140.302490234375,129.0010223388672,22.388507843017578,70.82379913330078,158.02418518066406,598.1636962890625,35.092262268066406,99.65079498291016,154.97000122070312,144.52734375,594.6182250976562,221.80645751953125,243.18992614746094,247.30548095703125,123.52165222167969,32.09549331665039,459.010009765625,468.2774963378906,71.56038665771484,85.27454376220703,89.80764770507812,26.19092559814453,144.22418212890625,36.196720123291016,126.71428680419922,241.49127197265625,379.8232727050781,209.60191345214844,87.72454833984375,38.369789123535156,342.2239990234375,259.9666748046875,40.58650588989258,183.60333251953125,105.04033660888672,151.7342529296875,101.4327163696289,152.94140625
2025-05-01,105.39055633544922,292.99676513671875,273.489990234375,103.3173599243164,192.41909790039062,147.45594787597656,165.92738342285156,273.0857238769531,462.7960205078125,214.01329040527344,349.8807373046875,263.41290283203125,77.95966339111328,195.43466186523438,621.0999755859375,265.02886962890625,201.99734497070312,35.35324478149414,530.22998046875,143.59397888183594,310.02337646484375,106.30000305175781,18.431386947631836,87.95011138916016,70.2811050415039,56.600582122802734,27.603778839111328,207.2021026611328,73.39312744140625,66.99949645996094,129.2086639404297,111.12999725341797,194.9592742919922,167.57037353515625,50.89548873901367,57.743141174316406,398.1541442871094,66.89402770996094,39.5271110534668,202.28579711914062,44.49985885620117,162.13156127929688,340.0671691894531,346.8647766113281,119.26753997802734,168.23162841796875,241.09397888183594,32.70218276977539,67.0365219116211,68.8371810913086,105.59465026855469,215.33389282226562,440.6933898925781,542.5106811523438,153.17555236816406,703.2103271484375,80.26189422607422,519.34716796875,134.7080535888672,114.00823211669922,421.2556457519531,7034.89013671875,143.54544067382812,93.84532928466797,94.06783294677734,139.81613159179688,127.06951141357422,21.948259353637695,70.74739074707031,155.50657653808594,603.166015625,34.6884651184082,99.07621002197266,156.33999633789062,131.62831115722656,585.9188842773438,221.37258911132812,244.6627197265625,245.98388671875,124.77518463134766,32.568485260009766,459.3599853515625,467.2286682128906,71.97470092773438,85.88433837890625,88.80134582519531,26.134191513061523,144.20448303222656,36.432743072509766,125.6803207397461,241.5401611328125,389.048583984375,208.06626892089844,87.08019256591797,38.521976470947266,339.2029113769531,261.2549743652344,39.88642120361328,185.7698974609375,104.34019470214844,153.06036376953125,101.5767593383789,152.20797729492188
2025-05-02,107.53875732421875,297.67645263671875,279.989990234375,103.46147918701172,194.4287567138672,153.53395080566406,168.71499633789062,270.6221923828125,476.5167236328125,213.60252380371094,354.5685119628906,268.69744873046875,79.97235870361328,201.68405151367188,628.1599731445312,273.230224609375,206.01119995117188,36.242210388183594,539.7999877929688,147.54075622558594,319.6214904785156,106.87000274658203,19.361366271972656,87.7464599609375,70.22332763671875,57.77895736694336,28.183156967163086,209.17970275878906,75.80281066894531,65.07971954345703,131.33273315429688,116.94000244140625,197.2784423828125,171.57684326171875,51.194000244140625,58.233394622802734,399.7826232910156,67.93598937988281,40.21764373779297,206.34921264648438,44.746803283691406,165.13937377929688,344.9544372558594,352.88629150390625,123.00689697265625,170.8018035888672,246.58203125,33.057640075683594,69.20232391357422,69.18479919433594,107.55642700195312,215.17723083496094,447.4801330566406,555.174560546875,158.56272888183594,704.8421020507812,81.5009765625,532.1798706054688,138.79132080078125,117.3866958618164,431.0393981933594,7124.0,148.7153778076172,93.75733184814453,94.97543334960938,142.8678436279297,127.25980377197266,22.195899963378906,73.38358306884766,156.03147888183594,611.964599609375,34.77498245239258,102.60987091064453,160.08999633789062,136.10646057128906,601.4208984375,229.37911987304688,249.0517120361328,247.0786590576172,127.51728057861328,33.524105072021484,472.2799987792969,474.4300537109375,72.71660614013672,87.6266098022461,91.82024383544922,26.1058292388916,147.721923828125,37.263553619384766,127.23619079589844,243.3785858154297,395.9552001953125,212.15802001953125,88.73711395263672,39.444602966308594,344.3041076660156,264.64410400390625,40.29173278808594,190.21238708496094,104.1771469116211,157.7163848876953,101.98966979980469,153.95840454101562
2025-05-05,107.2813720703125,299.9967956542969,280.07000732421875,103.2212905883789,195.3555145263672,153.04888916015625,168.91339111328125,269.5058898925781,474.4739685058594,213.86044311523438,353.81207275390625,263.46124267578125,79.48654174804688,198.79209899902344,621.4000244140625,274.394775390625,205.54873657226562,35.90029525756836,512.1500244140625,149.96803283691406,319.05865478515625,106.9800033569336,19.351472854614258,87.99859619140625,70.3485336303711,57.76921081542969,27.95729637145996,209.44667053222656,76.00770568847656,64.73242950439453,128.48800659179688,118.33000183105469,195.6431121826172,170.73806762695312,51.240638732910156,56.57630920410156,405.94537353515625,67.09294891357422,40.36456298828125,207.58114624023438,44.82583236694336,165.37838745117188,346.3522033691406,350.1853332519531,123.05583190917969,171.32371520996094,246.63084411621094,33.096065521240234,68.71961212158203,69.23307800292969,106.59017944335938,214.07073974609375,445.0605163574219,556.8914794921875,156.2660675048828,703.4392700195312,80.15623474121094,538.5266723632812,137.5409393310547,116.78128814697266,431.92071533203125,7076.41015625,147.29461669921875,92.47599792480469,95.06326293945312,142.5245361328125,125.5852279663086,21.89322853088379,73.12568664550781,154.38876342773438,609.5425415039062,34.880741119384766,102.37046813964844,161.3300018310547,135.7462615966797,599.4049072265625,234.4867401123047,249.23828125,247.2857666015625,125.93077850341797,32.58778381347656,477.4100036621094,473.75579833984375,72.61063385009766,87.66532135009766,92.32340240478516,26.011274337768555,147.64309692382812,37.1502571105957,126.97032165527344,242.81143188476562,399.2350769042969,210.4474639892578,87.96387481689453,39.435089111328125,345.3342590332031,267.6072082519531,40.10749816894531,189.61607360839844,104.25387573242188,155.58482360839844,99.16648864746094,154.564697265625
2025-05-06,104.18281555175781,296.1847839355469,278.6400146484375,103.2212905883789,197.1212921142578,151.4848175048828,166.51268005371094,260.2484130859375,469.3918762207031,213.80313110351562,356.2405700683594,259.0188293457031,79.03045654296875,198.16815185546875,601.6699829101562,271.7695617675781,204.41033935546875,35.78233337402344,512.3300170898438,149.67202758789062,316.86651611328125,106.41999816894531,19.321792602539062,88.25074768066406,70.66637420654297,57.67182922363281,27.584138870239258,210.91995239257812,75.74429321289062,63.89312744140625,128.58282470703125,117.06999969482422,188.35855102539062,168.45851135253906,51.14735794067383,57.3901481628418,403.68310546875,66.81824493408203,38.44477844238281,207.2433624267578,44.904850006103516,164.53184509277344,353.6087951660156,347.9103088378906,123.907470703125,172.51522827148438,243.3985595703125,32.7790412902832,67.34478759765625,69.25238800048828,103.65238189697266,211.69131469726562,439.7098083496094,554.7775268554688,155.6139373779297,707.48876953125,79.07083892822266,531.3853759765625,134.82528686523438,115.54122924804688,429.088623046875,6961.08984375,145.7259063720703,92.44266510009766,93.87266540527344,142.11448669433594,124.39588165283203,20.985212326049805,72.91556549072266,154.7969970703125,606.9227294921875,34.72691345214844,100.92444610595703,158.72000122070312,136.19407653808594,554.6566772460938,233.87539672851562,248.46258544921875,247.40411376953125,125.50967407226562,32.414039611816406,473.54998779296875,469.9256896972656,72.3311996459961,87.83956146240234,92.63912200927734,26.625864028930664,146.342529296875,36.79150390625,126.49765014648438,248.18984985351562,402.9806823730469,207.2109832763672,86.35298919677734,38.97853088378906,344.40313720703125,264.8324279785156,40.669410705566406,188.02593994140625,105.27052307128906,151.67532348632812,100.54926300048828,146.55581665039062
2025-05-07,106.43990325927734,298.41741943359375,283.3599853515625,103.25971984863281,199.08216857910156,154.2367706298828,168.35787963867188,265.44488525390625,474.464111328125,209.67630004882812,358.0221252441406,256.10552978515625,80.15081787109375,202.8428192138672,601.8200073242188,272.628173828125,205.75144958496094,35.69385528564453,518.219970703125,151.43820190429688,316.2740173339844,104.75,19.480087280273438,88.1343765258789,71.22499084472656,58.01268005371094,27.859098434448242,212.6997833251953,76.02720642089844,64.4237060546875,128.76296997070312,120.86000061035156,191.37147521972656,169.19862365722656,52.00556945800781,58.105926513671875,407.0472717285156,66.83719635009766,38.44477844238281,208.5547637939453,44.91472625732422,152.18199157714844,357.8517150878906,351.1727600097656,125.08213806152344,173.83477783203125,243.5352783203125,32.70218276977539,68.82466888427734,69.90899658203125,105.2237548828125,213.46363830566406,442.2769775390625,562.062255859375,155.7746124267578,718.7318115234375,79.877685546875,530.848876953125,135.43093872070312,116.29307556152344,429.1282043457031,7095.64013671875,147.37356567382812,91.87266540527344,94.97543334960938,143.35421752929688,125.51861572265625,20.902666091918945,74.07129669189453,154.83587646484375,615.9190063476562,34.92881774902344,101.07766723632812,161.0500030517578,140.47752380371094,557.0499877929688,237.01095581054688,278.0365905761719,248.35092163085938,124.86332702636719,32.33681106567383,480.5400085449219,473.5778503417969,73.09237670898438,88.56550598144531,94.16829681396484,26.56913185119629,147.4854278564453,36.5460319519043,126.68473052978516,245.7059783935547,403.5356140136719,207.84274291992188,86.49107360839844,39.282901763916016,346.53277587890625,263.4450378417969,40.429908752441406,188.5327911376953,105.13624572753906,154.8480987548828,100.45323944091797,152.54046630859375
2025-05-08,107.6080551147461,301.1374816894531,289.6199951171875,101.05963897705078,197.66761779785156,154.42483520507812,170.2030487060547,261.7977294921875,482.5560302734375,208.13827514648438,355.4244384765625,260.9739074707031,79.8930435180664,205.77439880371094,686.8300170898438,279.9512023925781,204.52516174316406,35.6348762512207,513.25,145.31080627441406,320.1843566894531,103.27999877929688,20.034116744995117,88.08588409423828,69.92472839355469,58.14901351928711,28.4384708404541,212.55149841308594,77.27594757080078,65.45596313476562,129.9482879638672,125.62000274658203,193.08609008789062,172.3761444091797,52.360042572021484,60.0473747253418,402.1228942871094,66.00361633300781,38.8316764831543,213.09507751464844,46.77177047729492,155.12005615234375,350.8528747558594,353.21539306640625,125.50305938720703,173.7756805419922,247.51950073242188,32.79825210571289,69.71478271484375,68.72130584716797,106.9415512084961,213.8455352783203,445.78839111328125,562.84619140625,152.7880401611328,686.7736206054688,80.31953430175781,537.9009399414062,137.85354614257812,119.00756072998047,433.9012451171875,7227.75,148.2911376953125,90.67666625976562,94.97543334960938,144.31739807128906,125.05237579345703,21.067758560180664,75.30341339111328,154.21377563476562,634.1884155273438,34.24620056152344,104.56343078613281,164.74000549316406,141.25633239746094,543.8816528320312,247.9558563232422,285.96026611328125,245.90499877929688,126.00912475585938,33.12834167480469,484.5,475.3571472167969,73.00566101074219,91.04338836669922,95.00688171386719,25.973453521728516,149.87966918945312,37.3485221862793,126.13329315185547,242.0193328857422,401.9600830078125,210.74871826171875,89.2433853149414,40.081878662109375,347.93927001953125,266.0018005371094,40.17198181152344,190.57017517089844,103.54415130615234,158.04055786132812,101.85523223876953,158.11441040039062
2025-05-09,105.85584259033203,300.1820373535156,287.4800109863281,101.46674346923828,197.6870880126953,154.03878784179688,170.38160705566406,255.84100341796875,485.6941223144531,210.13482666015625,352.6476135253906,262.416015625,80.19047546386719,206.20025634765625,684.5900268554688,280.7900695800781,200.85340881347656,35.87080764770508,513.739990234375,146.24818420410156,321.53717041015625,105.0,19.97475814819336,87.09668731689453,70.14114379882812,58.207454681396484,28.22243309020996,212.33396911621094,77.23693084716797,64.60700988769531,131.32327270507812,121.06999969482422,188.0413818359375,173.83663940429688,52.416015625,59.80223846435547,394.51690673828125,66.2499008178711,38.493751525878906,213.56198120117188,46.91993713378906,153.75559997558594,350.63482666015625,351.134033203125,124.8276138305664,175.60728454589844,247.13865661621094,32.221832275390625,69.50364685058594,68.09367370605469,106.03385925292969,214.82472229003906,445.2276916503906,564.3547973632812,154.07342529296875,689.9674072265625,80.18505859375,538.1890258789062,139.2992706298828,118.83180236816406,434.4557800292969,7150.18994140625,148.33059692382812,90.62266540527344,94.66313934326172,144.62257385253906,124.11043548583984,20.824743270874023,75.36073303222656,153.25146484375,642.0104370117188,34.140438079833984,106.2201156616211,163.02000427246094,141.33421325683594,524.1292724609375,245.2639923095703,289.4556884765625,245.16529846191406,126.00912475585938,33.3503532409668,482.8999938964844,475.469482421875,72.66842651367188,90.8014144897461,94.42481231689453,26.32329750061035,150.62847900390625,37.31981658935547,126.14315795898438,238.42066955566406,401.0484313964844,210.24334716796875,88.26764678955078,39.96773910522461,349.197265625,267.200927734375,40.17198181152344,191.434814453125,103.21805572509766,157.4708251953125,103.04595947265625,155.7479248046875
2025-05-12,114.38925170898438,314.0163269042969,293.20001220703125,97.89000701904297,197.54078674316406,166.2937774658203,177.95082092285156,264.4056396484375,508.9239807128906,198.6235809326172,351.9011535644531,267.33270263671875,83.73995971679688,219.45176696777344,693.0999755859375,295.01165771484375,205.70196533203125,36.981632232666016,514.2999877929688,146.64285278320312,338.2548828125,100.4800033569336,21.894073486328125,86.44694519042969,68.0062484741211,60.057777404785156,29.76416015625,214.55874633789062,79.81246185302734,62.523231506347656,134.29127502441406,126.08000183105469,199.04258728027344,181.16864013671875,52.76116180419922,64.0871353149414,406.32568359375,67.15925598144531,39.25284957885742,217.5260467529297,49.004173278808594,158.93455505371094,360.1317443847656,364.5710754394531,125.9239730834961,170.79196166992188,253.94500732421875,32.19300842285156,75.37854766845703,67.13774108886719,109.85005950927734,214.40367126464844,446.9588623046875,573.9122314453125,154.64993286132812,684.0574340820312,82.42308807373047,549.3233032226562,146.85035705566406,124.06547546386719,444.88323974609375,7382.3701171875,155.11863708496094,89.30733489990234,95.63905334472656,145.69834899902344,125.29026794433594,21.58183479309082,78.03512573242188,156.40086364746094,662.9979858398438,33.236698150634766,113.65132141113281,170.50999450683594,148.0903778076172,571.6482543945312,260.8136291503906,294.3454284667969,238.14309692382812,127.86004638671875,34.605220794677734,505.5899963378906,485.4241027832031,72.9093017578125,92.92118835449219,100.58101654052734,25.538516998291016,158.6091766357422,39.33839797973633,129.48135375976562,235.00782775878906,412.36456298828125,224.38461303710938,93.16475677490234,41.86054992675781,352.4758605957031,269.90631103515625,39.610069274902344,199.75331115722656,100.67645263671875,170.721923828125,104.82245635986328,158.33932495117188
2025-05-13,114.26054382324219,314.4453125,297.010009765625,96.50390625,197.6090545654297,171.28289794921875,179.0618896484375,260.258056640625,512.8416748046875,194.84066772460938,353.3940734863281,264.8453369140625,85.04869842529297,230.1876220703125,724.77001953125,298.34747314453125,208.37193298339844,37.532127380371094,511.8800048828125,146.28762817382812,348.1196594238281,98.31999969482422,22.49757194519043,85.22500610351562,67.19110107421875,60.1649055480957,29.990018844604492,212.91732788085938,79.28564453125,58.365299224853516,134.98350524902344,129.3699951171875,194.8601531982422,183.14227294921875,52.40668487548828,64.20479583740234,366.0627136230469,65.91836547851562,39.16469955444336,220.1389617919922,49.84379196166992,160.2392578125,364.9100036621094,361.676513671875,125.22897338867188,170.2010955810547,256.8355407714844,31.779911041259766,78.89039611816406,66.58734130859375,109.67437744140625,213.82594299316406,443.2704162597656,572.2449340820312,152.09811401367188,684.3159790039062,81.75071716308594,540.2152709960938,147.25086975097656,126.301513671875,444.764404296875,7402.64013671875,160.1011505126953,88.05332946777344,94.65336608886719,145.28533935546875,123.98674011230469,21.37620735168457,78.03512573242188,154.29153442382812,672.5747680664062,32.486778259277344,120.24938201904297,170.9600067138672,147.33103942871094,570.1884155273438,266.01983642578125,302.91717529296875,234.72076416015625,128.0167236328125,34.8561897277832,515.7100219726562,482.8113708496094,72.3890151977539,94.64409637451172,104.05374145507812,25.00902557373047,159.99838256835938,39.55843734741211,128.8216094970703,232.09368896484375,418.03253173828125,221.83824157714844,91.87603759765625,42.20296096801758,353.3489990234375,266.1702575683594,39.28766632080078,202.59573364257812,99.3241195678711,171.35057067871094,105.11052703857422,156.86273193359375
2025-05-14,110.39973449707031,312.3784484863281,295.5400085449219,95.56367492675781,195.68722534179688,172.38168334960938,177.93096923828125,252.3959503173828,514.7955322265625,195.35650634765625,350.5575256347656,262.7547302246094,84.89998626708984,229.8905029296875,728.530029296875,296.17620849609375,206.55564880371094,37.19789505004883,503.3999938964844,146.4356689453125,345.2757263183594,98.2300033569336,22.744905471801758,84.92436981201172,66.7544174194336,59.68771743774414,30.471195220947266,211.79013061523438,78.39787292480469,57.921531677246094,134.33868408203125,127.36000061035156,186.14837646484375,182.2442626953125,52.5932502746582,62.861480712890625,364.9803466796875,65.41632843017578,39.42915725708008,221.78817749023438,49.695621490478516,166.1352996826172,364.315185546875,360.9117126464844,123.47676086425781,169.31483459472656,259.4038391113281,31.434057235717773,79.79239654541016,66.78047180175781,105.77033233642578,215.0792999267578,438.6475830078125,568.9598999023438,149.65023803710938,678.8438110351562,80.92466735839844,537.3646240234375,144.4570770263672,127.9516830444336,448.5273742675781,7167.580078125,160.77206420898438,88.38200378417969,93.72626495361328,146.00572204589844,122.21699523925781,20.581724166870117,77.40473175048828,153.60137939453125,668.9959106445312,32.22718811035156,119.4162368774414,171.47000122070312,148.9275665283203,567.4077758789062,265.7831726074219,301.96478271484375,234.7996826171875,128.08526611328125,34.75966262817383,517.6599731445312,479.4120178222656,72.12886047363281,94.57633209228516,103.77750396728516,24.999570846557617,158.37271118164062,39.443634033203125,129.24502563476562,230.08900451660156,415.8426513671875,221.9257049560547,91.72876739501953,42.06979751586914,353.66644287109375,263.9207458496094,39.011314392089844,202.52615356445312,98.91101837158203,168.58053588867188,104.16947937011719,151.49412536621094
2025-05-15,111.2708969116211,315.1082763671875,295.7799987792969,98.49097442626953,200.25282287597656,172.9855194091797,178.7742156982422,261.4513244628906,512.7034301757812,202.21546936035156,356.8974304199219,265.6002502441406,85.23709106445312,230.405517578125,728.3900146484375,295.63336181640625,207.3946990966797,37.08976364135742,507.3299865722656,149.92855834960938,345.4238586425781,100.7699966430664,22.754798889160156,86.92212677001953,68.80197143554688,62.58007049560547,30.736330032348633,216.43603515625,79.37346649169922,58.336360931396484,134.8981475830078,126.94000244140625,189.2505340576172,181.91860961914062,53.7313117980957,62.430049896240234,380.2995910644531,67.12136840820312,40.100101470947266,227.88821411132812,49.50794219970703,164.73101806640625,382.1592102050781,366.5459899902344,126.5210952758789,172.18043518066406,261.2103271484375,32.221832275390625,79.89152526855469,69.14617919921875,107.46858978271484,222.13929748535156,446.7620849609375,577.8126831054688,152.0697479248047,703.2005615234375,82.71125030517578,549.1246337890625,145.2971649169922,129.3870391845703,449.5392761230469,7246.6201171875,157.26950073242188,91.34200286865234,95.5024185180664,148.3301239013672,125.1189956665039,21.123842239379883,77.76768493652344,157.86863708496094,666.8446044921875,33.09247970581055,119.4832763671875,171.8000030517578,148.5673828125,580.9434814453125,265.3395080566406,302.2789306640625,241.59503173828125,132.71746826171875,34.479732513427734,514.47998046875,486.2856750488281,73.68012237548828,95.05062103271484,105.98741912841797,25.841079711914062,160.71763610839844,39.39579772949219,131.43325805664062,234.8513641357422,418.5081787109375,224.36520385742188,92.37312316894531,42.4027099609375,359.4606628417969,268.6279296875,40.05223083496094,202.98333740234375,101.49408721923828,168.62962341308594,105.2258071899414,156.8040771484375
2025-05-16,112.62712860107422,309.72662353515625,298.0799865722656,99.87708282470703,203.9501953125,163.89822387695312,181.29397583007812,264.46087646484375,517.2034301757812,203.83944702148438,360.2117614746094,269.96527099609375,86.13932800292969,226.4142303466797,733.1799926757812,295.8011779785156,210.53585815429688,37.148746490478516,514.3099975585938,152.1979522705078,349.14654541015625,102.31999969482422,23.140640258789062,88.47379302978516,69.35511016845703,61.95680236816406,30.755970001220703,218.77383422851562,79.45150756835938,60.32367706298828,134.74644470214844,127.91000366210938,194.36460876464844,184.23760986328125,54.69213104248047,63.90083694458008,393.2590026855469,67.78443145751953,40.663307189941406,230.27261352539062,49.754886627197266,166.7528076171875,384.1617431640625,368.6273193359375,128.3516082763672,173.55905151367188,261.27874755859375,32.49082946777344,78.42156982421875,69.52275085449219,109.17660522460938,225.40977478027344,450.2538146972656,578.884521484375,154.2435302734375,720.53271484375,83.02822875976562,560.268798828125,149.56600952148438,129.06480407714844,450.67022705078125,7370.41015625,158.34494018554688,92.11066436767578,96.923583984375,149.8188934326172,125.57569885253906,21.338817596435547,77.89186096191406,158.7143096923828,674.5377807617188,33.51551055908203,120.40260314941406,172.91000366210938,148.46031188964844,590.208984375,270.6935729980469,303.4474182128906,244.38612365722656,132.67828369140625,34.52799987792969,514.4299926757812,489.2635803222656,74.77853393554688,95.13774108886719,106.34259033203125,26.20983123779297,161.57484436035156,39.60626983642578,131.72964477539062,237.29611206054688,425.1868591308594,224.91917419433594,93.26600646972656,42.72610092163086,362.2585754394531,273.0279541015625,40.522029876708984,204.42442321777344,103.0032958984375,170.7611846923828,104.84785461425781,159.4345703125
2025-05-19,112.30044555664062,311.3840026855469,295.8999938964844,100.5943603515625,204.81842041015625,164.2644805908203,180.43092346191406,267.8005065917969,515.3580322265625,205.51123046875,363.23736572265625,268.416748046875,85.67333984375,228.41481018066406,742.3200073242188,295.3866882324219,212.948486328125,37.2667121887207,512.3900146484375,151.81314086914062,348.1492919921875,102.9800033569336,23.140640258789062,88.96839141845703,69.84031677246094,62.248958587646484,30.647953033447266,220.93333435058594,79.88240051269531,60.56485366821289,132.92283630371094,127.41000366210938,194.66192626953125,183.95147705078125,54.10444259643555,64.07733154296875,393.76611328125,67.58551025390625,40.72697830200195,233.759765625,49.41904067993164,167.19102478027344,383.53717041015625,367.27203369140625,128.88999938964844,174.05140686035156,258.6616516113281,32.50043869018555,78.19700622558594,69.45516204833984,108.5031509399414,226.16375732421875,452.771728515625,581.9909057617188,152.485595703125,722.7415771484375,83.53730773925781,564.3510131835938,150.57215881347656,127.75640106201172,455.23382568359375,7313.52001953125,157.5063018798828,92.92666625976562,96.5805435180664,151.9416046142578,125.39491271972656,21.49771499633789,77.653076171875,160.1626434326172,673.4274291992188,33.669342041015625,118.13047790527344,172.38999938964844,149.6284942626953,592.4136352539062,273.78973388671875,303.9009704589844,246.9307098388672,134.36273193359375,33.89091110229492,516.010009765625,490.96795654296875,75.5686264038086,95.12805938720703,107.5758056640625,26.49349021911621,160.47132873535156,39.60626983642578,133.39923095703125,238.85093688964844,426.8912353515625,223.05311584472656,92.73269653320312,42.602455139160156,365.01678466796875,273.5234680175781,40.816795349121094,205.88534545898438,103.767578125,171.1934051513672,103.18098449707031,160.3146514892578
2025-05-20,112.34004974365234,312.1542053222656,295.8399963378906,100.5458984375,203.03314208984375,164.0565948486328,179.35951232910156,266.9850158691406,512.05224609375,205.76914978027344,360.7193298339844,266.8100891113281,85.55436706542969,229.4547119140625,742.75,292.2976379394531,210.28282165527344,36.70637893676758,508.739990234375,152.71104431152344,345.10784912109375,102.91999816894531,22.655864715576172,89.21083068847656,69.85002899169922,61.762027740478516,30.667591094970703,220.77484130859375,79.31439971923828,61.49098587036133,131.75186157226562,128.83999633789062,196.00982666015625,181.8396759033203,54.393619537353516,64.79312133789062,402.23016357421875,67.35816955566406,40.119693756103516,233.72996520996094,49.596839904785156,164.65138244628906,382.7044677734375,365.016357421875,128.43971252441406,173.5984344482422,259.44287109375,32.53886413574219,78.52291107177734,69.22341918945312,106.81466674804688,226.01687622070312,452.2996826171875,576.7308349609375,151.5499267578125,715.5679321289062,82.96099853515625,559.8118896484375,150.58193969726562,126.08670043945312,454.53936767578125,7206.77978515625,158.16732788085938,92.41466522216797,96.2571029663086,151.442138671875,125.40443420410156,21.983749389648438,76.91761779785156,161.00831604003906,674.1907348632812,33.54435348510742,116.8929214477539,173.24000549316406,149.74534606933594,611.4393310546875,276.28436279296875,303.79254150390625,248.7257080078125,134.3431396484375,33.369659423828125,515.6099853515625,489.713134765625,75.37592315673828,94.60537719726562,105.53360748291016,26.26656723022461,160.4910430908203,38.91746139526367,133.30044555664062,235.87815856933594,425.8904113769531,221.91598510742188,91.27307891845703,42.24100875854492,363.9651184082031,270.8675537109375,40.7338981628418,203.4901885986328,104.06747436523438,169.46458435058594,101.70793914794922,160.03106689453125
2025-05-21,107.8159408569336,309.7558898925781,292.92999267578125,99.77046203613281,200.2918701171875,160.5919189453125,176.26434326171875,263.4220886230469,504.3845520019531,204.17379760742188,356.3699645996094,261.0029602050781,84.95947265625,227.52345275878906,735.3800048828125,282.26055908203125,209.59506225585938,36.02809143066406,507.0299987792969,151.2704620361328,338.21539306640625,101.5199966430664,21.805034637451172,88.90049743652344,68.66612243652344,61.547786712646484,29.94091796875,218.9719696044922,78.33509063720703,59.918495178222656,130.110595703125,123.36000061035156,185.14736938476562,176.56024169921875,53.115638732910156,62.42024230957031,390.1678161621094,65.29318237304688,39.894412994384766,232.02113342285156,48.76709747314453,169.37217712402344,378.501220703125,359.00457763671875,126.8832778930664,172.0524139404297,254.9117889404297,32.269859313964844,77.39517974853516,69.37792205810547,103.0960693359375,227.75003051757812,448.02105712890625,565.2479858398438,147.47645568847656,715.1102294921875,81.0783462524414,556.2560424804688,145.94186401367188,122.34696197509766,448.9837341308594,7078.08984375,155.07916259765625,91.36599731445312,95.68863677978516,150.04942321777344,123.83450317382812,21.53510093688965,73.88981628417969,160.80418395996094,656.0782470703125,33.28477096557617,108.07518005371094,169.1300048828125,147.3018341064453,601.32470703125,270.0527038574219,297.5606384277344,248.7257080078125,132.1592559814453,32.69396209716797,501.4599914550781,477.84814453125,74.02699279785156,92.46625518798828,103.02770233154297,25.973453521728516,157.84884643554688,37.425052642822266,129.4475555419922,235.43809509277344,420.9953308105469,217.33827209472656,89.68245697021484,40.79524612426758,355.49200439453125,268.1026916503906,40.30094909667969,199.57443237304688,103.07100677490234,164.946044921875,100.4577865600586,157.86996459960938
2025-05-22,108.57821655273438,308.5177307128906,295.0,98.67514038085938,197.57005310058594,159.35105895996094,177.11749267578125,263.9657287597656,501.5129089355469,200.8685302734375,353.65283203125,260.58673095703125,84.53314971923828,228.31578063964844,723.75,283.4251403808594,211.51942443847656,35.96910858154297,503.57000732421875,150.4613800048828,340.86181640625,99.91999816894531,22.190876007080078,88.15376281738281,67.30754852294922,61.7036018371582,30.08821678161621,219.57623291015625,78.24695587158203,58.095184326171875,129.85145568847656,126.08999633789062,185.8114013671875,177.47796630859375,52.44399642944336,63.16543960571289,374.94610595703125,64.69642639160156,39.884620666503906,228.7724151611328,48.67819595336914,171.28440856933594,373.3760070800781,354.44488525390625,126.3253173828125,171.34339904785156,254.5504913330078,31.712661743164062,76.2594985961914,68.69235229492188,102.76422119140625,234.21270751953125,451.4636535644531,565.843505859375,145.93592834472656,707.0609130859375,77.71649169921875,560.8746948242188,146.31307983398438,123.28433227539062,451.25555419921875,7071.2001953125,155.20742797851562,90.98600006103516,95.24758911132812,150.010986328125,123.80594635009766,21.53510093688965,73.88025665283203,160.41537475585938,651.686279296875,33.054019927978516,109.23540496826172,170.3699951171875,143.46620178222656,593.5971069335938,273.5432434082031,302.0274658203125,247.5520477294922,131.29747009277344,32.57813262939453,503.4800109863281,478.8314208984375,73.94991302490234,93.26964569091797,107.3982162475586,25.74652862548828,157.25509643554688,37.77902603149414,128.0150604248047,235.49676513671875,420.40081787109375,216.60935974121094,90.73040008544922,41.014007568359375,355.16461181640625,269.2324523925781,39.72982406616211,198.95823669433594,102.0551986694336,157.5493927001953,99.78910827636719,158.3882293701172
2025-05-23,107.43976593017578,301.8199157714844,295.3500061035156,99.72199249267578,198.27244567871094,156.36294555664062,176.22467041015625,263.73272705078125,497.81231689453125,202.38742065429688,354.8571472167969,261.1674499511719,84.82067108154297,226.52316284179688,731.3699951171875,281.4907531738281,211.15872192382812,36.11656188964844,503.4599914550781,150.71792602539062,339.0844421386719,100.16000366210938,22.012794494628906,89.79270935058594,67.5889663696289,61.460140228271484,30.26497459411621,220.20028686523438,77.48309326171875,58.68366241455078,131.0511932373047,101.05000305175781,182.89755249023438,175.54380798339844,52.835784912109375,62.44965744018555,363.01055908203125,64.04283142089844,39.81605911254883,231.27603149414062,48.09540557861328,168.90408325195312,373.326416015625,351.134033203125,126.19807434082031,173.4310302734375,254.58949279785156,31.626195907592773,75.23212432861328,69.30066680908203,102.6568603515625,232.54808044433594,451.3652648925781,559.3329467773438,144.37648010253906,712.4835205078125,77.49556732177734,557.9246826171875,144.90933227539062,123.09880828857422,446.6126403808594,7066.39013671875,153.88536071777344,91.62466430664062,94.85554504394531,149.924560546875,123.06380462646484,21.79681396484375,73.5555191040039,161.22216796875,649.3169555664062,33.33283615112305,109.38043212890625,168.77000427246094,141.52891540527344,585.133544921875,270.2498474121094,301.278076171875,249.3865203857422,130.27377319335938,32.49126052856445,498.8500061035156,477.6140441894531,74.8556137084961,93.01797485351562,111.22611999511719,25.926177978515625,155.9191436767578,37.578121185302734,124.18191528320312,237.51123046875,419.43963623046875,215.87069702148438,89.23334503173828,40.842803955078125,350.76934814453125,266.25408935546875,39.90484619140625,198.09361267089844,103.30319213867188,155.0543975830078,99.84724426269531,158.98472595214844
2025-05-27,110.14234161376953,307.52325439453125,300.3599853515625,99.7510757446289,202.18443298339844,160.6514892578125,179.3694305419922,271.2954406738281,510.67059326171875,204.14515686035156,363.3369140625,265.73577880859375,87.57697296142578,233.38661193847656,746.0800170898438,289.9190979003906,215.8682861328125,36.59824752807617,509.1600036621094,152.62225341796875,347.1025695800781,100.55000305175781,23.348403930664062,89.63754272460938,67.74423217773438,62.08340072631836,30.86399269104004,223.75656127929688,78.97164154052734,59.17566680908203,132.28936767578125,108.95999908447266,187.49627685546875,179.16542053222656,53.264896392822266,65.75402069091797,366.6282958984375,64.99954223632812,40.785743713378906,240.2075958251953,48.49052047729492,173.2763214111328,375.5272216796875,358.5786437988281,128.21456909179688,175.8140869140625,259.06201171875,31.57815933227539,78.40070343017578,69.31033325195312,105.49703979492188,242.74143981933594,460.2666931152344,570.2202758789062,145.76580810546875,716.7518310546875,77.97583770751953,563.6558227539062,146.74501037597656,126.16481018066406,457.03936767578125,7210.64990234375,159.74595642089844,90.7586669921875,95.15937805175781,152.6907958984375,124.99530029296875,22.06787109375,75.35118865966797,163.0690460205078,665.1294555664062,33.50589370727539,110.54066467285156,171.3699951171875,144.69281005859375,599.9722290039062,282.2202453613281,308.7227783203125,251.40834045410156,132.0849151611328,32.75188064575195,511.7900085449219,483.86956787109375,76.03111267089844,94.30531311035156,115.47825622558594,25.897811889648438,159.68946838378906,38.29561996459961,126.41462707519531,237.9806365966797,432.301513671875,218.04779052734375,91.27307891845703,41.60373306274414,356.48419189453125,268.2098693847656,40.07065200805664,202.22325134277344,104.05779266357422,163.87535095214844,100.32209777832031,162.58334350585938
2025-05-28,109.76615905761719,308.0692443847656,299.2300109863281,98.558837890625,199.921142578125,160.41323852539062,177.5440673828125,270.2760925292969,503.3780517578125,202.96060180664062,359.61456298828125,263.0257568359375,87.37867736816406,237.1302947998047,751.0,289.5243225097656,216.7996063232422,36.057579040527344,503.1099853515625,151.09286499023438,345.10784912109375,99.63999938964844,22.754798889160156,88.98779296875,66.72530364990234,61.68412780761719,30.775609970092773,222.96408081054688,78.79536437988281,60.246498107910156,130.5521240234375,104.31999969482422,187.32777404785156,177.1720428466797,51.40855026245117,64.97941589355469,368.5492858886719,65.36897277832031,40.61923599243164,242.0852813720703,47.5422477722168,172.6787567138672,375.1604309082031,356.3133239746094,126.49172973632812,175.08538818359375,257.30426025390625,31.443668365478516,77.2520980834961,68.70201110839844,102.72518157958984,239.28489685058594,454.916015625,571.5798950195312,146.32342529296875,708.5435180664062,78.03346252441406,546.8103637695312,145.9302520751953,124.50487518310547,453.7357177734375,7000.1201171875,161.6600341796875,90.50399780273438,93.26776123046875,150.7890167236328,124.32926940917969,21.665956497192383,74.18589782714844,162.6802215576172,660.5592041015625,32.86174011230469,109.03236389160156,167.3800048828125,143.6901092529297,588.6243286132812,280.18902587890625,308.03253173828125,250.58973693847656,130.76593017578125,32.414039611816406,462.42999267578125,479.8728332519531,74.67254638671875,93.7439193725586,115.76435089111328,26.001819610595703,158.62071228027344,37.635520935058594,124.69564056396484,236.17152404785156,429.0018615722656,215.93873596191406,90.51519775390625,41.1186408996582,356.9108581542969,260.63494873046875,39.72982406616211,200.342529296875,101.87139129638672,161.596435546875,98.9556655883789,161.74237060546875
2025-05-29,112.14205932617188,309.7656555175781,297.0,99.38273620605469,201.70640563964844,158.318603515625,178.6055450439453,275.26611328125,503.20037841796875,204.15472412109375,365.18817138671875,264.3904113769531,88.16194152832031,239.64590454101562,730.2899780273438,291.5179443359375,217.85838317871094,36.726043701171875,506.17999267578125,151.94142150878906,347.3790283203125,100.3499984741211,22.913095474243164,89.511474609375,67.49192810058594,61.40169906616211,30.854171752929688,222.63717651367188,78.98143768310547,60.56485366821289,132.3661346435547,107.2699966430664,188.77481079101562,177.31019592285156,52.1268310546875,67.3326644897461,371.0650939941406,66.28780364990234,40.35477066040039,242.57208251953125,47.99662399291992,172.26046752929688,375.36859130859375,356.5359802246094,127.5,175.80422973632812,258.16363525390625,32.135372161865234,76.9013671875,69.03030395507812,103.5255126953125,238.35467529296875,456.460205078125,573.4259643554688,147.202392578125,709.2697143554688,79.15729522705078,544.7742309570312,146.88243103027344,125.13956451416016,455.0452880859375,7097.64013671875,160.72271728515625,90.13733673095703,93.26776123046875,151.2020263671875,125.51861572265625,21.918319702148438,75.02642822265625,163.84666442871094,661.481201171875,33.09247970581055,110.87906646728516,167.92999267578125,144.41049194335938,602.0906372070312,273.8489074707031,310.537109375,250.94480895996094,132.6853485107422,32.510562896728516,454.989990234375,482.33087158203125,75.10612487792969,93.92782592773438,116.5536117553711,25.888355255126953,159.8675994873047,37.88425064086914,125.53536987304688,234.0103759765625,428.3577880859375,216.25946044921875,91.78768157958984,41.62275695800781,359.5599365234375,263.3948669433594,39.91405487060547,200.4619140625,102.56793975830078,161.596435546875,99.51775360107422,163.4438934326172
2025-05-30,110.79570007324219,308.87847900390625,296.1199951171875,100.31326293945312,204.7404022216797,155.60848999023438,177.31593322753906,279.77069091796875,502.5293273925781,205.0526885986328,370.32379150390625,269.9459533691406,89.163330078125,239.7449493408203,750.3599853515625,290.2052917480469,218.5287628173828,36.42129898071289,503.9599914550781,152.38543701171875,343.66619873046875,100.3499984741211,22.972454071044922,90.13213348388672,68.15180206298828,61.391963958740234,31.149991989135742,224.37069702148438,79.31439971923828,61.780399322509766,131.20477294921875,105.5199966430664,188.20986938476562,175.90985107421875,51.91228103637695,65.97261810302734,374.29278564453125,66.4393539428711,40.49189758300781,244.31069946289062,49.004173278808594,172.15089416503906,378.0848083496094,356.5359802246094,127.0986557006836,177.05484008789062,257.80230712890625,32.34672164916992,75.20330810546875,69.61930847167969,103.53526306152344,239.25552368164062,459.9026794433594,581.18701171875,148.05296325683594,715.8862915039062,79.70479583740234,543.8504638671875,145.62594604492188,125.01261901855469,456.7119445800781,7115.93017578125,163.31756591796875,91.16666412353516,93.45397186279297,151.67266845703125,125.07142639160156,21.955707550048828,74.39603424072266,165.13946533203125,658.9730224609375,33.409751892089844,109.71883392333984,168.32000732421875,141.35366821289062,487.60791015625,272.94171142578125,311.1484375,253.75564575195312,134.3389892578125,31.90243911743164,463.9800109863281,481.16754150390625,75.7227783203125,93.19219970703125,116.35630798339844,26.285472869873047,158.4030303955078,37.78858947753906,125.36742401123047,237.720458984375,426.3561096191406,216.7386016845703,91.26371765136719,41.4610595703125,362.32806396484375,263.1566162109375,40.494388580322266,201.32766723632812,103.94170379638672,158.8951416015625,99.13980865478516,164.9009552001953
2025-06-02,109.93445587158203,306.58734130859375,295.260009765625,100.01278686523438,207.4426727294922,156.1247100830078,174.91517639160156,280.05224609375,503.40765380859375,204.53683471679688,374.3845520019531,269.7427062988281,89.58966064453125,246.3211669921875,758.5700073242188,291.46856689453125,219.31988525390625,36.68671798706055,502.80999755859375,153.18466186523438,340.3483581542969,99.88999938964844,23.289043426513672,89.15264892578125,68.14209747314453,62.180789947509766,30.804866790771484,224.55894470214844,78.60929107666016,61.35591506958008,132.2989501953125,105.01000213623047,187.54583740234375,174.2571563720703,51.70705795288086,65.68680572509766,367.671630859375,66.24044036865234,40.07072448730469,245.8704833984375,47.10761642456055,169.68089294433594,378.84814453125,356.21649169921875,127.63919067382812,177.56689453125,258.4468078613281,31.94322967529297,75.75575256347656,69.52275085449219,102.50069427490234,238.10008239746094,456.94219970703125,576.8399658203125,147.12677001953125,718.8242797851562,80.43478393554688,538.7279052734375,143.71173095703125,125.3739013671875,458.3092346191406,7043.41015625,164.3436737060547,91.37866973876953,92.3366470336914,151.2788543701172,124.55762481689453,21.92766761779785,74.24169921875,163.08847045898438,654.6109008789062,33.38091278076172,110.49232482910156,166.75,142.7458038330078,488.1350402832031,272.0740051269531,312.85430908203125,254.52496337890625,135.30361938476562,32.18236541748047,466.1499938964844,481.8524475097656,75.173583984375,93.14381408691406,117.55005645751953,26.40839385986328,158.205078125,37.5302848815918,126.87893676757812,238.56454467773438,426.4452819824219,214.03009033203125,91.09529876708984,41.48958969116211,362.4570007324219,261.4787902832031,40.62335205078125,200.74053955078125,103.73854064941406,155.4178466796875,99.86663818359375,165.67347717285156
2025-06-03,111.62728118896484,305.05670166015625,299.5199890136719,99.67353820800781,206.09642028808594,160.56216430664062,176.29412841796875,281.1201477050781,506.4766540527344,203.84901428222656,372.71246337890625,274.1852111816406,90.8984146118164,254.38299560546875,759.0700073242188,293.5016784667969,216.79208374023438,36.90298843383789,497.8299865722656,153.41159057617188,345.0190124511719,99.86000061035156,23.674884796142578,87.8822250366211,68.8213882446289,62.677459716796875,31.41623306274414,225.44056701660156,78.65826416015625,61.346275329589844,133.94021606445312,105.83000183105469,190.35064697265625,176.12757873535156,52.238773345947266,67.9338607788086,369.5341491699219,65.26477813720703,40.34497833251953,247.25146484375,48.46088790893555,167.03170776367188,379.7403259277344,361.1730651855469,127.75713348388672,176.60186767578125,260.01898193359375,31.530126571655273,77.08219909667969,68.71166229248047,104.09159851074219,239.31045532226562,464.0731201171875,577.5844116210938,144.0551300048828,711.9821166992188,82.16374969482422,542.6369018554688,145.40997314453125,125.64729309082031,459.3013000488281,7068.93994140625,166.87933349609375,91.4713363647461,93.00312805175781,151.99923706054688,125.4520263671875,21.824853897094727,74.59858703613281,162.1844940185547,658.9829711914062,33.16939163208008,112.12631225585938,168.1199951171875,144.99459838867188,485.20111083984375,277.8817443847656,312.2035217285156,252.93704223632812,135.34298706054688,32.92563247680664,466.260009765625,480.64215087890625,74.95196533203125,93.89878845214844,121.57526397705078,26.436758041381836,160.24363708496094,37.90338897705078,126.57269287109375,239.36936950683594,428.8135986328125,216.85594177246094,91.76897430419922,42.21247863769531,362.9927673339844,263.02752685546875,40.374637603759766,202.58148193359375,103.87398529052734,158.6790313720703,100.59346771240234,166.53402709960938
2025-06-04,113.78536987304688,308.468994140625,298.3599853515625,98.7236099243164,201.7356719970703,160.75076293945312,175.798095703125,278.6348571777344,500.83197021484375,204.77566528320312,370.8612060546875,271.20416259765625,91.1264419555664,258.5723571777344,780.0,292.06072998046875,220.03619384765625,36.657230377197266,491.0,152.02037048339844,344.9498596191406,100.2300033569336,23.575950622558594,87.47490692138672,67.65689086914062,62.7066764831543,31.48525619506836,225.23255920410156,78.09025573730469,61.32698059082031,131.84783935546875,105.80999755859375,191.36158752441406,175.82080078125,50.70892333984375,67.8353042602539,370.6165771484375,65.36897277832031,40.04133987426758,249.24838256835938,47.087860107421875,168.7048797607422,378.35247802734375,360.5147705078125,125.74234008789062,176.39508056640625,258.0171203613281,31.51091194152832,77.70816802978516,68.9144287109375,107.58570861816406,238.4445037841797,467.477294921875,579.7280883789062,143.52586364746094,706.5841674804688,82.22137451171875,546.6455688476562,144.11422729492188,125.13956451416016,460.19415283203125,7210.8701171875,165.8532257080078,91.10600280761719,93.37557220458984,153.03656005859375,125.34735870361328,21.862239837646484,73.63404083251953,161.3096466064453,659.4092407226562,32.85211944580078,108.75198364257812,168.1699981689453,145.1016845703125,482.2870788574219,273.9770202636719,314.44189453125,250.6291961669922,136.37652587890625,32.35618591308594,473.19000244140625,482.1808166503906,73.6415786743164,92.92118835449219,125.9260482788086,25.869447708129883,160.38218688964844,37.798152923583984,126.52330017089844,237.48487854003906,428.6847229003906,215.96612548828125,92.208740234375,41.75592041015625,365.1159973144531,264.1593322753906,39.831153869628906,202.939697265625,102.28739166259766,157.1368408203125,99.13980865478516,164.86183166503906
2025-06-05,112.79542541503906,307.4745788574219,298.2200012207031,98.64606475830078,201.59912109375,162.99432373046875,175.52032470703125,278.7221984863281,501.6905517578125,206.552490234375,368.74127197265625,267.3424072265625,91.73123931884766,257.433349609375,788.3599853515625,292.0903015136719,220.57151794433594,36.51960754394531,488.739990234375,152.0697021484375,344.58453369140625,100.27999877929688,23.763927459716797,87.42642974853516,67.28813934326172,62.9306640625,31.297903060913086,224.76695251464844,77.67894744873047,60.85426712036133,131.39674377441406,108.31999969482422,190.43984985351562,175.4051513671875,50.03728103637695,66.47525024414062,375.0826110839844,64.84799194335938,40.49189758300781,250.28160095214844,46.67298889160156,169.1231689453125,378.1938781738281,359.716064453125,125.84062194824219,175.83377075195312,255.80043029785156,31.28034782409668,78.68189239501953,68.47026062011719,107.41978454589844,238.19850158691406,464.013916015625,581.0282592773438,141.5978240966797,708.7153930664062,83.56612396240234,547.1129150390625,143.57431030273438,127.54158020019531,463.9739685058594,7194.47021484375,168.85260009765625,91.45333099365234,93.3853759765625,153.01736450195312,124.7479248046875,21.60987663269043,73.24822235107422,158.2477264404297,656.2665405273438,32.784820556640625,108.51026916503906,167.80999755859375,144.51406860351562,480.4372253417969,271.2753601074219,316.0294189453125,249.68238830566406,136.88836669921875,32.200443267822266,482.20001220703125,483.88836669921875,73.17909240722656,93.38579559326172,125.98524475097656,26.24765396118164,160.62957763671875,37.912960052490234,125.83175659179688,240.37049865722656,426.901123046875,215.7510223388672,90.63683319091797,41.546661376953125,363.89569091796875,263.7523193359375,39.88642120361328,203.1685791015625,101.37798309326172,155.18206787109375,98.684326171875,164.88140869140625
2025-06-06,114.63674926757812,309.6876525878906,297.8599853515625,98.66545867919922,202.97463989257812,165.5257568359375,176.9290313720703,281.8579406738281,511.7956237792969,203.03701782226562,369.33843994140625,270.7879638671875,92.56409454345703,244.55824279785156,791.8499755859375,298.5152282714844,222.70111083984375,37.25687789916992,493.5299987792969,152.65185546875,348.9195251464844,98.94999694824219,24.021154403686523,87.51371002197266,67.9286117553711,64.3330078125,31.781078338623047,225.5198211669922,78.61908721923828,61.336631774902344,134.5736846923828,109.22000122070312,194.27540588378906,177.59225463867188,50.14922332763672,67.47064208984375,383.57598876953125,64.88587951660156,41.19712829589844,253.96749877929688,47.039634704589844,174.21250915527344,381.0092468261719,357.8165283203125,127.10848236083984,175.95193481445312,259.49169921875,31.48209571838379,80.2825698852539,68.8951187133789,105.9264907836914,240.37322998046875,466.4313659667969,585.6729125976562,141.66395568847656,710.0001831054688,83.98876190185547,548.3861694335938,142.82826232910156,128.71328735351562,466.6525573730469,7116.52978515625,171.69410705566406,91.8479995727539,94.14986419677734,153.4687957763672,125.0778579711914,21.824853897094727,74.24169921875,159.4336395263672,665.4765014648438,32.72713851928711,110.50198364257812,170.33999633789062,146.15939331054688,490.5319519042969,270.9598388671875,319.8059387207031,249.49501037597656,136.9178924560547,32.96943283081055,486.0,487.265869140625,74.04625701904297,95.45716094970703,125.2650375366211,26.550222396850586,162.935302734375,38.89833068847656,126.89869689941406,241.31275939941406,425.95770263671875,218.46929931640625,91.92803192138672,42.58342361450195,367.318603515625,262.89849853515625,40.347007751464844,205.21847534179688,102.16161346435547,155.00527954101562,101.04894256591797,166.39710998535156
2025-06-09,115.56729125976562,308.6834716796875,297.2099914550781,98.297119140625,196.80873107910156,168.5535125732422,177.2167205810547,281.5181579589844,511.2626953125,203.31407165527344,352.159912109375,270.9234924316406,92.16748809814453,241.93373107910156,783.7999877929688,297.61712646484375,219.71835327148438,37.67958068847656,493.3299865722656,151.5763397216797,353.5802917480469,99.0199966430664,23.9518985748291,88.12467193603516,67.59867858886719,64.17719268798828,31.53455924987793,222.4886016845703,78.80516052246094,61.606746673583984,135.1015625,110.91000366210938,197.42709350585938,178.85899353027344,46.1007194519043,68.00284576416016,379.9192810058594,65.66261291503906,41.265689849853516,249.7749481201172,47.49546813964844,177.12420654296875,369.7774963378906,355.7417297363281,124.69073486328125,173.2833251953125,260.4779968261719,31.67423439025879,82.39794158935547,69.30066680908203,107.72235870361328,241.49505615234375,465.8985900878906,579.9266357421875,142.7130584716797,705.3490600585938,83.99835968017578,551.5293579101562,141.58157348632812,128.84024047851562,469.0038146972656,7138.6201171875,174.78225708007812,89.87333679199219,93.42456817626953,150.76980590820312,125.01053619384766,22.404356002807617,74.1163101196289,158.01443481445312,664.1083984375,32.61176300048828,112.25199890136719,170.19000244140625,152.20204162597656,514.779052734375,266.5424499511719,319.82568359375,245.97401428222656,138.76840209960938,33.21278762817383,495.7699890136719,483.17529296875,71.9650650024414,95.68946075439453,128.4220733642578,26.342208862304688,164.27125549316406,38.69742965698242,124.82406616210938,233.54905700683594,424.80572509765625,219.1635284423828,92.91981506347656,42.67854309082031,363.78656005859375,264.07989501953125,40.20882797241211,204.36270141601562,101.47473907470703,153.96405029296875,101.7273178100586,160.9698486328125
2025-06-10,119.30931091308594,312.8757019042969,297.5400085449219,98.74299621582031,192.52493286132812,172.50454711914062,178.4368896484375,284.86749267578125,509.8614196777344,205.01446533203125,350.0499267578125,272.82049560546875,91.70149993896484,242.2803497314453,762.6599731445312,295.6037902832031,217.6783905029297,38.4168586730957,491.1300048828125,151.0435333251953,354.07403564453125,99.88999938964844,24.248703002929688,89.162353515625,68.07417297363281,63.446807861328125,32.15578842163086,220.13095092773438,79.37316131591797,61.992637634277344,137.5874481201172,110.0,200.816650390625,179.4033203125,47.05221176147461,69.4417495727539,376.0211486816406,66.30673217773438,41.84358596801758,240.4261474609375,48.48639678955078,179.49740600585938,361.7575988769531,358.3815612792969,122.75457000732422,172.8500213623047,262.2943115234375,31.65501594543457,85.1104507446289,69.86071014404297,110.82606506347656,240.8849334716797,469.2435302734375,585.0972900390625,143.52586364746094,702.0027465820312,84.48822784423828,551.3801879882812,142.39633178710938,128.71328735351562,467.1883239746094,7398.68017578125,175.1078338623047,91.70999908447266,93.42456817626953,149.1753692626953,126.8093032836914,22.71280288696289,74.03915405273438,158.28662109375,665.1493530273438,32.68252182006836,114.76582336425781,170.9199981689453,155.84524536132812,520.6767578125,264.2351379394531,320.68359375,244.58340454101562,136.3469696044922,34.57556915283203,504.3999938964844,482.1620178222656,73.19837188720703,95.97015380859375,126.27134704589844,26.871700286865234,164.65721130371094,38.96529769897461,124.51781463623047,232.5970001220703,418.7579345703125,221.5689239501953,95.86713409423828,43.03047561645508,367.79486083984375,263.1863708496094,40.65098571777344,203.51686096191406,102.15193939208984,155.2999725341797,103.9078140258789,163.40480041503906
2025-06-11,118.51736450195312,311.21832275390625,296.7699890136719,98.81085968017578,192.30929565429688,171.5316619873047,179.45870971679688,283.2947692871094,508.8548889160156,204.77566528320312,347.8304748535156,273.139892578125,92.27656555175781,250.4808349609375,778.3599853515625,295.1893005371094,216.8176727294922,38.36770248413086,488.1400146484375,151.48753356933594,358.58673095703125,99.43000030517578,23.615524291992188,89.32720947265625,67.9286117553711,62.51190185546875,31.869821548461914,219.63565063476562,78.98143768310547,63.40111541748047,138.9599609375,107.93000030517578,202.89797973632812,177.2854766845703,46.27796173095703,68.85042572021484,373.0926208496094,65.61524963378906,41.775028228759766,243.9232635498047,49.417877197265625,178.28089904785156,364.4044189453125,351.12445068359375,122.2336654663086,174.7899627685547,261.8548583984375,31.568559646606445,86.6415786743164,69.59033966064453,108.82524108886719,242.7349395751953,462.3167724609375,586.2882690429688,142.10818481445312,714.8504638671875,84.58427429199219,542.9453125,144.4774169921875,128.7035369873047,468.8748474121094,7296.56982421875,174.02255249023438,90.01000213623047,93.50298309326172,147.9555206298828,124.95280456542969,22.881046295166016,73.77872467041016,157.57704162597656,665.9622802734375,32.74067306518555,116.94125366210938,171.0,156.1880340576172,515.7735595703125,263.9294738769531,320.5060729980469,244.82998657226562,139.5853729248047,34.74104309082031,500.7300109863281,482.2183532714844,73.20800018310547,94.17949676513672,124.79148864746094,26.796056747436523,164.02386474609375,38.515663146972656,123.02604675292969,226.66871643066406,420.0290832519531,220.70843505859375,94.65079498291016,42.0412712097168,370.3843994140625,259.235107421875,40.29173278808594,203.0889892578125,102.14226531982422,152.8245849609375,105.93325805664062,162.6518096923828
2025-06-12,117.71549987792969,310.1556091308594,298.57000732421875,99.8576889038086,196.3676300048828,173.7255859375,178.53611755371094,288.6148376464844,508.7562255859375,207.96632385253906,354.1007080078125,274.1755065917969,93.79350280761719,253.6104736328125,775.2000122070312,294.09381103515625,216.6459197998047,37.974491119384766,490.3399963378906,158.3845672607422,356.4340515136719,100.02999877929688,23.318721771240234,90.32610321044922,68.71463775634766,63.398109436035156,31.938846588134766,221.46827697753906,78.79536437988281,64.00888061523438,139.142333984375,107.69999694824219,203.27459716796875,176.92918395996094,46.98691177368164,68.9785385131836,378.2738342285156,66.46776580810547,41.98072052001953,238.42922973632812,48.81340408325195,176.46607971191406,368.4490966796875,353.75457763671875,124.0912094116211,176.34584045410156,261.9427490234375,31.837553024291992,86.93966674804688,69.7544937133789,109.45965576171875,246.39561462402344,464.2803649902344,584.83935546875,143.1383514404297,727.8375854492188,84.99730682373047,549.69921875,142.11166381835938,128.81094360351562,475.0752868652344,7386.31982421875,197.18870544433594,91.05000305175781,95.02216339111328,147.42726135253906,127.26140594482422,23.217531204223633,74.28993225097656,158.61709594726562,661.1143798828125,33.32221221923828,117.49235534667969,171.02000427246094,155.4241180419922,518.9959716796875,263.4660339355469,320.6047058105469,248.390380859375,138.76840209960938,34.682640075683594,494.989990234375,474.6094970703125,73.44889068603516,94.46986389160156,124.37712860107422,26.729869842529297,164.27125549316406,38.20952606201172,122.95689392089844,224.47012329101562,421.3697204589844,220.4835662841797,94.42623138427734,42.00321960449219,368.4893798828125,263.61328125,39.75746154785156,202.860107421875,102.97427368164062,152.06822204589844,106.34027862548828,165.08676147460938
2025-06-13,115.90389251708984,303.89654541015625,292.1600036621094,99.74137878417969,194.99525451660156,169.34768676757812,175.85301208496094,286.6052551269531,495.0690002441406,206.81094360351562,351.3338317871094,271.3590393066406,91.70149993896484,246.31126403808594,780.6300048828125,284.02716064453125,210.15797424316406,38.37753677368164,487.5400085449219,159.26272583007812,352.57305908203125,98.38999938964844,22.17108917236328,87.53309631347656,68.44291687011719,62.41450881958008,31.672611236572266,219.89320373535156,77.31660461425781,65.07971954345703,140.0445556640625,101.4800033569336,198.88401794433594,174.71238708496094,45.07460021972656,66.33726501464844,376.6381530761719,65.2458267211914,41.30487060546875,235.06126403808594,48.20894241333008,175.37921142578125,367.9632873535156,345.47467041015625,123.07890319824219,176.1878662109375,258.7300109863281,31.72226905822754,86.21134948730469,69.06404876708984,106.00457000732422,252.89031982421875,459.7908020019531,557.7946166992188,141.62619018554688,725.2481689453125,83.8254623413086,539.5833129882812,139.7066650390625,126.43822479248047,471.1962890625,7225.669921875,212.34344482421875,89.91000366210938,93.91462707519531,147.16793823242188,125.86664581298828,22.937129974365234,73.20963287353516,155.7982177734375,648.4544067382812,32.8472900390625,118.10148620605469,169.33999633789062,151.52627563476562,526.3555297851562,256.57366943359375,313.4163818359375,247.8084716796875,143.40451049804688,35.3348274230957,478.8599853515625,470.5001525878906,71.3773193359375,93.05669403076172,125.56101989746094,26.65422821044922,160.92645263671875,37.281558990478516,122.41353607177734,223.78309631347656,418.469970703125,218.41062927246094,93.56542205810547,40.89036560058594,350.0847473144531,258.88763427734375,39.61928176879883,200.710693359375,101.68757629394531,151.2332763671875,108.65645599365234,160.696044921875
2025-06-16,117.82439422607422,306.4508361816406,299.29998779296875,98.78176879882812,195.67161560058594,175.26429748535156,177.5125732421875,286.9353332519531,506.15093994140625,206.9842529296875,348.3878173828125,271.4171142578125,92.58391571044922,249.67861938476562,780.6099853515625,290.37310791015625,212.96067810058594,38.32838439941406,490.2300109863281,160.24942016601562,357.8955078125,99.0,23.585844039916992,87.38763427734375,67.48221588134766,63.79738998413086,32.106483459472656,220.37860107421875,78.49177551269531,65.3208999633789,140.15972900390625,103.62999725341797,199.32009887695312,177.88916015625,45.10258102416992,73.51206970214844,368.7831726074219,65.4542236328125,41.373435974121094,235.0016326904297,48.82331466674805,177.43333435058594,366.10589599609375,344.4031677246094,123.69807434082031,177.53070068359375,264.0129699707031,31.79911994934082,88.66654205322266,68.57782745361328,106.86345672607422,243.81739807128906,460.4025573730469,564.3845825195312,141.32371520996094,716.6531372070312,84.4498062133789,539.9015502929688,142.4061737060547,127.81497955322266,475.3431701660156,7221.25,208.2785186767578,88.12000274658203,94.5321044921875,147.6097412109375,126.40530395507812,22.806270599365234,74.01022338867188,156.3814239501953,656.1376953125,32.624366760253906,119.52275848388672,172.61000061035156,153.63189697265625,519.8313598632812,266.5424499511719,319.7763671875,245.07655334472656,144.1624298095703,34.955196380615234,479.4100036621094,473.79327392578125,71.08826446533203,94.27629089355469,129.2803955078125,26.446210861206055,163.76657104492188,37.683353424072266,122.7691879272461,226.71778869628906,423.65374755859375,219.66220092773438,94.58528900146484,41.04254913330078,352.6941223144531,259.294677734375,39.14948654174805,202.50186157226562,100.75883483886719,155.3490753173828,109.00533294677734,160.74493408203125
2025-06-17,114.92382049560547,304.20849609375,296.8500061035156,98.50067138671875,194.27964782714844,172.82220458984375,174.45184326171875,281.58612060546875,500.0622863769531,207.13832092285156,349.1541748046875,268.14569091796875,92.17172241210938,246.97482299804688,777.5399780273438,288.9815368652344,210.26388549804688,38.92802810668945,483.4800109863281,162.71615600585938,353.1951904296875,98.80999755859375,23.031816482543945,85.95233917236328,67.07464599609375,63.622108459472656,31.672611236572266,219.2394256591797,78.06087493896484,64.7227783203125,142.8663787841797,102.61000061035156,194.0078125,174.2571563720703,45.8954963684082,73.70917510986328,367.47076416015625,65.10375213623047,40.697593688964844,234.21678161621094,47.842288970947266,176.725341796875,369.9399108886719,339.7469482421875,123.3737564086914,178.70567321777344,263.19268798828125,31.57815933227539,88.72814178466797,67.7026138305664,102.10052490234375,246.8581085205078,454.7782287597656,565.15869140625,140.8134002685547,721.443603515625,82.76887512207031,538.5090942382812,139.59869384765625,127.02406311035156,474.25189208984375,6992.93017578125,205.39752197265625,88.80000305175781,93.45397186279297,146.4955596923828,124.36602783203125,22.43239974975586,73.11318969726562,154.08743286132812,646.5906372070312,32.42082595825195,120.41226959228516,167.52999877929688,151.27163696289062,506.086669921875,261.72076416015625,315.9406433105469,245.55978393554688,146.15072631835938,35.12067794799805,475.3999938964844,470.10614013671875,71.3773193359375,93.33740234375,129.11268615722656,26.143646240234375,161.95562744140625,37.338951110839844,121.52440643310547,217.3345947265625,419.0260925292969,215.6923370361328,93.25666046142578,40.60501480102539,355.0356140136719,257.1701354980469,38.55073165893555,199.9444580078125,100.71045684814453,154.15066528320312,110.4783706665039,158.09487915039062
2025-06-18,114.35954284667969,298.7001647949219,295.19000244140625,98.09356689453125,191.80935668945312,171.58131408691406,176.64801025390625,281.1783752441406,499.7563781738281,207.4656524658203,349.174072265625,266.5293884277344,92.83718872070312,248.84666442871094,770.7899780273438,292.5443420410156,209.67724609375,38.31855392456055,485.1400146484375,163.1996307373047,355.28863525390625,99.37999725341797,23.35829734802246,85.52564239501953,66.7544174194336,64.11876678466797,31.790943145751953,218.34788513183594,77.50267028808594,64.48159790039062,142.23289489746094,101.0,192.70945739746094,173.88107299804688,47.070865631103516,73.64019012451172,368.17596435546875,65.23636627197266,40.63882064819336,234.3558807373047,47.65401077270508,173.48458862304688,374.3201599121094,338.04229736328125,122.75457000732422,177.49118041992188,267.5284729003906,31.904794692993164,86.55812072753906,67.30390167236328,100.9293212890625,244.86048889160156,452.60748291015625,534.6702270507812,140.74720764160156,725.9552612304688,82.34625244140625,535.9228515625,139.89315795898438,129.3968048095703,476.4344787597656,6979.669921875,208.0515899658203,88.31999969482422,93.76761627197266,144.38246154785156,124.15442657470703,22.320234298706055,73.27715301513672,153.60137939453125,646.669921875,32.556514739990234,120.68299102783203,166.57000732421875,150.45875549316406,510.7809753417969,264.0674743652344,317.3112487792969,244.86940002441406,143.58168029785156,34.896793365478516,473.6199951171875,471.5697326660156,71.67601013183594,96.11534881591797,129.5369110107422,26.153100967407227,162.0743865966797,38.08515548706055,121.06008911132812,216.90272521972656,416.9505310058594,217.08082580566406,92.82626342773438,41.15668487548828,337.71246337890625,256.276611328125,38.384918212890625,199.82505798339844,100.44925689697266,157.59852600097656,109.69339752197266,151.6310272216797
2025-06-20,114.39915466308594,278.2167663574219,297.2099914550781,98.62667846679688,191.47607421875,168.22593688964844,175.58470153808594,280.8871154785156,503.624755859375,209.39126586914062,353.02581787109375,261.8062438964844,93.184814453125,248.171630859375,777.3200073242188,294.6859436035156,210.382080078125,38.33821105957031,484.8500061035156,161.2262420654297,355.9995422363281,100.18000030517578,23.516592025756836,85.1280288696289,67.00672149658203,64.58621978759766,31.613447189331055,216.59451293945312,73.90859985351562,64.22112274169922,143.53822326660156,101.69000244140625,194.64212036132812,173.06956481933594,46.315269470214844,74.10340118408203,366.8145446777344,65.35002136230469,40.100101470947266,237.813232421875,47.76301574707031,167.25238037109375,374.95587158203125,340.5652160644531,123.95361328125,176.17796325683594,268.5440368652344,32.26026153564453,84.45568084716797,66.94408416748047,103.86710357666016,245.6870880126953,449.80517578125,528.95361328125,140.40696716308594,717.99755859375,82.93215942382812,535.35595703125,141.38526916503906,129.58233642578125,473.616943359375,7157.93994140625,202.4277801513672,89.69000244140625,92.21903228759766,143.2298583984375,124.15442657470703,22.404356002807617,73.89447021484375,154.6317596435547,647.1061401367188,32.730979919433594,120.64431762695312,166.97000122070312,148.19647216796875,506.94195556640625,260.468505859375,316.9070129394531,244.7806396484375,144.33958435058594,34.88705825805664,470.5299987792969,473.0426940917969,71.35804748535156,96.42508697509766,129.2014617919922,26.257112503051758,161.5004119873047,38.534793853759766,122.00848388671875,217.42294311523438,416.79168701171875,217.56971740722656,92.88239288330078,41.175716400146484,335.91668701171875,254.09251403808594,38.41255569458008,198.99913024902344,100.79752349853516,156.02685546875,111.15673828125,153.69436645507812
2025-06-23,114.96342468261719,287.6053771972656,300.95001220703125,100.1387939453125,194.41688537597656,170.70773315429688,176.1710205078125,264.489990234375,512.121337890625,213.38693237304688,358.25103759765625,264.40008544921875,94.60514068603516,251.92413330078125,783.239990234375,295.7123718261719,211.5478515625,37.18806838989258,487.7699890136719,161.8083953857422,361.63800048828125,102.52999877929688,23.783714294433594,85.99114227294922,67.80245971679688,65.61849975585938,31.968427658081055,218.8233642578125,75.13273620605469,64.4526596069336,140.95635986328125,100.44000244140625,194.59254455566406,175.69212341308594,46.791015625,77.69078826904297,364.75775146484375,65.41632843017578,40.45271682739258,246.19834899902344,48.08012008666992,165.5373077392578,376.1676025390625,347.7151184082031,125.24110412597656,177.46156311035156,271.7372741699219,31.95283317565918,85.07965087890625,67.81930541992188,107.97611236572266,247.1041259765625,453.6435241699219,538.2628173828125,141.91915893554688,718.9039916992188,82.56716918945312,549.0228881835938,144.88970947265625,130.84193420410156,482.1488037109375,7339.169921875,204.27276611328125,91.26000213623047,94.07144927978516,145.27572631835938,124.17365264892578,22.460437774658203,74.58894348144531,156.52720642089844,658.4971923828125,33.244667053222656,117.01860046386719,166.4600067138672,149.9788818359375,509.1300354003906,266.7691955566406,319.2932434082031,247.23641967773438,143.5226287841797,32.833160400390625,470.9800109863281,482.7812805175781,73.02493286132812,97.99313354492188,131.29299926757812,26.663684844970703,164.09315490722656,39.27143478393555,123.25326538085938,222.78195190429688,423.9616394042969,220.86489868164062,93.93968963623047,41.93663787841797,341.0560607910156,259.15570068359375,39.020530700683594,201.1982879638672,102.06488037109375,155.09368896484375,108.28817749023438,153.86061096191406
2025-06-24,116.458251953125,293.1820373535156,304.19000244140625,100.1097183227539,192.18186950683594,178.8678436279297,178.11874389648438,269.3926086425781,514.469970703125,215.58212280273438,358.9775695800781,271.96881103515625,95.15142059326172,261.85137939453125,794.25,304.3479309082031,217.4503173828125,37.32569122314453,493.4800109863281,162.02548217773438,368.3428039550781,103.19000244140625,25.426015853881836,85.51593780517578,67.6471939086914,66.11517333984375,32.02759552001953,221.10174560546875,75.98473358154297,65.19548797607422,137.7794189453125,102.22000122070312,195.71249389648438,178.07717895507812,47.93840408325195,75.93651580810547,368.6754455566406,64.6250228881836,40.678001403808594,247.1322479248047,48.555763244628906,167.2623748779297,376.46563720703125,351.08551025390625,124.40571594238281,178.56744384765625,274.6571044921875,32.23143768310547,88.33367919921875,68.27635955810547,109.01068878173828,242.71527099609375,457.00823974609375,553.3285522460938,140.98350524902344,717.8980712890625,82.68244171142578,549.4306640625,147.1180419921875,132.69712829589844,486.2261962890625,7277.58984375,212.3927764892578,89.18000030517578,95.47301483154297,146.23623657226562,126.05902862548828,22.72214698791504,75.16767120361328,155.87596130371094,669.4320678710938,33.15744400024414,115.50064086914062,169.92999267578125,152.495849609375,519.4236450195312,269.9639587402344,321.4034118652344,247.30548095703125,139.624755859375,32.60927200317383,478.9800109863281,490.6528015136719,73.31398010253906,99.59989929199219,134.4796142578125,26.73932456970215,164.7462615966797,39.65410232543945,123.0951919555664,225.56942749023438,426.04705810546875,222.84982299804688,94.1455307006836,42.36465835571289,348.87432861328125,262.57086181640625,39.26924133300781,204.86024475097656,101.92943572998047,155.08387756347656,104.99320983886719,154.2811279296875
2025-06-25,117.42841339111328,287.2154541015625,302.3699951171875,98.297119140625,187.1726837158203,181.73683166503906,176.88648986816406,272.169189453125,517.1146240234375,212.02935791015625,352.7869567871094,272.9366455078125,96.36315155029297,262.7250061035156,785.0700073242188,304.5552062988281,217.57406616210938,36.94231033325195,486.2099914550781,161.57159423828125,366.92083740234375,101.81999969482422,25.20836067199707,85.14742279052734,66.5409164428711,66.40734100341797,32.03746032714844,217.17897033691406,75.38735961914062,64.02818298339844,137.47227478027344,101.04000091552734,199.2110595703125,178.18605041503906,47.02422332763672,76.43914031982422,366.1681213378906,62.807029724121094,40.27640914916992,248.27476501464844,47.69365310668945,171.00169372558594,371.6681823730469,352.48822021484375,121.87002563476562,178.25148010253906,277.391357421875,31.683835983276367,88.77384948730469,67.71233367919922,107.1367416381836,243.91580200195312,454.0875549316406,545.5576171875,137.9024200439453,715.497802734375,82.57677459716797,531.5760498046875,145.03695678710938,134.47425842285156,488.3691101074219,7193.18017578125,207.90359497070312,87.83999633789062,94.70852661132812,132.49147033691406,123.1444091796875,22.6754150390625,74.3285140991211,154.52484130859375,667.7070922851562,32.46928787231445,115.66499328613281,168.60000610351562,152.71128845214844,517.454345703125,271.02880859375,317.9718933105469,240.52984619140625,139.16212463378906,32.29777908325195,487.2699890136719,489.07659912109375,72.28301239013672,101.00338745117188,137.4054718017578,26.39893913269043,166.12176513671875,39.60626983642578,121.00080871582031,226.6294403076172,424.5674133300781,221.7742462158203,92.97595977783203,42.630985260009766,342.55426025390625,252.80189514160156,38.79944610595703,202.7705535888672,99.5205078125,156.08580017089844,105.02228546142578,153.7530517578125
2025-06-26,118.22036743164062,288.6583251953125,304.92999267578125,99.208251953125,190.31935119628906,182.1835479736328,178.69512939453125,270.96533203125,518.5552978515625,209.42977905273438,351.8812255859375,273.9045104980469,96.32343292236328,268.204833984375,803.9500122070312,307.3482360839844,221.9629669189453,37.66975021362305,485.04998779296875,163.40682983398438,377.0917663574219,100.3499984741211,25.89100456237793,85.13773345947266,67.11347198486328,67.1474609375,32.1163444519043,218.36770629882812,75.98473358154297,65.73573303222656,138.63363647460938,101.93000030517578,199.66697692871094,181.1450958251953,47.397361755371094,77.88790130615234,365.5021057128906,64.5484848022461,40.45271682739258,249.3675994873047,48.71431350708008,173.93331909179688,375.1148376464844,354.08575439453125,122.5973129272461,178.51806640625,281.9712219238281,31.741485595703125,89.71577453613281,67.55674743652344,107.17578125,242.8628692626953,458.2909851074219,541.6968383789062,139.3673553466797,719.0733032226562,82.77848815917969,537.7828979492188,147.99166870117188,136.45639038085938,493.50811767578125,7280.43994140625,209.97552490234375,88.2300033569336,95.58081817626953,135.44020080566406,123.3367919921875,22.656721115112305,75.62100982666016,154.19435119628906,685.7503051757812,32.58559799194336,116.18710327148438,169.5399932861328,154.92465209960938,518.1605224609375,269.6681213378906,321.6597595214844,241.3583221435547,140.431884765625,32.930503845214844,495.70001220703125,483.194091796875,72.83214569091797,101.99068450927734,139.53785705566406,26.474580764770508,167.2895050048828,40.696876525878906,120.66490936279297,227.1398162841797,426.2159118652344,224.2969512939453,94.12681579589844,43.39191818237305,343.3182067871094,255.10511779785156,38.78102111816406,205.27818298339844,99.95586395263672,159.06211853027344,106.59223937988281,152.3448944091797
2025-06-27,117.97288513183594,288.0538635253906,305.1300048828125,99.31488800048828,191.89756774902344,181.87579345703125,179.4006805419922,269.04315185546875,521.1111450195312,209.68011474609375,351.06512451171875,273.275390625,97.00875854492188,267.3907775878906,818.5999755859375,313.0427551269531,225.81558227539062,37.41416549682617,485.67999267578125,164.95594787597656,379.8862609863281,100.6500015258789,26.969385147094727,86.0299301147461,66.96791076660156,66.85530853271484,32.451602935791016,218.67477416992188,76.13163757324219,66.07337951660156,138.00975036621094,104.19999694824219,197.3441162109375,181.40240478515625,47.54661178588867,78.93258666992188,373.6411437988281,64.44322204589844,41.099178314208984,252.8547821044922,49.22959899902344,177.7624053955078,376.7437438964844,359.1900329589844,122.53833770751953,179.45606994628906,280.3697509765625,31.780176162719727,88.41714477539062,68.39305877685547,107.56619262695312,243.04000854492188,457.6298828125,546.1728515625,139.73594665527344,722.8380126953125,83.31116485595703,547.1229248046875,149.22854614257812,137.37425231933594,492.0100402832031,7375.509765625,207.42999267578125,89.16000366210938,95.65924072265625,138.2544708251953,126.04939270019531,22.609987258911133,76.38301849365234,155.3899383544922,694.5042724609375,32.527442932128906,115.29759216308594,169.3000030517578,155.26742553710938,518.1605224609375,273.4009094238281,325.34759521484375,241.01312255859375,142.39065551757812,33.105712890625,502.6300048828125,485.7178649902344,73.2403335571289,102.60047149658203,140.28172302246094,26.550222396850586,165.1322021484375,40.76384353637695,121.88993072509766,230.89898681640625,429.2944641113281,226.27212524414062,94.66949462890625,43.52507400512695,345.8779602050781,260.2874450683594,38.97446823120117,206.67132568359375,99.77204132080078,161.3115692138672,106.00109100341797,152.7165069580078
2025-06-30,116.82453918457031,291.3979187011719,309.57000732421875,100.57498168945312,197.3380889892578,181.73683166503906,179.82798767089844,271.0624084472656,526.6966552734375,212.79962158203125,355.07611083984375,272.99468994140625,98.08143615722656,273.64495849609375,827.9400024414062,314.8093566894531,229.6277313232422,37.689414978027344,485.7699890136719,165.76502990722656,383.34234619140625,102.7300033569336,27.82021713256836,88.15376281738281,67.22991943359375,67.56622314453125,32.17551040649414,220.77484130859375,76.41563415527344,66.54609680175781,137.4338836669922,103.06999969482422,196.0933380126953,181.33311462402344,48.134300231933594,79.63233184814453,380.95745849609375,64.57717895507812,41.13835906982422,255.71604919433594,48.763858795166016,176.8848876953125,380.5180969238281,357.1444396972656,124.69073486328125,181.1543731689453,283.1040344238281,31.983341217041016,89.00038146972656,68.80148315429688,107.95659637451172,246.83843994140625,462.9482421875,557.705322265625,139.88714599609375,729.8095703125,84.4249496459961,546.0387573242188,149.4445037841797,137.54025268554688,493.4683837890625,7385.66015625,215.70787048339844,90.12999725341797,97.05099487304688,139.7144317626953,127.01130676269531,22.656721115112305,76.61450958251953,154.86505126953125,692.4520874023438,32.8472900390625,115.34593963623047,172.33999633789062,155.97256469726562,522.1387329101562,271.3529357910156,327.53662109375,243.2223663330078,143.7293243408203,32.90129470825195,512.6799926757812,494.705810546875,73.63878631591797,102.9295654296875,143.14804077148438,27.363370895385742,166.9134521484375,41.12738037109375,121.99861145019531,233.85333251953125,434.37896728515625,224.97164916992188,94.4449462890625,43.51545333862305,352.2674865722656,258.93731689453125,39.858787536621094,208.32318115234375,100.80719757080078,160.47662353515625,104.46989440917969,152.50132751464844
2025-07-01,119.49114227294922,295.034423828125,311.6700134277344,101.1856460571289,196.191162109375,182.4217987060547,181.91482543945312,282.0423889160156,531.50244140625,216.12130737304688,355.2452697753906,278.05975341796875,96.73065185546875,262.8143310546875,775.3800048828125,318.3129577636719,227.3069610595703,38.03347396850586,489.6099853515625,162.7078399658203,386.0184326171875,103.72000122070312,28.334671020507812,89.25932312011719,68.05476379394531,67.29353332519531,33.00381088256836,222.20132446289062,78.7757797241211,67.12493133544922,139.7182159423828,105.4000015258789,199.62728881835938,184.2327880859375,49.32832717895508,83.88004302978516,387.6175537109375,64.35710906982422,41.98072052001953,247.40049743652344,51.558292388916016,176.40626525878906,386.90478515625,363.4955749511719,124.42536163330078,179.56468200683594,283.59228515625,32.47672653198242,89.30939483642578,69.69615173339844,112.71952819824219,248.15704345703125,470.417724609375,560.355224609375,140.7283172607422,724.7899780273438,85.95519256591797,554.7123413085938,150.9856719970703,137.7452850341797,488.1508483886719,7667.85009765625,216.033447265625,90.5,98.4329605102539,141.5970001220703,130.10867309570312,23.404468536376953,77.96488189697266,156.7119140625,697.2206420898438,32.9442138671875,119.0683364868164,173.07000732421875,156.1096649169922,531.9946899414062,269.19622802734375,333.88677978515625,241.30899047851562,141.92803955078125,34.26407241821289,521.780029296875,496.6103820800781,74.03726196289062,104.2749252319336,143.85223388671875,27.306636810302734,168.49679565429688,42.28495407104492,123.6484375,237.043212890625,431.1614074707031,230.3397674560547,97.747802734375,44.70792770385742,352.6842041015625,262.759521484375,40.23646545410156,208.31321716308594,101.33929443359375,166.1935577392578,105.86540222167969,155.66970825195312
2025-07-02,119.69947052001953,294.7126770019531,310.3399963378906,100.09033203125,190.84869384765625,188.62628173828125,180.85154724121094,288.1877136230469,535.2918701171875,214.54229736328125,349.89068603515625,282.76434326171875,97.8530044555664,267.9367980957031,774.5499877929688,321.3526611328125,226.1578826904297,39.15412902832031,480.4800109863281,160.312744140625,393.4342346191406,103.16999816894531,29.333904266357422,89.60844421386719,67.6277847290039,66.79685974121094,33.14186096191406,213.6326446533203,78.58970642089844,64.25006103515625,142.03134155273438,106.26000213623047,201.0170135498047,186.2021942138672,49.02981948852539,87.29988861083984,343.04388427734375,63.792572021484375,41.80440902709961,243.1582489013672,52.20240020751953,179.24813842773438,375.4922180175781,362.219482421875,120.7889175415039,179.44619750976562,285.14495849609375,32.73794174194336,91.52014923095703,68.95709228515625,112.5438461303711,249.51504516601562,470.8321533203125,557.2885131835938,141.02130126953125,702.59033203125,85.49998474121094,555.6970825195312,151.14273071289062,139.4931182861328,487.1984558105469,7768.509765625,226.90615844726562,89.31999969482422,97.81549835205078,140.1947021484375,131.28219604492188,23.66617774963379,77.65623474121094,156.6924591064453,705.3301391601562,32.508056640625,122.26862335205078,173.30999755859375,158.96939086914062,544.7546997070312,271.5904235839844,337.95916748046875,234.98193359375,142.2528533935547,34.955196380615234,523.1099853515625,493.1578063964844,72.71551513671875,106.74140930175781,150.69573974609375,26.767688751220703,171.6040802001953,43.0789909362793,123.79662322998047,233.0288543701172,429.71148681640625,231.8944549560547,98.74894714355469,45.669593811035156,351.4440002441406,263.7919921875,40.153560638427734,212.83096313476562,100.3718490600586,170.1128692626953,107.61949920654297,155.56214904785156
2025-07-03,120.41374206542969,297.1402893066406,316.6600036621094,100.67191314697266,194.0933837890625,189.65869140625,183.03778076171875,289.537109375,536.1405029296875,213.50245666503906,353.0855407714844,284.2643737792969,98.78662872314453,273.1783752441406,795.47998046875,324.6573486328125,226.7544403076172,38.967350006103516,485.0,163.2323760986328,392.8713684082031,102.91999816894531,29.64059829711914,89.97696685791016,68.38470458984375,67.96273803710938,33.131996154785156,217.29783630371094,79.30461120605469,65.05078125,142.40565490722656,106.19999694824219,201.71189880371094,186.67723083496094,49.02048873901367,87.4378662109375,340.6834411621094,63.993499755859375,42.245182037353516,245.2744140625,52.410499572753906,180.035888671875,374.04205322265625,362.0538635253906,122.84300994873047,180.7989044189453,290.443603515625,32.689571380615234,91.86590576171875,69.38496398925781,107.94642639160156,251.65042114257812,469.2632751464844,564.9503173828125,142.212158203125,716.3841552734375,85.60652160644531,554.9212646484375,150.13165283203125,140.74295043945312,494.8870544433594,7623.240234375,234.14804077148438,91.33000183105469,97.53125762939453,141.31846618652344,130.22412109375,23.722259521484375,78.12885284423828,156.3328094482422,712.953857421875,32.76974868774414,123.07112121582031,175.97999572753906,158.86167907714844,544.3767700195312,276.8239440917969,342.2287902832031,238.3926239013672,143.46356201171875,34.702110290527344,548.739990234375,496.8824768066406,73.007080078125,107.54082489013672,148.21620178222656,26.81496810913086,172.47491455078125,43.566898345947266,124.33998107910156,236.29727172851562,434.35906982421875,231.03399658203125,97.42967224121094,46.09272766113281,356.0476379394531,264.31817626953125,40.11671447753906,213.3185577392578,100.94264221191406,170.1227264404297,108.73397064208984,155.659912109375
2025-07-07,118.30069732666016,293.00653076171875,315.30999755859375,100.97239685058594,190.70166015625,189.39065551757812,181.2291717529297,284.4014587402344,529.3511962890625,211.83680725097656,351.562744140625,281.5175476074219,97.88280487060547,272.1856689453125,802.1599731445312,319.31451416015625,230.6859893798828,38.42668533325195,478.0299987792969,165.90460205078125,386.60101318359375,101.8499984741211,28.997529983520508,90.5103530883789,67.56956481933594,67.53166198730469,32.58965301513672,215.4949493408203,78.79536437988281,64.32723999023438,141.47463989257812,105.75,198.1680450439453,185.43026733398438,47.871795654296875,84.55020141601562,339.74322509765625,63.840415954589844,41.598716735839844,247.3936309814453,51.350196838378906,177.05441284179688,376.4258728027344,358.1185302734375,121.3884506225586,180.77915954589844,286.4892272949219,32.67988967895508,90.67757415771484,69.05432891845703,107.0641860961914,252.3392333984375,463.35284423828125,560.861328125,141.85299682617188,732.3492431640625,84.90921020507812,553.3297119140625,149.05184936523438,140.35238647460938,493.77593994140625,7575.0,229.1556854248047,92.66999816894531,97.79589080810547,139.91615295410156,129.32952880859375,23.59140396118164,77.34756469726562,156.01205444335938,700.5020751953125,32.64374923706055,122.21062469482422,174.82000732421875,154.82672119140625,535.17724609375,282.7599182128906,334.2023010253906,239.7173309326172,143.6309051513672,34.020721435546875,536.52001953125,497.4172668457031,72.297607421875,107.00464630126953,147.1748046875,26.86224365234375,169.3577117919922,43.2033576965332,123.65831756591797,233.2349853515625,431.5884094238281,230.12464904785156,94.36073303222656,45.9484748840332,353.84503173828125,265.0726623535156,39.42583465576172,212.05479431152344,100.91361999511719,166.21322631835938,107.67764282226562,153.5770263671875
2025-07-08,120.04669189453125,295.7265625,314.9100036621094,100.76884460449219,189.5841522216797,193.57000732421875,180.19566345214844,288.33331298828125,529.0057983398438,212.4915008544922,352.89642333984375,284.7611083984375,96.75051879882812,269.8229675292969,790.219970703125,313.6253356933594,226.61680603027344,39.429378509521484,477.4700012207031,162.75732421875,389.34613037109375,102.58000183105469,28.532541275024414,89.3563003540039,67.31724548339844,67.19854736328125,32.924922943115234,213.26608276367188,79.04019165039062,64.57807922363281,147.0798797607422,105.29000091552734,199.21034240722656,186.47927856445312,48.089786529541016,84.32353210449219,342.2701110839844,63.74473571777344,41.961124420166016,245.80172729492188,51.71684265136719,174.66123962402344,375.05523681640625,357.98211669921875,120.35647583007812,178.69580078125,277.47174072265625,32.921749114990234,91.33334350585938,68.30553436279297,108.2405014038086,252.98873901367188,463.7080383300781,558.2014770507812,142.013671875,721.1746826171875,85.79054260253906,556.1149291992188,150.91697692871094,137.8038787841797,492.68463134765625,7518.3701171875,231.36573791503906,91.63999938964844,97.6978759765625,139.18617248535156,129.8970489501953,23.946584701538086,78.59185028076172,153.4750213623047,700.8292236328125,32.54682922363281,125.69129943847656,178.89999389648438,156.1586456298828,544.7647094726562,281.87939453125,333.4331970214844,236.5834503173828,142.63673400878906,35.56844711303711,551.510009765625,493.8614807128906,72.22957611083984,106.45868682861328,143.2869110107422,26.748781204223633,170.63429260253906,43.43296432495117,123.74722290039062,231.6056671142578,423.9318542480469,231.2882080078125,95.79228210449219,45.83307647705078,351.77142333984375,264.52667236328125,39.665348052978516,210.74124145507812,100.2847900390625,166.21322631835938,110.6624984741211,154.31044006347656
2025-07-09,120.3343734741211,289.94525146484375,307.2699890136719,101.52489471435547,190.26051330566406,193.96710205078125,181.13973999023438,287.8673095703125,532.3610229492188,213.57949829101562,355.2353515625,286.60205078125,97.54509735107422,275.8786315917969,805.8599853515625,313.9914245605469,224.8203887939453,38.66261672973633,478.9100036621094,162.56927490234375,397.13720703125,103.41000366210938,28.522647857666016,88.81322479248047,67.69571685791016,67.86476135253906,32.86575698852539,214.60340881347656,78.29591369628906,64.30795288085938,146.86874389648438,104.91000366210938,199.48831176757812,186.271484375,47.98552703857422,85.35835266113281,339.2339172363281,63.65861892700195,42.509639739990234,249.0651397705078,52.09340286254883,177.15414428710938,375.8895568847656,361.43048095703125,119.77661895751953,179.8609161376953,277.8446350097656,32.55412673950195,91.72681427001953,67.56646728515625,113.0829849243164,254.91741943359375,465.010498046875,561.6102905273438,141.98532104492188,724.2820434570312,86.19731903076172,564.002685546875,153.11582946777344,138.2139892578125,499.5200500488281,7700.93017578125,232.65823364257812,92.58000183105469,97.3646240234375,140.1754608154297,129.3583984375,23.8905029296875,77.99382019042969,153.11538696289062,701.4935302734375,32.72128677368164,126.18439483642578,210.47000122070312,156.0607147216797,549.5684204101562,287.459228515625,335.5137634277344,237.769775390625,143.88681030273438,35.28615188598633,550.9500122070312,496.05682373046875,72.39479064941406,106.65367126464844,140.8470458984375,26.56913185119629,170.85198974609375,43.2033576965332,123.9349365234375,228.0133514404297,430.60528564453125,231.2393341064453,95.57708740234375,45.48687744140625,354.956298828125,268.00140380859375,39.25082015991211,212.00502014160156,100.82654571533203,170.65313720703125,110.28455352783203,154.7700653076172
2025-07-10,123.18152618408203,282.537841796875,286.1099853515625,102.78500366210938,190.83888244628906,196.58787536621094,180.3049774169922,291.6049499511719,535.3609008789062,212.7899627685547,357.3055114746094,286.4657287597656,97.64442443847656,273.39678955078125,732.989990234375,321.7978820800781,226.822265625,39.03616714477539,478.2699890136719,160.50079345703125,403.2101135253906,103.97000122070312,28.78976821899414,87.8822250366211,68.45262145996094,67.3651123046875,33.07283401489258,214.52415466308594,75.14253997802734,63.30464553833008,147.9724884033203,104.94999694824219,204.0049591064453,188.54766845703125,48.611061096191406,90.76901245117188,338.7441711425781,64.18487548828125,42.666358947753906,251.29383850097656,52.66814422607422,178.191162109375,375.7703857421875,363.6319274902344,119.85523986816406,179.52520751953125,282.7801818847656,32.55412673950195,92.267333984375,67.84847259521484,114.14167022705078,255.95071411132812,464.0928649902344,560.0301513671875,142.80758666992188,711.6434326171875,86.58472442626953,561.3766479492188,154.43124389648438,139.71768188476562,497.5061340332031,7689.72021484375,232.3517303466797,92.37999725341797,97.97230529785156,139.57034301757812,130.89744567871094,24.096132278442383,78.70759582519531,154.05825805664062,708.1455688476562,33.27375411987305,129.935791015625,194.58999633789062,155.8060760498047,556.7092895507812,286.7765808105469,340.13836669921875,237.3545684814453,144.10336303710938,35.67552185058594,566.1900024414062,497.0888671875,72.79325866699219,107.44335174560547,143.31666564941406,26.376230239868164,173.20721435546875,43.52862548828125,122.66051483154297,223.9302978515625,431.5188903808594,231.73800659179688,96.29753112792969,45.746524810791016,353.09100341796875,268.7757568359375,39.34254837036133,212.7015838623047,102.239013671875,173.37408447265625,111.37964630126953,155.288330078125
2025-07-11,122.29861450195312,275.38525390625,280.3900146484375,102.10647583007812,189.51553344726562,196.4886016845703,179.83792114257812,286.6537780761719,529.2426147460938,211.0858154296875,353.9912414550781,284.3909912109375,98.09137725830078,272.38421630859375,729.6199951171875,316.0889892578125,226.766357421875,40.009368896484375,475.8599853515625,159.3131561279297,400.830322265625,102.76000213623047,28.35445785522461,86.87364959716797,68.26824951171875,66.57154083251953,33.625030517578125,213.41470336914062,73.8008804321289,62.494285583496094,149.06666564941406,101.7300033569336,203.3498077392578,186.9840087890625,48.39306640625,89.76375579833984,333.6609802246094,63.90739440917969,42.38230514526367,254.12942504882812,52.90596389770508,180.79371643066406,373.5355529785156,360.485595703125,118.86260223388672,178.23171997070312,281.4751281738281,32.39934158325195,91.86590576171875,67.94573211669922,111.71063232421875,255.40945434570312,462.58319091796875,546.772705078125,142.44842529296875,706.7135620117188,87.08834838867188,559.0093994140625,152.9783935546875,138.92677307128906,499.3315734863281,7632.240234375,227.96176147460938,91.62000274658203,97.51165008544922,137.63014221191406,130.10867309570312,23.974624633789062,77.52119445800781,152.6585235595703,708.7504272460938,33.215599060058594,127.34464263916016,193.50999450683594,154.209716796875,564.6458129882812,283.92730712890625,338.2845764160156,238.46182250976562,144.5659942626953,36.31797409057617,559.280029296875,494.49945068359375,72.46282958984375,106.80965423583984,145.9746856689453,25.7554988861084,175.26556396484375,43.46166229248047,122.2159423828125,223.54750061035156,434.46832275390625,229.88018798828125,94.75370788574219,45.333011627197266,345.20330810546875,267.0582275390625,38.958770751953125,212.61203002929688,102.07455444335938,171.72386169433594,111.86419677734375,151.53326416015625
2025-07-14,119.12408447265625,274.33685302734375,294.54998779296875,101.79630279541016,192.3289031982422,195.66465759277344,177.24423217773438,288.3623962402344,531.8773803710938,213.53134155273438,358.12164306640625,283.2513732910156,99.53155517578125,273.5953369140625,750.260009765625,317.5236511230469,228.70753479003906,39.19344711303711,476.30999755859375,160.02572631835938,400.68218994140625,103.23999786376953,29.007423400878906,86.16569519042969,68.46234130859375,66.44417572021484,33.50670623779297,214.86094665527344,73.83025360107422,62.089107513427734,145.55380249023438,98.37999725341797,196.3018035888672,186.9444122314453,48.29829025268555,88.2952880859375,333.0733337402344,64.12747192382812,44.1453742980957,261.01446533203125,52.84651184082031,182.28944396972656,377.885986328125,360.5245056152344,120.79875183105469,179.52520751953125,283.2806396484375,32.17682647705078,91.59367370605469,67.55674743652344,110.66173553466797,258.1254577636719,462.5535888671875,549.5951538085938,142.9587860107422,712.6693115234375,86.90434265136719,561.8143310546875,155.01040649414062,140.5769500732422,499.0339050292969,7592.2001953125,226.69618225097656,93.12000274658203,98.05072021484375,138.60986328125,130.40687561035156,23.6942195892334,78.08061981201172,149.4604949951172,705.9547729492188,33.69051742553711,124.73410034179688,191.0800018310547,151.1051483154297,567.4802856445312,285.90594482421875,338.3832092285156,241.38809204101562,146.9381866455078,35.2569580078125,549.530029296875,497.3609619140625,72.45310974121094,107.26785278320312,147.85914611816406,25.93694305419922,174.34523010253906,43.69125747680664,122.06776428222656,223.9302978515625,436.1466064453125,228.12994384765625,93.67769622802734,45.256072998046875,347.7531433105469,267.98150634765625,38.921329498291016,211.92543029785156,102.40348052978516,167.44107055664062,110.40084075927734,152.20797729492188
2025-07-15,112.04092407226562,270.49603271484375,288.9599914550781,101.1953353881836,188.63328552246094,197.8386993408203,175.3362579345703,283.9743347167969,515.7823486328125,210.7777099609375,350.716796875,279.2090759277344,98.76676940917969,278.8965148925781,745.8699951171875,307.3623352050781,225.1174774169922,38.32838439941406,470.1300048828125,159.3626251220703,399.56640625,101.94999694824219,28.66115379333496,85.48685455322266,68.24884033203125,65.81715393066406,33.013668060302734,211.2353973388672,72.77259826660156,61.683921813964844,144.6324005126953,95.31999969482422,191.4476318359375,185.1333770751953,47.786495208740234,84.85572814941406,329.2927551269531,63.275875091552734,44.20414352416992,263.33270263671875,52.23212814331055,182.57864379882812,369.2942199707031,349.3516540527344,117.67337799072266,177.52081298828125,281.1709899902344,31.67376136779785,93.05325317382812,67.44976806640625,105.60359954833984,257.003662109375,454.4427490234375,546.9515991210938,140.7487030029297,707.9385375976562,86.41039276123047,545.5016479492188,153.71463012695312,138.2530517578125,501.811767578125,7301.0,232.3121795654297,91.19000244140625,97.4038314819336,135.1232452392578,128.71389770507812,23.002553939819336,76.56627655029297,148.4107208251953,702.534423828125,34.262367248535156,124.01863861083984,192.22000122070312,151.1149444580078,544.9736328125,282.9973449707031,341.7554626464844,239.1044158935547,146.34759521484375,34.13753128051758,569.0999755859375,490.00543212890625,72.05464172363281,99.4491958618164,147.82940673828125,25.803247451782227,173.61294555664062,42.44758605957031,120.26973724365234,221.83970642089844,433.3362121582031,226.00811767578125,93.12566375732422,43.93859100341797,344.3004150390625,259.6719665527344,38.62178421020508,209.57699584960938,101.37798309326172,160.72218322753906,109.42204284667969,149.4796905517578
2025-07-16,112.52701568603516,274.0233459472656,289.4700012207031,102.25187683105469,191.7603302001953,193.3913116455078,175.94244384765625,290.2943420410156,517.923828125,215.05259704589844,352.886474609375,281.48834228515625,99.8692626953125,278.7674255371094,742.77001953125,308.59912109375,224.42730712890625,38.023643493652344,471.30999755859375,159.4517059326172,407.7030334472656,103.79000091552734,28.73040771484375,85.01165771484375,68.59819793701172,66.00330352783203,32.79672622680664,212.00804138183594,73.28184509277344,61.54886245727539,143.89334106445312,97.87999725341797,191.8843994140625,185.89540100097656,48.27933883666992,85.1513900756836,337.46112060546875,64.06048583984375,44.66450119018555,264.8350524902344,52.69786834716797,183.24671936035156,360.13641357421875,348.14373779296875,118.47930145263672,178.51806640625,280.4547119140625,32.12845230102539,92.75121307373047,67.36224365234375,107.27003479003906,259.4538879394531,453.5645751953125,552.0797119140625,143.54591369628906,712.838623046875,86.9527587890625,543.4525146484375,154.66680908203125,136.49546813964844,501.6133117675781,7376.08984375,238.5807342529297,91.23999786376953,98.3447494506836,136.6312255859375,130.1952667236328,23.002553939819336,76.99068450927734,149.4313507080078,704.1007690429688,34.07821273803711,119.57109832763672,194.19000244140625,150.8896942138672,544.9437866210938,281.6518859863281,346.7646179199219,238.6002197265625,147.81423950195312,33.67029571533203,571.2000122070312,491.9569091796875,73.12370300292969,102.39337158203125,145.9152069091797,25.736400604248047,174.5431671142578,42.43802261352539,119.88444519042969,224.50938415527344,433.95196533203125,226.04721069335938,93.21923065185547,43.92897415161133,347.15789794921875,258.7387390136719,38.6124267578125,210.50241088867188,102.67435455322266,162.0875701904297,108.76304626464844,148.18885803222656
2025-07-17,115.43370056152344,276.9921569824219,292.1600036621094,102.6783676147461,189.21163940429688,191.11801147460938,178.57586669921875,289.54681396484375,532.7064208984375,214.7444610595703,352.9561462402344,285.9591979980469,101.26971435546875,284.3664245605469,745.8599853515625,312.0125732421875,225.4510498046875,38.515159606933594,473.3999938964844,157.81871032714844,412.8280029296875,104.23999786376953,29.136037826538086,84.60433959960938,68.75345611572266,66.91444396972656,34.01945877075195,219.83377075195312,73.99673461914062,61.066505432128906,145.29466247558594,101.22000122070312,193.36346435546875,188.61692810058594,48.64896774291992,85.30907440185547,296.22735595703125,64.37625122070312,44.93876266479492,258.9648742675781,52.727596282958984,184.174072265625,360.15631103515625,349.74127197265625,120.22871398925781,179.64369201660156,284.4580993652344,32.786312103271484,93.10791015625,68.64588928222656,107.53469848632812,261.2744445800781,455.1630554199219,552.1691284179688,143.83230590820312,707.4008178710938,86.71063232421875,550.1467895507812,156.11964416503906,137.5792999267578,507.6451416015625,7438.25,245.94677734375,91.58999633789062,99.06023406982422,137.63014221191406,139.90098571777344,22.97451400756836,78.09992218017578,151.26849365234375,717.0284423828125,34.514366149902344,121.03105926513672,197.0,149.4598388671875,547.00244140625,283.20513916015625,351.517333984375,237.43368530273438,149.12335205078125,33.748165130615234,589.010009765625,492.8951110839844,74.1441650390625,104.78186798095703,145.51849365234375,25.774599075317383,175.82962036132812,43.05985641479492,120.69454193115234,222.83102416992188,446.9412841796875,222.4391632080078,93.09759521484375,43.476993560791016,347.068603515625,261.1114501953125,38.33161163330078,211.65673828125,102.74207305908203,167.1856689453125,108.21066284179688,146.71226501464844
2025-07-18,113.08255767822266,276.7373962402344,297.0299987792969,104.1032485961914,190.25074768066406,189.05316162109375,177.39329528808594,286.1586608886719,537.3740234375,216.41014099121094,354.4291687011719,287.644287109375,102.64036560058594,281.279052734375,756.0900268554688,304.6908874511719,226.20309448242188,39.045997619628906,473.79998779296875,157.91766357421875,408.5226745605469,105.13999938964844,29.234970092773438,84.72140502929688,69.79179382324219,66.66950988769531,33.910987854003906,219.8535919189453,74.1142578125,59.77378845214844,144.00851440429688,101.91000366210938,188.658203125,186.291259765625,48.46888732910156,85.9496841430664,271.3890686035156,64.27098846435547,45.11506652832031,261.9397277832031,52.73750686645508,185.41053771972656,358.6862487792969,350.0919189453125,120.7496109008789,178.43907165527344,285.8023986816406,32.44770812988281,92.5157241821289,67.92627716064453,107.40727996826172,260.54620361328125,458.8336486816406,549.2373657226562,143.93734741210938,706.9226684570312,86.7881088256836,562.0232543945312,150.4163360595703,137.5109405517578,506.0082092285156,7422.830078125,242.6839599609375,92.33999633789062,97.46265411376953,137.79344177246094,137.78475952148438,22.8716983795166,78.18673706054688,151.79405212402344,716.3543090820312,34.87298583984375,121.7271957397461,199.61000061035156,151.60462951660156,539.563232421875,286.4006042480469,351.0342102050781,237.75990295410156,149.12335205078125,32.434059143066406,584.760009765625,491.9756774902344,76.04904174804688,105.78601837158203,147.84925842285156,25.726848602294922,177.10618591308594,42.33279037475586,120.69454193115234,223.0076904296875,444.2301940917969,219.8773193359375,92.83561706542969,43.93859100341797,346.31451416015625,264.6755676269531,38.228641510009766,210.87062072753906,104.30933380126953,168.02386474609375,104.44082641601562,145.7998046875
2025-07-21,111.14808654785156,276.7471923828125,295.1600036621094,105.208251953125,189.11361694335938,191.2073516845703,176.97592163085938,287.23626708984375,527.4663696289062,218.07579040527344,349.2536926269531,286.0955810546875,103.00786590576172,286.1136169433594,751.5499877929688,299.7635803222656,225.18174743652344,39.173789978027344,474.4100036621094,156.94773864746094,406.4116516113281,106.4000015258789,29.472414016723633,84.52629089355469,70.11203002929688,66.95362091064453,33.88140869140625,219.2394256591797,73.85962677001953,59.4650764465332,143.66299438476562,105.0999984741211,186.69271850585938,185.0443115234375,48.260379791259766,84.79659271240234,270.76226806640625,64.08918762207031,45.075889587402344,261.5318603515625,52.727596282958984,190.60569763183594,362.0931091308594,354.6117858886719,119.28520965576172,178.52793884277344,285.50799560546875,32.2348747253418,93.17546844482422,68.14021301269531,107.27003479003906,258.8929748535156,464.1816711425781,551.215087890625,143.22132873535156,708.3270263671875,86.87528228759766,560.2626953125,150.0138702392578,137.15943908691406,506.0181579589844,7376.2001953125,240.79547119140625,94.1500015258789,96.54133605957031,138.06442260742188,136.30340576171875,22.6754150390625,75.94896697998047,151.7255401611328,705.0922241210938,35.086219787597656,121.8722152709961,198.82000732421875,155.6885528564453,542.556884765625,285.6784362792969,345.8179931640625,237.30514526367188,149.1824188232422,32.648216247558594,591.4600219726562,489.8553161621094,76.36003112792969,105.3765640258789,148.4046630859375,26.14703369140625,177.64056396484375,42.791988372802734,123.43110656738281,228.317626953125,439.4138488769531,220.83555603027344,92.53620147705078,44.025142669677734,348.1897277832031,263.0970458984375,39.77314376831055,208.8505859375,104.75435638427734,169.80873107910156,104.71217346191406,144.59295654296875
2025-07-22,115.26506042480469,281.1661376953125,299.42999267578125,106.77853393554688,193.53463745117188,185.77719116210938,178.07899475097656,296.7697448730469,529.5090942382812,223.70822143554688,352.5480651855469,290.3910827636719,101.09093475341797,276.5635681152344,720.739990234375,300.9212341308594,229.0839385986328,39.340904235839844,478.1300048828125,155.4829864501953,413.4681396484375,110.25,29.57134437561035,86.5360336303711,71.40267944335938,66.77728271484375,34.73929214477539,217.6148223876953,75.2110824584961,59.56747817993164,144.00851440429688,105.69000244140625,188.51922607421875,187.5778045654297,49.312408447265625,87.71382141113281,275.9238586425781,65.3713607788086,46.114139556884766,257.6913146972656,48.44675827026367,191.56297302246094,348.6046447753906,361.4012451171875,121.09358978271484,178.51806640625,285.95941162109375,32.67988967895508,88.650634765625,67.74151611328125,116.19041442871094,260.2018127441406,465.75054931640625,555.2996826171875,146.2572021484375,706.5940551757812,88.76387023925781,567.941650390625,148.42361450195312,136.7395782470703,501.2660827636719,7909.52001953125,235.42669677734375,95.3499984741211,98.98182678222656,139.9225616455078,140.47811889648438,23.497934341430664,77.35721588134766,154.9454345703125,714.9069213867188,35.677452087402344,121.97856903076172,202.8699951171875,154.7288055419922,557.8729248046875,285.2332458496094,348.6874084472656,239.54928588867188,146.8299102783203,33.43667221069336,615.1300048828125,485.8116760253906,77.5554428100586,106.95589447021484,145.38954162597656,26.18523597717285,178.59056091308594,43.25119400024414,124.08312225341797,228.93597412109375,444.5777893066406,224.15029907226562,94.63207244873047,44.39057540893555,349.10247802734375,265.8470764160156,40.21308898925781,210.85072326660156,106.51509857177734,176.1297149658203,105.1870346069336,148.34100341796875
2025-07-23,118.51893615722656,280.2647399902344,300.9800109863281,105.5475082397461,193.71109008789062,185.6481170654297,180.14598083496094,300.19671630859375,529.8839721679688,221.61891174316406,355.5936279296875,290.1573486328125,100.0281753540039,281.6264953613281,705.219970703125,305.3934020996094,227.52870178222656,43.92182922363281,482.6300048828125,156.1361846923828,423.77532958984375,109.7300033569336,30.41228485107422,86.62384033203125,70.73309326171875,67.22795867919922,34.48291778564453,219.1205291748047,75.593017578125,60.31841278076172,146.96470642089844,108.08999633789062,196.44078063964844,188.9237060546875,49.568302154541016,88.38399505615234,290.49774169921875,65.39049530029297,46.45696258544922,261.8502502441406,52.648319244384766,190.9646759033203,350.88916015625,366.6029357910156,121.1132583618164,178.71556091308594,291.1893310546875,32.40901184082031,89.13451385498047,67.25527954101562,114.94548797607422,265.2991638183594,463.74749755859375,558.6090087890625,145.8085174560547,711.105712890625,89.11253356933594,571.6915893554688,148.0505828857422,138.85842895507812,501.8613586425781,7899.83984375,239.17396545410156,95.41999816894531,86.73038482666016,140.56129455566406,140.1125946044922,23.70356559753418,78.01310729980469,154.90626525878906,721.8961181640625,35.3672981262207,123.61255645751953,201.36000061035156,156.57977294921875,569.2705078125,291.1889953613281,352.9964599609375,240.49835205078125,154.03509521484375,34.205665588378906,614.4199829101562,493.1765441894531,77.14725494384766,107.87229919433594,151.50901794433594,26.50037384033203,199.93592834472656,43.83476257324219,124.83393859863281,229.60340881347656,456.16693115234375,225.87123107910156,96.8682861328125,44.515594482421875,352.5056457519531,267.16741943359375,40.10076141357422,213.32850646972656,105.47992706298828,181.0997314453125,106.53409576416016,150.55841064453125
2025-07-24,119.39192962646484,276.0221252441406,301.1000061035156,105.62505340576172,190.11349487304688,186.75003051757812,178.5957489013672,299.5462951660156,510.2857360839844,222.63949584960938,354.9267883300781,289.50469970703125,103.7527847290039,286.6099548339844,709.260009765625,304.98773193359375,224.10484313964844,44.94417953491211,480.6000061035156,156.6508331298828,425.6881408691406,113.91000366210938,29.462520599365234,86.2921371459961,70.73309326171875,66.90464782714844,34.51249694824219,220.78477478027344,75.14253997802734,57.2951774597168,149.56578063964844,104.94000244140625,201.3247528076172,184.69793701171875,48.7342643737793,85.51604461669922,274.6603698730469,64.73028564453125,46.94670104980469,266.65582275390625,51.86548614501953,192.64987182617188,339.1786193847656,363.4273376464844,120.92652130126953,181.2629852294922,290.9832763671875,32.47672653198242,89.83897399902344,67.19692993164062,111.2695083618164,268.8614196777344,465.2275695800781,560.0103149414062,144.80609130859375,707.3111572265625,89.41277313232422,578.3458862304688,146.55850219726562,139.14158630371094,506.8316650390625,7789.39013671875,240.09349060058594,98.16000366210938,87.42626190185547,141.68392944335938,139.00637817382812,23.6942195892334,77.48260498046875,155.4249725341797,723.3336791992188,35.454524993896484,120.1995620727539,202.05999755859375,155.5612335205078,561.5626831054688,292.1981201171875,352.0301513671875,242.3173828125,152.78500366210938,34.30301284790039,609.6799926757812,498.0458679199219,78.1968765258789,108.19400787353516,151.479248046875,26.6627197265625,203.4588623046875,43.50949478149414,124.73515319824219,242.92242431640625,458.53045654296875,215.6239013671875,95.93263244628906,44.294410705566406,351.19598388671875,269.4607849121094,40.325416564941406,199.71559143066406,105.97332763671875,178.03289794921875,107.36752319335938,149.94027709960938
2025-07-25,119.22329711914062,277.4330749511719,303.2799987792969,106.41988372802734,191.83876037597656,184.33775329589844,178.9634246826172,297.63372802734375,514.193603515625,221.32044982910156,371.1299743652344,291.4722595214844,104.30899810791016,288.06927490234375,735.010009765625,308.3121337890625,223.401611328125,45.268577575683594,484.07000732421875,155.52255249023438,429.8804016113281,111.4800033569336,29.432838439941406,85.78482055664062,70.6263427734375,67.2965316772461,35.26190948486328,221.4583740234375,75.08377075195312,59.1968879699707,148.61557006835938,116.8499984741211,203.97518920898438,184.56927490234375,50.18435287475586,89.09358215332031,283.1520080566406,64.46236419677734,46.7703971862793,270.2177429199219,52.91587448120117,193.52737426757812,332.06689453125,365.61907958984375,121.23119354248047,182.11212158203125,293.0144348144531,32.186500549316406,89.63131713867188,67.26499938964844,113.05358123779297,264.9842834472656,466.6090087890625,564.7009887695312,144.7774658203125,708.9345703125,90.01325225830078,582.6130981445312,148.49232482910156,139.6395721435547,509.6392517089844,7792.93017578125,242.35769653320312,97.66000366210938,88.00454711914062,143.22271728515625,137.9867706298828,23.570613861083984,78.17708587646484,154.9258575439453,732.4544067382812,35.44483184814453,120.82801818847656,204.50999450683594,155.1302947998047,560.0310668945312,295.04742431640625,353.5190734863281,242.3668212890625,154.41896057128906,34.52689743041992,601.5499877929688,501.8924560546875,78.54674530029297,110.09505462646484,149.6543426513672,26.739118576049805,205.89324951171875,43.67212677001953,124.91297149658203,239.0454864501953,468.79876708984375,219.7501983642578,96.89635467529297,44.5444450378418,354.24188232421875,272.8461608886719,40.325416564941406,196.2427215576172,105.9539794921875,179.18667602539062,106.98958587646484,149.25344848632812
2025-07-28,118.58838653564453,271.4464416503906,304.4700012207031,104.63636016845703,188.21176147460938,188.8843994140625,177.72125244140625,292.4981384277344,511.61798095703125,215.8709716796875,367.4175720214844,287.8877868652344,105.97762298583984,292.1593017578125,736.2899780273438,307.4513244628906,225.2451934814453,45.76009750366211,481.70001220703125,154.7209014892578,429.07763671875,108.80000305175781,29.41305160522461,84.36044311523438,69.22895812988281,66.54215240478516,35.212608337402344,218.30825805664062,73.85962677001953,58.16313934326172,149.9976806640625,112.38999938964844,201.45379638671875,183.01551818847656,49.53987121582031,91.18294525146484,280.09619140625,63.35243225097656,45.83988571166992,269.24267578125,52.96541976928711,192.86923217773438,338.2449951171875,367.4601745605469,119.15744018554688,180.48294067382812,292.6807861328125,31.896276473999023,91.72383880615234,66.21473693847656,113.84758758544922,265.1712341308594,461.2511291503906,564.7606811523438,142.58169555664062,703.4169921875,89.07379913330078,572.8155517578125,149.2579803466797,139.20018005371094,508.4388122558594,7845.2998046875,244.9185333251953,97.33000183105469,86.1521224975586,141.54843139648438,136.17837524414062,23.11422348022461,77.54048919677734,153.76121520996094,732.6923828125,34.611289978027344,123.45787048339844,204.0,157.72560119628906,555.58544921875,298.5001525878906,351.0638122558594,238.6595458984375,153.62167358398438,35.04280090332031,592.6300048828125,497.633056640625,78.05108642578125,109.62710571289062,149.22784423828125,26.35713005065918,207.15992736816406,43.136390686035156,123.87565612792969,233.7846221923828,469.2655334472656,224.15029907226562,95.04376220703125,44.32325744628906,352.6842041015625,268.16021728515625,39.65145492553711,196.043701171875,103.999755859375,185.6161346435547,107.99745178222656,147.90927124023438
2025-07-29,118.88599395751953,273.26885986328125,306.6099853515625,105.86739349365234,190.0742645263672,187.03794860839844,177.84048461914062,294.701904296875,514.1245727539062,206.7243194580078,352.3589782714844,287.52740478515625,104.59703063964844,295.25665283203125,728.739990234375,305.274658203125,221.75550842285156,44.97367477416992,476.55999755859375,155.76998901367188,426.21337890625,109.33000183105469,29.383373260498047,84.74092102050781,70.13143920898438,66.58134460449219,34.9266471862793,220.5866241455078,73.36019897460938,58.51422119140625,150.717529296875,112.11000061035156,205.3351593017578,182.14463806152344,49.71046829223633,90.07913208007812,282.78961181640625,64.85466003417969,45.85956573486328,268.9442138671875,51.6375732421875,195.87066650390625,342.1782531738281,367.56732177734375,122.49903106689453,182.3787384033203,291.4640808105469,32.74761199951172,91.0223617553711,67.4692153930664,113.57312774658203,267.9659423828125,465.247314453125,559.8314208984375,145.41709899902344,709.26318359375,89.52899169921875,576.833984375,149.00277709960938,140.17660522460938,508.50823974609375,7821.0498046875,247.1629180908203,98.9000015258789,85.56405639648438,142.54525756835938,138.41000366210938,23.104717254638672,77.34756469726562,153.27186584472656,728.528564453125,35.086219787597656,124.15400695800781,204.19000244140625,158.73434448242188,555.1080932617188,297.5998229980469,348.9635009765625,243.20712280273438,154.65518188476562,34.682640075683594,635.8099975585938,497.9895324707031,78.86746215820312,110.40702056884766,151.42967224121094,26.175683975219727,206.99166870117188,42.791988372802734,124.84381866455078,234.82501220703125,467.7163391113281,218.80174255371094,84.99481964111328,44.32325744628906,348.5369873046875,271.9427490234375,39.97907257080078,191.83444213867188,105.09294891357422,184.51168823242188,109.39295959472656,148.16436767578125
2025-07-30,117.1102523803711,268.4678039550781,308.1400146484375,109.77367401123047,188.4862518310547,188.0107879638672,175.6542510986328,292.5757751464844,512.90087890625,200.97634887695312,353.66278076171875,282.5987854003906,104.77581787109375,300.41876220703125,748.5999755859375,300.1989440917969,222.63368225097656,44.75740432739258,476.0,156.2747344970703,430.2471008300781,106.97000122070312,29.818681716918945,83.706787109375,70.03439331054688,66.89484405517578,34.79845428466797,221.03240966796875,72.00873565673828,60.75726318359375,147.38702392578125,110.5999984741211,202.49610900878906,180.33358764648438,48.99016189575195,92.30647277832031,287.5104064941406,62.48170471191406,45.67258834838867,272.1678466796875,51.6375732421875,196.8778076171875,352.6671142578125,362.4435119628906,122.48920440673828,183.39572143554688,294.0054626464844,32.718589782714844,91.9066390991211,66.8565673828125,110.15200805664062,269.74700927734375,460.0374755859375,555.6473999023438,142.04705810546875,712.02197265625,88.75418853759766,572.2584838867188,143.92770385742188,141.5240936279297,509.1729431152344,7633.39990234375,247.77593994140625,99.37999725341797,84.71134948730469,141.209716796875,137.4192352294922,22.638816833496094,73.87516784667969,149.62136840820312,725.7229614257812,34.9311408996582,120.27690124511719,202.50999450683594,155.7766876220703,551.5574951171875,299.9742431640625,346.2913513183594,229.05029296875,155.9151153564453,33.26145935058594,645.3499755859375,496.6197814941406,78.89662170410156,110.27054595947266,146.21273803710938,26.26163101196289,204.52760314941406,42.34235382080078,124.29058074951172,237.11192321777344,428.4503173828125,220.2781982421875,81.5703353881836,44.121307373046875,348.15997314453125,270.801025390625,39.87610626220703,189.70494079589844,104.83174896240234,187.8842010498047,108.44324493408203,146.00584411621094
2025-07-31,113.89603424072266,261.7071228027344,303.1099853515625,109.66706085205078,199.23980712890625,178.7487335205078,183.6936492919922,286.4887390136719,511.3614196777344,200.6393585205078,354.0310363769531,280.40716552734375,105.78890991210938,291.5636901855469,755.489990234375,296.142333984375,218.3162078857422,44.28554916381836,471.8800048828125,153.62232971191406,434.1123046875,105.08999633789062,29.452625274658203,81.80435943603516,71.61616516113281,66.69890594482422,35.04497146606445,220.4578399658203,70.27536010742188,60.562217712402344,145.54421997070312,106.16999816894531,195.71612548828125,179.2647705078125,49.397701263427734,91.99109649658203,277.2558288574219,60.47233200073242,45.39703369140625,269.7102966308594,52.856414794921875,192.3108367919922,351.60430908203125,357.9919128417969,122.25332641601562,182.49720764160156,290.6790771484375,31.58669662475586,87.34008026123047,66.02025604248047,109.96575927734375,270.4358825683594,454.1467590332031,562.9617919921875,135.97528076171875,690.7286376953125,87.39826965332031,571.8208618164062,146.47996520996094,140.06893920898438,529.2723999023438,7549.490234375,250.91021728515625,98.31999969482422,83.9860610961914,139.6806182861328,132.66737365722656,22.144399642944336,75.07122039794922,147.2627410888672,725.5940551757812,34.5919075012207,119.48408508300781,214.80999755859375,143.7305908203125,542.4872436523438,295.56182861328125,346.80401611328125,228.02212524414062,155.09814453125,32.90129470825195,633.469970703125,517.0445556640625,79.38256072998047,108.94468688964844,155.72421264648438,26.175683975219727,203.60728454589844,41.81618118286133,123.02604675292969,234.0005340576172,435.0442810058594,217.04171752929688,80.61597442626953,43.236572265625,342.7625732421875,272.6873474121094,40.025875091552734,191.1080322265625,105.52831268310547,184.4525146484375,108.19126892089844,143.04273986816406
2025-08-01,112.59647369384766,250.21395874023438,297.0199890136719,110.09355163574219,195.82846069335938,178.67926025390625,181.21923828125,288.2168273925781,494.91107177734375,204.2113800048828,352.5299987792969,274.436279296875,103.60380554199219,286.54052734375,742.469970703125,291.1556701660156,213.64488220214844,42.77168273925781,472.8399963378906,154.39430236816406,424.86553955078125,106.87999725341797,28.760087966918945,81.47266387939453,71.88787841796875,65.74858093261719,34.52235794067383,219.417724609375,69.12956237792969,60.92306137084961,145.3138427734375,103.3499984741211,195.64663696289062,173.1586456298828,50.354949951171875,89.72432708740234,269.00909423828125,60.04175567626953,44.71799850463867,268.0189208984375,52.05375671386719,189.4091033935547,354.564208984375,363.98260498046875,120.88720703125,182.27012634277344,283.93804931640625,32.2348747253418,88.09620666503906,66.96354675292969,113.69075775146484,273.82098388671875,453.30804443359375,556.4227294921875,133.65541076660156,695.9673461914062,86.526611328125,574.784912109375,141.75828552246094,136.7554931640625,519.956787109375,7760.68017578125,241.6655731201172,99.12000274658203,83.24118041992188,134.8513641357422,133.9755859375,22.334558486938477,72.85275268554688,147.43890380859375,705.9943237304688,34.562828063964844,115.63599395751953,212.11000061035156,145.13107299804688,555.8240966796875,290.6349792480469,339.6946105957031,228.57574462890625,154.35006713867188,32.17123794555664,618.6500244140625,511.9406433105469,78.6925277709961,105.86400604248047,153.54222106933594,26.50037384033203,199.82705688476562,41.09867858886719,124.47830200195312,232.81292724609375,436.2061767578125,214.5287628173828,79.06278228759766,42.255672454833984,336.6905517578125,272.95538330078125,40.13820266723633,185.9733428955078,106.6505355834961,185.06390380859375,106.25305938720703,144.60279846191406
2025-08-04,113.92578887939453,253.5550994873047,302.5,111.46995544433594,199.02415466308594,181.4886474609375,183.3358917236328,293.1291809082031,501.20733642578125,205.0586395263672,359.45172119140625,280.0175476074219,107.89454650878906,295.554443359375,744.8800048828125,295.429931640625,217.206787109375,43.00761032104492,459.1099853515625,156.98733520507812,429.8308410644531,107.19000244140625,29.40315818786621,81.3263168334961,72.46041870117188,67.1005859375,34.96609115600586,222.97396850585938,69.78571319580078,59.92831802368164,144.96832275390625,105.12999725341797,196.0139617919922,174.27694702148438,52.33578872680664,91.16323852539062,269.27349853515625,59.9652099609375,44.649112701416016,274.83428955078125,52.29159164428711,195.19261169433594,360.75225830078125,370.9571838378906,124.04206848144531,186.07151794433594,288.73626708984375,32.19617462158203,90.97564697265625,67.06077575683594,116.42567443847656,273.62420654296875,461.1919250488281,566.2811279296875,133.75088500976562,708.05810546875,86.81716918945312,599.1148681640625,145.1547393798828,138.98739624023438,531.3954467773438,7871.02001953125,249.68417358398438,101.37000274658203,83.71163177490234,134.93844604492188,134.24490356445312,22.372591018676758,73.19033813476562,147.54653930664062,712.8447875976562,35.06683349609375,117.4343490600586,216.41000366210938,144.465087890625,568.425048828125,301.2010192871094,345.2756652832031,229.07005310058594,154.9111328125,32.00576400756836,636.02001953125,528.2278442382812,80.64599609375,107.02413177490234,153.54222106933594,26.43352508544922,201.87551879882812,41.529178619384766,127.6594009399414,236.55245971679688,430.9627990722656,217.12969970703125,79.54931640625,42.7172737121582,339.4685974121094,279.81549072265625,40.203731536865234,186.07284545898438,107.64700317382812,197.7354736328125,104.05318450927734,148.9492950439453
2025-08-05,113.97539520263672,242.08154296875,299.20001220703125,109.76397705078125,201.49441528320312,177.84536743164062,183.7930145263672,291.32342529296875,499.9698791503906,202.23764038085938,360.6485900878906,284.8877868652344,107.19929504394531,290.7992858886719,867.1199951171875,293.5006408691406,216.48370361328125,43.3040771484375,464.19000244140625,156.61123657226562,430.3561096191406,104.94000244140625,28.967849731445312,81.03363037109375,71.96550750732422,66.1502685546875,35.1534423828125,220.76495361328125,68.4538345336914,61.84952926635742,146.88792419433594,105.91000366210938,197.58236694335938,175.34576416015625,52.39265060424805,89.60607147216797,270.72308349609375,60.67326736450195,44.71799850463867,270.7450866699219,52.10330581665039,194.7638397216797,361.35809326171875,375.42828369140625,125.37870025634766,185.03475952148438,285.9004821777344,32.2348747253418,87.77528381347656,67.14830780029297,117.72943115234375,273.7816467285156,463.5994873046875,562.5344848632812,135.3738555908203,706.6139526367188,86.84622192382812,604.2672119140625,147.333984375,138.10250854492188,523.5679321289062,7906.91015625,252.78878784179688,102.2300033569336,84.56433868408203,134.69651794433594,134.13909912109375,23.532581329345703,73.42183685302734,147.3018798828125,708.720703125,34.679141998291016,118.02413177490234,214.7899932861328,143.681640625,566.7940063476562,296.04656982421875,341.1737060546875,229.43585205078125,153.87757873535156,32.60927200317383,628.5,528.2278442382812,80.05314636230469,107.29710388183594,150.49737548828125,26.519474029541016,199.43124389648438,41.53874206542969,127.21484375,234.51092529296875,425.7889099121094,218.01951599121094,81.19607543945312,42.85190963745117,334.78558349609375,281.1260070800781,39.94162368774414,187.96353149414062,106.41835021972656,200.95018005371094,103.92719268798828,143.36651611328125
2025-08-06,112.32862854003906,242.5420379638672,305.17999267578125,110.00630950927734,204.88616943359375,176.8427276611328,184.3097686767578,276.36309814453125,503.3358154296875,201.13037109375,362.7231140136719,281.5467834472656,108.7586669921875,299.4757080078125,863.6500244140625,292.4122314453125,219.59536743164062,42.918670654296875,468.9100036621094,154.98814392089844,423.9042053222656,105.29000091552734,28.92827606201172,82.54581451416016,71.91698455810547,67.80597686767578,35.508426666259766,222.1715850830078,69.42334747314453,61.94705581665039,146.6383819580078,105.72000122070312,193.74070739746094,172.49559020996094,52.0419807434082,88.84719848632812,270.61529541015625,60.6637077331543,46.036705017089844,270.90423583984375,51.99430847167969,196.35928344726562,363.682373046875,376.78228759765625,126.59740447998047,185.67657470703125,285.880859375,32.32194137573242,88.25916290283203,67.59564208984375,116.99423217773438,272.4630126953125,465.21771240234375,565.6054077148438,134.23777770996094,700.9071655273438,86.54598236083984,594.8576049804688,148.0505828857422,138.92840576171875,520.7802124023438,7870.2001953125,253.54022216796875,104.44000244140625,85.24060821533203,134.59974670410156,135.43768310546875,22.75291633605957,74.08737182617188,149.601806640625,691.1236572265625,35.03775405883789,115.8680419921875,215.7100067138672,142.82955932617188,552.1044921875,299.7268981933594,324.0854797363281,232.836669921875,153.3066864013672,31.986291885375977,625.8800048828125,527.79638671875,78.86746215820312,107.97953796386719,146.06398010253906,26.25208282470703,197.96665954589844,41.146507263183594,130.504638671875,234.79556274414062,424.0708923339844,220.4542236328125,80.70018768310547,42.736507415771484,337.0775146484375,279.5573425292969,39.64208984375,187.42617797851562,106.15715026855469,197.96226501464844,103.21975708007812,143.73934936523438
2025-08-07,113.07264709472656,236.8395538330078,292.989990234375,110.23894500732422,200.9552764892578,181.81622314453125,181.09999084472656,276.39227294921875,493.4558410644531,202.1990966796875,364.0695495605469,281.0694885253906,107.81510162353516,301.5505065917969,870.969970703125,291.6108093261719,215.46192932128906,42.4344367980957,461.4700012207031,151.8309783935547,413.39874267578125,106.20999908447266,28.700727462768555,82.64338684082031,72.32455444335938,68.48197937011719,34.759010314941406,221.29986572265625,67.68997955322266,62.00557327270508,147.0030975341797,101.88999938964844,197.036376953125,172.16900634765625,52.07040786743164,89.9017333984375,277.64764404296875,61.13255310058594,46.725582122802734,270.64556884765625,52.46995544433594,196.71824645996094,370.81396484375,376.16864013671875,125.02488708496094,185.64694213867188,281.5536804199219,32.795982360839844,90.62193298339844,68.49030303955078,117.15107727050781,269.4419860839844,463.1949157714844,557.7443237304688,135.7079620361328,660.5614013671875,88.36678314208984,597.1055908203125,148.9536895751953,138.55477905273438,516.7127075195312,7830.43994140625,246.57957458496094,103.47000122070312,85.59346008300781,135.99334716796875,138.43885803222656,23.038158416748047,72.9202651977539,150.2183837890625,719.1103515625,35.25098419189453,115.34593963623047,206.14999389648438,142.88832092285156,556.7490844726562,280.3162841796875,327.9507751464844,232.94541931152344,153.3165283203125,31.918153762817383,620.3300170898438,524.5782470703125,80.26696014404297,107.06312561035156,146.88717651367188,26.79641342163086,197.8380126953125,40.993438720703125,130.3860626220703,238.43695068359375,425.1434020996094,217.71640014648438,80.92472839355469,42.39992141723633,329.4874267578125,280.06365966796875,40.203731536865234,186.98834228515625,107.0955581665039,196.8282470703125,102.67704772949219,145.44656372070312
2025-08-08,113.70755004882812,234.3704376220703,290.67999267578125,109.94574737548828,202.7197723388672,183.52371215820312,180.94097900390625,279.8192443847656,499.90057373046875,198.82928466796875,365.4359436035156,281.24481201171875,109.23541259765625,302.751708984375,842.5,294.2822265625,214.42311096191406,42.78031921386719,465.3999938964844,155.789794921875,412.8040771484375,104.5,28.06755256652832,82.62387084960938,71.8289566040039,70.33364868164062,34.93650817871094,224.14288330078125,68.14046478271484,63.91703414916992,148.77871704101562,101.68000030517578,199.0912322998047,171.72364807128906,50.961524963378906,89.37940216064453,287.94134521484375,60.47233200073242,47.22748565673828,273.6204528808594,53.04469680786133,201.51455688476562,379.0381774902344,377.8051452636719,125.95857238769531,184.04737854003906,283.33953857421875,33.29904556274414,90.89418029785156,68.40277862548828,118.46463012695312,265.4172668457031,466.1452331542969,570.7633056640625,134.11367797851562,665.869873046875,89.95513916015625,607.6690063476562,150.4850311279297,140.77684020996094,517.9031982421875,7858.68017578125,247.2321319580078,103.33000183105469,85.73067474365234,136.6417694091797,139.6797332763672,23.37094497680664,73.87516784667969,150.23794555664062,721.4699096679688,35.231597900390625,115.18157958984375,205.4199981689453,144.51406860351562,559.9315795898438,285.1838073730469,328.58184814453125,232.53018188476562,152.43064880371094,31.996023178100586,619.4199829101562,522.4578857421875,79.41171264648438,108.29150390625,149.21795654296875,26.81551170349121,199.87655639648438,41.71007537841797,129.783447265625,240.44900512695312,427.1096496582031,217.30572509765625,81.09314727783203,43.14040756225586,334.1406555175781,284.4517517089844,40.39094161987305,190.4811248779297,106.75695037841797,196.65074157714844,103.50079345703125,144.57334899902344
2025-08-11,113.22145080566406,233.7923583984375,284.6199951171875,109.45711517333984,202.42568969726562,183.0372772216797,181.3782196044922,276.7708740234375,501.5736389160156,198.415283203125,367.1214904785156,276.57916259765625,109.06656646728516,301.6894836425781,818.6900024414062,293.0949401855469,212.77069091796875,42.197269439697266,464.7300109863281,156.03721618652344,404.8952941894531,103.77999877929688,28.30499267578125,82.38971710205078,71.28153228759766,69.23635864257812,34.73929214477539,221.77536010742188,67.71935272216797,63.27337646484375,147.2814483642578,100.47000122070312,198.2970733642578,173.47532653808594,52.36422348022461,87.85179901123047,284.8072204589844,59.611175537109375,47.079864501953125,273.80950927734375,53.52033996582031,201.05587768554688,380.3294372558594,377.4933776855469,126.1354751586914,183.58331298828125,284.1244812011719,33.49253463745117,90.43512725830078,68.80148315429688,118.15094757080078,266.0076904296875,464.13232421875,570.037841796875,132.20431518554688,670.0428466796875,89.81954956054688,596.737548828125,152.4581298828125,141.465087890625,517.6353759765625,7793.2900390625,249.8324737548828,103.5999984741211,84.31929779052734,134.1352081298828,139.35267639160156,23.37094497680664,73.76908111572266,151.67660522460938,724.36474609375,35.163753509521484,114.44677734375,203.2899932861328,144.91561889648438,542.964599609375,285.4805603027344,325.16021728515625,234.32943725585938,152.37158203125,31.509319305419922,616.1199951171875,521.5291137695312,78.62449645996094,107.07288360595703,150.44778442382812,26.87281036376953,197.7786407470703,41.477657318115234,130.80101013183594,244.26710510253906,425.10369873046875,214.77322387695312,80.75630950927734,42.85190963745117,333.267578125,283.1810302734375,40.41902160644531,190.96871948242188,106.0990982055664,197.22268676757812,102.56075286865234,146.21189880371094
2025-08-12,116.38604736328125,233.06729125976562,283.0299987792969,109.44733428955078,202.6805419921875,187.07763671875,183.7830810546875,276.6640625,511.81988525390625,197.00955200195312,362.8527526855469,281.7610778808594,111.0927505493164,310.5545349121094,768.5700073242188,300.0010681152344,216.62965393066406,42.00950241088867,470.3900146484375,144.7941436767578,409.0281066894531,102.33000183105469,29.32400894165039,82.89703369140625,71.17400360107422,69.93195343017578,35.32107162475586,221.21070861816406,67.34721374511719,63.88777542114258,148.23165893554688,103.73999786376953,204.21343994140625,176.14736938476562,53.03713607788086,90.37480163574219,286.46246337890625,59.99391555786133,47.68017578125,278.21710205078125,53.668983459472656,203.57867431640625,387.67950439453125,385.7440185546875,126.8038101196289,180.43359375,287.3527526855469,33.67634963989258,92.95390319824219,68.76258850097656,122.01317596435547,265.8994445800781,466.94451904296875,570.6241455078125,132.1088409423828,656.338623046875,89.18032836914062,612.1549682617188,154.9514923095703,144.81785583496094,525.046142578125,7962.2998046875,250.99920654296875,101.88999938964844,86.39714050292969,130.64149475097656,141.27651977539062,23.437501907348633,74.50213623046875,151.78427124023438,745.5604858398438,35.764678955078125,116.06141662597656,204.5500030517578,150.5567169189453,553.5166625976562,296.4819030761719,335.0108947753906,230.8693084716797,153.05078125,32.06416320800781,625.7999877929688,524.5125732421875,79.7810287475586,108.62296295166016,154.3158416748047,27.197500228881836,202.01406860351562,42.62039566040039,131.779052734375,247.61402893066406,435.9082946777344,213.9420928955078,81.80425262451172,44.015525817871094,334.6888732910156,289.78302001953125,40.48454666137695,191.9638214111328,105.86691284179688,204.0959014892578,102.85147857666016,146.94773864746094
2025-08-13,119.33241271972656,240.7196044921875,287.010009765625,110.54190826416016,204.69009399414062,188.6461181640625,185.7407684326172,280.8871154785156,504.1575012207031,196.5570526123047,369.9440612792969,286.5728759765625,109.08644104003906,306.84173583984375,765.52001953125,303.6223449707031,216.0894317626953,42.34549331665039,477.30999755859375,146.59539794921875,410.00927734375,101.81999969482422,30.313350677490234,84.23360443115234,71.80940246582031,68.97184753417969,35.577457427978516,222.98390197753906,68.96307373046875,64.26812744140625,149.60415649414062,106.4800033569336,207.6083984375,180.937255859375,53.340423583984375,93.88335418701172,288.3723449707031,61.228240966796875,48.428096771240234,267.5014953613281,55.07611083984375,202.45187377929688,387.8284912109375,396.63446044921875,128.69082641601562,179.12039184570312,285.0762939453125,33.6860237121582,94.3399658203125,68.51947784423828,128.30645751953125,265.9092712402344,469.3126220703125,574.3211059570312,133.43585205078125,660.4816284179688,89.98419952392578,616.7803344726562,157.25833129882812,145.27996826171875,516.454833984375,8296.6396484375,241.4282684326172,102.63999938964844,87.45568084716797,134.14488220214844,143.66207885742188,23.922414779663086,75.56314086914062,152.0974578857422,755.4841918945312,36.09421920776367,118.51722717285156,208.3699951171875,153.35768127441406,558.4894409179688,298.9156494140625,344.1416931152344,230.08831787109375,153.26731872558594,32.65793991088867,618.5700073242188,527.8150634765625,79.9073715209961,108.70095825195312,155.63494873046875,27.12110137939453,204.14166259765625,43.395137786865234,132.48046875,246.2006378173828,431.8565368652344,218.22483825683594,82.50598907470703,44.823326110839844,340.4634704589844,293.5059814453125,40.915130615234375,193.4464874267578,106.36031341552734,207.28103637695312,104.27607727050781,149.56744384765625
2025-08-14,117.92371368408203,241.18992614746094,283.75,110.29757690429688,204.582275390625,186.8691864013672,183.62408447265625,281.81915283203125,508.5430908203125,195.89271545410156,365.3860778808594,284.5858154296875,109.99027252197266,308.9661865234375,749.8300170898438,304.4732360839844,217.5510711669922,42.74079132080078,479.2200012207031,148.6737823486328,413.7753601074219,101.05000305175781,29.927507400512695,82.58484649658203,70.95894622802734,67.89415740966797,35.84368896484375,219.27903747558594,67.93480682373047,65.07756805419922,148.92271423339844,103.86000061035156,208.6804962158203,177.5427703857422,53.09400177001953,88.20659637451172,289.35174560546875,60.768959045410156,47.916358947753906,268.3373107910156,55.90849304199219,203.23965454101562,390.9970397949219,389.9521484375,129.0839385986328,180.37432861328125,288.6381530761719,33.50221252441406,94.92916870117188,67.63453674316406,127.87512969970703,266.72601318359375,471.2860412597656,580.1448364257812,133.68406677246094,671.0885620117188,89.08348846435547,609.2406616210938,153.77352905273438,146.0173797607422,518.3397216796875,8198.5498046875,242.19949340820312,101.5,85.79927825927734,133.0609588623047,142.95985412597656,23.874874114990234,75.32200622558594,150.46304321289062,738.9182739257812,35.939144134521484,118.66226196289062,208.00999450683594,154.82672119140625,562.8854370117188,287.29107666015625,342.66265869140625,229.8609161376953,152.64720153808594,32.33671951293945,616.3599853515625,529.2880859375,79.5769271850586,110.74822998046875,154.45468139648438,27.455345153808594,204.81460571289062,43.53071975708008,131.76194763183594,245.68045043945312,425.56048583984375,216.60169982910156,82.85218811035156,45.03489685058594,343.38555908203125,291.4673767089844,40.71855545043945,190.27801513671875,105.46588897705078,202.58714294433594,104.0628662109375,150.17575073242188
2025-08-15,118.25108337402344,242.0227508544922,286.7300109863281,109.44733428955078,202.7001495361328,160.58200073242188,180.22549438476562,287.8187561035156,498.0394287109375,198.45379638671875,366.04437255859375,282.920166015625,108.47063446044922,304.11175537109375,754.239990234375,302.2371520996094,216.34210205078125,42.29608917236328,477.20001220703125,148.07008361816406,404.1520080566406,101.69000244140625,29.442731857299805,82.99459075927734,70.67546844482422,64.8570327758789,35.81410598754883,214.95123291015625,68.55176544189453,66.9012680053711,150.2568359375,102.95999908447266,209.38528442382812,174.71238708496094,52.60116195678711,89.65534210205078,303.2008361816406,61.35263442993164,48.10334396362305,266.4966735839844,55.799495697021484,204.3265380859375,393.12261962890625,389.0364990234375,128.31735229492188,178.91302490234375,285.0370178222656,33.64732360839844,86.93370819091797,67.99433898925781,129.34552001953125,266.2339782714844,473.7034912109375,578.0975341796875,134.51461791992188,670.3216552734375,90.09072875976562,606.3362426757812,149.59173583984375,142.20252990722656,516.0480346679688,8235.0,245.48208618164062,101.54000091552734,86.10457611083984,133.79647827148438,144.67205810546875,23.903396606445312,74.88795471191406,151.06983947753906,723.6707763671875,35.42544937133789,119.5130844116211,205.83999633789062,154.59165954589844,577.2467041015625,287.5086669921875,337.5055847167969,230.1970672607422,152.34071350097656,32.11283493041992,617.9099731445312,522.0827026367188,78.94522094726562,108.28175354003906,153.16534423828125,27.56993865966797,200.59896850585938,43.017452239990234,131.4348907470703,249.92056274414062,420.4958190917969,215.87814331054688,82.78668975830078,44.16939163208008,342.3717956542969,289.9955749511719,41.4112434387207,188.47459411621094,104.71487426757812,200.40782165527344,104.16068267822266,151.20594787597656
2025-08-18,117.2094497680664,244.09994506835938,289.6499938964844,108.1866226196289,203.00404357910156,162.339111328125,181.4775848388672,284.0810852050781,500.5638732910156,195.5749969482422,364.4086608886719,280.6604309082031,110.30809783935547,303.5359802246094,791.6199951171875,303.8004150390625,219.42442321777344,42.36526107788086,478.5199890136719,148.18882751464844,408.958740234375,100.55000305175781,29.65049171447754,82.20435333251953,70.41153717041016,65.5918197631836,35.48870849609375,212.69798278808594,68.955078125,68.43238067626953,149.0762939453125,105.58000183105469,207.47933959960938,175.31605529785156,52.72437286376953,89.42866516113281,302.95599365234375,60.51061248779297,48.32968521118164,267.0935974121094,55.72021484375,203.70828247070312,390.96722412109375,384.4776916503906,127.53108215332031,175.6941680908203,286.0574951171875,33.52156066894531,87.96430969238281,67.22610473632812,128.83578491210938,267.5821533203125,472.15435791015625,580.5225219726562,133.7126922607422,668.4691772460938,89.88733673095703,599.6220703125,150.05311584472656,142.34999084472656,513.0023803710938,8151.740234375,246.26319885253906,101.38999938964844,86.28185272216797,133.13839721679688,143.8544464111328,23.836841583251953,74.94583129882812,152.40084838867188,729.85693359375,35.1249885559082,118.76860809326172,208.30999755859375,155.6199951171875,571.6488647460938,286.56884765625,339.3367919921875,229.78184509277344,153.73471069335938,32.414588928222656,625.3300170898438,517.1477661132812,78.71196746826172,108.39874267578125,157.40037536621094,27.617687225341797,201.57864379882812,42.9302978515625,131.8709716796875,250.4603729248047,425.9080505371094,215.1936798095703,82.47209930419922,44.342491149902344,340.6523132324219,288.2652893066406,41.55165100097656,189.1222381591797,103.76876831054688,198.84976196289062,104.38565063476562,149.44969177246094
2025-08-19,119.15384674072266,250.7136688232422,289.239990234375,110.10212707519531,206.2291259765625,161.03866577148438,184.0414581298828,286.92559814453125,501.18756103515625,198.96405029296875,371.8789367675781,282.6864318847656,109.23541259765625,292.764892578125,758.2899780273438,302.8604736328125,221.4901580810547,42.44432067871094,485.30999755859375,147.4861602783203,412.3779296875,102.41999816894531,29.254756927490234,83.75556945800781,71.3890609741211,65.40568542480469,36.01132583618164,214.8321075439453,69.7026596069336,69.21257781982422,147.5137939453125,105.5199966430664,210.64599609375,177.8495635986328,53.40676498413086,88.57125091552734,305.5808410644531,61.658817291259766,49.10713195800781,264.5863342285156,56.542694091796875,201.91342163085938,399.97613525390625,396.6539306640625,129.54586791992188,176.02000427246094,285.203857421875,34.0343017578125,87.23641204833984,68.19856262207031,131.6001434326172,267.88720703125,473.545654296875,581.8839721679688,135.9466552734375,674.166015625,87.0689697265625,604.5258178710938,151.5059356689453,141.6519012451172,505.73040771484375,8246.8896484375,231.9760284423828,103.05999755859375,87.24698638916016,134.53199768066406,146.36505126953125,24.074542999267578,75.81393432617188,155.02371215820312,737.8178100585938,35.59990692138672,119.28609466552734,209.8699951171875,153.0247039794922,569.52734375,282.3048400878906,340.0198059082031,232.12484741210938,151.9156036376953,32.45352554321289,612.7899780273438,520.168701171875,80.32527160644531,108.3597412109375,156.63665771484375,27.674983978271484,201.27186584472656,42.785030364990234,133.41702270507812,253.44415283203125,425.81866455078125,218.80174255371094,83.70188903808594,44.43865966796875,340.3641357421875,291.20880126953125,42.06647872924805,191.98184204101562,105.80728149414062,199.87533569335938,105.07034301757812,152.736572265625
2025-08-20,118.16180419921875,249.9004364013672,288.6300048828125,110.971923828125,209.4051971435547,159.787841796875,182.19309997558594,287.79937744140625,500.3361511230469,201.7080841064453,373.0159606933594,284.78057861328125,107.91442108154297,289.0521240234375,760.8900146484375,305.1361389160156,223.69947814941406,42.34549331665039,488.67999267578125,151.37570190429688,416.8377990722656,102.86000061035156,28.948062896728516,83.95069122314453,71.36951446533203,65.74858093261719,35.48870849609375,215.12989807128906,69.33870697021484,69.06629180908203,148.69776916503906,104.05000305175781,209.8518524169922,176.88961791992188,53.03713607788086,85.31893157958984,303.6219787597656,61.69709777832031,48.75285339355469,265.0937805175781,56.25531768798828,199.61996459960938,407.41558837890625,391.33538818359375,131.6687774658203,179.0117645263672,286.754150390625,34.0343017578125,87.4714126586914,68.75286865234375,127.74771118164062,271.74462890625,475.95318603515625,589.009521484375,135.9084930419922,700.0905151367188,90.284423828125,597.4039306640625,151.90841674804688,141.70106506347656,501.7125549316406,8031.97021484375,232.4110565185547,104.0,87.76896667480469,134.40618896484375,144.989501953125,24.131591796875,75.92967224121094,156.11004638671875,736.568603515625,35.94883346557617,120.65304565429688,210.88999938964844,152.23143005371094,588.6815185546875,283.1655578613281,336.1693115234375,233.419921875,154.8123321533203,32.47299575805664,601.1300048828125,522.6079711914062,80.08230590820312,109.08116149902344,157.1028289794922,27.961475372314453,199.45103454589844,42.98839569091797,137.03440856933594,254.21957397460938,423.3459167480469,220.66932678222656,82.88201904296875,44.63099670410156,341.8350830078125,284.68536376953125,42.178810119628906,192.15121459960938,106.2266845703125,196.50283813476562,106.15605926513672,153.80601501464844
2025-08-21,116.21741485595703,248.86183166503906,286.05999755859375,110.57122802734375,202.4746856689453,159.13076782226562,182.29246520996094,287.1295166015625,500.1678771972656,201.92950439453125,374.2825927734375,285.9007263183594,108.0733413696289,287.4934997558594,763.510009765625,304.9085693359375,226.51406860351562,42.94831466674805,488.5899963378906,150.0098876953125,414.1618957519531,102.80000305175781,28.957956314086914,84.1750717163086,71.14468383789062,65.66040802001953,35.37037658691406,214.5144805908203,69.9190673828125,69.66117858886719,150.95901489257812,104.69000244140625,202.40675354003906,175.57337951660156,50.99943161010742,86.45230865478516,303.2301940917969,61.496150970458984,48.35921096801758,267.352294921875,55.997676849365234,200.04873657226562,401.5355224609375,387.4000244140625,130.9119873046875,176.9678955078125,285.9986267089844,34.05364990234375,86.86898040771484,68.71397399902344,126.59099578857422,271.7052917480469,474.32513427734375,588.2542724609375,134.61964416503906,703.1380615234375,88.23119354248047,597.543212890625,151.5452117919922,141.62240600585938,501.0666198730469,7953.89990234375,230.532470703125,102.87000274658203,86.24246215820312,133.95132446289062,143.30613708496094,24.47388458251953,75.8814468383789,155.3466796875,726.734130859375,35.59021759033203,121.51227569580078,211.9499969482422,150.94845581054688,595.8032836914062,282.41363525390625,336.0703125,232.757568359375,154.54541015625,32.911033630371094,598.1699829101562,518.3016357421875,78.84803009033203,109.53936767578125,153.33396911621094,28.11427116394043,198.2140655517578,42.67850112915039,136.28118896484375,253.38528442382812,419.3438415527344,220.29779052734375,82.12889862060547,44.40019226074219,341.5965270996094,286.6741943359375,42.150726318359375,190.7164306640625,105.80728149414062,194.471435546875,106.84075164794922,152.67770385742188
2025-08-22,120.6617431640625,253.98622131347656,290.2300109863281,111.43124389648438,201.46502685546875,161.76901245117188,185.78050231933594,287.4622497558594,511.74072265625,203.99954223632812,374.1130676269531,291.53070068359375,108.61961364746094,291.86151123046875,766.239990234375,315.7822265625,226.91586303710938,44.233009338378906,489.0,146.57562255859375,431.7832946777344,103.79000091552734,30.966312408447266,83.84336853027344,71.47704315185547,65.95433044433594,34.098350524902344,213.99830627441406,71.18799591064453,69.5344009399414,153.51136779785156,109.0999984741211,210.24893188476562,181.17478942871094,52.69593811035156,89.91159057617188,310.0372314453125,62.443424224853516,49.58934783935547,265.1832580566406,57.840816497802734,206.13137817382812,402.2407531738281,402.09918212890625,131.71791076660156,178.38970947265625,290.6790771484375,33.995601654052734,86.65887451171875,68.19856262207031,133.0705108642578,271.3706970214844,475.2724304199219,595.2506713867188,136.548095703125,686.6552734375,89.79048919677734,604.6551513671875,155.80552673339844,145.53562927246094,504.037841796875,8212.8095703125,233.706298828125,102.30999755859375,87.23714447021484,136.27401733398438,143.94100952148438,24.606998443603516,77.85877990722656,155.28794860839844,745.8479614257812,35.764678955078125,126.8726806640625,215.0500030517578,154.74835205078125,587.157470703125,282.75,347.62176513671875,231.65032958984375,154.46632385253906,34.66317367553711,606.52001953125,522.2608642578125,80.5682373046875,112.58104705810547,157.90621948242188,27.474441528320312,203.58676147460938,44.46040344238281,135.3198699951172,247.2901153564453,421.1711120605469,222.79116821289062,84.67426300048828,46.42930603027344,347.9078674316406,290.7712707519531,41.598453521728516,195.03076171875,105.86579895019531,200.59519958496094,108.84590911865234,153.6686553955078
2025-08-25,118.20148468017578,250.88021850585938,285.3399963378906,110.44417572021484,198.09288024902344,161.27122497558594,184.40914916992188,282.3240966796875,506.3651428222656,203.26780700683594,369.9640197753906,286.5339050292969,108.98711395263672,292.0898742675781,763.52001953125,312.45782470703125,226.23086547851562,43.90689468383789,486.17999267578125,144.5368194580078,428.4433288574219,102.97000122070312,30.916847229003906,82.00923156738281,70.5972671508789,65.7779769897461,32.353004455566406,210.29586791992188,70.98143768310547,69.44662475585938,153.5308074951172,113.02999877929688,206.20870971679688,178.6412811279297,51.65338897705078,87.3984375,307.5397033691406,62.0032844543457,49.471256256103516,265.26287841796875,57.75163269042969,208.56443786621094,400.0555419921875,398.3099060058594,130.351806640625,176.87901306152344,289.3642578125,30.087173461914062,87.58193969726562,67.03160858154297,132.13926696777344,271.7643737792969,471.5030822753906,589.5363159179688,135.5934295654297,676.157958984375,89.14158630371094,601.283203125,153.6951141357422,145.1718292236328,501.0865173339844,8126.7099609375,232.75711059570312,102.47000122070312,85.54322052001953,134.03842163085938,142.5558624267578,23.903396606445312,77.43437957763672,152.8216552734375,743.8355102539062,35.38667678833008,126.46260833740234,214.35000610351562,153.19117736816406,570.1248779296875,284.32305908203125,346.4141540527344,229.57423400878906,154.4959716796875,34.702110290527344,597.0,517.5980224609375,79.39228057861328,112.02535247802734,162.65696716308594,27.445791244506836,203.7158660888672,44.28608703613281,134.28916931152344,247.08399963378906,416.7221374511719,218.36175537109375,83.6446762084961,46.313907623291016,346.6952819824219,288.68292236328125,41.40188217163086,192.60955810546875,104.32472229003906,195.21099853515625,109.29584503173828,152.265625
2025-08-26,117.35826110839844,250.26295471191406,282.45001220703125,110.07279968261719,199.1711883544922,163.78004455566406,185.61158752441406,283.410400390625,511.7110900878906,199.7343292236328,368.02911376953125,286.339111328125,109.15596008300781,295.84234619140625,769.02001953125,317.20703125,226.31338500976562,43.92666244506836,492.2099914550781,145.97189331054688,427.4126281738281,101.38999938964844,31.53023910522461,82.0872802734375,70.47017669677734,67.00260925292969,31.958568572998047,211.41751098632812,70.50926971435547,69.77821350097656,152.71559143066406,113.69000244140625,204.7395477294922,180.32371520996094,52.051456451416016,88.52196502685547,303.6513671875,61.69709777832031,49.16617965698242,272.55584716796875,58.26691436767578,207.35784912109375,399.2509765625,396.98516845703125,130.54833984375,176.4840545654297,292.96533203125,28.007190704345703,88.43331146240234,66.83712768554688,130.6394805908203,273.2305908203125,475.5190734863281,587.9461059570312,136.15667724609375,677.7614135742188,89.27718353271484,613.7564697265625,154.40516662597656,146.4696807861328,498.8804626464844,8068.25,231.57064819335938,103.18000030517578,86.30154418945312,133.59323120117188,141.40155029296875,23.6942195892334,77.69480895996094,152.6455078125,754.9885864257812,35.39636993408203,126.82386779785156,212.5800018310547,155.88442993164062,585.3347778320312,290.0710754394531,352.0562744140625,231.66021728515625,157.75851440429688,34.380882263183594,596.0,519.0924072265625,79.47974395751953,112.91251373291016,163.88682556152344,27.27389907836914,205.4835968017578,44.89619827270508,135.4586181640625,246.5540008544922,423.2366638183594,217.79461669921875,83.37774658203125,46.708194732666016,349.0408935546875,289.5779724121094,41.14914321899414,194.63218688964844,104.5197982788086,195.18142700195312,109.05130767822266,151.8731231689453
2025-08-27,117.74515533447266,251.92861938476562,285.95001220703125,110.326904296875,199.78875732421875,163.6605682373047,185.3830108642578,281.8347473144531,513.0673217773438,195.7097930908203,367.4007568359375,286.9429931640625,109.38439178466797,298.0660705566406,769.6799926757812,319.04730224609375,222.74354553222656,44.25277328491211,495.7200012207031,147.70388793945312,428.8100280761719,100.1500015258789,31.99522590637207,82.38971710205078,70.58748626708984,67.0516128540039,32.086761474609375,211.62596130371094,71.12897491455078,70.1488037109375,154.5401153564453,116.7300033569336,203.49871826171875,180.81851196289062,52.487430572509766,91.27164459228516,303.43585205078125,62.3286018371582,49.40237045288086,271.9688415527344,58.217369079589844,207.61712646484375,402.3201904296875,397.6669921875,130.7842559814453,175.062255859375,293.6620178222656,28.752113342285156,88.5119857788086,66.93436431884766,130.6982879638672,272.3449401855469,476.2985534667969,587.0020751953125,137.87510681152344,680.7392578125,89.15128326416016,613.358642578125,154.36569213867188,146.87278747558594,503.5509033203125,8033.81982421875,233.15260314941406,104.05000305175781,86.39019012451172,134.18357849121094,142.01719665527344,23.836841583251953,77.97452545166016,153.6144256591797,761.4820556640625,35.49329376220703,129.48941040039062,216.52999877929688,156.47203063964844,584.6474609375,291.4956970214844,345.6519775390625,232.2236785888672,158.0254364013672,35.02333068847656,603.1699829101562,516.7897338867188,79.94624328613281,111.99610900878906,165.87046813964844,27.75138282775879,206.13905334472656,45.30293655395508,136.00369262695312,246.71102905273438,421.25054931640625,216.0443572998047,83.75907135009766,46.890907287597656,348.2159729003906,289.5282287597656,41.43932342529297,194.61227416992188,105.02698516845703,189.5014190673828,110.28375244140625,152.4422149658203
2025-08-28,123.96524047851562,250.99783325195312,288.489990234375,109.24210357666016,199.73974609375,164.53668212890625,185.5618896484375,279.5250244140625,511.45361328125,195.02618408203125,365.5755920410156,287.36181640625,111.1821517944336,306.40496826171875,781.9000244140625,323.5293884277344,224.18377685546875,45.03347396850586,499.8599853515625,147.97109985351562,431.030029296875,97.73999786376953,32.14363098144531,81.38484954833984,69.60995483398438,68.02152252197266,32.20508575439453,206.781982421875,70.54861450195312,70.35359191894531,154.6177520751953,118.13999938964844,203.78659057617188,179.71009826660156,51.86190414428711,90.44378662109375,304.0235595703125,62.47213363647461,49.38268280029297,274.6054382324219,57.9597282409668,211.76528930664062,404.5351867675781,396.89752197265625,129.94883728027344,174.90426635742188,295.4184265136719,28.336118698120117,89.02082061767578,66.47731018066406,130.5022430419922,272.6204528808594,475.7459716796875,586.8231811523438,137.5982666015625,678.2593994140625,89.06410217285156,609.0317993164062,155.38145446777344,147.65936279296875,506.4326477050781,8074.7998046875,237.61180114746094,103.98999786376953,84.94246673583984,134.2513427734375,141.38232421875,23.38996124267578,77.37650299072266,152.33233642578125,760.2329711914062,35.435142517089844,129.6944580078125,215.02999877929688,157.48077392578125,577.3263549804688,294.46368408203125,345.5826721191406,230.44422912597656,158.8361358642578,35.510040283203125,612.1699829101562,514.6093139648438,79.14930725097656,112.3470687866211,170.96836853027344,27.63678550720215,206.60580444335938,45.312618255615234,135.89468383789062,245.9258270263672,421.55841064453125,217.41329956054688,83.19660949707031,46.804359436035156,347.72894287109375,289.53814697265625,41.121063232421875,194.47276306152344,103.69074249267578,185.44850158691406,110.8706283569336,151.8731231689453
2025-08-29,124.65967559814453,254.7210693359375,314.70001220703125,108.49935150146484,200.41946411132812,160.0466766357422,183.6439666748047,281.58026123046875,509.6518859863281,196.2682342529297,366.03436279296875,286.4754333496094,108.12300872802734,295.22686767578125,747.2899780273438,327.77398681640625,222.0839385986328,44.865482330322266,502.9800109863281,147.24862670898438,415.3016357421875,99.13999938964844,31.550024032592773,82.01898956298828,69.96186828613281,67.68840789794922,32.18528747558594,208.47935485839844,71.06996154785156,71.33859252929688,155.85997009277344,119.62999725341797,204.31271362304688,177.51670837402344,53.19825744628906,90.40437316894531,312.0940246582031,63.26630783081055,48.87094497680664,273.80950927734375,58.05881881713867,212.92196655273438,401.237548828125,396.235107421875,130.03729248046875,174.37107849121094,295.7618713378906,28.14263153076172,86.83013916015625,67.08995819091797,130.51205444335938,273.1911926269531,471.937255859375,591.6033935546875,139.21168518066406,683.8566284179688,89.88733673095703,613.1199340820312,153.37953186035156,147.95431518554688,503.501220703125,8117.64990234375,223.58169555664062,103.68000030517578,85.07049560546875,134.96749877929688,142.98870849609375,23.542089462280273,77.65623474121094,153.69268798828125,752.8074951171875,35.3479118347168,130.42677307128906,213.5,157.41221618652344,578.412109375,293.76123046875,339.9405822753906,231.30430603027344,156.79953002929688,35.860469818115234,603.52001953125,515.4457397460938,80.23780059814453,112.08385467529297,166.0291290283203,27.971027374267578,205.076416015625,45.3416748046875,135.38925170898438,248.20111083984375,412.7200927734375,219.971435546875,83.35868835449219,46.958229064941406,349.6372985839844,289.53814697265625,41.40188217163086,192.79885864257812,103.88581848144531,185.57669067382812,111.79006958007812,153.45281982421875
2025-09-02,124.21324920654297,250.99783325195312,319.1600036621094,107.59046936035156,200.31109619140625,156.87083435058594,183.65390014648438,280.80712890625,507.68182373046875,193.03318786621094,370.9813232421875,284.6053161621094,108.51036071777344,296.0706787109375,743.5900268554688,327.675048828125,218.37530517578125,44.825950622558594,501.1400146484375,148.0106964111328,412.3382873535156,98.0999984741211,30.82780647277832,82.33118438720703,69.56108856201172,66.4245834350586,31.86848258972168,203.9927215576172,70.60763549804688,72.25531768798828,157.05364990234375,122.87999725341797,202.2975616455078,174.44992065429688,52.87601852416992,89.82066345214844,315.69830322265625,61.247379302978516,48.40841293334961,273.99853515625,57.999366760253906,211.38638305664062,403.4028625488281,395.7869873046875,130.1556854248047,172.880126953125,294.07415771484375,27.968494415283203,84.2760238647461,67.15802764892578,130.0611114501953,270.7310791015625,467.8424072265625,588.20458984375,135.8511962890625,689.6400146484375,90.39096069335938,613.9266357421875,152.13694763183594,146.3516845703125,501.9410705566406,8169.85009765625,222.76104736328125,103.19000244140625,84.4697494506836,131.5802459716797,144.556640625,23.75126838684082,77.10643768310547,154.62246704101562,745.2352294921875,35.299442291259766,130.6806182861328,212.63999938964844,155.50245666503906,575.6231079101562,307.70086669921875,334.40740966796875,230.4639892578125,156.21620178222656,34.94546127319336,592.010009765625,507.1752014160156,80.55852508544922,110.41678619384766,169.10374450683594,27.77048110961914,203.14979553222656,44.95429992675781,137.3317413330078,252.04246520996094,408.0824279785156,218.41685485839844,81.25183868408203,46.66011047363281,347.93768310546875,290.8607482910156,40.9993782043457,191.9220428466797,103.40789031982422,189.29434204101562,112.18132019042969,149.9991455078125
2025-09-03,124.2231674194336,249.0186004638672,317.510009765625,107.53182983398438,201.52279663085938,155.55670166015625,183.19679260253906,277.8025207519531,502.1181335449219,188.96051025390625,373.0159606933594,283.71893310546875,109.94061279296875,300.19049072265625,725.2899780273438,320.2840881347656,221.44532775878906,44.470184326171875,501.489990234375,149.0102996826172,411.4166259765625,97.06999969482422,30.99599266052246,81.76533508300781,69.9129867553711,66.2972183227539,31.957584381103516,204.09201049804688,70.64698028564453,71.50437927246094,153.39492797851562,123.66999816894531,197.97943115234375,173.417724609375,52.45899963378906,90.94849395751953,314.9735412597656,61.87889099121094,48.73317337036133,274.5357666015625,57.226436614990234,230.44195556640625,404.8629455566406,397.1507568359375,131.3791961669922,172.9196319580078,293.8877258300781,28.14263153076172,84.03205871582031,67.08995819091797,131.43348693847656,268.7531433105469,465.5137023925781,589.6058349609375,136.910888671875,688.8623046875,89.34497833251953,608.7672729492188,149.89833068847656,146.03704833984375,502.16961669921875,8190.22998046875,220.93190002441406,103.83999633789062,84.37125396728516,131.26087951660156,142.97911071777344,23.570613861083984,77.33792114257812,154.7986297607422,743.843994140625,35.10559844970703,127.44874572753906,212.24000549316406,154.03341674804688,561.5786743164062,310.0158996582031,335.2190856933594,229.84117126464844,156.31509399414062,34.34202575683594,592.1199951171875,506.79925537109375,79.91708374023438,110.16329956054688,174.8760986328125,27.732284545898438,204.55999755859375,44.94461441040039,138.22369384765625,248.86102294921875,405.4805908203125,218.19056701660156,81.30903625488281,46.67934799194336,348.7327880859375,286.4454650878906,40.94321060180664,190.5570068359375,104.25645446777344,189.46197509765625,109.4621353149414,149.5576171875
2025-09-04,127.45722198486328,247.83303833007812,319.92999267578125,106.17338562011719,205.22677612304688,157.53787231445312,186.69476318359375,274.1324157714844,506.7710266113281,187.83401489257812,372.5072937011719,282.4429016113281,111.98666381835938,303.8735046386719,730.1599731445312,327.150634765625,221.56076049804688,45.77464294433594,506.9100036621094,147.80284118652344,416.4710998535156,95.45999908447266,31.421409606933594,81.62874603271484,69.93254852294922,66.61072540283203,32.33378982543945,205.31292724609375,70.28302001953125,71.86522674560547,153.03585815429688,123.91000366210938,197.5724334716797,177.0204620361328,51.81451416015625,86.52621459960938,301.71209716796875,62.75918197631836,49.471256256103516,280.84375,57.62281036376953,231.9975128173828,408.81610107421875,403.3028259277344,132.90858459472656,172.31735229492188,298.1168212890625,28.297420501708984,86.95860290527344,66.37034606933594,135.3447265625,268.6350402832031,467.6023254394531,591.951171875,137.47413635253906,689.4705200195312,89.92607879638672,616.50634765625,153.3696746826172,148.00347900390625,504.7731628417969,8407.76953125,220.48696899414062,105.04000091552734,85.18868255615234,132.8964385986328,141.29576110839844,23.332914352416992,79.18858337402344,155.79689025878906,752.2212524414062,35.37698745727539,128.47396850585938,213.25,157.3033905029297,564.9851684570312,317.3270263671875,338.38653564453125,231.18568420410156,156.87860107421875,35.333030700683594,601.9600219726562,507.75787353515625,79.8101806640625,111.19669342041016,182.47335815429688,28.247966766357422,207.1023406982422,45.583778381347656,139.7598419189453,248.3291473388672,410.28704833984375,219.46963500976562,80.5368423461914,47.28519058227539,348.8520812988281,290.7016296386719,41.355079650878906,193.07785034179688,104.83191680908203,200.09226989746094,109.94142150878906,150.3131103515625
2025-09-05,127.72506713867188,249.8024444580078,326.3699951171875,105.65542602539062,198.52806091308594,162.02786254882812,186.27737426757812,277.5970153808594,484.377685546875,190.94390869140625,369.5650634765625,282.33575439453125,109.70222473144531,332.4541015625,728.4099731445312,322.7675476074219,218.76116943359375,45.043357849121094,499.7699890136719,148.0205841064453,419.3055419921875,96.1500015258789,31.233434677124023,83.05313110351562,69.94232177734375,65.5428466796875,32.20508575439453,202.99020385742188,70.64698028564453,71.95298767089844,149.12478637695312,120.4000015258789,198.7438201904297,176.4150390625,51.60600662231445,88.24763488769531,307.1871032714844,63.92653274536133,47.22748565673828,277.81915283203125,57.89105224609375,234.5003662109375,417.9342346191406,410.4149169921875,129.91888427734375,172.0704803466797,288.85400390625,27.71695899963379,90.12511444091797,66.08831787109375,139.0795440673828,269.2281494140625,464.76141357421875,580.6019287109375,138.81069946289062,685.4320678710938,89.9745101928711,620.1617431640625,153.1527099609375,145.60443115234375,491.8847961425781,8502.0,230.17652893066406,104.83999633789062,85.68109893798828,131.0769805908203,142.19229125976562,23.656185150146484,77.90287017822266,156.60919189453125,753.8111572265625,34.85359573364258,128.44468688964844,213.89999389648438,157.43142700195312,571.1209716796875,308.690185546875,336.3078918457031,227.11260986328125,155.73178100585938,35.1466064453125,598.1400146484375,505.6902770996094,78.8285903930664,110.11455535888672,186.619140625,28.257516860961914,207.3009796142578,45.051143646240234,138.0155487060547,248.9595184326172,411.8995056152344,216.76390075683594,81.07070922851562,46.92937469482422,341.1294250488281,293.1678161621094,41.542293548583984,192.48001098632812,105.13428497314453,199.6090850830078,106.84075164794922,150.4308624267578
2025-09-08,127.11000061035156,250.40992736816406,326.7900085449219,105.10813903808594,197.32623291015625,161.33096313476562,187.48974609375,274.22052001953125,487.5060119628906,186.43795776367188,369.0364685058594,281.41046142578125,109.79163360595703,343.13580322265625,740.6099853515625,321.96612548828125,221.30010986328125,45.1026496887207,493.7799987792969,148.73318481445312,419.00823974609375,93.87999725341797,31.223541259765625,82.13606262207031,69.10164642333984,65.52324676513672,32.1060905456543,201.28289794921875,70.02727508544922,68.52015686035156,149.4547576904297,117.16999816894531,197.1753692626953,176.66314697265625,50.51606750488281,87.90137481689453,301.8198547363281,63.524654388427734,47.4243049621582,274.6551818847656,57.821510314941406,233.70193481445312,415.2822570800781,411.38470458984375,128.90257263183594,171.6952667236328,287.4115905761719,26.730178833007812,90.51246643066406,65.57292175292969,139.58924865722656,270.7107238769531,469.8196716308594,582.9671630859375,138.0946807861328,694.9846801757812,90.06167602539062,624.5940551757812,151.87069702148438,146.2926788330078,495.0646667480469,8543.0,235.79251098632812,106.4000015258789,86.04548645019531,131.0673065185547,137.64649963378906,23.342418670654297,77.63987731933594,155.62071228027344,755.4210815429688,34.553138732910156,127.13631439208984,212.72999572753906,157.82542419433594,556.2398681640625,305.6925354003906,341.16802978515625,225.5308380126953,152.46923828125,35.10736083984375,609.0800170898438,513.0303955078125,77.1764144897461,108.84719848632812,187.69027709960938,27.598587036132812,206.4369659423828,44.557247161865234,139.58143615722656,239.24777221679688,412.994384765625,213.7629852294922,80.38430786132812,46.78512954711914,340.2149963378906,297.2449951171875,40.55006790161133,190.23817443847656,104.71487426757812,200.43740844726562,107.44718933105469,148.89044189453125
2025-09-09,125.24496459960938,246.90220642089844,325.19000244140625,105.8997573852539,197.13905334472656,162.7745361328125,186.3071746826172,274.0052185058594,488.3970031738281,187.3622589111328,365.416015625,279.6864013671875,115.99931335449219,334.2211608886719,731.97998046875,320.9074401855469,221.38473510742188,44.914886474609375,492.7200012207031,149.38638305664062,414.360107421875,94.5,31.233434677124023,82.223876953125,69.31669616699219,65.97391510009766,31.878385543823242,200.578125,69.62396240234375,69.97325897216797,150.27967834472656,115.41000366210938,192.90684509277344,173.3680877685547,51.9092903137207,87.75296783447266,308.6072692871094,63.74473571777344,47.138916015625,274.84423828125,57.63274002075195,239.4706268310547,410.6139221191406,406.87841796875,129.09991455078125,171.2707061767578,292.2589111328125,26.710830688476562,91.38375091552734,65.9910888671875,134.73696899414062,267.5675964355469,468.6417236328125,580.38330078125,138.83932495117188,703.5301513671875,91.10765838623047,611.7752075195312,150.96340942382812,149.6651153564453,495.2733154296875,8276.25,238.78836059570312,106.91999816894531,86.67578887939453,130.08018493652344,138.9966278076172,23.494548797607422,77.99052429199219,156.06114196777344,750.511962890625,34.63067626953125,129.1671905517578,204.02999877929688,156.26922607421875,554.3373413085938,306.4840393066406,339.4654846191406,226.46014404296875,150.0272674560547,35.10736083984375,604.3699951171875,514.7597045898438,78.0608139038086,109.23715209960938,190.0210418701172,28.095172882080078,207.2115936279297,43.859981536865234,138.71922302246094,239.07049560546875,407.5001220703125,212.57247924804688,80.4605712890625,47.4775276184082,341.89471435546875,290.8110046386719,40.78408432006836,189.371337890625,104.90995025634766,199.8260040283203,108.22969055175781,146.96739196777344
2025-09-10,123.13192749023438,238.2014923095703,323.79998779296875,105.88019561767578,197.0504150390625,162.6948699951172,186.23764038085938,272.5762939453125,487.0704345703125,186.55348205566406,361.41656494140625,280.03704833984375,118.28373718261719,366.8818359375,747.5499877929688,319.92791748046875,217.5298614501953,46.36758041381836,490.0799865722656,147.7533416748047,419.1370849609375,94.02999877929688,31.02567481994629,81.17021179199219,69.61974334716797,66.74788665771484,31.729883193969727,199.91307067871094,68.03042602539062,72.1382827758789,153.1328887939453,114.12999725341797,191.17959594726562,174.3208770751953,52.66750717163086,86.49654388427734,302.0782470703125,63.01752853393555,47.20779800415039,281.97802734375,56.967098236083984,239.09136962890625,391.70220947265625,404.8114318847656,129.49459838867188,170.0562286376953,294.89837646484375,26.54636573791504,92.867431640625,65.95218658447266,133.8841552734375,272.4403991699219,467.9092102050781,575.7919311523438,135.04925537109375,704.2281494140625,89.41277313232422,614.2752685546875,151.44662475585938,151.53321838378906,497.2209777832031,8335.8896484375,324.6300048828125,105.11000061035156,86.30154418945312,128.78334045410156,138.56924438476562,23.361434936523438,77.99052429199219,153.99610900878906,760.4891357421875,34.9559211730957,128.3177490234375,204.5,156.5548553466797,553.64013671875,309.2442321777344,335.941650390625,225.90650939941406,153.24037170410156,35.480220794677734,387.7799987792969,507.41015625,79.70328521728516,107.98928833007812,191.4591522216797,27.88507843017578,208.89988708496094,43.69534683227539,138.61019897460938,236.7656707763672,415.37322998046875,211.72630310058594,79.93624877929688,47.31404495239258,336.06048583984375,292.7899475097656,40.70920181274414,188.9030303955078,106.69485473632812,199.8555908203125,110.03922271728516,146.60433959960938
2025-09-11,125.72115325927734,239.22048950195312,324.5199890136719,106.2711181640625,199.4540557861328,169.39501953125,190.8287353515625,276.7064208984375,495.9505310058594,189.23971557617188,371.27056884765625,286.8747863769531,118.66117095947266,357.01416015625,751.1099853515625,325.8347473144531,218.45127868652344,46.4169921875,496.9100036621094,150.90065002441406,427.5315246582031,95.58000183105469,32.123844146728516,82.00923156738281,70.05961608886719,66.31682586669922,32.52189254760742,202.99020385742188,69.3977279663086,72.82095336914062,153.57931518554688,117.87000274658203,193.73077392578125,176.7624053955078,53.2835578918457,85.8831558227539,310.09429931640625,64.0030746459961,46.577972412109375,280.13739013671875,58.328189849853516,240.30899047851562,400.135009765625,414.7938537597656,131.44827270507812,173.94650268554688,299.82415771484375,26.691482543945312,95.52112579345703,65.75769805908203,137.32485961914062,277.3724670410156,478.6888427734375,585.0840454101562,137.56007385253906,717.7393188476562,91.28199768066406,628.6079711914062,157.26504516601562,153.85360717773438,497.8569641113281,8532.98046875,304.3906555175781,107.81999969482422,88.02501678466797,131.0963592529297,140.09422302246094,23.637170791625977,79.94832611083984,155.2488250732422,764.8516235351562,35.1414909362793,129.3917694091797,207.02999877929688,159.07627868652344,565.9613647460938,312.9739990234375,346.9783935546875,229.56436157226562,155.86029052734375,35.3526611328125,438.1000061035156,517.7389526367188,81.12220001220703,110.10481262207031,195.1982879638672,28.162019729614258,210.93572998046875,43.86966323852539,139.571533203125,237.76046752929688,412.9446105957031,212.5626220703125,80.69890594482422,47.429443359375,341.3977355957031,299.9697265625,41.31763458251953,191.48362731933594,107.0167236328125,200.69381713867188,109.68709564208984,147.7719268798828
2025-09-12,122.25892639160156,233.7237548828125,319.04998779296875,106.97477722167969,197.40504455566406,167.05545043945312,188.7418670654297,270.50146484375,492.0995178222656,187.82440185546875,370.97137451171875,285.21893310546875,117.87651062011719,357.2523498535156,756.1300048828125,321.8671569824219,216.87466430664062,45.94264221191406,493.739990234375,150.67300415039062,427.6703186035156,95.38999938964844,31.174076080322266,81.24826049804688,70.06939697265625,65.18035125732422,32.14569091796875,200.87591552734375,68.0402603149414,73.12328338623047,152.4729766845703,118.5,188.658203125,171.68084716796875,53.26459884643555,82.75689697265625,307.0119323730469,63.5724983215332,46.69606018066406,280.2667236328125,58.11955642700195,240.90782165527344,402.399658203125,414.0787048339844,130.757568359375,171.77427673339844,301.1488037109375,26.343204498291016,95.99311828613281,65.16449737548828,134.56053161621094,275.95904541015625,477.154541015625,576.8154907226562,135.75572204589844,709.38330078125,91.06892395019531,613.40869140625,155.6871795654297,153.76513671875,506.6910095214844,8414.8203125,288.8873291015625,107.5,87.70986938476562,130.7576141357422,139.414306640625,22.69586753845215,80.55221557617188,154.5343780517578,754.0299072265625,35.317291259765625,127.6928482055664,205.11000061035156,159.39144897460938,557.793701171875,311.77691650390625,341.4253234863281,225.87684631347656,154.08074951171875,34.90130615234375,425.45001220703125,511.4890441894531,81.57899475097656,109.61736297607422,194.385009765625,28.23841667175293,208.37353515625,43.772823333740234,138.2335968017578,238.0855255126953,398.9004211425781,211.45082092285156,80.41291046142578,47.24673080444336,337.36248779296875,293.297119140625,41.15850830078125,188.1358184814453,107.79701232910156,194.21502685546875,109.7066650390625,145.40733337402344
2025-09-15,124.6299057006836,233.06729125976562,321.07000732421875,106.6229476928711,193.95718383789062,170.17153930664062,188.68212890625,268.5538635253906,482.76397705078125,185.34034729003906,362.8427734375,282.00457763671875,118.43272399902344,361.4416809082031,760.7899780273438,323.79656982421875,220.907958984375,45.735111236572266,491.5400085449219,148.72328186035156,432.0508728027344,93.56999969482422,30.906953811645508,80.1263198852539,69.97164154052734,65.66040802001953,32.17538833618164,198.23556518554688,67.46974182128906,71.64091491699219,152.6670684814453,118.66000366210938,187.1592559814453,170.648681640625,52.942359924316406,86.46685791015625,302.2358093261719,62.46256637573242,47.001136779785156,285.33099365234375,58.56663131713867,251.26751708984375,400.452880859375,414.0982971191406,129.71168518066406,170.0562286376953,303.1014099121094,25.87883758544922,98.4715576171875,64.88031768798828,131.12960815429688,278.61785888671875,471.89837646484375,579.3497924804688,134.23777770996094,700.8677978515625,90.4878158569336,608.6478271484375,154.49391174316406,154.0109405517578,512.1166381835938,8277.9501953125,298.735107421875,106.30000305175781,88.27122497558594,127.71876525878906,136.607177734375,22.79094886779785,80.79573059082031,153.4871826171875,755.2025146484375,35.13172149658203,128.08338928222656,204.14999389648438,158.7906494140625,570.3341064453125,312.400146484375,342.91998291015625,225.54074096679688,156.57212829589844,34.11634826660156,419.20001220703125,511.26348876953125,81.0444564819336,109.3053970336914,209.39111328125,28.286165237426758,209.69436645507812,43.36608123779297,139.9084930419922,236.13528442382812,400.5626525878906,212.7692413330078,80.09831237792969,47.400596618652344,336.9847717285156,292.3921813964844,41.06489562988281,187.6575469970703,108.23592376708984,198.27783203125,109.89250183105469,143.4940643310547
2025-09-16,126.177490234375,232.0286865234375,318.510009765625,104.41426086425781,193.3759765625,172.76995849609375,186.4027557373047,267.261962890625,481.2592468261719,187.48739624023438,355.6318359375,277.5532531738281,118.39791870117188,357.38140869140625,750.6699829101562,323.5788879394531,217.53781127929688,46.67393112182617,490.989990234375,146.84283447265625,436.7386779785156,93.56999969482422,30.867380142211914,79.49217987060547,68.38804626464844,65.57222747802734,32.14569091796875,197.8186492919922,68.0402603149414,71.66041564941406,154.83123779296875,118.69000244140625,189.07513427734375,171.27395629882812,52.297882080078125,87.57489013671875,305.2787170410156,61.95543670654297,46.499237060546875,291.4897155761719,58.07981491088867,250.92816162109375,397.76629638671875,412.86395263671875,127.92574310302734,169.70968627929688,303.385986328125,26.081998825073242,98.63685607910156,64.90971374511719,131.16880798339844,280.9701843261719,466.691650390625,582.7882690429688,133.07305908203125,691.4647827148438,91.22388458251953,607.3330078125,154.33612060546875,153.19485473632812,505.83642578125,8209.98046875,303.19427490234375,105.38999938964844,87.85758972167969,127.38005065917969,136.01466369628906,22.72439193725586,78.01000213623047,154.6811981201172,749.3294677734375,34.66291046142578,129.89950561523438,204.9499969482422,161.66664123535156,572.7943115234375,311.3020324707031,338.7825012207031,222.7627410888672,156.77975463867188,34.5775146484375,425.9700012207031,508.7259216308594,80.37386322021484,107.71631622314453,209.40101623535156,28.00922393798828,211.09463500976562,43.15303421020508,138.30299377441406,234.0471649169922,398.1240539550781,212.5232696533203,81.22322845458984,46.53509521484375,337.9588317871094,290.33367919921875,40.94321060180664,186.9700469970703,106.0121078491211,193.33738708496094,112.17153930664062,144.68128967285156
2025-09-17,125.71121978759766,236.3692626953125,319.2799987792969,105.07881927490234,194.3118133544922,177.33961486816406,185.38748168945312,268.85723876953125,481.2988586425781,189.88479614257812,357.05804443359375,283.0858154296875,117.77131652832031,343.65203857421875,751.8099975585938,332.4440612792969,220.66439819335938,45.93275833129883,492.3299865722656,147.14964294433594,446.6395568847656,94.80000305175781,30.857486724853516,80.21412658691406,68.7986068725586,66.34620666503906,32.442691802978516,198.50357055664062,68.88621520996094,72.16754150390625,155.36502075195312,118.68000030517578,191.52703857421875,170.16233825683594,52.65803146362305,87.2286376953125,303.7818908691406,61.840614318847656,46.37130355834961,288.0372314453125,58.348060607910156,249.3612518310547,397.4080505371094,408.504638671875,128.91244506835938,170.5513153076172,305.89794921875,26.372228622436523,98.56715393066406,65.69364166259766,130.34539794921875,278.5881652832031,474.99664306640625,594.9227294921875,133.225830078125,690.2581787109375,91.60160827636719,607.2632446289062,153.0146484375,154.76800537109375,506.81024169921875,8137.31005859375,298.01336669921875,104.55000305175781,88.28107452392578,128.19300842285156,137.1802520751953,22.86701202392578,78.760009765625,156.91258239746094,733.8768310546875,34.780113220214844,129.9971466064453,203.97999572753906,162.76976013183594,583.1932373046875,302.8531494140625,341.1581115722656,223.69203186035156,156.51280212402344,34.13597106933594,425.3999938964844,511.3668518066406,80.32527160644531,108.89594268798828,211.61276245117188,28.209768295288086,212.35589599609375,43.9471435546875,138.78857421875,235.8496551513672,397.0988464355469,213.6744384765625,80.25084686279297,47.70833206176758,344.09124755859375,290.6221008300781,41.38316345214844,184.97731018066406,106.56806182861328,193.8797607421875,112.76819610595703,144.16123962402344
2025-09-18,126.60406494140625,234.71337890625,323.0400085449219,104.02334594726562,202.61622619628906,188.91799926757812,187.8261260986328,269.953369140625,486.466552734375,185.8506317138672,351.83184814453125,284.8585510253906,121.41157531738281,342.8379821777344,766.469970703125,338.0540466308594,216.2611846923828,46.72334289550781,490.5,148.4956512451172,462.7940979003906,92.95999908447266,31.114715576171875,79.54095458984375,68.60310363769531,67.28673553466797,33.096099853515625,198.03701782226562,69.11246490478516,72.57714080810547,154.1519012451172,115.43000030517578,193.8399658203125,171.50221252441406,52.67698669433594,87.06045532226562,310.96087646484375,62.07025909423828,46.4697151184082,295.5888671875,58.874610900878906,251.8363800048828,399.06976318359375,408.974853515625,129.66233825683594,169.44235229492188,307.3501892089844,26.314184188842773,104.22504425048828,65.12528991699219,130.24737548828125,279.4481201171875,471.17578125,582.4205932617188,134.17092895507812,688.154296875,92.57979583740234,617.9306640625,153.25132751464844,156.5673065185547,505.2501220703125,8178.47998046875,293.27734375,103.69000244140625,88.98030853271484,126.886474609375,136.69459533691406,22.962095260620117,79.65611267089844,153.9667510986328,750.9691162109375,34.75081253051758,128.24940490722656,206.19000244140625,165.59652709960938,596.3511962890625,310.6293029785156,345.01849365234375,224.1270294189453,156.3941650390625,34.0869140625,480.1099853515625,477.25067138671875,80.16006469726562,110.3777847290039,214.8658905029297,27.88507843017578,215.8118896484375,44.62504196166992,138.6795654296875,235.2389678955078,400.6123962402344,216.81309509277344,81.08023834228516,48.28532791137695,336.1201171875,296.91680908203125,40.877685546875,189.68019104003906,106.77288055419922,196.84796142578125,111.43795013427734,144.32806396484375
2025-09-19,125.31441497802734,234.86033630371094,322.6700134277344,104.62926483154297,202.9708709716797,189.25650024414062,186.99996948242188,279.32928466796875,484.6152648925781,186.12022399902344,350.3956298828125,282.6182556152344,123.27149200439453,342.43096923828125,774.530029296875,337.5098876953125,216.32318115234375,46.78263854980469,492.8500061035156,148.0601806640625,462.37786865234375,93.5999984741211,30.194631576538086,79.18974304199219,68.54444885253906,66.8262710571289,32.65059280395508,198.65245056152344,65.84668731689453,73.06475830078125,151.5995330810547,113.79000091552734,191.87448120117188,170.0531768798828,52.733848571777344,86.86258697509766,308.9322204589844,62.242488861083984,46.82400131225586,299.61846923828125,58.596431732177734,254.74070739746094,400.3036193847656,407.2213134765625,129.2084503173828,168.09576416015625,308.8710632324219,26.227115631103516,104.037841796875,65.09589385986328,124.80692291259766,280.6440734863281,474.1552734375,580.542236328125,134.4764404296875,696.3108520507812,92.08585357666016,616.1079711914062,154.43475341796875,157.22604370117188,514.6704711914062,8094.7001953125,305.1816101074219,103.93000030517578,87.80835723876953,125.81222534179688,137.69505310058594,22.847997665405273,79.58793640136719,152.71400451660156,750.94921875,34.858245849609375,126.65787506103516,205.9499969482422,164.33580017089844,589.6575927734375,309.1156311035156,344.2860107421875,224.3544158935547,156.443603515625,33.78274154663086,495.5,476.6492004394531,80.85979461669922,110.6507568359375,219.41830444335938,27.70363426208496,214.67974853515625,44.53788375854492,138.53091430664062,234.58889770507812,404.6833190917969,217.05906677246094,80.13644409179688,48.4776611328125,339.5292053222656,296.1312255859375,40.69983673095703,188.01626586914062,107.40686798095703,195.4969940185547,110.35222625732422,143.1310577392578
2025-09-22,125.32432556152344,235.1444854736328,324.3900146484375,104.61949157714844,203.38462829589844,199.6302490234375,187.57728576660156,279.9067077636719,489.4067687988281,186.0239715576172,352.5299987792969,280.02728271484375,123.02284240722656,336.9019470214844,775.9199829101562,337.371337890625,216.827392578125,47.10874938964844,493.7099914550781,145.9521026611328,467.8882751464844,94.27999877929688,30.38260269165039,77.42390441894531,68.85726165771484,66.3756103515625,32.8683967590332,201.0942840576172,67.04676055908203,73.26956176757812,151.44424438476562,113.22000122070312,189.06520080566406,168.96144104003906,51.425926208496094,86.33824157714844,313.048583984375,62.47213363647461,46.37130355834961,299.4989929199219,58.49708938598633,252.38531494140625,405.2190856933594,403.6064758300781,128.97164916992188,168.4423065185547,306.5749816894531,25.104890823364258,106.67063903808594,64.88031768798828,119.50371551513672,281.0196228027344,472.9179382324219,580.8702392578125,134.84877014160156,695.0045776367188,91.64034271240234,617.3629760742188,151.7326202392578,158.0126190185547,511.21240234375,7925.22998046875,324.4519958496094,103.44999694824219,87.97576904296875,126.1993408203125,136.98597717285156,22.857507705688477,80.074951171875,149.80734252929688,755.1925048828125,34.858245849609375,126.51142120361328,205.92999267578125,167.16256713867188,593.3331298828125,304.3668212890625,341.8509826660156,223.68212890625,157.62008666992188,33.28232192993164,514.7899780273438,475.15484619140625,80.05314636230469,110.47526550292969,227.45196533203125,27.617687225341797,217.08306884765625,43.956825256347656,138.1642303466797,233.869873046875,405.7284240722656,222.2147216796875,80.29851531982422,47.592933654785156,342.262451171875,297.2251281738281,40.40030288696289,197.24270629882812,107.15327453613281,193.92906188964844,109.56971740722656,141.92420959472656
2025-09-23,124.93743896484375,230.74513244628906,324.8599853515625,105.68473815917969,204.6356964111328,199.97869873046875,185.81546020507812,280.699462890625,489.1791076660156,187.05413818359375,352.1410217285156,269.4004821777344,124.7236099243164,337.0511474609375,777.5800170898438,337.85614013671875,218.8891143798828,48.353912353515625,494.1000061035156,153.0284881591797,467.0557556152344,94.3499984741211,30.38260269165039,78.19462585449219,69.8836669921875,66.16986083984375,33.729705810546875,199.10906982421875,66.56475830078125,74.60562896728516,152.7738037109375,112.02999877929688,188.3306121826172,167.820068359375,52.44951629638672,86.78343963623047,318.7996520996094,62.84530258178711,47.22748565673828,304.08575439453125,58.199039459228516,251.84637451171875,407.41815185546875,402.5386962890625,130.05702209472656,166.4323272705078,306.8693542480469,25.636978149414062,106.66566467285156,65.37026977539062,120.8172607421875,282.867919921875,475.0758361816406,566.4401245117188,134.7246551513672,739.187744140625,91.96964263916016,612.9406127929688,154.12901306152344,158.061767578125,506.0252380371094,7980.10986328125,310.2933654785156,103.7300033569336,87.76896667480469,125.13478088378906,137.83103942871094,22.943077087402344,80.26001739501953,149.2494659423828,755.4111328125,35.463802337646484,129.15745544433594,204.02999877929688,166.97543334960938,565.652587890625,307.3348083496094,339.2477111816406,224.9376983642578,158.7174835205078,33.841609954833984,490.32000732421875,466.8748474121094,83.62964630126953,110.11455535888672,226.26181030273438,27.49354362487793,218.14569091796875,44.25703811645508,138.47146606445312,235.88905334472656,403.26995849609375,224.31045532226562,80.4701156616211,47.45829391479492,336.636962890625,295.9323425292969,40.57815170288086,193.80520629882812,109.0064697265625,197.597412109375,111.4574966430664,139.92266845703125
2025-09-24,123.38985443115234,234.25286865234375,323.5199890136719,106.40794372558594,206.29067993164062,200.54617309570312,185.30783081054688,273.27117919921875,486.9615478515625,185.7543487548828,352.80926513671875,265.21209716796875,122.46585083007812,337.4190673828125,698.02001953125,336.8766174316406,219.5478973388672,49.28284454345703,497.0899963378906,152.98892211914062,465.598876953125,93.70999908447266,30.046228408813477,79.15071105957031,70.04985046386719,65.95433044433594,33.48220443725586,198.5631103515625,67.24349212646484,74.48860168457031,154.4818572998047,111.2300033569336,184.54852294921875,166.03359985351562,52.165191650390625,84.41896057128906,321.4092712402344,62.347747802734375,46.78463363647461,298.78265380859375,59.53031921386719,247.34519958496094,414.5525817871094,401.42193603515625,130.09649658203125,166.39273071289062,307.53662109375,25.39512062072754,106.41372680664062,65.11549377441406,123.20909118652344,280.703369140625,469.32470703125,565.2874145507812,134.06591796875,758.4026489257812,92.72506713867188,604.384765625,152.46238708496094,155.23011779785156,506.9394226074219,8036.6298828125,304.98388671875,103.47000122070312,87.38488006591797,124.1379623413086,138.09329223632812,22.905046463012695,79.71455383300781,149.1711883544922,744.0725708007812,35.64937210083008,133.36569213867188,203.60000610351562,170.9348602294922,574.7067260742188,308.6803283691406,339.000244140625,224.8091583251953,159.54795837402344,33.959354400634766,468.0899963378906,461.217041015625,84.82504272460938,110.12430572509766,221.86805725097656,27.044708251953125,214.07395935058594,44.441036224365234,139.1850128173828,234.8154296875,402.2049560546875,226.6521453857422,79.98391723632812,47.29481506347656,336.6170349121094,292.17340087890625,40.41902160644531,191.61317443847656,109.26005554199219,197.60726928710938,112.05416107177734,139.00038146972656
2025-09-25,120.91967010498047,227.864501953125,320.1700134277344,105.41110229492188,206.694580078125,198.71434020996094,183.5360870361328,265.4024353027344,487.0209655761719,186.50535583496094,350.7148132324219,258.8808288574219,121.67018127441406,334.2269592285156,712.1500244140625,336.5798034667969,221.5397186279297,49.51013946533203,494.9599914550781,147.4267578125,459.5830383300781,93.9800033569336,30.155054092407227,77.75559997558594,69.3851318359375,66.47357177734375,33.44260025024414,200.55828857421875,65.58110046386719,72.76243591308594,155.97642517089844,105.83000183105469,180.131103515625,164.3463592529297,51.226898193359375,83.09325408935547,311.876708984375,61.6446418762207,47.08970642089844,295.67840576171875,60.195960998535156,246.08766174316406,412.8311462402344,399.14923095703125,129.82020568847656,165.6303253173828,307.5660705566406,24.91140365600586,105.46078491210938,64.65493774414062,121.57205200195312,285.8825378417969,468.9782409667969,563.7866821289062,132.45252990722656,734.4114990234375,91.3304214477539,605.6397705078125,150.9141082763672,156.28216552734375,503.8390808105469,7906.68994140625,288.04693603515625,104.58000183105469,88.0841064453125,122.6088638305664,135.90782165527344,22.43914794921875,79.38338470458984,148.9069366455078,740.4155883789062,35.317291259765625,135.7969207763672,202.7100067138672,167.12315368652344,553.3212890625,299.65765380859375,336.57513427734375,224.27529907226562,158.68783569335938,33.939735412597656,487.20001220703125,455.7659912109375,84.05726623535156,111.37217712402344,218.0496063232422,27.02560806274414,212.99147033691406,44.295772552490234,140.19590759277344,234.36236572265625,404.504150390625,228.2657470703125,78.72553253173828,47.15055847167969,332.889892578125,293.1181335449219,40.57815170288086,193.81517028808594,108.499267578125,198.31729125976562,113.0616226196289,138.47055053710938
2025-09-26,122.40773010253906,234.1450958251953,322.8800048828125,106.66204071044922,209.59075927734375,203.01516723632812,185.51687622070312,267.16412353515625,494.2873840332031,187.04454040527344,355.1430969238281,259.8548889160156,121.93871307373047,332.66571044921875,708.8400268554688,338.06390380859375,220.4379119873047,49.925193786621094,500.0299987792969,152.1278839111328,461.6048583984375,95.30999755859375,30.29356575012207,77.64828491210938,70.22579956054688,65.85636138916016,33.67030334472656,202.7321319580078,65.88603973388672,73.89370727539062,155.43295288085938,105.7699966430664,183.8105010986328,166.7283477783203,52.136756896972656,85.73475646972656,313.7575988769531,62.40867233276367,47.92620086669922,293.48956298828125,60.841739654541016,246.6964569091797,417.0003356933594,401.73541259765625,131.3397216796875,166.07586669921875,310.12701416015625,24.891881942749023,105.97758483886719,64.35115051269531,123.55217742919922,290.1523742675781,469.6018981933594,561.630126953125,133.24490356445312,758.3726196289062,91.94520568847656,611.2971801757812,150.69712829589844,157.4226837158203,508.2411804199219,8032.77978515625,280.265625,106.0999984741211,89.00984954833984,124.07990264892578,136.4129180908203,22.591279983520508,80.47430419921875,149.2494659423828,746.020263671875,35.8642463684082,136.16795349121094,202.9600067138672,166.650390625,561.6782836914062,309.5738830566406,340.0890808105469,225.6099395751953,161.49560546875,34.85224533081055,487.760009765625,457.8712158203125,86.09819030761719,112.8052749633789,215.728759765625,27.035154342651367,215.5437469482422,44.566932678222656,141.81134033203125,233.8994140625,413.29296875,231.41424560546875,79.81231689453125,47.54484558105469,335.3150634765625,297.6228942871094,40.82152557373047,195.95738220214844,110.0696029663086,198.55393981933594,114.65599060058594,140.79591369628906
2025-09-29,122.7648696899414,242.01295471191406,322.0299987792969,107.28750610351562,208.13282775878906,204.0406036376953,186.00460815429688,268.1330261230469,494.5843811035156,187.31410217285156,353.68695068359375,263.4588623046875,120.35728454589844,326.0726318359375,716.02001953125,338.6872863769531,216.73521423339844,49.95484161376953,499.25,152.9790496826172,467.402587890625,96.19000244140625,29.08656883239746,78.43852996826172,71.13490295410156,66.34620666503906,35.472129821777344,202.40455627441406,65.9843978881836,73.69866180419922,151.49278259277344,103.27999877929688,185.02369689941406,165.38848876953125,52.34526443481445,88.17838287353516,314.8211669921875,62.01215362548828,48.09349822998047,292.50335693359375,60.72251510620117,243.88198852539062,418.83123779296875,398.51239013671875,130.4911651611328,166.3333282470703,309.7640075683594,25.05782699584961,105.96166229248047,64.71372985839844,125.1598129272461,293.5030212402344,471.6607666015625,564.6215209960938,132.32839965820312,759.6390380859375,91.70124053955078,618.7772216796875,151.94956970214844,158.455078125,511.3614196777344,8095.14013671875,279.5735168457031,107.55000305175781,89.90605926513672,124.38958740234375,136.15065002441406,22.676851272583008,80.32819366455078,150.25753784179688,748.8524169921875,36.21585464477539,134.3225860595703,203.83999633789062,162.80917358398438,558.5406494140625,306.26947021484375,341.0294189453125,226.4502410888672,161.7724151611328,34.44995880126953,481.6099853515625,461.7809143066406,87.1769790649414,114.30661010742188,227.26353454589844,26.80596351623535,216.27865600585938,44.470088958740234,142.2375030517578,234.38204956054688,412.4469299316406,232.37844848632812,80.555908203125,47.112091064453125,338.0880432128906,301.33209228515625,40.48454666137695,196.86407470703125,111.40585327148438,189.31405639648438,111.72160339355469,140.3641815185547
2025-09-30,127.58393859863281,241.62103271484375,317.6700134277344,109.94574737548828,211.45263671875,203.83154296875,187.12936401367188,276.18768310546875,486.32794189453125,186.79933166503906,355.64178466796875,265.6407165527344,123.08251190185547,328.0714416503906,717.6400146484375,328.6446838378906,214.5284423828125,48.14638900756836,502.739990234375,155.3444366455078,472.8932189941406,96.48999786376953,28.60179328918457,77.98975372314453,71.61389923095703,67.0320053100586,35.15531921386719,203.7445831298828,65.97456359863281,73.52311706542969,150.7066650390625,101.37000274658203,197.15573120117188,165.57705688476562,52.39265060424805,87.17916870117188,318.19891357421875,62.60210037231445,48.260799407958984,299.665771484375,60.57349395751953,243.0735626220703,424.0850524902344,396.93524169921875,131.6160125732422,166.8184814453125,309.50885009765625,24.901643753051758,107.40251159667969,64.98809814453125,123.55217742919922,301.86480712890625,470.1858825683594,565.2874145507812,133.39764404296875,770.3283081054688,92.94058227539062,627.7714233398438,153.03436279296875,156.2919921875,514.6903686523438,8034.66015625,278.0706481933594,107.80999755859375,90.04393768310547,122.6766128540039,136.4129180908203,24.226673126220703,80.75677490234375,150.3749542236328,753.40380859375,36.29399108886719,132.8091583251953,203.02000427246094,163.8531951904297,560.0546875,311.15167236328125,345.9786071777344,226.86546325683594,165.430419921875,33.72386932373047,493.3900146484375,457.429443359375,87.44910430908203,113.09774780273438,234.86485290527344,26.968307495117188,218.01658630371094,44.276405334472656,143.24838256835938,235.78070068359375,419.9915771484375,232.5653839111328,79.63118743896484,46.97602081298828,339.3006286621094,305.9064636230469,41.13978576660156,199.7436065673828,111.76673126220703,192.73585510253906,110.28375244140625,143.56275939941406
2025-10-01,137.75286865234375,238.78939819335938,315.7300109863281,110.19007873535156,207.541748046875,216.7738494873047,186.5719757080078,292.1404113769531,481.72454833984375,187.77061462402344,359.1824645996094,263.4542236328125,123.98760223388672,331.5320739746094,711.3400268554688,325.0827941894531,212.5930633544922,47.79062271118164,498.20001220703125,156.81495666503906,476.5304870605469,95.70999908447266,28.057659149169922,77.08244323730469,70.743896484375,67.35531616210938,34.65041732788086,202.13653564453125,65.4433822631836,74.96647644042969,150.01763916015625,101.18000030517578,211.69432067871094,165.15028381347656,53.340423583984375,85.2796630859375,327.5936584472656,61.9928092956543,46.96177291870117,299.7255554199219,60.94108963012695,245.05966186523438,423.9556579589844,388.9316711425781,131.13250732421875,161.03607177734375,304.8774719238281,24.989498138427734,112.40819549560547,65.4388656616211,125.67935943603516,296.982177734375,462.07891845703125,570.2166748046875,131.74606323242188,762.8896484375,92.52096557617188,617.5919799804688,153.84303283691406,154.25672912597656,516.4392700195312,8036.47998046875,285.7530822753906,105.68000030517578,90.95984649658203,120.01519775390625,139.0354766845703,25.8715763092041,80.88339233398438,149.91497802734375,750.4920654296875,35.737274169921875,131.4129180908203,202.4199981689453,163.9812469482422,597.5762939453125,314.9820251464844,345.770751953125,224.70040893554688,165.3018798828125,34.43033218383789,488.7799987792969,452.69268798828125,87.37568664550781,111.3399429321289,255.5396270751953,26.30938148498535,220.1616973876953,44.13113784790039,143.0303497314453,229.75271606445312,423.4255065917969,230.96163940429688,80.44151306152344,46.53862380981445,345.7113037109375,299.95977783203125,41.02745819091797,197.8405303955078,110.2061538696289,192.58795166015625,109.54036712646484,144.180908203125
2025-10-02,137.87216186523438,239.4066619873047,320.9100036621094,110.88395690917969,206.88174438476562,222.59788513183594,185.2680206298828,291.0638427734375,485.743896484375,185.6823272705078,359.7808837890625,265.317138671875,122.9134292602539,336.29534912109375,720.530029296875,326.9824523925781,215.5328826904297,47.83015823364258,495.9200134277344,157.3412322998047,486.1934814453125,95.45999908447266,28.542434692382812,76.3995132446289,70.21602630615234,66.92424011230469,35.2147216796875,201.41192626953125,65.90570831298828,75.5321044921875,148.84335327148438,103.80000305175781,209.15853881835938,165.49766540527344,51.6439208984375,87.82222747802734,335.0581970214844,61.393192291259766,47.40462112426758,298.301025390625,58.97396469116211,245.9479217529297,424.5726013183594,386.962646484375,131.1719970703125,159.39244079589844,301.77679443359375,25.126157760620117,113.44278717041016,64.77252197265625,125.79698944091797,292.66290283203125,464.72186279296875,573.7546997070312,130.0849151611328,756.5279541015625,93.17478942871094,625.3709106445312,156.6043243408203,152.69342041015625,512.4942626953125,8071.60986328125,285.52569580078125,104.97000122070312,90.84165954589844,119.44420623779297,138.22927856445312,25.74797248840332,82.07170867919922,148.80906677246094,753.3938598632812,35.55170440673828,131.75465393066406,203.02000427246094,166.30567932128906,597.6360473632812,319.9039306640625,345.1471862792969,220.6409149169922,164.7383575439453,33.468753814697266,471.1499938964844,447.95587158203125,87.39525604248047,113.04864501953125,253.45028686523438,25.793699264526367,219.585693359375,43.927772521972656,141.21669006347656,226.6796417236328,421.55426025390625,230.74517822265625,81.57596588134766,46.56778335571289,343.8427734375,301.68017578125,40.62495422363281,197.15301513671875,109.26981353759766,193.41627502441406,108.8556900024414,143.7295684814453
2025-10-03,140.79461669921875,240.36688232421875,318.8999938964844,111.4703369140625,207.67967224121094,216.5647735595703,182.8990478515625,291.5434265136719,487.0704345703125,184.74990844726562,362.8527526855469,266.1701354980469,121.56076049804688,336.4842834472656,715.510009765625,326.7449951171875,215.27462768554688,47.928977966308594,498.75,153.3694610595703,493.4085388183594,95.44999694824219,28.265417098999023,76.0970687866211,70.71456909179688,66.94395446777344,35.65032958984375,201.11415100097656,66.554931640625,75.57112121582031,149.01805114746094,103.05000305175781,213.79258728027344,165.3586883544922,52.402130126953125,87.08023834228516,345.16192626953125,61.2191047668457,47.11922836303711,295.8604431152344,59.738956451416016,245.9678955078125,427.408447265625,387.0116271972656,131.68507385253906,161.01626586914062,304.2102355957031,25.223773956298828,109.68777465820312,65.31147766113281,127.50265502929688,293.93792724609375,461.99969482421875,576.855224609375,130.50497436523438,735.9470825195312,95.34119415283203,632.2434692382812,156.46624755859375,154.94497680664062,514.0940551757812,8178.0,282.9154357910156,104.79000091552734,90.15227508544922,120.59586334228516,137.9087371826172,26.02370834350586,82.05223083496094,149.02438354492188,758.4519653320312,35.84471130371094,129.87020874023438,203.0,166.6306915283203,597.6360473632812,319.3382873535156,345.84991455078125,222.20721435546875,164.68893432617188,33.61593246459961,469.1700134277344,450.9445495605469,89.5096664428711,114.28596496582031,251.51014709472656,25.841445922851562,219.31756591796875,44.08271789550781,140.06707763671875,226.80767822265625,422.11163330078125,232.9884796142578,82.72948455810547,46.72330093383789,347.7091064453125,303.0027770996094,40.877685546875,199.3550262451172,110.49877166748047,196.6605987548828,110.78260040283203,143.66087341308594
2025-10-06,140.76478576660156,243.15933227539062,323.42999267578125,113.03401947021484,205.71932983398438,222.91647338867188,182.14256286621094,287.85369873046875,488.8623046875,180.2430877685547,364.7378234863281,265.66033935546875,122.7343978881836,333.6203308105469,721.5900268554688,328.4764404296875,215.34693908691406,48.50214767456055,500.0199890136719,154.0943145751953,490.9605712890625,93.98999786376953,28.779874801635742,75.56049346923828,71.57479095458984,67.91973114013672,35.887935638427734,197.5705108642578,66.69264221191406,74.93721008300781,149.4741668701172,102.04000091552734,210.53085327148438,165.26939392089844,51.93772506713867,87.71340942382812,344.6104736328125,60.17461395263672,47.02082061767578,297.07574462890625,57.81156921386719,251.01797485351562,431.3985290527344,381.3983459472656,130.77731323242188,157.49139404296875,304.85113525390625,24.6966495513916,113.48759460449219,64.77252197265625,123.89527130126953,299.49267578125,463.8012390136719,575.2254638671875,129.83668518066406,739.1677856445312,96.05355834960938,633.578125,153.77398681640625,155.4365997314453,525.2435302734375,8068.75,288.3039855957031,103.30000305175781,89.45304107666016,120.36360931396484,135.69410705566406,25.12994384765625,81.99378204345703,147.2040252685547,758.66064453125,36.28422164916992,129.78233337402344,205.0,166.07913208007812,583.1732177734375,318.6337585449219,345.02838134765625,221.24560546875,166.88372802734375,33.939735412597656,478.2200012207031,449.5724182128906,90.50812530517578,114.79661560058594,241.6005859375,24.705034255981445,221.42295837402344,43.89872360229492,141.83116149902344,221.57752990722656,422.7884826660156,233.5886688232422,82.57696533203125,46.38311004638672,347.1524658203125,302.972900390625,38.79027557373047,200.55067443847656,111.72772979736328,193.4261474609375,111.70203399658203,142.620849609375
2025-10-07,137.73297119140625,246.1575469970703,314.19000244140625,115.47724914550781,208.63522338867188,210.62127685546875,180.579833984375,289.24346923828125,492.8023986816406,181.60289001464844,365.96453857421875,265.60150146484375,123.85830688476562,334.5351867675781,714.5999755859375,324.4989929199219,208.27964782714844,48.00803756713867,502.29998779296875,155.54400634765625,482.367919921875,95.13999938964844,28.4039249420166,77.17999267578125,72.1026611328125,67.99857330322266,35.630531311035156,197.6995391845703,66.83035278320312,75.21028137207031,150.33790588378906,97.9800033569336,207.60720825195312,163.3538818359375,51.66635513305664,91.69048309326172,352.04547119140625,60.4163932800293,46.69606018066406,300.58221435546875,56.88762283325195,246.6465606689453,435.39862060546875,378.9296875,132.03041076660156,160.38259887695312,303.3819885253906,24.725934982299805,108.01390838623047,65.44866943359375,119.72916412353516,297.9309997558594,465.6028137207031,576.2490844726562,130.04672241210938,747.9825439453125,95.95597839355469,627.1039428710938,153.1822967529297,153.3521728515625,520.682373046875,7840.10986328125,281.0368347167969,101.8499984741211,89.02954864501953,122.92823028564453,136.75286865234375,24.977815628051758,81.39962768554688,149.2886199951172,745.98046875,36.616302490234375,129.24530029296875,202.25999450683594,162.96676635742188,580.9420776367188,322.27557373046875,340.7225646972656,220.81935119628906,167.348388671875,33.76311492919922,477.8299865722656,452.2697448730469,92.0254135131836,114.78679656982422,223.87078857421875,24.981975555419922,220.53909301757812,43.772823333740234,141.38519287109375,224.25662231445312,421.1361999511719,228.12799072265625,81.96682739257812,46.16926956176758,350.27337646484375,299.2239074707031,38.752838134765625,197.0832977294922,112.36170959472656,186.4346160888672,111.76072692871094,140.0796661376953
2025-10-08,139.9695587158203,247.87222290039062,311.4100036621094,115.50657653808594,209.18690490722656,216.5448760986328,182.34164428710938,288.3430480957031,485.2587890625,180.26251220703125,364.41864013671875,263.3365783691406,125.11150360107422,343.5745849609375,727.4099731445312,320.3929443359375,203.87844848632812,47.28662872314453,499.8399963378906,156.65609741210938,497.6404724121094,96.41999816894531,28.61168670654297,76.0970687866211,71.54547882080078,69.31932067871094,35.5909309387207,197.34219360351562,67.28284454345703,75.02498626708984,149.2024383544922,101.58000183105469,203.81845092773438,163.51268005371094,51.454647064208984,94.73760223388672,356.82159423828125,60.28099822998047,46.794471740722656,301.3990783691406,56.0332145690918,244.97984313964844,424.1546630859375,375.9712219238281,131.24105834960938,157.79832458496094,299.7732238769531,24.969974517822266,105.80830383300781,64.79212188720703,117.74903869628906,303.19915771484375,463.0885314941406,572.8701171875,129.69349670410156,753.5863647460938,95.507080078125,633.7772827148438,153.84303283691406,153.03753662109375,521.5469360351562,7756.830078125,285.3774108886719,100.76000213623047,89.8666763305664,122.51207733154297,134.85877990722656,24.41683578491211,79.64636993408203,147.47805786132812,748.6239013671875,36.420963287353516,128.20057678222656,203.42999267578125,165.24195861816406,561.638427734375,326.50286865234375,344.5730285644531,223.3968048095703,166.65634155273438,33.33138656616211,489.3599853515625,453.4069519042969,91.38912200927734,114.59039306640625,223.21414184570312,25.067920684814453,222.8828125,42.74629211425781,139.45260620117188,223.1731719970703,424.3810119628906,228.90525817871094,82.22423553466797,45.673561096191406,349.2198181152344,302.7342224121094,38.67795181274414,198.74722290039062,111.76673126220703,188.45611572265625,111.5259780883789,140.7860870361328
2025-10-09,139.27374267578125,246.95118713378906,310.32000732421875,114.25563049316406,205.87693786621094,219.32249450683594,182.46109008789062,289.13580322265625,486.4566650390625,180.00027465820312,359.4717102050781,257.5811462402344,125.56903076171875,343.0972595214844,734.0399780273438,321.0063781738281,206.2902374267578,47.3261604309082,496.739990234375,156.1000518798828,495.8961181640625,96.62000274658203,28.146697998046875,75.91170501708984,71.63343811035156,68.95463562011719,35.6899299621582,190.33432006835938,67.4894027709961,74.83968353271484,147.16439819335938,98.8499984741211,203.3411102294922,161.08106994628906,51.06972122192383,92.96671295166016,352.67572021484375,59.932830810546875,45.96781921386719,298.201416015625,55.556331634521484,241.7362060546875,416.7913818359375,369.9954833984375,128.3993682861328,157.72901916503906,301.2522277832031,25.233537673950195,104.9001693725586,65.037109375,115.58265686035156,294.738525390625,453.5165710449219,561.79443359375,128.79608154296875,755.7901000976562,94.17015838623047,631.2872924804688,150.76617431640625,153.64715576171875,519.1123657226562,7619.240234375,294.12298583984375,99.72000122070312,88.35986328125,121.17654418945312,140.5604705810547,23.998477935791016,80.54248809814453,147.37039184570312,734.1152954101562,36.0791130065918,127.99553680419922,201.72000122070312,163.16375732421875,567.6546630859375,320.4496765136719,339.3169860839844,219.76853942871094,160.3388671875,32.507179260253906,484.4100036621094,458.27532958984375,89.70543670654297,115.12067413330078,220.57754516601562,24.92467498779297,220.92640686035156,42.852821350097656,137.32180786132812,222.80873107910156,416.68707275390625,227.81314086914062,81.29949951171875,45.78047561645508,344.9261779785156,301.2127685546875,38.21928405761719,194.9111785888672,111.07421875,186.66139221191406,110.44026184082031,140.68797302246094
2025-10-10,135.8045654296875,236.0753173828125,303.5,114.38268280029297,202.6063995361328,209.01841735839844,178.4497528076172,283.94873046875,474.6263732910156,181.3212127685547,359.202392578125,252.06106567382812,121.04356384277344,322.82086181640625,703.030029296875,313.7058410644531,205.2174530029297,44.50971603393555,489.1300048828125,155.77236938476562,486.9169616699219,97.58000183105469,27.394800186157227,76.05805206298828,72.42523956298828,66.96366882324219,35.13552474975586,186.5723114013672,64.72530364990234,75.9709701538086,144.50527954101562,95.06999969482422,201.33236694335938,160.23745727539062,50.15552520751953,86.71417999267578,347.8601989746094,59.6426887512207,45.05259704589844,290.3715515136719,54.99004364013672,237.02542114257812,413.0799255371094,368.0950012207031,127.30412292480469,155.94677734375,296.6772155761719,25.20425033569336,97.85816955566406,65.69364166259766,116.9214859008789,288.946533203125,449.2205810546875,554.7589111328125,128.45240783691406,761.3640747070312,93.14551544189453,629.8629760742188,146.69326782226562,149.3111572265625,507.74432373046875,7450.89990234375,290.1612243652344,102.1500015258789,88.10380554199219,121.50558471679688,145.77647399902344,23.561105728149414,77.35740661621094,146.49935913085938,712.1734619140625,36.36235809326172,123.76774597167969,196.89999389648438,151.27561950683594,562.4054565429688,307.04345703125,330.3589782714844,223.20846557617188,155.90972900390625,31.123685836791992,438.9200134277344,456.85614013671875,88.29583740234375,109.00276947021484,213.29461669921875,24.97100830078125,213.09078979492188,40.97407531738281,139.12554931640625,225.3499298095703,412.20806884765625,221.82115173339844,79.00199890136719,44.0114631652832,341.5567932128906,299.7509460449219,37.94315719604492,190.3378143310547,112.29342651367188,178.93028259277344,108.30793762207031,138.450927734375
2025-10-13,137.40496826171875,238.64239501953125,307.9700012207031,114.14813232421875,202.5768280029297,218.50611877441406,181.3960418701172,286.1703796386719,476.9825134277344,177.9411163330078,352.43023681640625,255.76727294921875,123.24165344238281,354.712158203125,710.0,320.51043701171875,208.75050354003906,44.95441818237305,491.92999267578125,153.22052001953125,500.25689697265625,96.0999984741211,27.79053497314453,75.10195922851562,71.89738464355469,66.49056243896484,35.2147216796875,186.55245971679688,65.25648498535156,76.49759674072266,147.45556640625,98.30999755859375,203.9974365234375,159.94964599609375,51.62786102294922,91.74983978271484,346.06793212890625,59.97151184082031,41.65741729736328,296.38836669921875,55.25828170776367,244.16143798828125,408.6420593261719,371.6412353515625,127.02784729003906,157.1844482421875,303.6580810546875,25.789941787719727,102.06524658203125,65.45846557617188,116.18316650390625,290.0140075683594,452.0119934082031,556.5103759765625,128.44285583496094,767.287109375,93.27237701416016,636.0681762695312,149.0107879638672,152.5262908935547,510.8149108886719,7584.89990234375,305.06744384765625,102.87999725341797,87.82804870605469,123.31535339355469,144.62059020996094,23.513565063476562,77.60091400146484,144.3462677001953,724.0984497070312,36.56746292114258,126.7262191772461,202.47999572753906,159.3422088623047,555.5325927734375,314.7934875488281,335.7535705566406,221.10682678222656,157.0466766357422,31.663345336914062,448.0,450.5028381347656,89.245361328125,112.13538360595703,218.3986358642578,24.70073890686035,217.8676300048828,41.593868255615234,140.12652587890625,221.67601013183594,416.8065185546875,222.2147216796875,79.29751586914062,44.8668098449707,341.20892333984375,301.0635986328125,37.84794235229492,192.83871459960938,112.13737487792969,187.36155700683594,109.78490447998047,139.5792694091797
2025-10-14,137.21609497070312,239.2694854736328,306.5899963378906,115.69225311279297,206.39903259277344,217.2218475341797,184.91966247558594,287.5894775390625,481.64532470703125,181.15609741210938,359.56146240234375,256.8850402832031,121.97850036621094,342.2121887207031,704.6699829101562,330.161865234375,209.79507446289062,44.302188873291016,495.9700012207031,153.1013641357422,522.7642822265625,97.29000091552734,28.651260375976562,76.48731994628906,72.67941284179688,67.67332458496094,35.76913070678711,186.84031677246094,66.17129516601562,77.68738555908203,147.89227294921875,99.27999877929688,205.0017852783203,161.32919311523438,53.95664596557617,93.9857177734375,345.14227294921875,60.25197982788086,42.07073974609375,298.9285888671875,56.77833938598633,245.7084197998047,416.3236999511719,379.8211364746094,129.43539428710938,156.7091827392578,297.85052490234375,26.053503036499023,102.13594818115234,66.15421295166016,120.32764434814453,296.50775146484375,454.59552001953125,565.1480102539062,127.69818878173828,779.6615600585938,94.20919799804688,654.235595703125,150.42100524902344,152.73275756835938,510.337890625,7737.009765625,296.1435546875,103.05000305175781,89.44319152832031,124.4476547241211,147.19459533691406,23.31389617919922,79.17884063720703,145.9806671142578,731.8694458007812,36.97767639160156,127.75143432617188,202.05999755859375,159.30282592773438,570.343994140625,315.47821044921875,340.51470947265625,222.5343475341797,157.59043884277344,31.957704544067383,443.760009765625,457.4106750488281,89.40199279785156,113.32360076904297,210.5585479736328,25.221973419189453,219.1288604736328,42.54292297363281,142.8123321533203,225.97047424316406,422.0618896484375,223.4249267578125,80.12691497802734,45.770755767822266,346.2579650878906,307.3484191894531,38.60966110229492,195.289794921875,113.61991882324219,188.84071350097656,109.83381652832031,140.7566680908203
2025-10-15,138.81646728515625,234.87014770507812,305.0799865722656,115.83885192871094,197.43460083007812,226.5701904296875,184.91966247558594,290.98553466796875,476.44793701171875,184.57504272460938,354.86383056640625,252.38462829589844,124.92253112792969,349.3720397949219,644.989990234375,327.989501953125,201.87710571289062,43.94642639160156,496.3900146484375,154.5709228515625,529.28564453125,98.05999755859375,28.532541275024414,75.73609924316406,73.61782836914062,68.52095794677734,35.87803649902344,186.06607055664062,65.6597900390625,78.67237854003906,147.62054443359375,96.44000244140625,204.95208740234375,161.43836975097656,54.60139846801758,94.2528305053711,344.1672668457031,60.048885345458984,41.568843841552734,298.96844482421875,57.42410659790039,251.21762084960938,418.16455078125,380.3893127441406,126.94891357421875,155.9071807861328,301.4100036621094,26.28778076171875,108.23994445800781,65.73284149169922,120.53437042236328,286.3569641113281,446.8448791503906,560.0629272460938,127.46162414550781,789.662841796875,93.03816223144531,636.615966796875,151.34800720214844,159.92005920410156,510.1988220214844,7645.22021484375,300.7193908691406,102.12000274658203,90.08333587646484,123.41212463378906,146.8255157470703,23.190288543701172,78.7989730834961,144.2777557373047,733.2407836914062,37.085113525390625,126.51142120361328,202.8000030517578,160.5142822265625,574.14892578125,315.99420166015625,348.5126037597656,219.1142578125,155.21766662597656,31.957704544067383,435.8999938964844,453.82989501953125,90.34171295166016,114.61003112792969,218.26930236816406,25.164058685302734,221.15481567382812,41.89407730102539,143.8628387451172,223.2421112060547,420.47930908203125,222.08680725097656,80.16504669189453,45.148681640625,343.5843811035156,301.4116516113281,38.44779586791992,196.41571044921875,114.39046478271484,187.4207305908203,109.16868591308594,139.44189453125
2025-10-16,140.25784301757812,229.29502868652344,299.82000732421875,114.8615493774414,191.9771270751953,226.70956420898438,183.6356201171875,289.5077209472656,463.0436096191406,185.97372436523438,342.2171936035156,248.23721313476562,126.67303466796875,352.1763610839844,652.1699829101562,320.51043701171875,196.7694549560547,44.11442565917969,488.80999755859375,152.1878662109375,536.1339721679688,98.05999755859375,27.90925407409668,76.17513275146484,73.07041931152344,68.09713745117188,35.630531311035156,182.99888610839844,64.40069580078125,79.35504150390625,147.2323455810547,99.05999755859375,209.7452392578125,164.88230895996094,54.582149505615234,95.7665023803711,342.8772277832031,59.47827911376953,41.29329299926758,298.68951416015625,56.967098236083984,251.3872833251953,417.5177917480469,379.4978942871094,122.34101104736328,151.84759521484375,294.3600769042969,27.058940887451172,109.4139404296875,66.23259735107422,120.95767974853516,280.9899597167969,439.7376403808594,547.196044921875,126.91122436523438,773.2200927734375,92.74541473388672,621.65576171875,149.31649780273438,157.33419799804688,508.3902282714844,7605.8798828125,310.009765625,101.16999816894531,89.29545593261719,122.4153060913086,148.29220581054688,23.038158416748047,76.35416412353516,146.4113006591797,721.6140747070312,36.440494537353516,125.3299789428711,201.99000549316406,161.6075439453125,566.9275512695312,320.67791748046875,344.48394775390625,216.33851623535156,155.26712036132812,32.30112075805664,440.20001220703125,443.65142822265625,89.21599578857422,110.91768646240234,224.88563537597656,25.289541244506836,222.64447021484375,39.792598724365234,141.2761688232422,223.04510498046875,413.9797668457031,220.43385314941406,81.6427001953125,44.371097564697266,333.3570251464844,294.5799255371094,38.42875289916992,192.90846252441406,113.32731628417969,184.89625549316406,108.21990203857422,140.5604248046875
2025-10-17,141.07293701171875,233.57679748535156,303.6600036621094,114.8615493774414,192.95237731933594,223.99168395996094,184.611083984375,292.44378662109375,465.538330078125,185.79888916015625,345.68804931640625,248.25682067871094,124.9722671508789,347.3832092285156,670.6799926757812,343.82061767578125,201.44639587402344,44.648067474365234,492.4200134277344,155.3057098388672,522.3778076171875,97.4800033569336,28.008188247680664,77.70728302001953,73.09973907470703,69.1221923828125,36.23443603515625,186.71127319335938,65.000732421875,80.47655487060547,148.56190490722656,99.81999969482422,207.89559936523438,165.24952697753906,54.5244140625,99.7040023803711,343.458251953125,60.16493606567383,41.78534698486328,298.9883728027344,58.00033950805664,253.2935333251953,424.04522705078125,383.9159851074219,122.80477142333984,152.08523559570312,293.3938293457031,27.36154556274414,110.19660949707031,67.0655288696289,123.86176300048828,280.5748596191406,446.3202819824219,558.23193359375,128.13755798339844,783.7498168945312,93.46754455566406,622.9108276367188,150.52947998046875,156.00685119628906,510.3478698730469,7639.06005859375,288.5269775390625,101.5999984741211,89.90605926513672,122.48304748535156,149.30238342285156,23.30438804626465,76.58792114257812,148.17291259765625,728.99755859375,36.56746292114258,126.218505859375,202.86000061035156,160.98704528808594,575.7725219726562,325.24261474609375,344.12762451171875,217.9147491455078,156.15689086914062,32.01658248901367,447.6400146484375,444.72283935546875,89.36282348632812,109.36612701416016,224.25880432128906,25.4246768951416,221.44281005859375,41.254920959472656,142.5546417236328,225.88182067871094,413.8802490234375,222.4016571044922,82.37676239013672,44.409976959228516,339.8075256347656,293.704833984375,38.60966110229492,193.44650268554688,113.9613037109375,183.43167114257812,109.78490447998047,141.34535217285156
2025-10-20,142.146484375,237.29026794433594,307.95001220703125,115.14496612548828,190.90335083007812,227.1177520751953,186.52220153808594,296.86749267578125,467.9439697265625,187.53750610351562,343.20458984375,249.2471160888672,126.98136138916016,347.2936706542969,683.1300048828125,346.65753173828125,204.30162048339844,45.735111236572266,494.0799865722656,156.15963745117188,527.95361328125,98.87000274658203,28.55232810974121,77.34387969970703,73.40277862548828,69.63471984863281,36.30373764038086,190.9100341796875,65.61060333251953,80.43755340576172,149.9205780029297,100.19000244140625,207.22933959960938,167.65135192871094,55.47709655761719,101.4254150390625,348.6775817871094,60.30033493041992,42.30692672729492,301.5185852050781,57.622806549072266,256.5172119140625,431.0005187988281,380.9673156738281,122.202880859375,153.75856018066406,298.1265869140625,27.088224411010742,114.80001068115234,67.0655288696289,123.89129638671875,287.18719482421875,446.98345947265625,563.5956420898438,128.321044921875,785.5645751953125,93.60416412353516,624.5940551757812,152.639892578125,159.25148010253906,513.5376586914062,7681.080078125,274.5319519042969,100.97000122070312,90.12273406982422,122.51207733154297,149.23440551757812,23.475534439086914,76.9190902709961,148.7209930419922,735.3773803710938,36.7921028137207,127.26322937011719,205.8699951171875,164.52294921875,574.49755859375,330.4423522949219,349.20550537109375,218.22207641601562,158.88555908203125,32.801536560058594,453.3500061035156,448.858154296875,90.76264190673828,113.21558380126953,213.31451416015625,25.193016052246094,224.40228271484375,42.07807922363281,142.0491943359375,226.63037109375,416.4183044433594,223.64138793945312,82.85342407226562,45.78047561645508,342.3121643066406,293.82415771484375,38.84769821166992,195.40936279296875,114.60504150390625,187.85516357421875,110.2348403930664,142.3264923095703
2025-10-21,144.8105010986328,245.45208740234375,310.57000732421875,114.76382446289062,190.85409545898438,224.9971923828125,187.42799377441406,294.72418212890625,474.55706787109375,186.84786987304688,342.5263977050781,249.7373504638672,123.76879119873047,340.7503967285156,707.0399780273438,352.35113525390625,210.0279083251953,46.199581146240234,491.2900085449219,157.55966186523438,521.46337890625,98.6500015258789,29.65049171447754,77.2162094116211,72.8651351928711,69.70372009277344,35.37312316894531,195.0393524169922,67.64678955078125,80.98368835449219,149.25096130371094,102.95999908447266,219.54037475585938,171.7404022216797,56.160335540771484,97.48792266845703,344.4233703613281,60.7548828125,42.631683349609375,305.4534606933594,66.18675231933594,250.84832763671875,429.8662109375,382.9363708496094,123.4362564086914,155.24375915527344,292.9303894042969,27.0101318359375,114.25631713867188,69.7896957397461,126.24410247802734,288.9069519042969,445.5184326171875,569.2379760742188,128.81349182128906,785.0360717773438,93.51634216308594,629.5143432617188,164.33590698242188,156.55746459960938,514.4021606445312,7792.1298828125,272.5213623046875,101.30999755859375,91.29468536376953,123.43148040771484,148.78758239746094,23.627662658691406,77.32818603515625,148.3882293701172,753.0857543945312,36.645599365234375,125.56431579589844,204.5500030517578,166.28598022460938,577.0574951171875,332.40716552734375,350.56158447265625,219.02503967285156,171.0755615234375,32.88984680175781,459.0400085449219,454.6851501464844,90.34171295166016,112.30231475830078,213.48365783691406,25.144752502441406,226.6466827392578,42.44607925415039,142.62400817871094,225.6355743408203,422.2211608886719,222.89361572265625,83.94974517822266,46.276187896728516,345.0950927734375,295.9124755859375,38.37162780761719,197.28256225585938,113.70771789550781,188.92393493652344,110.24462890625,143.33709716796875
2025-10-22,144.99935913085938,244.10975646972656,308.1499938964844,114.60745239257812,191.88844299316406,219.5813446044922,184.0835418701172,289.6741027832031,468.0133056640625,185.70175170898438,342.197265625,248.20779418945312,128.2345733642578,338.4035339355469,701.0900268554688,349.15716552734375,207.82630920410156,46.743106842041016,491.80999755859375,158.39373779296875,510.78857421875,97.69999694824219,29.680171966552734,78.43406677246094,73.47120666503906,69.64457702636719,35.56122970581055,192.11109924316406,67.24349212646484,79.97918701171875,150.97842407226562,100.88999938964844,216.88525390625,166.3511962890625,55.890892028808594,97.57695007324219,339.9524841308594,61.6446418762207,41.92312240600586,296.7469787597656,66.87226104736328,252.03599548339844,439.0006408691406,381.0456848144531,123.21917724609375,155.40219116210938,289.9920959472656,26.73680877685547,110.95935821533203,69.38792419433594,125.16121673583984,285.61566162109375,445.3600769042969,568.5711669921875,129.740478515625,793.34228515625,93.58464813232422,620.0222778320312,164.91775512695312,155.46607971191406,517.2639770507812,7697.16015625,270.0551452636719,101.20999908447266,90.03408813476562,122.53144073486328,148.6418914794922,23.504056930541992,77.08467864990234,148.95587158203125,736.7487182617188,36.870243072509766,128.29820251464844,203.02999877929688,166.7193603515625,582.4361572265625,329.5691223144531,346.7408142089844,221.34475708007812,175.95950317382812,34.24390411376953,454.29998779296875,450.8787536621094,90.11656951904297,111.18283081054688,213.9612274169922,24.662128448486328,227.5206298828125,42.22334289550781,141.78160095214844,223.98081970214844,406.5943908691406,221.6145477294922,83.01548767089844,46.004032135009766,343.2563781738281,292.0341796875,37.89554977416992,192.72911071777344,114.50750732421875,186.0343017578125,112.20088195800781,144.33787536621094
2025-10-23,146.5798797607422,244.76622009277344,309.8399963378906,113.54220581054688,191.56338500976562,227.4562530517578,188.3238067626953,286.6499328613281,473.35919189453125,184.83731079101562,340.4518737792969,249.9530487060547,134.5801544189453,342.3713073730469,716.3900146484375,352.0635070800781,202.3781280517578,48.31438446044922,490.1600036621094,158.03628540039062,517.3385620117188,98.2699966430664,29.126144409179688,77.03942108154297,72.88468170166016,69.26018524169922,35.17512130737305,190.91998291015625,66.91887664794922,79.70880889892578,151.93919372558594,102.54000091552734,221.4894561767578,179.85897827148438,55.111419677734375,98.42777252197266,341.00616455078125,61.24812316894531,42.30692672729492,305.2143859863281,66.41525268554688,253.23365783691406,437.9757385253906,377.1859436035156,123.58425903320312,155.8972625732422,290.4161376953125,26.892993927001953,115.40841674804688,68.53540802001953,125.35810089111328,289.8756408691406,445.5184326171875,570.969482421875,129.80807495117188,790.6998291015625,91.9354476928711,616.8848266601562,169.2273406982422,156.6361083984375,517.283935546875,7679.41015625,277.3943786621094,98.2699966430664,91.56059265136719,120.73135375976562,147.16546630859375,23.45651626586914,77.37689208984375,148.9656524658203,761.4033813476562,36.48933029174805,132.60411071777344,204.6699981689453,167.4678955078125,573.421875,333.70709228515625,353.5310974121094,221.1762237548828,177.40293884277344,35.333030700683594,456.0899963378906,453.6607360839844,89.8718490600586,112.54781341552734,225.2637176513672,23.764448165893555,232.47621154785156,42.23302459716797,141.1274871826172,216.6822509765625,413.91009521484375,216.4982452392578,82.96781921386719,46.48030471801758,343.85272216796875,290.43316650390625,36.56254196166992,196.23635864257812,113.0542221069336,186.0738983154297,113.44310760498047,143.63145446777344
2025-10-24,147.14646911621094,242.6498260498047,312.8800048828125,113.34674835205078,190.31228637695312,227.73500061035156,186.27334594726562,285.5440368652344,474.37884521484375,186.0222930908203,336.8414001464844,249.93345642089844,133.09820556640625,352.156494140625,735.9500122070312,354.6722717285156,204.47166442871094,46.743106842041016,492.1000061035156,160.74700927734375,519.5550537109375,98.48999786376953,29.08656883239746,76.60726928710938,73.07041931152344,69.61500549316406,35.76913070678711,189.42112731933594,66.75165557861328,80.55437469482422,150.96871948242188,86.94000244140625,221.7678985595703,176.09744262695312,55.631065368652344,101.06927490234375,337.13604736328125,61.33515930175781,42.1888313293457,302.7040710449219,69.20698547363281,260.0003967285156,444.82159423828125,378.80230712890625,123.44612884521484,156.0952911376953,296.2335205078125,26.51229476928711,117.78030395507812,68.31002044677734,125.58452606201172,289.79656982421875,441.47979736328125,570.8699340820312,129.3832244873047,799.3749389648438,91.40848541259766,618.7573852539062,166.17019653320312,161.10977172851562,520.3147583007812,7430.919921875,280.62322998046875,97.2699966430664,90.5560531616211,120.586181640625,147.20431518554688,23.542089462280273,77.55221557617188,150.28330993652344,767.1671142578125,36.47956085205078,131.793701171875,204.80999755859375,166.3943328857422,575.6729125976562,333.09185791015625,352.8580322265625,221.15640258789062,176.62188720703125,35.15642166137695,464.17999267578125,460.0046081542969,90.82137298583984,114.03065490722656,232.93467712402344,24.266376495361328,234.02545166015625,42.794715881347656,140.6418914794922,214.49563598632812,423.8833312988281,213.1234588623047,83.14895629882812,46.90797424316406,345.26409912109375,291.109375,36.96244430541992,196.9138946533203,112.97618865966797,187.1228485107422,112.86601257324219,143.18991088867188
2025-10-27,145.71505737304688,245.7068328857422,313.5299987792969,113.7474365234375,190.3221435546875,230.3035430908203,185.88516235351562,284.956787109375,479.7742614746094,184.28366088867188,335.983642578125,250.766845703125,135.1769256591797,360.0323486328125,749.0,358.7490539550781,208.7723388671875,46.05134582519531,488.07000732421875,162.6435089111328,523.86865234375,97.5999984741211,29.10635757446289,76.44031524658203,72.91400146484375,70.36408233642578,35.64043045043945,187.28697204589844,66.93856048583984,81.06563568115234,150.6969757080078,90.47000122070312,219.77903747558594,176.62347412109375,54.76498794555664,99.38741302490234,337.27392578125,61.22877883911133,41.864078521728516,311.6396179199219,68.92880249023438,269.4019470214844,465.53826904296875,377.4210510253906,123.30799102783203,158.26368713378906,299.89154052734375,28.532928466796875,120.99760437011719,68.65299224853516,126.71662902832031,287.7604675292969,440.311767578125,569.5662841796875,128.4368896484375,809.116943359375,91.85738372802734,614.3848266601562,166.07156372070312,163.2335205078125,528.1749877929688,7438.330078125,278.711669921875,95.79000091552734,90.654541015625,120.98298645019531,148.2533721923828,23.551599502563477,77.50350952148438,149.54417419433594,769.3333740234375,36.586997985839844,132.22332763671875,203.27999877929688,184.8519287109375,583.0039672851562,334.9772644042969,357.856689453125,219.12416076660156,177.2052001953125,35.480220794677734,465.4100036621094,466.7620849609375,91.20313262939453,114.92427062988281,229.15391540527344,24.642824172973633,235.1079559326172,43.220821380615234,141.98973083496094,217.3618621826172,426.2821044921875,214.71737670898438,85.05559539794922,46.46086120605469,345.701416015625,290.3834533691406,37.35282516479492,199.61407470703125,113.80524444580078,190.85365295410156,113.40397644042969,144.7499542236328
2025-10-28,144.9794921875,248.2347412109375,311.0799865722656,112.49649810791016,188.00714111328125,226.62991333007812,184.2427978515625,285.8669738769531,479.6851501464844,177.4748992919922,329.0918273925781,249.4628143310547,136.54946899414062,370.8914794921875,755.0,358.1142578125,203.45489501953125,47.296512603759766,481.44000244140625,161.64064025878906,521.284423828125,94.58000183105469,27.56298828125,75.76262664794922,71.78985595703125,71.576416015625,35.32362747192383,188.48805236816406,66.71231842041016,80.81983184814453,149.5809326171875,87.61000061035156,215.6919403076172,178.3603057861328,53.937400817871094,97.70557403564453,334.2309875488281,59.43959426879883,41.18151092529297,308.6013488769531,69.41561889648438,267.9049072265625,464.14520263671875,377.89129638671875,121.05830383300781,155.7190399169922,301.0845947265625,28.1619930267334,120.09246063232422,68.75099182128906,126.22441864013672,284.04412841796875,438.2330627441406,563.167724609375,126.21598815917969,802.2865600585938,90.97911834716797,614.3848266601562,164.52328491210938,162.43710327148438,538.6585083007812,7461.330078125,278.1470947265625,96.30000305175781,89.9159164428711,120.05390930175781,145.81532287597656,23.294878005981445,80.0652084350586,149.1795196533203,762.2083129882812,36.0498161315918,130.5048828125,202.4600067138672,178.30215454101562,651.9013671875,328.65618896484375,358.3021240234375,215.84286499023438,176.6416778564453,35.185855865478516,456.8299865722656,463.9801330566406,90.59622955322266,116.54458618164062,221.8709716796875,24.806917190551758,234.90933227539062,42.9302978515625,142.74295043945312,216.6822509765625,424.3710632324219,214.08767700195312,91.86233520507812,45.94571304321289,344.7869873046875,290.960205078125,37.43852233886719,197.27261352539062,112.38121795654297,197.55320739746094,112.51387786865234,142.669921875
2025-10-29,142.34530639648438,242.74781799316406,297.0799865722656,119.33757019042969,187.1697998046875,234.7039337158203,183.33700561523438,285.55377197265625,473.7453308105469,173.9393768310547,325.2120666503906,243.49169921875,138.9962158203125,383.8289794921875,759.4400024414062,355.3269348144531,201.67843627929688,47.751094818115234,475.760009765625,163.3087921142578,581.933837890625,92.31999969482422,27.5728816986084,74.3778076171875,70.66569519042969,70.3049545288086,34.94742202758789,182.5422821044922,70.51910400390625,79.24669647216797,150.52230834960938,83.83999633789062,212.81800842285156,179.44212341308594,53.30228042602539,96.32051849365234,331.2372741699219,56.97342300415039,40.6473274230957,313.0741271972656,68.68042755126953,274.6317138671875,466.0755920410156,370.3383483886719,120.73269653320312,149.13461303710938,301.2325134277344,26.502532958984375,123.00405883789062,66.97733306884766,122.2472915649414,283.5400085449219,427.631591796875,551.8731689453125,121.93828582763672,805.31787109375,89.51532745361328,614.4644775390625,162.3537139892578,161.2769012451172,538.1417846679688,7333.31005859375,272.669921875,94.5199966430664,91.9643783569336,113.61813354492188,141.9688720703125,23.0952091217041,80.28923034667969,146.6171417236328,770.1781005859375,35.62983703613281,134.74241638183594,197.86000061035156,175.9777069091797,650.3375854492188,325.0639953613281,364.409423828125,208.67552185058594,174.35789489746094,36.13762283325195,455.3399963378906,444.59124755859375,90.25361633300781,114.6493148803711,264.2751770019531,24.266376495361328,239.10023498535156,42.52355194091797,140.42384338378906,211.77711486816406,425.48583984375,212.88731384277344,92.85379791259766,45.3333625793457,339.20123291015625,293.3269348144531,38.28593063354492,200.8197021484375,111.75698852539062,193.45628356933594,113.90281677246094,141.2276153564453
2025-10-30,142.5043487548828,244.217529296875,300.7699890136719,119.12255859375,189.0218048095703,231.5181427001953,197.40158081054688,285.7789001464844,449.56005859375,174.29876708984375,327.3265075683594,239.88356018066406,138.3596649169922,374.3719787597656,738.8800048828125,355.9815979003906,201.85128784179688,48.00803756713867,478.5199890136719,188.49966430664062,579.6080322265625,91.31999969482422,28.02797508239746,75.14388275146484,71.56501770019531,71.86225128173828,35.28402328491211,182.62168884277344,71.01094055175781,75.40235137939453,148.9889373779297,80.88999938964844,213.85223388671875,178.78709411621094,53.54285430908203,96.5678482055664,317.0467529296875,58.32740020751953,41.10237121582031,309.5576477050781,68.22341918945312,281.3485412597656,464.4835510253906,371.81756591796875,121.81806945800781,147.05532836914062,305.1075134277344,27.019893646240234,120.92591857910156,67.59468841552734,122.19806671142578,292.4651794433594,425.5528869628906,550.9774780273438,124.38130187988281,823.1666259765625,88.77367401123047,610.580078125,164.14854431152344,162.4862518310547,522.4512329101562,7245.7099609375,254.4358367919922,95.1500015258789,91.0878677368164,113.45360565185547,143.31903076171875,23.0952091217041,80.5911865234375,147.41542053222656,769.5023193359375,35.961910247802734,133.83438110351562,197.3800048828125,174.5889434814453,651.463134765625,320.40008544921875,361.94476318359375,208.10055541992188,175.40585327148438,35.63720703125,442.92999267578125,461.9970703125,90.4885482788086,113.1468505859375,266.9814147949219,23.822362899780273,241.7716827392578,42.939979553222656,141.0184783935547,207.48268127441406,444.2877197265625,215.30772399902344,90.62301635742188,45.52776336669922,342.9283752441406,288.3846435546875,37.095741271972656,202.4039306640625,109.82576751708984,196.21725463867188,112.18132019042969,141.3845977783203
2025-10-31,145.48643493652344,245.0503692626953,301.3399963378906,117.52957153320312,188.6671600341797,232.06570434570312,201.1740264892578,292.0718994140625,448.23345947265625,173.84225463867188,339.78363037109375,237.8539581298828,138.58840942382812,367.5700988769531,732.22998046875,357.8166809082031,201.75314331054688,47.84003829956055,477.5400085449219,189.42311096191406,573.7537841796875,90.22000122070312,28.522647857666016,75.67424011230469,71.89738464355469,72.05937194824219,35.66022872924805,181.9169464111328,71.68966674804688,76.83783721923828,153.06495666503906,81.5,214.18040466308594,180.09718322753906,53.29265594482422,95.65767669677734,312.3691101074219,57.48599624633789,40.70668411254883,307.7645568847656,68.64067840576172,281.2687072753906,457.39886474609375,371.8567810058594,122.52848815917969,144.84732055664062,306.7639465332031,26.51229476928711,120.36132049560547,67.51629638671875,121.84367370605469,285.744140625,414.060546875,549.2957763671875,123.82124328613281,809.0172729492188,88.51019287109375,610.65966796875,164.19786071777344,162.2290496826172,514.5512084960938,7210.81982421875,260.1011962890625,94.44000244140625,91.3537826538086,113.26004791259766,141.90089416503906,23.437501907348633,81.85741424560547,148.19398498535156,767.9918823242188,35.66890335083008,132.9263153076172,198.5399932861328,178.17408752441406,649.2319946289062,317.2048034667969,364.6173095703125,206.4351043701172,176.47360229492188,35.38209915161133,453.82000732421875,457.8993835449219,89.99910736083984,113.57892608642578,254.58450317382812,23.88992691040039,245.30714416503906,43.220821380615234,138.8876953125,206.89170837402344,446.55706787109375,216.8229217529297,91.9195327758789,45.37224197387695,338.66448974609375,287.8874206542969,37.83842468261719,203.69923400878906,108.97721099853516,192.3182373046875,111.8585433959961,141.86703491210938
2025-11-03,143.82640075683594,243.42388916015625,303.6400146484375,117.19729614257812,188.40118408203125,236.65524291992188,197.78976440429688,289.98724365234375,447.847412109375,171.56942749023438,338.9458312988281,234.68702697753906,140.78651428222656,360.529541015625,724.0999755859375,358.6994934082031,199.87814331054688,48.06732940673828,475.67999267578125,188.8769989013672,567.1243286132812,89.5199966430664,28.4039249420166,73.64119720458984,70.86119079589844,73.38011169433594,35.472129821777344,180.69601440429688,71.5421142578125,77.12297058105469,149.4935760498047,81.12000274658203,212.8677520751953,176.82196044921875,52.3399658203125,92.25439453125,308.420166015625,57.13783645629883,40.597869873046875,307.4358215332031,67.77635192871094,283.564208984375,459.2695617675781,370.64202880859375,122.61729431152344,144.15420532226562,305.0187683105469,26.00469398498535,121.39690399169922,66.60496520996094,118.7131576538086,285.24005126953125,408.0025939941406,541.4144287109375,123.2032470703125,817.9415893554688,88.02226257324219,616.8350219726562,159.9474334716797,161.88282775878906,513.776123046875,7072.31982421875,255.38662719726562,91.69999694824219,88.80303955078125,111.40189361572266,139.4822998046875,23.447010040283203,80.86390686035156,145.8780059814453,767.0477905273438,35.561466217041016,134.66432189941406,196.36000061035156,177.996826171875,639.7196044921875,312.531005859375,360.83612060546875,203.50076293945312,175.03018188476562,36.32405090332031,445.7200012207031,467.1192321777344,90.6255874633789,114.59039306640625,264.20550537109375,23.677576065063477,245.16810607910156,42.82376480102539,139.15530395507812,200.2628936767578,444.2279968261719,215.29788208007812,89.69829559326172,45.31392288208008,334.8478698730469,286.9427185058594,37.58134460449219,204.17747497558594,107.88479614257812,190.6161346435547,111.27166748046875,142.123046875
2025-11-04,145.20811462402344,237.9957275390625,300.8599853515625,117.56866455078125,192.3514404296875,229.16860961914062,197.14279174804688,290.3787536621094,447.47119140625,175.1729278564453,343.3043212890625,236.0695037841797,135.96266174316406,349.9786682128906,706.1300048828125,357.57861328125,198.33688354492188,45.64460372924805,487.6600036621094,193.9608154296875,544.2540893554688,90.31999969482422,25.83164405822754,75.18316650390625,71.30108642578125,71.28072357177734,35.48202896118164,182.750732421875,71.62080383300781,76.76901245117188,148.8627471923828,79.54000091552734,212.6390380859375,176.9013671875,53.60059356689453,91.88834381103516,311.79791259765625,57.42797088623047,40.855064392089844,303.03277587890625,66.43512725830078,277.51605224609375,469.3393249511719,375.2756652832031,126.23848724365234,145.53050231933594,304.920166015625,25.8289852142334,118.84278106689453,67.28111267089844,119.75666809082031,287.7406921386719,413.7042236328125,550.0520629882812,124.65167236328125,839.2604370117188,88.23694610595703,622.7713623046875,158.36956787109375,162.23895263671875,511.0931091308594,7146.02978515625,245.79913330078125,93.83000183105469,89.32500457763672,111.4309310913086,138.80235290527344,23.104717254638672,79.92884063720703,145.040283203125,764.1758422851562,35.40519714355469,132.5455322265625,192.02999877929688,170.2355499267578,625.5257568359375,306.9144592285156,356.1937561035156,205.939453125,173.61642456054688,35.44096755981445,416.3500061035156,469.177490234375,90.5277099609375,114.06011199951172,249.1123504638672,23.5907039642334,241.87100219726562,42.349239349365234,140.7806396484375,203.18824768066406,430.9701232910156,217.354248046875,88.89749908447266,45.129249572753906,338.2272033691406,290.6320495605469,37.43852233886719,203.71914672851562,109.11375427246094,191.97189331054688,111.64334869384766,122.53987121582031
2025-11-05,145.89398193359375,242.81640625,300.9599914550781,117.04092407226562,191.84906005859375,239.8211212158203,197.14279174804688,313.0453186035156,454.4703674316406,174.2793426513672,340.80096435546875,232.9221649169922,138.12094116210938,356.97943115234375,639.530029296875,362.845703125,195.134033203125,46.707027435302734,488.7699890136719,195.4005889892578,565.6930541992188,89.83000183105469,26.613222122192383,75.5367431640625,70.93939971923828,71.06388854980469,34.96722412109375,184.4381866455078,73.44060516357422,77.23112487792969,148.15431213378906,81.80999755859375,211.02804565429688,178.30075073242188,54.63988494873047,90.11746215820312,313.23565673828125,57.805152893066406,41.23097229003906,303.93927001953125,68.32276916503906,284.1929626464844,470.851806640625,366.2239074707031,126.52462768554688,144.7681121826172,307.3161315917969,26.082786560058594,122.18952941894531,67.13412475585938,119.29397583007812,283.7673645019531,413.99127197265625,550.6093139648438,124.08195495605469,841.843017578125,88.2174301147461,608.1796264648438,162.04798889160156,163.39630126953125,503.96826171875,7181.8701171875,247.91868591308594,94.94000244140625,89.85682678222656,112.74711608886719,138.7635040283203,23.39946746826172,79.0522232055664,143.6802520751953,769.3036499023438,35.522403717041016,132.7212677001953,189.97000122070312,177.0118865966797,641.6519165039062,314.4660339355469,358.91583251953125,204.64077758789062,172.02468872070312,35.862884521484375,409.1099853515625,467.19439697265625,90.43961334228516,114.79661560058594,274.373779296875,23.706531524658203,247.28341674804688,42.668819427490234,142.4158935546875,201.6615447998047,434.1253662109375,213.8810577392578,88.57337951660156,45.430564880371094,337.9687805175781,283.5119323730469,37.79081726074219,205.27349853515625,109.09423828125,196.8901824951172,111.19341278076172,118.6311264038086
2025-11-06,146.6096954345703,236.46722412109375,294.8599853515625,116.8161392211914,195.06048583984375,232.49378967285156,196.33653259277344,308.8663024902344,452.9358825683594,172.97779846191406,339.10540771484375,253.73770141601562,137.36505126953125,353.60833740234375,587.1400146484375,362.7762756347656,194.6532745361328,46.955257415771484,493.1499938964844,196.59213256835938,566.3192749023438,87.80999755859375,26.0888729095459,75.89030456542969,70.7243423461914,70.01911163330078,34.80881881713867,183.52496337890625,71.64048767089844,77.33927917480469,148.42604064941406,79.80999755859375,209.4966278076172,177.2288818359375,54.42818069458008,86.8427963256836,309.6511535644531,56.77032470703125,40.33077621459961,304.0986633300781,68.39230346679688,284.7818298339844,469.0209045410156,361.5511169433594,126.23848724365234,146.06520080566406,309.03179931640625,25.731372833251953,120.12831115722656,67.6730728149414,118.45721435546875,281.7115173339844,411.1107482910156,550.5794677734375,122.67216491699219,856.1519165039062,87.8856430053711,605.9087524414062,161.58450317382812,161.6553192138672,493.9715576171875,7195.0498046875,241.47088623046875,95.0,89.7681884765625,109.1856689453125,137.5202178955078,23.627662658691406,80.2989730834961,144.01535034179688,828.9280395507812,35.64937210083008,134.93768310546875,173.92999267578125,170.5901336669922,644.3214111328125,312.62030029296875,368.7152404785156,202.45986938476562,173.11221313476562,35.676456451416016,396.1400146484375,460.5215759277344,90.82137298583984,115.15995025634766,277.06011962890625,23.880277633666992,240.8282470703125,42.62039566040039,142.4852752685547,197.98760986328125,433.5679626464844,214.4812469482422,89.23115539550781,45.5374755859375,334.90753173828125,284.7052307128906,37.91459655761719,203.0316619873047,108.05060577392578,189.87393188476562,111.99547576904297,117.71546936035156
2025-11-07,145.8641815185547,240.7979736328125,297.17999267578125,118.67300415039062,199.2767333984375,229.04916381835938,195.38096618652344,313.3780822753906,456.8067321777344,172.84181213378906,345.4087829589844,254.6691131591797,138.3397674560547,347.482666015625,602.510009765625,365.5636291503906,196.28033447265625,47.531150817871094,499.05999755859375,202.23202514648438,559.6798095703125,89.54000091552734,26.44503402709961,77.35370635986328,72.12588500976562,70.0486831665039,34.98702621459961,183.7036590576172,72.00443267822266,77.66372680664062,150.4446563720703,81.7699966430664,208.7707061767578,178.9756622314453,54.89008712768555,86.81312561035156,312.94024658203125,57.74712371826172,40.409912109375,306.0909729003906,70.2898941040039,279.1528625488281,474.2448425292969,363.5495300292969,127.68894958496094,147.5305938720703,309.8106994628906,25.340909957885742,118.83084106445312,69.1331558227539,119.6582260131836,287.2860412597656,416.2481689453125,549.2758178710938,125.19242095947266,849.5509033203125,89.97398376464844,608.2095336914062,162.560791015625,160.60678100585938,493.6933288574219,7251.240234375,236.9742431640625,97.08999633789062,89.64015197753906,109.400634765625,138.85092163085938,23.637338638305664,80.70806121826172,144.85304260253906,840.5401000976562,35.727508544921875,134.69358825683594,176.11000061035156,168.31492614746094,654.939453125,322.1862487792969,369.6951904296875,203.80809020996094,174.9609832763672,35.9708137512207,393.42999267578125,466.5553283691406,91.74153137207031,116.18124389648438,277.9356689453125,23.96714973449707,240.74879455566406,43.32734680175781,143.31776428222656,203.88755798339844,432.47308349609375,217.91506958007812,91.47146606445312,45.99431228637695,333.9732666015625,285.6996765136719,38.11454391479492,205.56243896484375,110.08911895751953,194.9010772705078,114.65599060058594,118.3849868774414
2025-11-10,145.48643493652344,239.6124267578125,298.7200012207031,120.72181701660156,200.8529052734375,234.0369110107422,197.093017578125,316.7643737792969,456.28021240234375,174.56101989746094,343.96258544921875,253.3847198486328,143.0740966796875,356.39276123046875,584.6900024414062,364.908935546875,197.01141357421875,48.454566955566406,496.9800109863281,203.97958374023438,567.3826904296875,91.83000183105469,26.603328704833984,77.06887817382812,72.94337463378906,71.05402374267578,34.769222259521484,183.88232421875,71.68966674804688,76.23808288574219,151.05606079101562,79.83999633789062,209.9938507080078,180.72244262695312,55.17877960205078,88.67304992675781,299.1534729003906,57.55369567871094,40.90452575683594,310.74310302734375,70.58794403076172,290.0215759277344,457.0207824707031,362.8833923339844,129.11965942382812,148.02566528320312,312.45318603515625,25.49709701538086,121.27840423583984,69.103759765625,121.29238891601562,293.55242919921875,416.40655517578125,550.2610473632812,125.09586334228516,856.9097290039062,90.4228744506836,614.3151245117188,165.35166931152344,163.26773071289062,502.8155822753906,7336.81005859375,238.5292510986328,98.0999984741211,88.89167785644531,108.93161010742188,138.5303955078125,23.598636627197266,81.40937042236328,143.3944549560547,837.1739501953125,35.9814453125,135.3770751953125,177.49000549316406,168.9846954345703,652.160400390625,332.13922119140625,387.26483154296875,202.35081481933594,176.99758911132812,36.21611404418945,400.7699890136719,464.13055419921875,90.97799682617188,117.53642272949219,292.5015563964844,23.96714973449707,246.05197143554688,43.69534683227539,145.40890502929688,202.77455139160156,431.4777526855469,220.27642822265625,88.71636962890625,46.24702835083008,332.8104248046875,291.7063293457031,37.94315719604492,209.2390899658203,109.65019989013672,192.62501525878906,115.63410949707031,117.94192504882812
2025-11-11,148.52816772460938,237.66259765625,301.8599853515625,120.88926696777344,204.27122497558594,227.6553497314453,196.72471618652344,331.2392883300781,461.88311767578125,179.4854736328125,349.00927734375,257.1105651855469,142.69613647460938,349.9985656738281,572.1799926757812,367.1705017089844,200.67677307128906,48.60350799560547,497.07000732421875,203.3639678955078,564.48046875,94.2300033569336,26.504396438598633,78.05103302001953,73.71160888671875,70.67948913574219,34.630615234375,184.38853454589844,71.93558502197266,78.52896118164062,151.62864685058594,82.70999908447266,214.58810424804688,182.5883331298828,55.68880081176758,89.87012481689453,310.44879150390625,58.50148391723633,40.81549835205078,309.52777099609375,70.7568359375,291.1692810058594,460.0158386230469,366.6157531738281,129.425537109375,150.49111938476562,311.200927734375,26.092548370361328,118.58488464355469,70.17186737060547,123.48768615722656,298.1781005859375,422.3258972167969,555.624755859375,127.04641723632812,853.9881591796875,93.09671783447266,617.9306640625,166.33782958984375,164.70205688476562,505.4786682128906,7301.2099609375,233.89395141601562,99.22000122070312,88.95076751708984,109.08794403076172,140.91986083984375,24.682296752929688,82.18859100341797,146.3904571533203,854.40283203125,36.00098419189453,137.525146484375,178.0,171.35836791992188,671.8923950195312,331.21636962890625,388.0962829589844,205.33474731445312,177.18544006347656,36.902957916259766,395.6000061035156,467.7865295410156,91.55553436279297,117.28108978271484,286.5418701171875,24.30498504638672,245.45611572265625,43.87935256958008,144.85391235351562,208.7926788330078,419.673095703125,221.18162536621094,90.59441375732422,46.28590774536133,336.8556213378906,293.95758056640625,38.75248336791992,207.18655395507812,109.72823333740234,189.49789428710938,117.15998077392578,118.26683044433594
2025-11-12,150.6156463623047,241.5524444580078,301.739990234375,120.84001159667969,206.0936737060547,229.70620727539062,195.87864685058594,329.115478515625,467.44635009765625,178.08680725097656,349.1888122558594,256.44378662109375,141.1544952392578,353.2403869628906,569.510009765625,369.7594299316406,205.64059448242188,47.19355773925781,502.3999938964844,202.87744140625,569.53955078125,93.66999816894531,26.840770721435547,77.15727233886719,73.82980346679688,72.89715576171875,35.03652572631836,183.91207885742188,72.98810577392578,78.91240692138672,148.79483032226562,84.38999938964844,218.17800903320312,182.24095153808594,56.545257568359375,91.02763366699219,322.6402282714844,57.66008377075195,40.528621673583984,307.83428955078125,71.37279510498047,286.8677062988281,471.2597351074219,363.5691223144531,130.90557861328125,152.53079223632812,315.92388916015625,26.258493423461914,119.38845825195312,70.07388305664062,122.19806671142578,296.75482177734375,424.61248779296875,558.4906616210938,126.97882843017578,838.3430786132812,93.496826171875,612.3629760742188,168.7145233154297,168.0851287841797,507.9231872558594,7287.3798828125,224.82147216796875,98.08999633789062,89.60076904296875,108.54075622558594,140.2496337890625,25.030616760253906,83.04573822021484,145.86813354492188,850.8076782226562,36.02051544189453,134.76194763183594,178.16000366210938,174.00784301757812,679.0340576171875,337.5969543457031,390.53131103515625,203.37188720703125,175.6728057861328,35.39190673828125,398.80999755859375,466.01019287109375,90.51791381835938,118.93086242675781,281.825927734375,24.758651733398438,244.62191772460938,44.19893264770508,146.31077575683594,209.48216247558594,419.7825622558594,219.95175170898438,91.69073486328125,46.54833984375,337.4830017089844,293.9476318359375,38.84769821166992,209.14178466796875,109.34783172607422,189.89373779296875,115.53629302978516,119.37940216064453
2025-11-13,146.0132598876953,242.5714569091797,297.1700134277344,119.65801239013672,208.01463317871094,222.23947143554688,193.25088500976562,328.8414611816406,456.3994140625,175.93055725097656,350.0166320800781,257.8949279785156,134.52047729492188,338.0853271484375,557.2899780273438,361.7843933105469,201.66851806640625,47.17369842529297,513.1099853515625,204.6051483154297,550.1878051757812,90.61000061035156,25.8613224029541,77.38317108154297,72.8153305053711,76.26800537109375,34.531620025634766,186.52268981933594,72.35855865478516,77.90953063964844,150.98812866210938,83.0999984741211,219.96798706054688,180.6033477783203,56.85319900512695,88.95994567871094,323.28033447265625,57.331260681152344,40.31098937988281,303.0029296875,71.42247772216797,278.573974609375,470.931396484375,360.57147216796875,131.9021453857422,151.194091796875,305.1469421386719,26.356109619140625,115.67926025390625,69.64270782470703,119.35304260253906,285.0226135253906,424.2958068847656,552.8583374023438,126.06148529052734,843.8173217773438,93.81885528564453,599.7333374023438,168.2608642578125,163.82167053222656,500.12261962890625,7255.56982421875,215.49147033691406,98.3499984741211,89.2166748046875,109.24429321289062,140.861572265625,24.953210830688477,82.42236328125,145.81886291503906,838.4785766601562,35.69820022583008,136.20700073242188,174.57000732421875,171.8705291748047,692.2518310546875,330.214111328125,375.8321838378906,204.23435974121094,171.9851531982422,35.62739944458008,393.92999267578125,472.7018737792969,90.27320098876953,116.15177917480469,261.2306823730469,24.855178833007812,234.65110778808594,43.89872360229492,145.5106658935547,211.34375,412.9147644042969,217.91506958007812,91.49054718017578,45.98459243774414,334.6945495605469,282.9902038574219,39.14287185668945,203.7748260498047,108.98695373535156,184.5301055908203,116.19163513183594,119.2907943725586
2025-11-14,145.94369506835938,240.2591094970703,299.3900146484375,119.480712890625,211.1078643798828,225.00714111328125,192.46453857421875,329.5657043457031,454.98876953125,178.31991577148438,349.2087707519531,254.27696228027344,133.0186309814453,340.5514831542969,554.3699951171875,354.29534912109375,200.57186889648438,48.38506317138672,508.94000244140625,203.92001342773438,550.6649780273438,91.68000030517578,25.742603302001953,76.65637969970703,72.82518768310547,76.87909698486328,34.55141830444336,185.786376953125,71.43391418457031,76.5035400390625,152.96792602539062,82.81999969482422,219.97793579101562,181.74468994140625,56.49714279174805,87.23853302001953,320.86761474609375,57.46665573120117,40.014225006103516,303.6504211425781,70.06138610839844,276.43817138671875,470.30450439453125,354.977783203125,132.06988525390625,150.57032775878906,299.35906982421875,26.483009338378906,112.95088195800781,69.73091125488281,119.2250747680664,286.0307922363281,419.0989990234375,543.0663452148438,126.43807220458984,839.6792602539062,93.55537414550781,594.0660400390625,165.97303771972656,162.090576171875,506.96923828125,7271.89013671875,220.7210235595703,98.80000305175781,87.83147430419922,109.53742980957031,141.6677703857422,24.246896743774414,82.27625274658203,145.53305053710938,828.5296020507812,35.90330505371094,138.96044921875,179.61000061035156,171.35836791992188,690.7677001953125,328.9340515136719,373.2981872558594,207.9816131591797,173.57688903808594,36.24555206298828,389.8299865722656,464.1868896484375,90.0578384399414,114.7376937866211,256.9026794433594,24.70073890686035,235.69387817382812,43.94770431518555,145.19261169433594,212.8310546875,416.2093200683594,219.43028259277344,91.50007629394531,45.78047561645508,328.6595153808594,279.4937744140625,39.09526062011719,203.42567443847656,109.10789489746094,180.3441162109375,117.70126342773438,118.95603942871094
2025-11-17,143.65744018554688,236.4574432373047,291.9599914550781,121.86441802978516,206.0936737060547,227.69517517089844,190.30459594726562,334.4297790527344,437.90185546875,175.28948974609375,349.0990295410156,248.14895629882812,131.61622619628906,340.74041748046875,543.22998046875,338.4939880371094,190.87705993652344,47.541080474853516,503.260009765625,204.72430419921875,548.6968994140625,90.55000305175781,25.089641571044922,77.4028091430664,73.33734130859375,76.66226196289062,33.67030334472656,182.84117126464844,70.0075912475586,77.09347534179688,150.2505645751953,80.72000122070312,219.21221923828125,178.69776916503906,55.58294677734375,85.17083740234375,325.8702697753906,57.108821868896484,39.27230453491211,298.9784240722656,67.46836853027344,285.04132080078125,474.732421875,350.7359924316406,130.30369567871094,148.84747314453125,296.1644592285156,26.31706428527832,113.07855224609375,69.26054382324219,112.32417297363281,285.5345153808594,413.6150817871094,534.2296142578125,125.7911148071289,852.7815551757812,93.95547485351562,587.6217651367188,163.8040313720703,157.7281951904297,504.2961730957031,7156.64013671875,217.75958251953125,99.55999755859375,87.13887786865234,107.9544677734375,143.5909881591797,24.26624870300293,78.90611267089844,143.7098388671875,817.5947265625,35.942378997802734,134.558837890625,174.2100067138672,164.2373046875,701.5350952148438,321.6107177734375,367.6850280761719,207.99151611328125,173.6361846923828,35.126983642578125,390.239990234375,459.5346984863281,90.25361633300781,110.8096694946289,260.056640625,24.58490753173828,232.59539794921875,43.026817321777344,144.29806518554688,212.59463500976562,411.8497314453125,217.44281005859375,91.35458374023438,44.19614028930664,324.4071350097656,278.9956970214844,39.04765319824219,199.09619140625,110.012451171875,179.4337158203125,116.11270141601562,116.96720123291016
2025-11-18,142.98147583007812,235.15428161621094,292.2300109863281,121.6575698852539,206.83250427246094,224.12110900878906,189.02056884765625,336.6612243652344,439.89862060546875,176.33848571777344,347.6229553222656,247.23712158203125,131.72564697265625,338.6024169921875,533.77001953125,337.90875244140625,190.0426788330078,47.719810485839844,504.3699951171875,205.50872802734375,543.558349609375,91.04000091552734,25.485376358032227,77.91352844238281,73.15020751953125,76.2581558227539,33.65050506591797,182.99041748046875,70.88689422607422,76.63136291503906,150.75103759765625,83.7699966430664,224.25396728515625,178.42979431152344,56.21807098388672,87.11980438232422,319.58746337890625,57.23454666137695,39.529502868652344,294.8742370605469,67.48823547363281,284.40252685546875,475.7673034667969,329.62506103515625,131.34957885742188,151.2733154296875,295.2179260253906,26.766094207763672,112.02027893066406,69.7896957397461,114.16506958007812,283.3013610839844,410.5168151855469,525.0049438476562,125.94560241699219,858.2857666015625,98.36634063720703,590.8189697265625,164.2001953125,158.10409545898438,490.6824035644531,7147.1298828125,218.38357543945312,98.33000183105469,86.77278900146484,107.44635009765625,144.50404357910156,24.624244689941406,80.05546569824219,144.8629150390625,813.9398803710938,35.63960647583008,136.2919158935547,173.07000732421875,162.57278442382812,722.4822998046875,325.7388000488281,363.62176513671875,212.1055450439453,172.73651123046875,35.36247253417969,383.82000732421875,460.78472900390625,89.6662826538086,111.1631851196289,252.57473754882812,24.710391998291016,229.94378662109375,43.43827819824219,144.69564819335938,209.87615966796875,405.1412048339844,217.2657012939453,90.0355224609375,44.6335334777832,319.85595703125,280.7787780761719,39.49516296386719,197.1309814453125,109.7273178100586,178.86962890625,117.4447250366211,116.3173828125
2025-11-19,143.5381317138672,236.21249389648438,291.19000244140625,119.88456726074219,206.8029327392578,234.08670043945312,190.68283081054688,335.1051025390625,446.8426818847656,175.31863403320312,343.26446533203125,248.30584716796875,135.92288208007812,352.4448547363281,531.0900268554688,341.85662841796875,186.37771606445312,48.13683319091797,501.260009765625,206.0548553466797,549.75048828125,91.05000305175781,25.801963806152344,77.06887817382812,71.85010528564453,77.26349639892578,33.62080383300781,182.55262756347656,71.42039489746094,75.26470184326172,148.8668975830078,83.01000213623047,221.17123413085938,178.2908477783203,55.3327522277832,84.99276733398438,311.5517272949219,57.00243377685547,39.12391662597656,299.665771484375,68.05451965332031,292.4168395996094,478.67279052734375,327.6853942871094,130.42208862304688,152.13473510742188,299.02386474609375,26.248733520507812,116.44587707519531,69.6819076538086,113.36767578125,283.11279296875,409.0122375488281,527.7713012695312,125.3662338256836,850.0294799804688,97.91744232177734,594.4445190429688,164.98263549804688,160.5375213623047,484.05438232421875,7119.89990234375,223.37542724609375,98.69999694824219,85.66463470458984,107.04572296142578,142.8916473388672,24.072736740112305,80.95156860351562,144.8629150390625,817.2959594726562,34.72150802612305,132.43190002441406,171.94000244140625,163.6069793701172,699.9812622070312,328.338623046875,370.0495300292969,215.58511352539062,171.79730224609375,35.185855865478516,386.29998779296875,461.2734069824219,89.09852600097656,111.94879150390625,257.8280334472656,24.39185905456543,231.43345642089844,43.74197769165039,144.9242401123047,208.0933837890625,404.9321594238281,217.6100616455078,89.628173828125,45.4888801574707,322.7838439941406,283.1296691894531,39.21903610229492,197.44021606445312,108.31148529052734,172.80340576171875,115.78709411621094,115.27373504638672
2025-11-20,144.19419860839844,235.92832946777344,286.95001220703125,119.08670806884766,208.58596801757812,219.6825714111328,189.13999938964844,328.9099426269531,438.7264099121094,173.9782257080078,344.97991943359375,246.18801879882812,129.6568603515625,344.8871765136719,519.6099853515625,341.0234069824219,182.09970092773438,47.729736328125,501.1199951171875,206.43215942382812,542.8129272460938,90.12000274658203,25.050065994262695,77.45191955566406,72.3918228149414,74.35588836669922,33.34360122680664,182.28396606445312,71.47966766357422,74.76326751708984,147.50283813476562,81.4800033569336,220.9425048828125,176.69293212890625,55.890892028808594,85.68528747558594,309.2079772949219,57.215206146240234,38.72822952270508,289.5049133300781,67.59751892089844,289.41278076171875,473.9164733886719,325.60858154296875,132.9776611328125,150.16436767578125,294.2023620605469,26.56110191345215,109.96158599853516,69.77989196777344,114.44071197509766,282.0905456542969,404.3697814941406,525.303466796875,126.37047576904297,847.0281372070312,96.95135498046875,594.6238403320312,163.03152465820312,156.98629760742188,476.3088684082031,7163.330078125,208.6772003173828,99.01000213623047,85.9416732788086,105.98063659667969,141.9105987548828,23.608312606811523,80.22105407714844,146.0455322265625,816.03125,34.71174240112305,129.9701690673828,170.42999267578125,157.18521118164062,735.0167236328125,324.4487609863281,366.2942199707031,216.53677368164062,170.76910400390625,34.5284538269043,385.6000061035156,461.37677001953125,88.7950668334961,111.26139068603516,239.28236389160156,24.63317108154297,213.01133728027344,43.4970588684082,147.17051696777344,207.34478759765625,398.1937561035156,217.64942932128906,88.13452911376953,45.187564849853516,322.4352722167969,284.8629150390625,38.80961227416992,195.66453552246094,108.79326629638672,170.75494384765625,115.46148681640625,114.10209655761719
2025-11-21,150.34725952148438,246.76502990722656,290.79998779296875,119.02760314941406,211.12754821777344,223.4531707763672,194.1168670654297,332.704833984375,444.6174011230469,174.40560913085938,345.5982971191406,252.34542846679688,130.89016723632812,338.3041076660156,521.989990234375,350.0400085449219,189.44627380371094,48.53400421142578,504.0400085449219,208.00099182128906,547.0867919921875,90.01000213623047,26.276845932006836,79.4849624633789,72.92367553710938,75.00640106201172,33.9376106262207,184.8709716796875,75.0660171508789,76.7198486328125,147.17901611328125,85.12999725341797,226.12350463867188,182.2012481689453,56.372047424316406,88.94017028808594,316.8301086425781,58.55950927734375,39.48004150390625,286.33709716796875,69.87261962890625,299.0638122558594,488.5634460449219,336.3257141113281,134.63531494140625,152.9070281982422,293.8473815917969,27.078462600708008,109.4299545288086,71.48495483398438,121.24317169189453,275.6987609863281,408.556884765625,537.7623901367188,129.01626586914062,863.5507202148438,98.75668334960938,600.7791748046875,166.4781494140625,156.46200561523438,470.0268249511719,7388.81982421875,196.86114501953125,100.43000030517578,87.12898254394531,108.91206359863281,142.13400268554688,24.227548599243164,82.1009292602539,148.73602294921875,836.1182861328125,35.27822494506836,131.67369079589844,172.1199951171875,160.8393096923828,753.8659057617188,337.26953125,376.2587585449219,217.1018524169922,168.41673278808594,35.5096549987793,388.3599853515625,463.90496826171875,90.54728698730469,112.30231475830078,236.28761291503906,25.0289249420166,217.4207305908203,44.55509567260742,150.51010131835938,206.3302764892578,408.1869201660156,222.5787811279297,91.81044006347656,46.44142150878906,326.6279602050781,286.7157287597656,39.25712203979492,199.7346649169922,109.27503967285156,176.07896423339844,115.52069091796875,120.1769027709961
2025-11-24,152.6832275390625,238.70120239257812,289.8500061035156,120.20960998535156,209.20657348632812,230.33604431152344,194.31593322753906,329.51123046875,443.1173400878906,174.4153289794922,343.7930603027344,251.57081604003906,137.1363067626953,375.8536376953125,524.5999755859375,353.055419921875,193.71240234375,49.01060485839844,507.80999755859375,209.7088623046875,556.2011108398438,89.0199966430664,24.496036529541016,77.76620483398438,73.17975616455078,75.1443862915039,34.0465087890625,181.24917602539062,74.01876068115234,76.592041015625,146.95330810546875,83.12999725341797,225.71578979492188,181.66529846191406,56.94942855834961,92.39290618896484,324.5802001953125,58.55950927734375,39.16348648071289,292.9217224121094,70.53826904296875,317.8470153808594,498.5536193847656,329.7229919433594,134.82276916503906,151.39212036132812,293.8276672363281,26.7075252532959,113.38076782226562,71.1321792602539,121.04627990722656,273.33660888671875,403.538330078125,535.2247314453125,128.72659301757812,867.7188110351562,100.7083969116211,602.18359375,167.93405151367188,161.0717010498047,471.8985290527344,7263.52001953125,198.36663818359375,99.0,86.04061126708984,107.39749908447266,141.3278045654297,24.401704788208008,82.36392211914062,144.85304260253906,836.5664672851562,35.62983703613281,131.16163635253906,170.16000366210938,162.57278442382812,759.4009399414062,347.29193115234375,381.8619079589844,213.29515075683594,171.9204864501953,35.038673400878906,404.6300048828125,459.8072509765625,91.92752075195312,113.02899932861328,252.09716796875,24.72969627380371,218.71176147460938,44.57468795776367,147.95571899414062,204.22244262695312,408.0276794433594,220.88645935058594,90.74354553222656,46.41226577758789,327.9424743652344,286.07818603515625,38.28593063354492,199.525146484375,109.15705108642578,171.9226531982422,114.42547607421875,120.97441864013672
2025-11-25,156.26173400878906,244.19793701171875,294.42999267578125,119.75650787353516,209.48240661621094,241.85733032226562,196.30667114257812,336.2236633300781,449.8428039550781,174.599853515625,350.03656005859375,253.8749542236328,137.06668090820312,382.8842468261719,528.8900146484375,359.7112731933594,194.93896484375,49.080108642578125,508.57000732421875,212.2209930419922,563.16845703125,89.4000015258789,25.44580078125,78.394775390625,73.68206024169922,75.2232437133789,34.55141830444336,182.75161743164062,75.53035736083984,77.15245819091797,145.75608825683594,85.47000122070312,229.48468017578125,184.62294006347656,56.2950553894043,90.95838928222656,331.1486511230469,59.091426849365234,39.65810012817383,292.3140869140625,72.30669403076172,323.00689697265625,513.2901000976562,343.9178161621094,135.74041748046875,154.4219512939453,298.75762939453125,26.404916763305664,114.29441833496094,71.15177917480469,129.03988647460938,274.2596130371094,403.7164611816406,543.8026733398438,130.41641235351562,886.734130859375,102.8064956665039,615.4705200195312,169.8950653076172,163.64361572265625,474.8752136230469,7453.3798828125,195.14768981933594,101.37999725341797,87.50496673583984,109.54720306396484,141.92030334472656,24.885480880737305,82.49054718017578,146.34120178222656,848.5369873046875,35.561466217041016,132.07740783691406,173.44000244140625,160.8393096923828,785.2012939453125,361.7004089355469,388.7467041015625,215.20840454101562,170.8683624267578,35.22510528564453,401.6099853515625,465.3726806640625,90.51791381835938,114.00118255615234,260.5640869140625,24.96135902404785,220.72776794433594,45.378013610839844,151.4642791748047,203.7890625,416.8662414550781,225.4419403076172,91.69405364990234,47.53976821899414,333.15093994140625,291.5867919921875,38.64775085449219,205.58045959472656,109.35369873046875,177.7117919921875,112.98491668701172,125.91696166992188
2025-11-26,153.4486083984375,242.84579467773438,301.3800048828125,120.8794174194336,210.6842498779297,249.34866333007812,195.3710174560547,339.63409423828125,450.4885559082031,176.03738403320312,351.6822204589844,253.9043731689453,137.9717559814453,395.3543701171875,533.1699829101562,361.030517578125,195.161865234375,49.17939758300781,511.2300109863281,211.63516235351562,570.2452392578125,90.55000305175781,25.158893585205078,78.61084747314453,74.1351318359375,74.9768295288086,34.94742202758789,183.67698669433594,76.12313842773438,78.51912689208984,146.71778869628906,87.19000244140625,227.1875457763672,184.79165649414062,56.8820686340332,92.69959259033203,333.3643798828125,59.5556526184082,39.86583709716797,295.48187255859375,72.33648681640625,319.6534729003906,512.2055053710938,348.2281494140625,135.56280517578125,154.74868774414062,303.33270263671875,27.019893646240234,115.6090316772461,71.41636657714844,129.2367706298828,274.0710754394531,403.7659606933594,542.2702026367188,130.85093688964844,881.1801147460938,102.48445129394531,620.0222778320312,169.16217041015625,166.12652587890625,483.3475036621094,7566.669921875,203.001953125,101.51000213623047,87.63359069824219,108.86320495605469,143.7366943359375,24.875804901123047,82.40287780761719,146.1046600341797,857.9481811523438,35.85447692871094,132.89471435546875,173.4600067138672,162.6515655517578,782.49853515625,368.3688049316406,391.4191589355469,215.4859619140625,171.90061950683594,34.98961639404297,409.67999267578125,466.7098693847656,91.81005096435547,115.54293823242188,270.9014892578125,24.922746658325195,223.1807403564453,45.29964065551758,152.1997833251953,204.63043212890625,417.6824035644531,226.9473114013672,92.79003143310547,47.578651428222656,332.41400146484375,293.9376220703125,38.92387390136719,207.24639892578125,110.35658264160156,179.23577880859375,113.241455078125,125.72005462646484
2025-11-28,152.58383178710938,244.95237731933594,303.3399963378906,121.91365814208984,209.80751037597656,251.62298583984375,196.9735565185547,340.5113525390625,452.74359130859375,176.0665283203125,352.9888000488281,255.9535675048828,140.13999938964844,400.7143249511719,540.1400146484375,362.32000732421875,195.27468872070312,49.84465789794922,513.8099975585938,210.76136779785156,572.2630004882812,91.27999877929688,25.505163192749023,78.95460510253906,74.30256652832031,75.83433532714844,35.13622283935547,185.08987426757812,76.77519989013672,79.01072692871094,148.3075408935547,88.02999877929688,225.5168914794922,184.4034881591797,56.67035675048828,93.4145736694336,333.10833740234375,59.720062255859375,39.96476364135742,297.3049011230469,73.0418701171875,319.4937438964844,505.7677001953125,349.64862060546875,135.2075958251953,155.74874877929688,308.6965026855469,27.234647750854492,117.24481201171875,71.65155029296875,129.2564697265625,276.6019592285156,406.16143798828125,547.8429565429688,131.2178955078125,878.5974731445312,102.78697967529297,620.7593383789062,170.40017700195312,167.82794189453125,489.82867431640625,7507.2900390625,200.02069091796875,101.69999694824219,87.91062927246094,109.13680267333984,144.47491455078125,24.90483283996582,82.61717224121094,146.01597595214844,858.1573486328125,36.0400505065918,134.86410522460938,175.42999267578125,165.55711364746094,778.0904541015625,364.5086669921875,393.2769470214844,215.17868041992188,173.60781860351562,35.5587158203125,418.010009765625,469.7420959472656,92.72041320800781,116.87847137451172,275.2891540527344,25.11579704284668,224.59095764160156,45.554351806640625,150.99713134765625,206.8872833251953,419.51385498046875,228.09848022460938,92.90642547607422,47.675846099853516,333.0613098144531,296.08929443359375,39.14287185668945,208.04446411132812,110.18943786621094,178.13731384277344,114.37614440917969,126.20248413085938
2025-12-01,149.20413208007812,252.2323760986328,305.1199951171875,118.70256042480469,207.84779357910156,254.1167755126953,194.70411682128906,332.655517578125,451.9190673828125,171.21006774902344,350.24603271484375,255.76727294921875,138.4690704345703,383.92840576171875,533.2100219726562,357.4000549316406,194.36561584472656,49.8049430847168,508.54998779296875,206.5314483642578,564.6096801757812,88.5,25.653564453125,78.51264190673828,72.05694580078125,74.947265625,34.62944412231445,184.50282287597656,76.49856567382812,77.77188110351562,149.69119262695312,92.0199966430664,222.89161682128906,184.0153350830078,55.939002990722656,94.05010986328125,324.65899658203125,59.420249938964844,39.71745681762695,287.3432312011719,72.4755859375,314.5035705566406,500.50390625,350.0502624511719,134.2859344482422,155.3922882080078,304.59478759765625,27.49820899963379,115.42051696777344,71.00025177001953,128.203125,270.2796936035156,403.013671875,541.3148803710938,130.71575927734375,855.2327880859375,100.84501647949219,613.6183471679688,168.84521484375,166.65078735351562,484.5820007324219,7517.08984375,199.0203399658203,101.23999786376953,87.21803283691406,108.01309204101562,145.22280883789062,24.450084686279297,82.25676727294922,145.306396484375,852.6002807617188,34.96568298339844,137.62124633789062,174.8800048828125,165.50787353515625,748.0913696289062,363.0698547363281,387.4154357910156,212.21458435058594,166.7691192626953,35.91194152832031,438.2900085449219,466.3896789550781,89.56838989257812,115.99466705322266,268.7325134277344,24.893789291381836,224.1937255859375,45.6229248046875,150.21192932128906,204.5314483642578,408.2466125488281,227.63604736328125,92.35357666015625,48.025760650634766,329.02801513671875,290.72015380859375,38.79057693481445,208.1442108154297,107.50524139404297,180.5420379638672,115.0766830444336,125.28683471679688
2025-12-02,147.92181396484375,255.74989318847656,310.25,117.44176483154297,206.76898193359375,264.67047119140625,196.37632751464844,333.5130615234375,453.7867126464844,170.76324462890625,344.7904357910156,251.7571258544922,140.72683715820312,379.4435729980469,537.75,357.78692626953125,204.03102111816406,49.12975311279297,506.6499938964844,203.6817169189453,578.93212890625,88.27999877929688,25.564523696899414,77.41262817382812,71.5447769165039,75.76533508300781,34.748687744140625,183.26902770996094,76.75543975830078,76.31674194335938,147.4439697265625,91.7699966430664,225.32797241210938,186.59307861328125,54.98632049560547,98.94576263427734,325.880126953125,59.94249725341797,40.03400802612305,288.20989990234375,73.18096923828125,315.40179443359375,497.8272705078125,346.8174743652344,133.88951110839844,153.82786560058594,303.5693359375,27.45916175842285,118.68011474609375,69.73715209960938,127.71089935302734,271.9173278808594,404.6469421386719,543.2454223632812,130.60955810546875,828.0953369140625,99.566650390625,606.3776245117188,169.9148712158203,167.2640838623047,487.82757568359375,7601.10009765625,199.17881774902344,99.83999633789062,86.3176498413086,108.24760437011719,144.34864807128906,24.33397674560547,82.1301498413086,143.74925231933594,855.40869140625,34.39920425415039,135.4647674560547,176.47999572753906,168.1278076171875,740.0032958984375,353.15655517578125,388.6473693847656,210.8267059326172,167.54330444335938,35.676456451416016,449.3500061035156,462.5664367675781,89.02999877929688,116.87847137451172,265.51885986328125,24.63317108154297,227.967529296875,45.53475570678711,149.10867309570312,207.9958953857422,409.30169677734375,228.5018768310547,92.70274353027344,48.2881965637207,328.26116943359375,288.7179260253906,38.66679382324219,207.8748779296875,106.27621459960938,176.20761108398438,113.84333038330078,122.52018737792969
2025-12-03,148.36912536621094,267.3410339355469,307.239990234375,116.289306640625,206.48194885253906,267.9622802734375,198.2974090576172,340.4719543457031,467.0191345214844,171.1226348876953,343.5437316894531,255.2672576904297,137.90213012695312,378.4889221191406,543.5499877929688,365.15692138671875,200.5400848388672,50.13261032104492,503.6000061035156,198.29998779296875,587.8973388671875,88.33000183105469,25.76239013671875,76.80370330810547,71.10157012939453,76.63269805908203,35.72248840332031,183.7864227294922,78.28678894042969,73.74073028564453,148.75894165039062,94.97000122070312,227.1875457763672,189.36990356445312,55.14028549194336,101.3191146850586,325.71270751953125,59.9908561706543,40.77592849731445,287.383056640625,74.20426940917969,319.9927978515625,484.35443115234375,350.61846923828125,131.8479766845703,155.30319213867188,307.75982666015625,27.65439224243164,120.86349487304688,69.87529754638672,131.05799865722656,275.6590576171875,406.494873046875,551.0272216796875,129.89498901367188,803.8123779296875,99.50810241699219,614.2366943359375,171.43019104003906,171.84410095214844,475.6119689941406,7679.419921875,205.74546813964844,98.61000061035156,86.02082824707031,110.79794311523438,143.8144073486328,24.74034881591797,84.49976348876953,144.5869598388672,865.62646484375,33.99876022338867,137.7098846435547,177.3699951171875,172.4319610595703,721.7225341796875,355.3992004394531,397.7575378417969,213.50331115722656,167.19590759277344,37.135162353515625,466.44000244140625,470.7308654785156,88.81465148925781,118.72463989257812,257.36041259765625,24.440120697021484,229.20889282226562,46.45563888549805,149.1484375,206.39234924316406,407.1617126464844,231.44374084472656,95.25357055664062,49.503177642822266,328.2511901855469,291.457275390625,38.72392272949219,212.9325714111328,105.4896469116211,176.4846954345703,116.2311019897461,120.67903137207031
2025-12-04,147.4347381591797,263.9018859863281,305.8500061035156,116.26960754394531,204.2550048828125,268.770263671875,198.2974090576172,335.2872619628906,470.9928283691406,173.69656372070312,346.7951354980469,256.512451171875,138.70777893066406,378.90655517578125,550.6099853515625,368.1524963378906,199.74502563476562,50.25175857543945,503.2300109863281,197.78366088867188,595.5108642578125,88.61000061035156,25.544736862182617,76.21440887451172,70.61895751953125,76.6425552368164,35.95103073120117,183.1098175048828,79.23523712158203,75.46134185791016,149.4164276123047,96.25,225.86497497558594,189.73812866210938,55.380863189697266,103.09664154052734,328.4109802246094,59.584659576416016,41.30022048950195,290.7401123046875,74.80036926269531,317.76715087890625,485.24005126953125,346.2408142089844,130.6785430908203,157.5408935546875,311.6742858886719,27.8984317779541,120.49742889404297,69.52005004882812,124.77729034423828,278.4083251953125,401.1100769042969,539.6630249023438,128.29205322265625,812.6053466796875,99.52761840820312,617.1390380859375,167.6468505859375,173.00146484375,478.7081604003906,7519.669921875,212.2824249267578,99.51000213623047,85.99114227294922,109.21497344970703,142.69737243652344,24.866132736206055,84.48992919921875,143.25648498535156,870.068115234375,33.3639030456543,137.2864532470703,178.5,172.60025024414062,720.8549194335938,354.228271484375,401.25457763671875,213.25547790527344,170.0346221923828,37.6988639831543,463.739990234375,468.0093688964844,88.1685791015625,119.67720031738281,264.28515625,24.507688522338867,231.80091857910156,46.573204040527344,149.38697814941406,205.89743041992188,403.4590759277344,233.4705810546875,91.90743255615234,49.930850982666016,325.7515563964844,292.51318359375,39.28569030761719,213.52114868164062,104.49659729003906,174.8221893310547,115.57989501953125,118.5523681640625
2025-12-05,144.62164306640625,261.2074279785156,306.739990234375,115.77710723876953,200.19703674316406,267.3338317871094,199.18466186523438,325.1644287109375,473.9234313964844,173.72569274902344,344.291748046875,255.6005859375,138.6083221435547,388.0652160644531,550.9500122070312,367.3590087890625,206.88836669921875,48.85173797607422,504.3399963378906,197.42620849609375,599.5064086914062,89.27999877929688,25.59420394897461,76.67601776123047,70.01815032958984,76.84953308105469,36.07027053833008,185.81622314453125,79.74899291992188,74.36014556884766,147.19863891601562,99.69999694824219,224.98985290527344,190.18600463867188,55.900508880615234,104.39751434326172,327.3914489746094,59.05274200439453,41.05290985107422,282.8505554199219,75.70626068115234,321.4599304199219,484.2848205566406,349.6324768066406,128.2703094482422,156.2636260986328,310.6291198730469,28.005807876586914,121.1337890625,69.07598876953125,121.98149871826172,276.41339111328125,396.9770202636719,542.8573608398438,127.14298248291016,807.0560913085938,98.91282653808594,622.714111328125,165.87399291992188,174.60397338867188,481.01788330078125,7538.080078125,215.50137329101562,98.88999938964844,85.53600311279297,109.49834442138672,142.2393341064453,25.1854248046875,86.05328369140625,141.37411499023438,876.382080078125,33.07089614868164,137.2273712158203,173.52000427246094,173.0556182861328,716.4268188476562,365.59033203125,401.6519470214844,214.65325927734375,169.82618713378906,38.03510665893555,466.760009765625,469.4501647949219,88.74613189697266,121.38587951660156,277.3785095214844,24.401512145996094,232.74435424804688,46.56340408325195,152.348876953125,207.5009765625,399.5573425292969,232.87680053710938,92.01412200927734,49.82392883300781,329.8744812011719,293.72845458984375,39.69511413574219,214.42893981933594,103.9361572265625,177.49407958984375,114.98788452148438,116.81951141357422
2025-12-08,141.58984375,261.1192321777344,301.3900146484375,113.99425506591797,198.81137084960938,267.4934387207031,198.6463165283203,316.62847900390625,473.5956115722656,177.9411163330078,342.48651123046875,231.44163513183594,139.30453491210938,398.8647155761719,553.1199951171875,359.3541564941406,206.10609436035156,47.05455017089844,497.2300109863281,197.47586059570312,592.876953125,90.81999969482422,25.732709884643555,74.75102233886719,69.45674133300781,77.72673797607422,36.11995315551758,182.0650634765625,79.7391128540039,75.24503326416016,145.9327392578125,101.20999908447266,223.22972106933594,190.37510681152344,53.91815185546875,102.06388854980469,327.2528381347656,58.60786819458008,40.360450744628906,286.0880432128906,75.36779022216797,314.0396423339844,482.74249267578125,344.99847412109375,128.56761169433594,155.48138427734375,310.79669189453125,28.308414459228516,122.14418029785156,69.32269287109375,118.83129119873047,279.5397644042969,386.8531799316406,537.8021850585938,126.49600982666016,796.3867797851562,98.81523895263672,620.5499267578125,162.38775634765625,174.9205322265625,488.8430480957031,7438.35986328125,218.43309020996094,98.11000061035156,85.2094955444336,109.87942504882812,142.837646484375,24.933860778808594,85.42401123046875,136.33807373046875,876.0534057617188,33.13926315307617,136.9319610595703,174.41000366210938,173.55059814453125,701.3674926757812,353.70233154296875,399.595458984375,209.6073760986328,170.24305725097656,37.81753921508789,465.75,463.404541015625,86.29890441894531,121.83760833740234,283.9649963378906,23.9768009185791,232.36697387695312,46.72994613647461,152.78619384765625,202.3636932373047,395.416748046875,233.00546264648438,92.67364501953125,49.9697265625,325.4926452636719,294.63494873046875,39.32377243041992,211.68560791015625,103.00210571289062,177.58316040039062,114.43534851074219,116.33708190917969
2025-12-09,139.8005828857422,264.0880432128906,300.75,114.32915496826172,198.98953247070312,266.4759826660156,195.36647033691406,309.35418701171875,475.0658874511719,174.39590454101562,345.2791442871094,226.2549285888672,137.83251953125,404.0257873535156,546.6500244140625,360.9709777832031,206.83738708496094,47.35242462158203,491.42999267578125,196.60205078125,590.7499389648438,90.19999694824219,25.238040924072266,75.6054916381836,69.36810302734375,78.36740112304688,36.139827728271484,182.23422241210938,79.9762191772461,76.92632293701172,145.7168426513672,100.80999755859375,221.98667907714844,189.1807861328125,54.495540618896484,101.92486572265625,326.46099853515625,58.07594680786133,39.9054069519043,284.2152404785156,76.81124114990234,317.3353271484375,486.07586669921875,340.423583984375,128.87484741210938,156.4517364501953,296.30255126953125,28.36698341369629,122.24591827392578,69.16480255126953,115.36608123779297,275.2918395996094,387.8466491699219,534.92626953125,126.0228500366211,793.4724731445312,97.21483612060547,610.386962890625,163.5069122314453,176.89892578125,489.8385925292969,7318.2900390625,219.4136199951172,94.25,86.16923522949219,110.16280364990234,141.86660766601562,24.508136749267578,86.73171997070312,137.60940551757812,859.3822631835938,33.01229476928711,137.7394256591797,173.1699981689453,174.2336883544922,690.7162475585938,352.79931640625,397.9959411621094,207.50575256347656,170.64999389648438,37.87687683105469,465.8500061035156,462.1143798828125,86.45552825927734,123.88999938964844,281.4278869628906,23.65826988220215,234.5716552734375,46.945472717285156,152.74642944335938,199.30508422851562,397.138671875,229.1655731201172,94.0509033203125,50.125247955322266,325.154052734375,289.9132995605469,38.21928024291992,209.1118621826172,102.88410949707031,178.60244750976562,116.67510986328125,113.9642562866211
2025-12-10,142.6136932373047,266.7237548828125,300.1000061035156,112.44780731201172,199.1280975341797,274.4660339355469,200.04200744628906,310.86224365234375,493.99066162109375,175.08551025390625,339.1552734375,232.08876037597656,137.9319610595703,410.6685485839844,568.3900146484375,372.53680419921875,210.0794219970703,47.699947357177734,490.42999267578125,196.8105926513672,611.6124267578125,90.63999938964844,25.999832153320312,76.37156677246094,68.95443725585938,79.09676361083984,36.85527420043945,184.6122589111328,82.21891784667969,77.6440658569336,148.58230590820312,100.70999908447266,229.1366424560547,194.77420043945312,55.32312774658203,106.53253173828125,337.57696533203125,58.67556381225586,40.48905563354492,282.5118408203125,80.43478393554688,320.5810852050781,466.40399169921875,346.2013244628906,129.0730743408203,158.7983856201172,305.76806640625,28.825777053833008,123.57250213623047,69.28321838378906,118.16187286376953,283.7976379394531,390.1317443847656,536.2297973632812,127.36505126953125,811.5274047851562,98.33706665039062,621.7567138671875,164.07144165039062,177.76942443847656,476.4382629394531,7504.3701171875,220.87950134277344,93.62999725341797,86.92120361328125,110.29960632324219,146.82958984375,24.94353675842285,88.7178726196289,137.79666137695312,885.5940551757812,32.7493896484375,141.60926818847656,175.66000366210938,180.38137817382812,724.2557373046875,354.9526672363281,407.55322265625,205.76100158691406,173.4192352294922,39.488868713378906,475.8299865722656,462.6700134277344,87.18968963623047,126.600341796875,297.4066162109375,23.542436599731445,242.44700622558594,48.5521240234375,154.72434997558594,193.33631896972656,397.2780456542969,233.02525329589844,96.64051818847656,52.05949783325195,324.38720703125,295.62109375,38.00980758666992,215.0574188232422,101.92056274414062,185.153564453125,117.94792938232422,116.24846649169922
2025-12-11,142.0172576904297,264.9111022949219,300.92999267578125,112.54630279541016,204.70040893554688,269.4385681152344,203.2122039794922,312.8336181640625,495.3317565917969,176.493896484375,346.4859313964844,238.97169494628906,138.3397674560547,404.1053161621094,581.030029296875,381.7815246582031,210.1781463623047,47.124053955078125,495.8500061035156,196.9197998046875,621.8101196289062,91.83999633789062,27.54319953918457,75.87066650390625,68.68850708007812,78.13084411621094,36.914894104003906,187.8858184814453,82.81169891357422,79.47283935546875,147.90518188476562,101.36000061035156,231.07577514648438,200.3278045654297,55.74654006958008,104.82451629638672,356.56219482421875,58.636878967285156,41.30022048950195,287.3133544921875,80.48455810546875,313.2906188964844,479.9563903808594,352.4424743652344,134.0778045654297,161.49154663085938,312.9363098144531,28.7672061920166,124.2976303100586,68.19773864746094,117.29557037353516,287.6882629394531,400.6828308105469,560.6201782226562,128.3886260986328,813.9627075195312,97.3416976928711,630.4036865234375,166.98326110839844,178.3431396484375,481.3265075683594,7511.16015625,196.9503173828125,93.95999908447266,86.80247497558594,112.00959777832031,146.1822509765625,24.962886810302734,90.00591278076172,138.72305297851562,895.4334716796875,32.946319580078125,141.23507690429688,178.0,179.4508056640625,744.790283203125,364.79644775390625,410.3547668457031,209.349609375,176.09912109375,39.89434051513672,477.260009765625,468.546142578125,87.72708129882812,127.26811218261719,306.2913513183594,23.455564498901367,242.60589599609375,48.689273834228516,154.63490295410156,193.34622192382812,401.4982604980469,233.6784210205078,97.45523834228516,52.07893753051758,344.2052001953125,298.1114196777344,38.29545593261719,217.2421112060547,101.74358367919922,187.31088256835938,117.94792938232422,115.84478759765625
2025-12-12,138.8463134765625,266.07708740234375,297.6400146484375,112.41825103759766,205.05670166015625,258.565673828125,201.11868286132812,313.1884460449219,490.3844909667969,175.5128631591797,352.859130859375,238.25595092773438,128.54290771484375,357.92413330078125,564.280029296875,379.4703674316406,211.05233764648438,46.52830123901367,499.5199890136719,196.78077697753906,594.2584838867188,90.95999908447266,27.32554817199707,76.94120025634766,68.78699493408203,76.68197631835938,37.15336990356445,186.59231567382812,82.93025207519531,78.08650970458984,147.1888427734375,101.18000030517578,225.0694122314453,198.1780242919922,56.11221694946289,103.37469482421875,355.42388916015625,58.94636154174805,41.55741500854492,298.6596374511719,80.52437591552734,310.11474609375,482.3643493652344,354.60174560546875,134.08773803710938,161.6004638671875,314.06036376953125,28.80625343322754,119.08506774902344,69.58912658691406,117.51215362548828,284.8000793457031,413.5388488769531,569.138427734375,127.56785583496094,812.22607421875,97.45880126953125,626.5838623046875,167.28038024902344,176.48345947265625,476.4084167480469,7517.81005859375,188.15513610839844,94.11000061035156,87.20813751220703,112.81085205078125,147.76138305664062,25.011266708374023,88.43273162841797,140.77294921875,881.2320556640625,33.46818542480469,139.27554321289062,176.0,176.5006866455078,739.295166015625,367.3764953613281,402.5361328125,211.7982177734375,177.32989501953125,39.01417541503906,452.95001220703125,471.8138122558594,87.2537841796875,125.37283325195312,286.1837158203125,23.72583770751953,228.5733184814453,48.87541198730469,155.19149780273438,193.1779327392578,389.3651428222656,237.46881103515625,97.88198852539062,51.92341613769531,346.3960876464844,294.7943115234375,38.93339538574219,213.8902587890625,102.1368637084961,185.63845825195312,117.23751831054688,116.8293685913086
2025-12-15,139.7608184814453,269.1144714355469,294.30999755859375,114.03364562988281,209.76791381835938,260.62054443359375,202.56422424316406,320.6500244140625,488.2585754394531,175.08551025390625,353.1683349609375,240.22671508789062,129.1993408203125,337.916259765625,551.7899780273438,379.48028564453125,217.26492309570312,46.55809020996094,506.3800048828125,198.54823303222656,586.1779174804688,89.48999786376953,28.29509925842285,78.0117416381836,69.69313049316406,77.12550354003906,36.9447021484375,187.50772094726562,83.03893280029297,78.35198211669922,147.00238037109375,103.98999786376953,227.2571563720703,200.34771728515625,56.862823486328125,100.32608032226562,357.0076599121094,59.091426849365234,42.121280670166016,299.8251647949219,81.60945129394531,308.91632080078125,475.3190002441406,351.9790954589844,137.42752075195312,159.8083038330078,315.5393371582031,28.532928466796875,122.19606018066406,70.03318786621094,117.8665542602539,286.36822509765625,414.28399658203125,566.3521118164062,128.13755798339844,821.4182739257812,96.190185546875,632.1989135742188,164.11106872558594,175.87014770507812,472.7148742675781,7632.35009765625,183.15338134765625,95.13999938964844,87.63359069824219,112.74244689941406,148.32044982910156,25.572446823120117,89.11116027832031,143.02981567382812,879.8377685546875,33.734039306640625,139.34446716308594,175.07000732421875,177.46096801757812,750.5946655273438,368.84515380859375,399.0291748046875,213.4636688232422,180.75421142578125,38.47024917602539,454.6700134277344,470.49542236328125,87.35238647460938,126.62979125976562,284.13409423828125,23.465219497680664,229.1095733642578,48.72846603393555,155.75804138183594,194.16778564453125,393.0279541015625,237.9834442138672,97.05757904052734,52.205291748046875,345.4599914550781,295.53143310546875,38.84769821166992,214.85791015625,103.49371337890625,183.5009307861328,116.19164276123047,119.11357116699219
2025-12-16,138.35923767089844,266.5473937988281,293.9800109863281,112.85164642333984,207.36282348632812,258.19659423828125,201.15855407714844,322.05950927734375,483.4007568359375,173.98794555664062,350.8743591308594,237.52059936523438,128.68115234375,339.39794921875,555.0599975585938,377.67498779296875,216.43809509277344,44.70132827758789,499.8399963378906,196.49282836914062,585.3529663085938,87.9000015258789,27.899362564086914,77.5403060913086,68.85594940185547,76.4355697631836,36.56710433959961,186.68185424804688,82.62398529052734,76.9754867553711,144.00933837890625,104.19999694824219,223.448486328125,195.67990112304688,56.12184524536133,103.66266632080078,348.3266906738281,58.73358917236328,41.88386154174805,297.5837707519531,81.39044189453125,307.3283996582031,468.1540222167969,347.72955322265625,136.5355987548828,158.94432067871094,311.1319580078125,27.908191680908203,122.02249908447266,69.44110870361328,115.74016571044922,280.7308044433594,420.7616882324219,563.25732421875,128.61070251464844,808.3934936523438,95.36071014404297,627.820556640625,161.63504028320312,174.60397338867188,474.2779235839844,7530.240234375,186.8477325439453,92.9000015258789,87.03003692626953,112.58611297607422,147.4867401123047,24.701648712158203,88.0394287109375,143.10865783691406,870.8947143554688,33.458335876464844,129.76336669921875,174.27999877929688,174.35247802734375,744.3515014648438,366.4734802246094,398.462890625,212.15509033203125,178.59043884277344,37.19449996948242,463.3399963378906,470.7120361328125,86.68189239501953,124.8621826171875,286.6712341308594,23.233558654785156,225.34571838378906,48.69906997680664,154.1478729248047,195.98910522460938,394.11285400390625,233.44091796875,97.09637451171875,51.97201919555664,343.68731689453125,290.8795471191406,38.80009078979492,213.21189880371094,102.726806640625,183.58009338378906,113.15265655517578,121.32886505126953
2025-12-17,135.84432983398438,268.2130432128906,292.9700012207031,112.98954772949219,206.93724060058594,247.6528778076172,199.2843475341797,321.3399963378906,484.2947998046875,173.36631774902344,351.103759765625,241.56996154785156,126.07025909423828,324.2030944824219,550.0,372.5765075683594,212.61843872070312,44.969417572021484,504.2699890136719,197.0389404296875,558.4772338867188,88.25,27.731176376342773,78.30638885498047,69.20066833496094,74.9078369140625,36.269004821777344,186.43312072753906,82.62398529052734,76.5723648071289,146.72760009765625,102.38999938964844,221.3900146484375,195.22207641601562,57.295860290527344,104.56633758544922,342.4469909667969,59.94249725341797,41.41892623901367,291.05889892578125,80.1460952758789,297.6710205078125,470.20684814453125,351.742431640625,137.12030029296875,159.74871826171875,310.5699462890625,27.38106918334961,116.90071105957031,69.73715209960938,110.48328399658203,276.6317443847656,419.5992736816406,562.7099609375,132.3766326904297,804.9601440429688,95.92670440673828,617.3683471679688,160.6149139404297,172.91244506835938,474.00909423828125,7472.5498046875,176.75509643554688,92.8499984741211,88.05904388427734,114.03227233886719,147.2023162841797,24.227548599243164,87.87228393554688,145.67103576660156,859.6411743164062,33.81281280517578,129.9701690673828,175.30999755859375,170.61041259765625,747.7722778320312,362.9110412597656,386.9981994628906,212.8688507080078,175.88076782226562,38.10433578491211,453.07000732421875,480.81634521484375,85.56767272949219,125.06840515136719,276.2442932128906,23.51348114013672,221.1945343017578,49.130123138427734,154.71441650390625,197.35508728027344,380.5165710449219,234.29202270507812,97.92078399658203,52.23445510864258,342.9902038574219,284.3050842285156,38.92387390136719,211.56590270996094,103.00210571289062,183.75823974609375,115.84630584716797,120.36397552490234
2025-12-18,136.0828857421875,264.5093688964844,299.239990234375,113.84650421142578,202.8297576904297,252.869873046875,201.3380126953125,319.77276611328125,484.48358154296875,169.28688049316406,352.0911560058594,238.99131774902344,129.15948486328125,328.0415954589844,563.280029296875,372.4872131347656,212.79718017578125,44.15522003173828,503.3900146484375,197.69430541992188,562.3932495117188,86.9000015258789,28.037870407104492,76.34210205078125,69.54539489746094,75.84418487548828,36.3783073425293,188.94052124023438,82.75242614746094,76.48387908935547,144.93179321289062,100.55000305175781,223.10044860839844,195.14247131347656,57.90211486816406,107.18793487548828,341.100830078125,60.048885345458984,41.88386154174805,300.5324401855469,80.80310821533203,303.3536071777344,464.9352722167969,350.0071716308594,137.68519592285156,158.9641876220703,308.6176452636719,27.42987823486328,121.92475128173828,69.43123626708984,106.64398193359375,280.60174560546875,416.27099609375,563.4463500976562,131.62344360351562,808.9923095703125,96.10235595703125,625.7161865234375,160.20884704589844,171.09231567382812,481.8342590332031,7561.6201171875,178.3101043701172,91.79000091552734,86.4264907836914,111.62850952148438,146.5059356689453,24.227548599243164,87.84278106689453,143.4141845703125,864.3816528320312,34.21651840209961,127.1539306640625,175.89999389648438,172.44186401367188,746.6952514648438,367.21771240234375,389.06463623046875,211.60986328125,176.96263122558594,37.70875549316406,458.1300048828125,477.1625671386719,86.0311050415039,125.07823181152344,290.5216064453125,23.41695785522461,224.41220092773438,48.92439270019531,153.93914794921875,198.23605346679688,383.4229736328125,231.99600219726562,99.00707244873047,52.36081314086914,344.5836181640625,287.2237243652344,38.47636413574219,213.0822296142578,103.48387908935547,187.3900604248047,114.98788452148438,120.8661117553711
2025-12-19,136.42086791992188,266.7531433105469,300.0799865722656,112.77284240722656,202.8990478515625,255.7726593017578,202.6638946533203,322.69036865234375,485.9538269042969,167.46084594726562,349.1190185546875,235.27532958984375,134.81973266601562,338.4631652832031,594.2000122070312,373.46923828125,214.71875,44.393516540527344,494.5299987792969,201.51708984375,572.7201538085938,86.0999984741211,30.78823471069336,76.96084594726562,68.1270980834961,77.29306030273438,36.269004821777344,186.6321258544922,84.38257598876953,76.4150619506836,144.99066162109375,99.47000122070312,223.58770751953125,195.28179931640625,57.83475112915039,107.24752044677734,337.23052978515625,59.3525505065918,41.89374923706055,306.03125,81.97777557373047,308.2072448730469,471.3329162597656,340.1573791503906,137.7644805908203,159.1925811767578,312.7686767578125,27.224884033203125,124.24677276611328,69.13520050048828,106.30926513671875,285.2963562011719,418.6951599121094,569.4369506835938,129.61495971679688,818.6636352539062,96.24874114990234,632.2587890625,160.4069366455078,175.0688934326172,483.7656555175781,7399.7099609375,190.1360321044922,91.0,86.13955688476562,109.71331787109375,145.3191375732422,24.3726806640625,87.45932006835938,142.36952209472656,871.2134399414062,33.763580322265625,126.91759490966797,178.1699981689453,173.4912109375,765.8934326171875,359.74554443359375,393.2868957519531,211.29263305664062,180.65493774414062,37.65930938720703,463.7300109863281,482.7091369628906,85.7254409790039,126.18789672851562,294.85955810546875,23.310779571533203,228.39454650878906,49.061546325683594,153.66085815429688,194.73199462890625,388.02142333984375,231.80796813964844,98.85188293457031,52.6426887512207,347.81024169921875,290.7400817871094,37.91459655761719,215.61605834960938,102.19586181640625,188.89425659179688,115.1358871459961,120.3541259765625
2025-12-22,137.69322204589844,265.205078125,300.4700012207031,112.9009017944336,206.1454315185547,258.3661804199219,205.5948486328125,326.6429138183594,492.6594543457031,167.577392578125,354.52471923828125,240.001220703125,134.67025756835938,340.19683837890625,600.1900024414062,377.7742004394531,215.24623107910156,45.23750305175781,499.95001220703125,203.75123596191406,578.8724975585938,86.43000030517578,31.856719970703125,77.62870788574219,68.71804809570312,76.98751831054688,36.30875015258789,191.030029296875,84.18498229980469,77.0443115234375,147.00238037109375,101.91000366210938,226.74005126953125,198.566162109375,58.34477615356445,107.89299011230469,340.7741394042969,60.242313385009766,41.30022048950195,313.5223693847656,82.65470123291016,310.9236755371094,470.38623046875,341.52789306640625,138.2996368408203,160.3346405029297,318.5663757324219,27.566537857055664,126.24063110351562,69.28321838378906,105.32483673095703,292.8890075683594,420.7616882324219,572.8900756835938,131.980712890625,816.8171997070312,95.35094451904297,630.8325805664062,158.46571350097656,177.81887817382812,482.7701110839844,7397.06982421875,196.48480224609375,91.75,86.3176498413086,112.2538833618164,144.2304229736328,24.39202880859375,87.74446105957031,140.6251220703125,882.8255004882812,34.14759063720703,127.01607513427734,179.05999755859375,172.47154235839844,777.2627563476562,364.4789123535156,395.99908447265625,211.0745391845703,184.29762268066406,37.90654754638672,481.239990234375,491.4668273925781,86.85936737060547,128.5152587890625,281.41796875,23.455564498901367,231.90020751953125,49.53178787231445,155.6288299560547,193.77183532714844,388.04132080078125,232.1840362548828,97.69771575927734,53.332794189453125,350.6385498046875,290.7500305175781,38.06693649291992,221.17257690429688,103.1102523803711,189.10205078125,116.5764389038086,121.87036895751953
2025-12-23,137.53419494628906,265.30303955078125,297.5799865722656,113.4229507446289,207.4024200439453,259.5831604003906,207.9176788330078,326.7414855957031,495.103271484375,169.5005645751953,354.93365478515625,239.99142456054688,136.64337158203125,348.0379333496094,591.02001953125,379.1033630371094,216.53125,44.870121002197266,500.510009765625,205.90589904785156,578.8824462890625,87.41999816894531,31.32247543334961,78.50281524658203,68.96428680419922,76.89881134033203,36.358436584472656,189.7066650390625,84.15533447265625,76.72968292236328,147.6990966796875,100.68000030517578,229.54434204101562,199.00408935546875,57.796260833740234,106.89002990722656,339.7348327636719,60.28099822998047,41.27054214477539,314.3193054199219,82.37596893310547,315.2680358886719,472.38922119140625,340.1278076171875,137.83384704589844,160.83119201660156,321.3666076660156,27.234647750854492,126.548828125,68.94771575927734,103.10984802246094,295.5985412597656,422.34136962890625,573.536865234375,131.55584716796875,824.1329956054688,95.11674499511719,637.0859985351562,158.61427307128906,177.56167602539062,484.6915588378906,7338.0498046875,193.4738311767578,92.06999969482422,86.90142059326172,111.49171447753906,140.92503356933594,24.072736740112305,88.01976013183594,141.1080322265625,883.4927368164062,34.27560043334961,127.1440658569336,176.02000427246094,172.9962158203125,783.0570678710938,359.95391845703125,396.2375183105469,211.2133331298828,184.3770294189453,37.777984619140625,475.4700012207031,494.51788330078125,87.44112396240234,128.34829711914062,281.3681945800781,23.610004425048828,231.0858612060547,49.46321105957031,154.9728240966797,195.66244506835938,391.9032287597656,231.72879028320312,97.17396545410156,52.963443756103516,351.9232177734375,291.7063293457031,38.00980758666992,219.01779174804688,103.25773620605469,186.15304565429688,117.82952117919922,121.63407897949219
2025-12-24,137.4944305419922,264.52899169921875,298.2099914550781,113.5805435180664,206.9075469970703,260.13177490234375,207.6385498046875,329.17608642578125,497.6762390136719,169.78225708007812,355.71160888671875,241.04051208496094,137.4605255126953,348.93463134765625,591.1500244140625,380.0158996582031,216.8194580078125,44.97934341430664,501.3399963378906,206.07469177246094,580.21435546875,87.8499984741211,30.916847229003906,78.81710052490234,69.05293273925781,76.89881134033203,36.54723358154297,190.22406005859375,84.39244842529297,77.79154968261719,147.68930053710938,100.94999694824219,230.1807861328125,198.61593627929688,57.83475112915039,106.73114013671875,339.8139953613281,60.6678466796875,41.379356384277344,315.5346374511719,82.50537872314453,315.258056640625,472.4091491699219,342.46453857421875,138.46810913085938,161.50650024414062,324.5612487792969,27.33226203918457,127.37071228027344,69.18453979492188,103.45439147949219,295.90625,422.1426696777344,576.6217651367188,132.71458435058594,824.8316650390625,94.92156982421875,641.4343872070312,158.80245971679688,179.68846130371094,485.8563232421875,7385.2900390625,195.60330200195312,92.4000015258789,86.9706802368164,111.96073913574219,140.98388671875,24.217870712280273,88.08859252929688,142.3990936279297,884.1101684570312,34.43313980102539,126.4449462890625,176.47000122070312,173.0160369873047,781.6010131835938,358.7433166503906,395.62158203125,211.35211181640625,184.99241638183594,37.55052185058594,475.75,495.0828857421875,87.59889221191406,129.84095764160156,284.5703430175781,23.803054809570312,230.3013153076172,49.708126068115234,156.33450317382812,196.99874877929688,391.3458251953125,232.61949157714844,97.62982177734375,53.40083312988281,353.67596435546875,292.50323486328125,38.39066696166992,219.22727966308594,103.77884674072266,187.49891662597656,117.63219451904297,123.55399322509766
2025-12-26,137.5640106201172,265.6165771484375,300.7099914550781,113.93515014648438,205.67034912109375,261.24896240234375,207.80801391601562,328.1608581542969,498.53057861328125,171.34603881835938,355.71160888671875,242.5896759033203,136.95230102539062,350.8376159667969,583.8400268554688,377.9725646972656,216.56588745117188,44.9296989440918,498.29998779296875,206.81939697265625,579.458984375,88.27999877929688,30.372711181640625,78.30638885498047,68.90518188476562,77.03680419921875,36.38824462890625,190.18426513671875,84.5406494140625,78.27332305908203,147.21827697753906,103.08999633789062,229.35426330566406,199.20314025878906,57.26698684692383,106.89996337890625,346.32720947265625,61.01601028442383,41.112266540527344,313.93084716796875,82.68456268310547,314.5489501953125,475.4684753417969,344.87030029296875,137.42752075195312,162.3903350830078,323.31890869140625,27.42987823486328,127.63104248046875,68.94771575927734,103.26736450195312,294.5464782714844,422.01348876953125,576.77099609375,133.0622100830078,826.6581420898438,94.88224792480469,643.2994384765625,160.52577209472656,179.90609741210938,485.5477294921875,7382.16015625,196.09852600097656,92.25,86.69364166259766,111.57965850830078,141.0231170654297,24.275924682617188,87.88211059570312,142.6454620361328,884.4288940429688,34.54145050048828,125.79503631591797,176.58999633789062,173.0556182861328,782.8576049804688,356.2591857910156,397.18133544921875,211.52066040039062,183.7914276123047,37.37251281738281,477.1400146484375,498.5765686035156,87.37210845947266,129.89988708496094,285.51800537109375,23.79340362548828,230.8872528076172,49.58076858520508,156.15560913085938,198.95863342285156,390.75860595703125,231.02613830566406,97.51343536376953,53.449440002441406,353.53656005859375,293.0610656738281,38.54301452636719,218.7783660888672,103.72968292236328,186.6280517578125,117.5236587524414,124.28257751464844
2025-12-29,137.10675048828125,265.86151123046875,301.2300109863281,114.03364562988281,206.5215301513672,262.3961486816406,208.0472869873047,324.90814208984375,494.5072326660156,172.44447326660156,355.7914123535156,243.0112762451172,136.42413330078125,348.1076965332031,580.5499877929688,372.2888488769531,216.61325073242188,45.05877685546875,501.04998779296875,205.91583251953125,575.0955810546875,88.66000366210938,30.39249610900879,78.26709747314453,69.07262420654297,76.672119140625,36.487613677978516,190.0847625732422,83.97750854492188,78.67643737792969,148.17015075683594,103.70999908447266,229.6629638671875,198.0884552001953,57.83475112915039,105.95657348632812,344.8424377441406,61.199764251708984,40.84517288208008,310.7394104003906,82.5551528930664,313.979736328125,472.3692626953125,342.572998046875,137.56626892089844,162.84716796875,319.2171325683594,27.488447189331055,125.7149887084961,69.23387908935547,102.3026123046875,293.7127685546875,423.7720031738281,575.0792846679688,134.39476013183594,828.8139038085938,94.51852416992188,635.5799560546875,160.1692352294922,177.99693298339844,484.9404296875,7355.259765625,193.51345825195312,91.77999877929688,87.0201416015625,111.39399719238281,141.47430419921875,24.1888427734375,87.54780578613281,142.47793579101562,886.888671875,34.67930603027344,126.62218475341797,175.58999633789062,171.68946838378906,778.399658203125,355.0455322265625,393.8929138183594,212.6606903076172,183.04701232910156,37.48129653930664,478.9700012207031,499.1886901855469,87.66792297363281,129.32049560546875,280.61004638671875,23.90923500061035,230.20201110839844,49.002769470214844,155.5194854736328,201.08677673339844,392.35113525390625,232.1048583984375,96.67931365966797,52.97315979003906,353.14813232421875,290.88946533203125,38.54301452636719,216.6335906982422,103.95582580566406,185.19314575195312,118.92474365234375,124.03643798828125
2025-12-30,136.79859924316406,264.5485534667969,299.5400085449219,114.25035095214844,206.95703125,259.32379150390625,206.3923797607422,323.9815673828125,491.2189636230469,173.3173370361328,355.5520324707031,243.96234130859375,135.7265625,348.56597900390625,572.1099853515625,370.3744201660156,216.04876708984375,45.76375198364258,503.7099914550781,205.74703979492188,573.8829956054688,89.0999984741211,30.491430282592773,78.09031677246094,69.3582534790039,76.2975845336914,36.18950653076172,189.39822387695312,83.12785339355469,78.50929260253906,149.4654998779297,105.02999877929688,229.7028045654297,196.8443603515625,58.07532501220703,105.1025619506836,345.2581481933594,61.412532806396484,40.42969512939453,310.9488830566406,81.9578628540039,314.1394958496094,471.6119384765625,341.48846435546875,137.59600830078125,162.0328369140625,318.89178466796875,27.47868537902832,124.04528045654297,69.14507293701172,102.27308654785156,293.2562255859375,425.5801696777344,574.6016235351562,135.09967041015625,825.7299194335938,95.0198745727539,629.7454833984375,159.62451171875,177.14622497558594,485.3187561035156,7327.2001953125,195.3259735107422,91.47000122070312,87.07951354980469,110.79794311523438,141.3958282470703,24.179166793823242,87.41015625,141.9654541015625,885.1658325195312,34.78761672973633,127.57734680175781,175.41000366210938,171.90725708007812,771.8572998046875,356.8063659667969,391.1111755371094,212.8292236328125,182.64004516601562,38.124114990234375,474.489990234375,496.919189453125,87.84539794921875,127.99478149414062,279.39306640625,23.947843551635742,228.7917938232422,48.5521240234375,154.4062957763672,201.73019409179688,389.8826904296875,230.6500701904297,96.64051818847656,52.78848648071289,352.1622314453125,287.76165771484375,38.75248336791992,216.16473388671875,104.30977630615234,179.51284790039062,119.37861633300781,124.45980072021484
2025-12-31,135.25787353515625,262.88287353515625,296.010009765625,113.5805435180664,206.01675415039062,256.3511962890625,204.6776885986328,322.621337890625,487.11614990234375,172.18946838378906,351.9515380859375,242.19747924804688,134.67025756835938,344.82977294921875,567.9299926757812,366.9622497558594,213.18968200683594,45.21764373779297,502.6499938964844,204.04910278320312,569.3905029296875,88.87000274658203,30.214418411254883,77.60906219482422,68.87564086914062,75.92303466796875,36.02058792114258,187.129638671875,82.0015640258789,78.02751922607422,149.56362915039062,103.66999816894531,227.9601287841797,194.31637573242188,57.75777053833008,103.99037170410156,346.9903869628906,60.967655181884766,39.697669982910156,307.1990051269531,80.95243072509766,313.3904724121094,465.2342224121094,339.27001953125,136.56532287597656,160.84112548828125,317.70855712890625,27.342023849487305,121.19563293457031,68.9871826171875,101.20004272460938,291.3704528808594,423.6230163574219,568.0936279296875,134.13406372070312,818.7034912109375,94.4300537109375,621.0086669921875,158.5647735595703,175.6129608154297,481.4758605957031,7292.77001953125,193.04794311523438,91.20999908447266,86.4264907836914,109.61560821533203,140.76809692382812,24.09208869934082,86.73171997070312,141.2361602783203,875.346435546875,34.48237228393555,127.06529235839844,174.2100067138672,169.33335876464844,769.7929077148438,351.782470703125,386.5312805175781,210.09310913085938,182.03460693359375,37.95599365234375,469.7200012207031,492.1165771484375,87.05657958984375,126.688720703125,274.7145690917969,23.9768009185791,225.9415740966797,48.2092399597168,152.67686462402344,200.9779052734375,387.3843994140625,228.92807006835938,96.20407104492188,52.36648941040039,349.26422119140625,284.1158142089844,38.78104782104492,212.9325714111328,103.69035339355469,176.7321014404297,118.73727416992188,123.87889862060547
2026-01-02,137.1266326904297,254.7014923095703,286.7300109863281,114.07305145263672,201.73114013671875,268.20166015625,208.49588012695312,322.9466247558594,490.5235900878906,171.43431091308594,343.3641662597656,247.3726806640625,139.224365234375,346.3441467285156,563.4500122070312,370.54107666015625,211.91062927246094,46.80631637573242,496.8500061035156,204.77674865722656,594.7752685546875,88.69999694824219,30.590364456176758,76.30281829833984,69.3582534790039,75.34831237792969,36.040462493896484,183.95558166503906,80.30224609375,78.78458404541016,152.9884490966797,106.79000091552734,229.4339141845703,194.823974609375,58.63346862792969,106.01615905761719,350.65283203125,60.65766525268555,40.004329681396484,319.88470458984375,80.61396789550781,314.90850830078125,468.751953125,340.96588134765625,135.8815155029297,158.88473510742188,320.92291259765625,27.29281234741211,127.1193618774414,68.20761108398438,102.59794616699219,302.19873046875,426.3253173828125,560.3814086914062,134.34649658203125,821.847412109375,94.42021942138672,632.7574462890625,160.26828002929688,179.93576049804688,470.84320068359375,7278.8701171875,193.84030151367188,90.33999633789062,87.40602111816406,106.11743927001953,139.50282287597656,24.363004684448242,87.92144012451172,139.73814392089844,890.3046264648438,34.57099151611328,128.5718994140625,170.10000610351562,171.24398803710938,774.2208862304688,360.6563720703125,395.94940185546875,208.9944610595703,185.85595703125,39.75588607788086,480.4200134277344,482.765625,88.45674133300781,127.57832336425781,286.83477783203125,23.706531524658203,231.61221313476562,48.72846603393555,153.34278869628906,197.5530548095703,396.14337158203125,229.511962890625,97.9789810180664,52.92587661743164,345.0516662597656,291.5170593261719,38.58110046386719,215.75570678710938,104.68341064453125,185.89578247070312,121.01651000976562,123.97735595703125
2026-01-05,142.076904296875,258.6501159667969,288.6600036621094,112.35914611816406,203.4632110595703,283.6132507324219,210.65921020507812,316.1257629394531,504.5507507324219,172.8563690185547,350.36572265625,250.7010040283203,139.39378356933594,342.15960693359375,591.1599731445312,377.5695495605469,213.66897583007812,48.72265625,498.5199890136719,204.50799560546875,612.35791015625,88.41999816894531,31.15428924560547,75.55638122558594,68.42257690429688,74.89250183105469,35.6827392578125,184.5326690673828,80.64804077148438,79.0697250366211,160.7899932861328,108.0999984741211,234.3731231689453,201.31312561035156,58.33515167236328,107.40641021728516,359.81878662109375,59.57222366333008,40.70668411254883,323.445068359375,82.77416229248047,316.9058837890625,476.166015625,339.2601623535156,136.51577758789062,164.475830078125,329.3630676269531,26.8892765045166,134.89730834960938,67.04318237304688,103.75958251953125,309.04705810546875,430.2894592285156,565.7948608398438,132.62770080566406,823.3245239257812,95.70799255371094,640.2974243164062,161.981689453125,184.52566528320312,470.75360107421875,7321.2099609375,190.75009155273438,90.58000183105469,88.23714447021484,106.97733306884766,137.2371368408203,24.353328704833984,88.99317932128906,138.33868408203125,903.1614990234375,34.246055603027344,137.837890625,173.11000061035156,174.5405731201172,761.1761474609375,356.6671142578125,402.089111328125,211.61932373046875,186.85841369628906,43.31611633300781,494.19000244140625,501.82537841796875,86.31705474853516,131.4727783203125,289.119140625,23.851320266723633,229.8047637939453,49.45341110229492,152.90545654296875,198.82005310058594,389.1461486816406,229.5713348388672,98.92948150634766,54.45683288574219,352.34149169921875,295.5215148925781,38.30497360229492,216.4839324951172,103.64119720458984,189.76507568359375,123.69041442871094,127.3741226196289
2026-01-06,146.98126220703125,270.3588562011719,293.1700134277344,113.31460571289062,205.78912353515625,295.27423095703125,213.5004425048828,325.4403991699219,506.8852844238281,172.43466186523438,348.75,255.1650848388672,140.88858032226562,342.50830078125,626.6500244140625,381.3074645996094,212.9134063720703,49.03046417236328,499.04998779296875,207.5240936279297,619.3054809570312,87.12999725341797,31.955652236938477,75.8215560913086,69.31885528564453,74.54568481445312,35.84172821044922,186.44308471679688,83.60208129882812,79.34501647949219,153.6165008544922,107.45999908447266,235.5979766845703,202.5373077392578,58.22929382324219,107.79368591308594,367.5989990234375,61.029258728027344,41.09248352050781,326.6564025878906,81.80854797363281,314.1394958496094,481.9159240722656,344.3871765136719,135.70310974121094,164.86314392089844,331.41326904296875,26.90896224975586,139.14137268066406,66.94450378417969,104.70463562011719,312.1138916015625,434.3230895996094,577.5074462890625,133.4194793701172,824.9115600585938,98.60794067382812,644.5261840820312,164.61618041992188,185.72259521484375,476.3885192871094,7239.72998046875,191.89903259277344,90.38999938964844,88.93963623046875,108.67755126953125,136.29554748535156,24.60489273071289,90.26155853271484,137.88536071777344,924.941650390625,34.354366302490234,134.558837890625,175.00999450683594,180.6189422607422,774.4503173828125,361.3428039550781,410.6627502441406,209.7202606201172,188.98248291015625,43.14799499511719,508.7699890136719,508.1817932128906,86.47482299804688,132.7676544189453,329.6095886230469,23.494176864624023,229.7153778076172,50.13917922973633,152.98497009277344,196.5830078125,379.3221740722656,231.2042694091797,102.05255126953125,55.035850524902344,356.08599853515625,298.6891784667969,38.37162780761719,220.40443420410156,104.17212677001953,194.9505615234375,119.43782806396484,127.35443878173828
2026-01-07,147.1903839111328,268.4482421875,293.7900085449219,111.99469757080078,205.14578247070312,291.47369384765625,210.52960205078125,336.74609375,494.7655334472656,166.17750549316406,348.99932861328125,258.6317138671875,138.42715454101562,342.2392883300781,620.9099731445312,375.9988098144531,216.78802490234375,48.494285583496094,496.1199951171875,206.24002075195312,592.8968505859375,85.08999633789062,31.76767921447754,75.71351623535156,68.51122283935547,74.04032135009766,34.828182220458984,185.7664794921875,83.09820556640625,78.45030212402344,152.30152893066406,103.04000091552734,234.58226013183594,198.43679809570312,57.08486557006836,104.53653717041016,362.96649169921875,60.56965637207031,40.17250061035156,322.76690673828125,81.5397720336914,322.00921630859375,469.0110168457031,344.1603698730469,134.68234252929688,160.8013916015625,323.8660888671875,26.82037925720215,135.61944580078125,66.6484603881836,102.31245422363281,307.4391784667969,431.32269287109375,577.0894165039062,130.33917236328125,822.3564453125,98.07709503173828,623.3823852539062,161.3478240966797,182.7945556640625,481.3265075683594,7146.4501953125,190.99769592285156,90.8499984741211,87.48517608642578,109.07817077636719,134.38291931152344,24.459758758544922,89.35697174072266,136.04241943359375,904.6553955078125,33.911277770996094,135.77003479003906,174.57000732421875,178.3816375732422,810.084228515625,359.0746154785156,406.66900634765625,207.88088989257812,184.3472442626953,41.901912689208984,519.7000122070312,506.15716552734375,85.1535415649414,130.91925048828125,307.50396728515625,23.137033462524414,228.0072479248047,49.5513801574707,153.104248046875,195.2863006591797,374.6739807128906,222.15878295898438,102.23683166503906,53.8483772277832,354.41290283203125,290.9891052246094,38.20976257324219,216.09487915039062,103.27740478515625,189.84425354003906,116.91191101074219,123.73121643066406
2026-01-08,145.1489715576172,276.12994384765625,276.5799865722656,114.19125366210938,208.9365234375,280.93994140625,209.3931121826172,325.3812561035156,500.1598205566406,167.0503692626953,351.0439147949219,257.98974609375,135.77639770507812,331.2597351074219,612.97998046875,380.7308654785156,216.7593536376953,49.84465789794922,499.7699890136719,201.5615692138672,604.4363403320312,84.5199966430664,31.352155685424805,79.42603302001953,68.7968521118164,73.2872314453125,35.096473693847656,189.30865478515625,84.73823547363281,79.24669647216797,156.27589416503906,107.36000061035156,234.01463317871094,201.03443908691406,58.20781326293945,109.50170135498047,370.9644470214844,61.47908020019531,41.34967803955078,313.5917053222656,84.74520874023438,325.58453369140625,477.35186767578125,354.51300048828125,136.67433166503906,160.86097717285156,326.63934326171875,27.174705505371094,132.11949157714844,68.45430755615234,107.8449935913086,323.2994384765625,436.836669921875,577.2387084960938,133.77676391601562,813.0545043945312,97.01542663574219,636.4176635742188,163.6554718017578,182.6857452392578,475.9902648925781,7385.580078125,187.83819580078125,91.62999725341797,89.4343490600586,111.6382827758789,136.69766235351562,24.46943473815918,90.19273376464844,139.48190307617188,902.7432250976562,34.13774490356445,142.01300048828125,173.57000732421875,180.04476928710938,798.8544921875,363.1832580566406,401.0260925292969,210.6449432373047,185.7765350341797,43.93915557861328,514.489990234375,509.9803771972656,86.80020904541016,131.2652130126953,283.7723083496094,23.33008575439453,226.45799255371094,49.913856506347656,157.28866577148438,195.9000244140625,376.594970703125,227.47325134277344,103.74987030029297,54.49608612060547,350.7779846191406,297.97198486328125,38.62870788574219,221.9008026123047,103.46421813964844,195.75213623046875,121.2730484008789,124.89300537109375
2026-01-09,147.89739990234375,275.0031433105469,276.0199890136719,115.15655517578125,210.03515625,300.43133544921875,209.99127197265625,321.4287109375,504.421630859375,165.26541137695312,349.8769836425781,260.4588317871094,139.6728057861328,343.7038879394531,631.6900024414062,373.4041442871094,218.63475036621094,49.61628723144531,499.1000061035156,200.18789672851562,613.8687133789062,83.66999816894531,31.787466049194336,80.02513885498047,68.93473815917969,73.20795440673828,34.97723388671875,192.15435791015625,84.234375,78.95173645019531,159.08248901367188,103.76000213623047,237.37049865722656,200.93490600585938,59.555355072021484,112.9375991821289,369.0441589355469,59.102840423583984,41.527740478515625,320.7224426269531,82.49542999267578,328.7104797363281,470.42608642578125,369.38134765625,135.03912353515625,164.83334350585938,326.0450744628906,27.35186767578125,139.6400909423828,69.57926177978516,117.39401245117188,333.2543029785156,441.19818115234375,573.591064453125,131.2275390625,814.4817504882812,95.87510681152344,664.9019165039062,163.6554718017578,184.30804443359375,477.15509033203125,7581.669921875,197.14321899414062,93.80000305175781,89.31561279296875,111.16925048828125,137.22731018066406,24.653270721435547,88.77686309814453,139.81698608398438,917.2035522460938,34.0589714050293,139.98452758789062,171.52000427246094,175.99581909179688,794.406494140625,367.89874267578125,407.8512268066406,211.0028839111328,187.0966339111328,44.70064926147461,525.1799926757812,510.3382263183594,87.57917022705078,131.03787231445312,303.2643737792969,23.156341552734375,230.00338745117188,49.5905647277832,156.85134887695312,198.52310180664062,379.9194030761719,226.07785034179688,104.80705261230469,54.182044982910156,348.3280944824219,310.4136047363281,38.52396774291992,223.87599182128906,102.8939437866211,196.96934509277344,122.95040893554688,125.20806121826172
2026-01-12,147.36962890625,275.2872619628906,277.8900146484375,114.8216552734375,206.5215301513672,306.4762878417969,209.11398315429688,320.876708984375,506.8058166503906,168.22726440429688,349.56781005859375,263.73779296875,144.6055908203125,350.9173278808594,631.72998046875,357.4782409667969,214.63037109375,47.61058807373047,498.6700134277344,201.59144592285156,625.9448852539062,84.98999786376953,31.27301025390625,80.46710205078125,68.7968521118164,73.33678436279297,34.997108459472656,192.0648193359375,84.20474243164062,79.01072692871094,159.3081817626953,101.80999755859375,237.9978790283203,202.4775848388672,58.57887649536133,112.2325439453125,371.1624450683594,58.926822662353516,41.25075912475586,323.2955017089844,82.5252914428711,332.2957763671875,472.66827392578125,369.6771240234375,134.02825927734375,165.1014862060547,321.38995361328125,27.263286590576172,142.44985961914062,69.56939697265625,119.01834106445312,338.1274719238281,440.7510986328125,564.3624877929688,129.61495971679688,824.0232543945312,95.3049545288086,661.9498901367188,166.32958984375,184.5553436279297,475.06439208984375,7591.75,203.26048278808594,95.5999984741211,88.54386138916016,110.11395263671875,138.64952087402344,24.450084686279297,88.68836975097656,141.38400268554688,925.120849609375,34.265750885009766,136.7251739501953,171.42999267578125,167.5712432861328,765.9332885742188,361.3726501464844,411.4277648925781,209.64073181152344,192.4068145751953,44.65120315551758,533.4199829101562,512.7301635742188,87.85525512695312,131.55184936523438,320.6915283203125,23.183683395385742,233.7771759033203,49.120323181152344,156.1456756591797,195.50405883789062,383.67181396484375,227.1268768310547,104.7779541015625,53.377315521240234,341.7851867675781,308.4213562011719,38.59177780151367,225.9309844970703,103.23807525634766,204.11422729492188,122.37812805175781,123.38661193847656
2026-01-13,145.70663452148438,271.2112731933594,270.6300048828125,114.87090301513672,195.62435913085938,304.1121826171875,211.07791137695312,319.65447998046875,492.1130676269531,170.6104736328125,343.683349609375,262.888427734375,148.45217895507812,353.3085021972656,641.510009765625,355.8975830078125,211.57264709472656,48.62336730957031,495.239990234375,207.30511474609375,632.663818359375,86.80999755859375,30.65962028503418,81.47871398925781,69.49613952636719,74.78349304199219,35.404510498046875,191.75636291503906,83.4538803100586,79.32535552978516,160.80960083007812,101.70999908447266,234.57228088378906,203.43304443359375,59.252647399902344,114.56616973876953,366.9159851074219,58.85837173461914,41.96299743652344,326.34722900390625,82.8637466430664,335.9909362792969,477.6508483886719,374.4097595214844,130.66864013671875,165.5384521484375,307.9297790527344,27.282970428466797,143.8113555908203,70.29962921142578,121.40067291259766,338.68328857421875,440.0258483886719,543.14453125,129.81773376464844,822.3864135742188,94.78394317626953,663.9445190429688,167.79539489746094,180.78648376464844,468.5832824707031,7673.31982421875,200.88705444335938,94.62999725341797,88.83079528808594,107.15321350097656,140.72886657714844,24.33397674560547,87.52814483642578,142.15269470214844,934.4921264648438,34.44298553466797,135.5927734375,169.3699951171875,163.63116455078125,756.86767578125,364.2178649902344,414.1597900390625,208.44760131835938,192.63510131835938,45.392913818359375,511.79998779296875,510.5453796386719,89.02863311767578,131.27508544921875,317.65899658203125,22.75399398803711,234.96893310546875,48.679473876953125,157.17935180664062,187.7436981201172,389.255615234375,226.91903686523438,103.37161254882812,53.04364013671875,326.5283508300781,309.83587646484375,37.78778076171875,226.92857360839844,104.18196105957031,205.91531372070312,124.85469818115234,122.6974105834961
2026-01-14,145.3083038330078,282.7142333984375,261.2799987792969,116.33855438232422,194.01107788085938,301.13958740234375,210.46978759765625,324.2575988769531,504.1235656738281,174.06268310546875,345.0896301269531,263.9451904296875,146.23989868164062,338.642578125,629.219970703125,356.15606689453125,206.4894561767578,49.62621307373047,493.1499938964844,212.580810546875,634.870361328125,88.66999816894531,29.85825538635254,83.04032135009766,69.85071563720703,73.73313903808594,35.95103073120117,193.25880432128906,85.65705108642578,77.99803161621094,164.11666870117188,101.4000015258789,236.9522705078125,203.37332153320312,60.1705322265625,116.09544372558594,369.0540466308594,59.846031188964844,41.96299743652344,318.0197448730469,80.86283874511719,335.87109375,477.1725158691406,370.6729736328125,130.74790954589844,171.74526977539062,304.9287414550781,27.676664352416992,143.0812225341797,70.49699401855469,119.5007095336914,340.28125,437.12481689453125,544.9683837890625,131.58482360839844,832.5466918945312,97.0645751953125,635.0214233398438,168.3599395751953,178.82785034179688,457.3433532714844,7580.759765625,192.2672576904297,95.0199966430664,88.9990005493164,107.76880645751953,143.12208557128906,24.750024795532227,89.68144989013672,144.23216247558594,932.3610229492188,34.98454284667969,139.226318359375,166.52999877929688,162.88868713378906,752.110595703125,360.9846496582031,414.4876403808594,209.7699737548828,197.35964965820312,46.45109558105469,505.3399963378906,513.2198486328125,90.04425048828125,133.16302490234375,311.51409912109375,23.056730270385742,235.66409301757812,48.81663131713867,154.18763732910156,190.06983947753906,384.04010009765625,224.79129028320312,104.16692352294922,52.503883361816406,327.81304931640625,297.3244934082031,38.58209228515625,226.2202911376953,105.2733383178711,204.50018310546875,128.4659423828125,123.89859008789062
2026-01-15,144.22288513183594,281.95977783203125,262.260009765625,117.60921478271484,193.46670532226562,318.2868347167969,214.35780334472656,325.3023986816406,504.7593688964844,178.0543212890625,343.93267822265625,262.6908874511719,153.68392944335938,341.76104736328125,637.1900024414062,355.2712707519531,206.7299041748047,51.63191604614258,492.6199951171875,212.4812774658203,643.2490844726562,90.41000366210938,29.126144409179688,82.83406829833984,70.20528411865234,74.56549835205078,36.07027053833008,194.60206604003906,83.79966735839844,79.99394226074219,163.05685424804688,103.06999969482422,238.88414001464844,204.88613891601562,60.0728874206543,114.84422302246094,378.0517272949219,59.81669235229492,43.061038970947266,319.0768737792969,80.5442886352539,332.7252197265625,482.1152038574219,373.837890625,129.6478729248047,172.08291625976562,306.30548095703125,27.460132598876953,154.0988311767578,69.5496597290039,120.34732818603516,337.8694763183594,437.1844177246094,540.8125,132.2684326171875,842.4974365234375,97.3201675415039,639.2401733398438,169.45928955078125,189.16502380371094,454.6354064941406,7623.009765625,188.53335571289062,93.63999938964844,89.39476776123047,107.98377990722656,143.75961303710938,25.04996681213379,89.4552993774414,142.5370635986328,940.6965942382812,35.161781311035156,137.86741638183594,166.88999938964844,159.7703094482422,739.9234619140625,367.24212646484375,418.382080078125,209.58106994628906,198.34228515625,46.05551528930664,508.19000244140625,513.6246948242188,90.29075622558594,134.71487426757812,319.53436279296875,23.17391586303711,240.2522430419922,49.257476806640625,155.2113800048828,188.7236328125,385.4634094238281,228.12643432617188,105.3501968383789,52.94550323486328,326.39886474609375,300.5419616699219,38.12681579589844,227.96604919433594,106.34504699707031,207.81533813476562,127.41021728515625,123.34722900390625
2026-01-16,139.0546417236328,280.4312744140625,265.69000244140625,118.16080474853516,190.3094024658203,326.1971435546875,214.98583984375,325.6769714355469,505.97137451171875,180.0354461669922,342.9552307128906,264.2217102050781,153.8533477783203,350.4191589355469,636.0399780273438,362.647705078125,203.65866088867188,51.38368606567383,493.2900085449219,211.4759063720703,642.9609375,90.87000274658203,28.61168670654297,83.01085662841797,70.59925842285156,74.50604248046875,36.02058792114258,194.44285583496094,83.72062683105469,77.28028106689453,163.15496826171875,100.69000244140625,235.00050354003906,205.63258361816406,60.922420501708984,114.24840545654297,371.0634460449219,60.66744613647461,43.26878356933594,324.242919921875,80.45469665527344,329.9089050292969,467.6557922363281,374.833740234375,128.4288787841797,172.778076171875,309.48480224609375,26.97785758972168,156.3789520263672,69.51019287109375,116.74429321289062,343.86419677734375,436.1114196777344,537.6632080078125,133.87979125976562,838.8345336914062,95.11817169189453,649.9317626953125,166.19093322753906,187.04812622070312,457.8211975097656,7561.5400390625,189.76473999023438,94.69999694824219,89.206787109375,108.63846588134766,143.51441955566406,24.817752838134766,86.99720001220703,142.43849182128906,940.3878784179688,36.26458740234375,136.16390991210938,166.75,157.82008361816406,731.0673217773438,361.1736755371094,412.80865478515625,209.75010681152344,200.41673278808594,46.2137451171875,516.3099975585938,514.4910278320312,91.25706481933594,126.54045867919922,325.42987060546875,22.93954086303711,239.3485107421875,48.9733772277832,156.42396545410156,184.427734375,387.7128601074219,227.1169891357422,103.69168090820312,53.38712692260742,326.94659423828125,304.7854919433594,37.69091796875,229.04344177246094,106.767822265625,209.96951293945312,128.1600799560547,122.7269515991211
2026-01-20,135.26060485839844,267.2038269042969,253.8699951171875,117.4319076538086,191.56639099121094,317.4389953613281,212.48358154296875,326.25848388671875,489.3414001464844,174.32749938964844,338.6067199707031,254.98733520507812,151.80050659179688,331.3793029785156,620.52001953125,350.1217041015625,200.11924743652344,50.89715576171875,485.3900146484375,209.40542602539062,626.6422729492188,86.80999755859375,27.721282958984375,83.91442108154297,70.27423095703125,72.68277740478516,35.2852668762207,192.77127075195312,81.22106170654297,78.7452621459961,162.21290588378906,97.9800033569336,233.34744262695312,200.31785583496094,58.50075912475586,113.66251373291016,363.3327331542969,59.67000961303711,42.16084289550781,311.49737548828125,77.45829772949219,321.73956298828125,462.7628479003906,369.8447265625,127.64596557617188,169.76901245117188,299.8477478027344,27.50934600830078,148.23594665527344,70.80289459228516,113.36767578125,339.7651062011719,430.339111328125,529.9393920898438,131.27230834960938,820.2505493164062,96.92695617675781,629.2268676757812,154.6229248046875,180.1336212158203,452.5048522949219,7536.27978515625,178.67221069335938,95.23999786376953,87.20813751220703,104.96440887451172,144.82872009277344,24.691972732543945,87.05619049072266,144.8727569580078,925.6686401367188,36.34335708618164,136.3509979248047,161.11000061035156,152.52377319335938,731.8053588867188,358.3583068847656,401.36383056640625,209.41204833984375,194.8981170654297,45.93684005737305,510.9700012207031,488.7735900878906,87.19461822509766,123.86177062988281,325.1904602050781,22.900480270385742,231.66188049316406,48.14065933227539,155.13185119628906,181.7848358154297,385.5231018066406,219.39764404296875,103.33281707763672,53.36750030517578,324.4768371582031,295.0035095214844,37.8555908203125,227.00836181640625,107.22994232177734,204.3904571533203,128.72250366210938,121.85681915283203
2026-01-21,139.18408203125,275.0521545410156,257.44000244140625,117.19551086425781,191.67527770996094,324.4315185546875,219.74114990234375,338.67803955078125,500.43798828125,174.73941040039062,331.88446044921875,259.8563537597656,154.06260681152344,327.5932312011719,610.25,357.49810791015625,205.5575408935547,53.210662841796875,483.8299865722656,207.51416015625,642.9609375,87.16999816894531,27.948829650878906,83.72667694091797,70.6091079711914,73.01969146728516,36.29881286621094,194.43292236328125,83.01917266845703,80.12174987792969,163.61619567871094,101.94000244140625,241.03509521484375,207.56341552734375,58.99876022338867,117.04875183105469,366.1241455078125,59.99271011352539,44.12940979003906,317.6407775878906,80.56419372558594,327.95147705078125,463.8191833496094,379.2409973144531,128.39915466308594,170.7124481201172,299.15447998046875,27.263286590576172,151.6092529296875,71.05946350097656,116.16346740722656,345.2041015625,436.4988708496094,525.7835693359375,132.2098388671875,821.6578369140625,98.5882797241211,639.439697265625,154.38523864746094,181.34043884277344,442.1409912109375,7796.75,172.67410278320312,98.77999877929688,88.53397369384766,104.73967742919922,143.92636108398438,25.04996681213379,89.5634536743164,143.94635009765625,941.4036254882812,36.609214782714844,139.47247314453125,161.32000732421875,154.80068969726562,747.3135375976562,367.669921875,417.5574951171875,213.06100463867188,196.02963256835938,47.983970642089844,521.9500122070312,500.1868591308594,84.77885437011719,125.44329071044922,343.3757629394531,22.94930648803711,229.40753173828125,49.002769470214844,154.90325927734375,181.7353515625,393.4858093261719,227.01800537109375,105.21441650390625,54.43720626831055,323.9390563964844,297.8524475097656,38.01057815551758,232.43519592285156,107.6822280883789,213.97015380859375,131.83055114746094,123.67617797851562
2026-01-22,138.0488739013672,279.3338928222656,269.7699890136719,115.42250061035156,193.27865600585938,317.9975891113281,221.23654174804688,342.0982971191406,504.7295837402344,173.5428924560547,335.0760498046875,260.7748718261719,151.96990966796875,324.2953796386719,607.2899780273438,365.85870361328125,205.0515594482422,54.07450485229492,484.489990234375,205.94139099121094,645.9794921875,86.19000244140625,28.18627166748047,84.79389190673828,69.89996337890625,73.65386962890625,35.553558349609375,192.10462951660156,83.59220123291016,81.96061706542969,163.54750061035156,101.62000274658203,239.07334899902344,208.43923950195312,59.31123352050781,118.65746307373047,368.46014404296875,59.6113395690918,44.297576904296875,294.20416259765625,80.77324676513672,330.4082336425781,464.7160339355469,375.681640625,128.78564453125,173.14553833007812,300.729248046875,27.115650177001953,149.6143798828125,70.92131042480469,112.9246826171875,353.0845947265625,442.74810791015625,531.0556640625,131.50669860839844,815.4697875976562,99.62045288085938,650.3406982421875,159.08969116210938,181.0733642578125,449.1398620605469,7762.31005859375,176.9442596435547,98.87999725341797,89.31561279296875,104.73967742919922,141.6312255859375,25.25315284729004,90.6056900024414,147.76034545898438,935.4083862304688,36.067657470703125,139.75802612304688,164.7100067138672,156.21633911132812,753.4768676757812,361.9197998046875,422.54473876953125,214.5126190185547,194.87826538085938,48.77513122558594,509.4700012207031,508.32305908203125,84.55206298828125,126.97537231445312,345.6800842285156,23.02743148803711,229.75511169433594,49.27707290649414,152.48802185058594,183.5071563720703,388.31005859375,228.9775390625,106.00973510742188,55.13398361206055,325.01458740234375,302.095947265625,38.24305725097656,233.13348388671875,107.51507568359375,208.47052001953125,131.8601531982422,123.0038070678711
2026-01-23,134.48387145996094,275.39508056640625,270.0,114.88075256347656,191.6653594970703,321.57867431640625,220.06016540527344,339.8115234375,493.3349609375,175.30824279785156,337.7988586425781,258.1181640625,150.4651641845703,318.8753662109375,613.1400146484375,359.56591796875,202.965576171875,53.538326263427734,478.9700012207031,207.3748016357422,624.271240234375,86.5999984741211,28.245630264282227,85.63382720947266,69.634033203125,73.9114990234375,36.408119201660156,191.99517822265625,83.16736602783203,82.28775024414062,163.60638427734375,99.9800033569336,234.02459716796875,205.73211669921875,59.34052658081055,116.87001037597656,367.2921447753906,60.71634292602539,43.41716003417969,293.07720947265625,79.3198471069336,328.00140380859375,469.240234375,378.3831787109375,127.46757507324219,171.73532104492188,294.8757019042969,27.32234001159668,150.88909912109375,71.91797637939453,110.0993423461914,352.072265625,448.63958740234375,522.963134765625,132.6102294921875,818.6436157226562,99.16825866699219,647.757568359375,161.12002563476562,177.0670928955078,463.8841857910156,7645.14990234375,175.9313507080078,99.2300033569336,90.01811218261719,104.19246673583984,141.80776977539062,25.233476638793945,89.68144989013672,149.02780151367188,924.1747436523438,35.65410232543945,139.37400817871094,162.13999938964844,154.2562255859375,751.5221557617188,365.4713439941406,415.1135559082031,216.36196899414062,194.4713134765625,48.60701370239258,501.3900146484375,502.4939880371094,84.73941040039062,124.63275909423828,345.2511291503906,23.037199020385742,222.29689025878906,48.561920166015625,152.30911254882812,184.1406707763672,384.4183349609375,227.27532958984375,104.7294692993164,54.43720626831055,324.8353271484375,298.9083557128906,38.281803131103516,229.5522003173828,107.26927185058594,203.01058959960938,133.1724395751953,122.6577377319336
2026-01-26,135.08135986328125,275.0423278808594,272.3399963378906,116.2499008178711,194.01107788085938,318.6659240722656,219.12307739257812,344.6807861328125,497.2391357421875,176.00457763671875,337.9783935546875,259.3724060058594,155.019287109375,323.6577453613281,605.0700073242188,361.1167297363281,203.31509399414062,55.89155197143555,483.4700012207031,209.96286010742188,633.5363159179688,87.25,28.364351272583008,84.19110870361328,70.45152282714844,76.30948638916016,37.23286819458008,192.9205322265625,84.58016967773438,83.14026641845703,164.371826171875,101.30000305175781,235.71746826171875,206.71743774414062,60.1900634765625,115.57906341552734,373.1025085449219,60.74567413330078,43.258888244628906,294.2640075683594,79.07097625732422,333.1546630859375,470.7350158691406,381.1044616699219,129.56858825683594,173.89035034179688,298.16400146484375,27.263286590576172,153.90631103515625,71.6021957397461,108.85895538330078,351.5462341308594,452.0771484375,525.57421875,131.7996826171875,825.0213012695312,98.96183013916016,650.0714111328125,157.99034118652344,179.91598510742188,468.1949768066406,7664.47998046875,181.1747283935547,100.23999786376953,89.62234497070312,103.76253509521484,143.0730438232422,25.459741592407227,91.44145202636719,148.3727569580078,929.2139892578125,35.93965148925781,138.24160766601562,165.77000427246094,152.96925354003906,760.5977172851562,358.4577941894531,417.6568298339844,217.8235321044922,192.68472290039062,49.15093231201172,503.010009765625,504.0195007324219,85.48878479003906,126.11541748046875,357.4112548828125,22.900480270385742,223.93551635742188,49.1693115234375,149.16830444335938,186.0510711669922,392.3212585449219,228.50250244140625,103.74987030029297,54.790504455566406,327.13580322265625,299.2370300292969,38.37866973876953,231.13833618164062,107.85919952392578,203.17933654785156,133.04415893554688,122.52919006347656
2026-01-27,135.38009643554688,270.2314453125,268.0899963378906,117.63875579833984,192.7738800048828,331.88299560546875,219.88072204589844,346.2874450683594,495.0535888671875,176.6028289794922,329.8797607421875,255.91571044921875,165.672119140625,331.568603515625,610.219970703125,357.3390808105469,205.1514892578125,56.10006332397461,474.6700134277344,213.05860900878906,636.51513671875,86.75,28.384138107299805,84.7444839477539,70.95382690429688,77.96429443359375,37.43159866333008,190.25393676757812,83.6317138671875,71.37354278564453,165.89288330078125,100.16000366210938,234.76150512695312,206.27951049804688,61.156776428222656,115.62871551513672,319.6409606933594,60.7750129699707,43.47652053833008,296.6675109863281,85.98955535888672,334.56280517578125,504.0784912109375,375.02105712890625,129.14242553710938,172.08291625976562,297.44097900390625,27.15502166748047,161.2174835205078,72.57913970947266,108.35689544677734,357.83868408203125,450.0901184082031,518.6477661132812,131.57504272460938,832.566650390625,98.98149108886719,647.5281372070312,156.534423828125,180.68756103515625,478.4493408203125,7499.759765625,173.68701171875,100.62000274658203,89.59265899658203,102.54110717773438,145.92724609375,26.06967544555664,90.68435668945312,147.23133850097656,922.1630859375,36.15627670288086,137.86741638183594,164.6300048828125,151.5041046142578,769.174560546875,355.9408874511719,417.0110778808594,215.9443817138672,199.781494140625,50.10032653808594,502.70001220703125,495.9586486816406,85.89305877685547,126.14508056640625,370.84820556640625,22.46102523803711,229.18902587890625,49.855072021484375,147.11087036132812,182.61630249023438,390.46990966796875,230.1453399658203,103.97294616699219,55.47746658325195,323.9191589355469,297.5137634277344,38.088069915771484,231.15829467773438,108.498291015625,206.73326110839844,135.0076446533203,123.5575180053711
2026-01-28,133.30880737304688,264.9698791503906,268.3299865722656,117.33341217041016,195.3076629638672,335.9129333496094,221.80479431152344,337.3177795410156,496.3847961425781,174.0921173095703,332.12384033203125,252.7256622314453,145.45265197753906,332.0169372558594,549.8599853515625,354.89349365234375,202.43692016601562,56.22914505004883,473.489990234375,209.4253387451172,640.8687744140625,84.88999938964844,28.413818359375,83.99348449707031,70.71745300292969,78.24174499511719,37.143436431884766,188.21417236328125,82.29795837402344,73.38587951660156,166.7564239501953,97.62000274658203,223.59848022460938,205.02548217773438,60.78571319580078,113.82139587402344,338.3787536621094,59.41576385498047,43.15007400512695,291.69097900390625,84.51625061035156,335.8411560058594,489.5193786621094,370.0320739746094,129.49920654296875,171.24871826171875,297.89654541015625,26.288894653320312,162.3016815185547,72.09559631347656,109.06568908691406,357.6004943847656,448.5700378417969,519.6045532226562,129.35821533203125,825.0213012695312,99.07979583740234,648.5055541992188,154.4446563720703,180.3710174560547,479.4946594238281,7626.080078125,171.60159301757812,101.37000274658203,87.66327667236328,101.14900970458984,145.65260314941406,25.440067291259766,92.4738540649414,146.2388153076172,912.5029907226562,36.13658142089844,139.90576171875,161.91000366210938,151.16751098632812,749.108642578125,351.1656494140625,412.1927185058594,216.35203552246094,197.9750518798828,48.330101013183594,511.3500061035156,497.3241271972656,85.56767272949219,126.54045867919922,441.8436584472656,23.505949020385742,220.24114990234375,49.286869049072266,146.8922119140625,184.3584442138672,392.3611145019531,225.3553924560547,100.57830047607422,54.702178955078125,325.6320495605469,298.5696716308594,38.17525100708008,228.3351593017578,108.1935043334961,204.22169494628906,135.74766540527344,120.56153106689453
2026-01-29,132.71133422851562,255.94586181640625,255.67999267578125,117.42205810546875,196.35678100585938,340.49151611328125,225.9220428466797,338.0274658203125,517.93212890625,177.84835815429688,342.04766845703125,252.85403442382812,149.06005859375,329.51617431640625,509.5799865722656,356.3946228027344,203.55555725097656,56.32843780517578,476.7900085449219,210.26148986816406,662.7463989257812,86.91999816894531,30.817913055419922,84.23063659667969,69.83101654052734,77.71656799316406,37.630332946777344,188.7017059326172,81.45817565917969,73.79231262207031,167.99290466308594,99.9000015258789,218.69912719726562,201.57188415527344,60.70759582519531,114.40727996826172,343.4566345214844,60.49142837524414,43.090389251708984,298.0537414550781,85.87010192871094,338.2180480957031,480.8496398925781,366.591064453125,131.18397521972656,173.89035034179688,303.49261474609375,26.397159576416016,168.0378875732422,72.4607162475586,109.49884033203125,353.3525695800781,452.0473327636719,541.8887939453125,130.5496368408203,820.7096557617188,99.2862319946289,651.5973510742188,154.8804473876953,180.43035888671875,431.57806396484375,7623.759765625,167.83787536621094,98.8499984741211,86.2385025024414,100.93180847167969,145.83895874023438,25.676170349121094,93.17195129394531,148.77967834472656,944.5009155273438,35.75257110595703,141.87515258789062,153.47999572753906,150.6923370361328,747.4232788085938,353.25482177734375,423.945556640625,213.5183563232422,198.39190673828125,47.91474151611328,480.0,497.80438232421875,85.8832015991211,129.91104125976562,445.4747619628906,24.541109085083008,224.7101287841797,50.276329040527344,146.57415771484375,187.35765075683594,424.0824279785156,231.16470336914062,102.79936981201172,55.281192779541016,330.4321594238281,298.3106689453125,38.56271743774414,232.0660858154297,108.55729675292969,204.16213989257812,138.63864135742188,120.35388946533203
2026-01-30,133.28890991210938,258.3170166015625,252.8699951171875,117.98350524902344,196.9506378173828,321.518798828125,223.29017639160156,336.982666015625,523.723876953125,175.82803344726562,348.7200622558594,269.1302490234375,143.5791778564453,330.08404541015625,483.5799865722656,350.101806640625,199.11764526367188,55.6433219909668,480.5299987792969,213.89476013183594,654.89599609375,86.80999755859375,29.699960708618164,89.22084045410156,70.41211700439453,77.6075668334961,37.52103042602539,190.43301391601562,81.07286834716797,73.87161254882812,173.59625244140625,119.33999633789062,217.97218322753906,200.53680419921875,60.81501007080078,114.47679901123047,342.2292175292969,60.941253662109375,43.13017654418945,305.9623718261719,83.62031555175781,338.0882263183594,486.5696716308594,369.33203125,133.84986877441406,172.57945251464844,302.9676818847656,27.00738525390625,142.4269256591797,73.82249450683594,107.64810180664062,340.28125,454.0045471191406,536.9655151367188,131.15512084960938,829.6024780273438,101.21297454833984,650.2210083007812,151.69131469726562,181.82289123535156,428.3822937011719,7635.72998046875,163.43858337402344,98.41000366210938,84.51689147949219,101.82037353515625,150.6842498779297,26.010648727416992,93.13262176513672,150.63571166992188,931.9925537109375,35.69348907470703,141.36309814453125,156.1300048828125,150.0686492919922,739.4547729492188,351.5835266113281,418.898681640625,213.8563995361328,199.43409729003906,47.845516204833984,465.1199951171875,497.0133361816406,85.79446411132812,129.34762573242188,406.6900939941406,25.595800399780273,221.2441864013672,50.374290466308594,148.8999481201172,195.20712280273438,418.6180114746094,232.66897583007812,103.02244567871094,55.06528854370117,320.5032653808594,299.37652587890625,43.12514877319336,229.58212280273438,108.81292724609375,203.15948486328125,139.51678466796875,123.4190902709961
2026-02-02,134.82244873046875,261.40338134765625,255.57000732421875,116.55525970458984,198.70249938964844,327.5837097167969,227.0186767578125,339.7425231933594,528.6810302734375,170.35546875,348.69012451171875,267.638916015625,144.4262237548828,329.8947448730469,459.989990234375,350.7579040527344,203.91104125976562,56.050418853759766,487.2900085449219,217.92617797851562,688.3201904296875,84.95999908447266,32.10405349731445,90.80189514160156,69.48629760742188,79.9064712524414,38.14704132080078,189.95542907714844,81.91265106201172,74.76378631591797,170.77984619140625,116.25,222.48318481445312,206.33924865722656,59.32099914550781,117.93255615234375,338.3589172363281,60.2469596862793,44.56254577636719,307.8771667480469,83.88909149169922,344.44989013671875,495.1197814941406,372.8124694824219,135.9409637451172,171.98361206054688,305.1961975097656,27.03691291809082,140.6824188232422,74.33563995361328,107.1066665649414,337.6907958984375,457.1738586425781,553.4893798828125,129.21173095703125,844.8728637695312,100.96721649169922,652.5947265625,151.95872497558594,184.110595703125,421.49298095703125,7718.3798828125,158.94993591308594,98.01000213623047,85.23918151855469,101.16875457763672,152.22413635253906,26.227075576782227,94.39117431640625,152.0450897216797,948.0860595703125,35.27009201049805,140.0633087158203,156.9199981689453,151.08831787109375,752.9882202148438,354.69732666015625,426.3497314453125,214.49273681640625,199.59291076660156,47.519161224365234,457.8900146484375,496.89093017578125,85.0155029296875,131.04776000976562,431.8881530761719,25.683691024780273,225.56419372558594,51.58907699584961,149.25775146484375,193.00967407226562,423.10699462890625,232.79762268066406,106.95052337646484,56.29201126098633,332.4637756347656,304.7356872558594,43.21232986450195,233.12351989746094,107.9968490600586,212.47116088867188,136.55673217773438,123.53775024414062
2026-02-03,131.58607482910156,236.33985900878906,240.7899932861328,118.86016082763672,199.7021484375,317.8778991699219,228.21498107910156,333.7397766113281,526.5650024414062,169.79644775390625,345.92742919921875,274.522705078125,146.548828125,319.154296875,451.2900085449219,347.5767517089844,184.89791870117188,57.589447021484375,493.739990234375,217.0004425048828,700.2553100585938,84.41000366210938,31.599491119384766,92.04698181152344,70.71745300292969,82.35399627685547,38.9022331237793,189.7763214111328,73.60381317138672,76.1615219116211,174.7149658203125,113.33999633789062,215.69180297851562,210.65870666503906,60.03382873535156,115.45989990234375,335.21124267578125,60.422977447509766,46.094383239746094,309.0938720703125,85.32258605957031,340.2554016113281,497.4715576171875,375.75067138671875,137.1995849609375,161.94346618652344,311.8420715332031,27.529027938842773,135.20553588867188,75.87503814697266,110.77860260009766,348.9359130859375,460.56170654296875,548.8551635742188,129.1042938232422,849.473876953125,101.42924499511719,661.26171875,154.18714904785156,181.9322967529297,409.3868713378906,7770.85986328125,153.59732055664062,97.0999984741211,86.2385025024414,95.91631317138672,159.7274627685547,25.351530075073242,93.69306945800781,154.1591796875,960.3654174804688,34.95500564575195,145.8237762451172,149.25,145.70291137695312,757.1370239257812,352.2102355957031,427.5021667480469,212.7229461669922,201.98497009277344,49.210269927978516,419.1400146484375,440.9075927734375,85.78459930419922,128.58653259277344,443.3599548339844,26.20127296447754,224.78958129882812,52.931217193603516,151.14622497558594,195.67233276367188,433.3290710449219,238.99290466308594,108.48296356201172,57.59724807739258,327.5740051269531,309.80596923828125,44.80094909667969,235.697265625,110.37625122070312,214.45660400390625,141.8157501220703,121.03614044189453
2026-02-04,132.42254638671875,236.77096557617188,243.41000366210938,118.18051147460938,204.997314453125,296.8602600097656,227.1283416748047,360.95428466796875,541.9134521484375,173.15060424804688,349.2885437011719,283.0459899902344,129.54812622070312,306.9194030761719,430.6499938964844,351.593017578125,183.40469360351562,58.751163482666016,503.8299865722656,205.90158081054688,689.2268676757812,86.11000061035156,31.747892379760742,93.25253295898438,70.52046203613281,80.42174530029297,39.59780502319336,191.6469268798828,75.78722381591797,74.5853500366211,177.84539794921875,112.25,218.6094970703125,218.97915649414062,61.96725082397461,118.7766342163086,337.1414489746094,61.6844367980957,48.02409744262695,307.5081787109375,85.89997100830078,332.90496826171875,491.9209899902344,381.7650451660156,139.597900390625,163.71116638183594,314.2389221191406,28.001462936401367,130.38595581054688,76.32896423339844,113.98241424560547,336.5295715332031,470.25836181640625,551.6456909179688,131.88755798339844,820.4102172851562,100.11196899414062,669.3900146484375,162.21937561035156,179.11741638183594,412.35369873046875,8025.83984375,145.65280151367188,96.73999786376953,89.41456604003906,97.22943115234375,162.99359130859375,26.345129013061523,94.78446960449219,155.6975860595703,964.0103149414062,34.5906867980957,152.32278442382812,151.33999633789062,147.395751953125,772.9743041992188,352.8668518066406,427.03521728515625,216.94857788085938,195.27529907226562,50.78270721435547,418.9800109863281,438.36505126953125,85.41976928710938,130.5041046142578,417.603271484375,26.58213233947754,214.3023681640625,53.989253997802734,153.00486755371094,199.7406005859375,439.141845703125,247.1773681640625,113.22576141357422,58.313655853271484,328.5898132324219,310.2840881347656,45.537132263183594,240.206298828125,111.42829895019531,214.258056640625,145.6243438720703,125.27798461914062
2026-02-05,129.0965576171875,228.86390686035156,238.05999755859375,118.80106353759766,212.984619140625,303.234375,229.08229064941406,362.5313415527344,531.5023803710938,168.1880340576172,342.4565734863281,279.9942321777344,127.18635559082031,309.3703918457031,399.6499938964844,352.53741455078125,176.8875732421875,56.953975677490234,503.8900146484375,226.1383514404297,675.7674560546875,78.37000274658203,31.114715576171875,93.75648498535156,71.76146697998047,81.6108169555664,39.617679595947266,193.13941955566406,75.91566467285156,75.6658706665039,175.8827362060547,111.16999816894531,214.84535217285156,216.52084350585938,62.21137237548828,95.98653411865234,328.8762512207031,60.403419494628906,47.07913589477539,305.5434875488281,82.9234848022461,330.8975830078125,511.970947265625,377.0028076171875,141.02499389648438,167.1273956298828,307.1968688964844,27.568397521972656,132.7608184814453,77.47366333007812,114.08130645751953,339.6559753417969,456.7068786621094,550.021240234375,127.6589584350586,955.9475708007812,101.20314025878906,669.170654296875,163.49700927734375,174.90008544921875,391.9246520996094,8044.7900390625,135.53347778320312,92.86000061035156,90.27536010742188,96.9233627319336,164.31771850585938,26.059837341308594,93.89955139160156,157.42459106445312,963.641845703125,35.12239074707031,152.06674194335938,153.94000244140625,134.93211364746094,764.5670166015625,336.90972900390625,404.0462341308594,217.46560668945312,194.5110321044922,48.96303176879883,410.44000244140625,425.3697509765625,85.44934844970703,127.22248840332031,404.4555969238281,26.670024871826172,207.25132751464844,54.01864242553711,154.4559783935547,199.8098907470703,434.1153869628906,248.8498992919922,113.0414810180664,58.009429931640625,327.773193359375,309.5569763183594,45.62431335449219,239.53793334960938,110.0616226196289,210.94239807128906,144.1344757080078,125.30765533447266
2026-02-06,129.03680419921875,235.7617645263672,240.39999389648438,118.98821258544922,205.42291259765625,321.7083740234375,231.19577026367188,378.814697265625,539.4199829101562,167.97225952148438,341.1400451660156,279.6189270019531,135.7564697265625,331.6981506347656,414.20001220703125,357.0408020019531,177.43495178222656,58.5029296875,508.0899963378906,225.28231811523438,723.4779052734375,80.87999725341797,33.62763595581055,93.29206085205078,71.74176025390625,84.04844665527344,40.352996826171875,194.890625,76.15277862548828,77.66828918457031,177.48231506347656,115.44999694824219,215.70175170898438,222.6019287109375,62.50431823730469,98.77694702148438,335.53790283203125,62.47651290893555,47.477012634277344,320.134033203125,83.8592300415039,322.6783752441406,499.9429626464844,379.7438049316406,141.2826690673828,167.83248901367188,319.3199462890625,27.96209144592285,143.92404174804688,77.9867935180664,112.74637603759766,347.04022216796875,445.3311767578125,546.8818359375,129.03594970703125,946.84521484375,101.15399169921875,688.1701049804688,170.99441528320312,178.99806213378906,399.3615417480469,8009.83984375,141.8295135498047,94.22000122070312,88.90005493164062,97.2787857055664,167.22096252441406,26.777982711791992,95.70870971679688,157.9803924560547,974.2877807617188,35.368553161621094,155.38519287109375,155.72000122070312,135.961669921875,783.3961791992188,341.1178894042969,412.31195068359375,218.67860412597656,197.18099975585938,50.139888763427734,426.8800048828125,413.6645812988281,86.13957214355469,130.82041931152344,428.26702880859375,26.49424171447754,214.4215545654297,54.67502212524414,154.91319274902344,195.3852996826172,452.63861083984375,250.0078125,113.80769348144531,59.56001281738281,330.21307373046875,322.4667663574219,44.85906982421875,245.722900390625,109.55033874511719,219.06280517578125,147.06491088867188,125.98990631103516
2026-02-09,126.96552276611328,231.9796905517578,242.52999877929688,119.2837142944336,197.8909149169922,329.7483215332031,232.69114685058594,370.4364929199219,537.1482543945312,170.3652801513672,309.5234375,282.8287353515625,143.69876098632812,342.67767333984375,433.7699890136719,357.5478210449219,168.67221069335938,59.128475189208984,498.0799865722656,224.724853515625,739.3382568359375,83.08000183105469,32.4602165222168,93.0450210571289,71.7220687866211,85.99061584472656,40.462303161621094,193.78616333007812,73.70260620117188,75.1107406616211,179.1898193359375,114.5,215.75155639648438,223.92564392089844,62.28948974609375,98.32015228271484,324.1744384765625,63.239261627197266,46.27342987060547,315.8855285644531,80.31532287597656,323.9766540527344,495.8074035644531,375.6520690917969,138.1311798095703,168.3091583251953,319.0228271484375,28.060516357421875,143.64578247070312,76.9407958984375,112.80571746826172,347.97320556640625,453.3786315917969,533.5172729492188,130.4519805908203,960.4588623046875,99.92520141601562,693.8848876953125,168.64715576171875,181.3752899169922,411.76629638671875,7882.25,155.50401306152344,92.72000122070312,88.35587310791016,96.84437561035156,163.27804565429688,26.610742568969727,94.32234191894531,156.15415954589844,976.6624755859375,35.132240295410156,155.08978271484375,159.74000549316406,137.53570556640625,778.1802368164062,346.3506774902344,407.9803771972656,222.7948455810547,194.72938537597656,49.98165512084961,438.8999938964844,418.2882385253906,86.25789642333984,132.7281036376953,423.9576416015625,26.474712371826172,224.89881896972656,53.66596221923828,155.2908935546875,195.65255737304688,457.6451110839844,251.71002197265625,114.3702392578125,59.226341247558594,324.2378234863281,326.0528564453125,45.54682159423828,244.146728515625,109.4520263671875,215.9853973388672,149.19613647460938,125.87125396728516
2026-02-10,128.459228515625,235.99693298339844,243.5800018310547,120.35592651367188,199.08848571777344,328.2520446777344,232.39207458496094,359.4264831542969,503.8000793457031,175.07284545898438,317.0835266113281,287.17431640625,143.63897705078125,339.1905212402344,446.9700012207031,361.0670471191406,170.42739868164062,58.73130416870117,500.29998779296875,219.2600555419922,739.5873413085938,84.54000091552734,32.99446105957031,92.81774139404297,72.63804626464844,85.50507354736328,40.64115905761719,198.31341552734375,73.67296600341797,75.04134368896484,178.8561553955078,115.51000213623047,218.82858276367188,228.39439392089844,63.92020797729492,100.6041259765625,322.3333435058594,64.11934661865234,46.41268539428711,315.4765930175781,79.90717315673828,318.2142028808594,500.3016662597656,384.2102355957031,140.3610076904297,163.6714324951172,315.2392883300781,28.257362365722656,142.71615600585938,75.79609680175781,118.06629180908203,342.4945373535156,457.5216064453125,538.5601196289062,133.25477600097656,933.4013061523438,99.69910430908203,706.2320556640625,171.76693725585938,176.9391326904297,411.437744140625,8094.27978515625,158.7811279296875,93.44000244140625,89.10783386230469,97.7724380493164,163.76846313476562,27.161649703979492,92.07072448730469,157.8910675048828,989.3338012695312,35.51625061035156,154.90269470214844,162.72000122070312,138.68406677246094,752.8784790039062,354.33917236328125,409.9077453613281,221.7906494140625,193.73683166503906,49.76408767700195,437.45001220703125,377.6921081542969,88.4468765258789,130.7017822265625,395.2582092285156,26.767681121826172,224.2235107421875,53.97945785522461,152.3588104248047,197.40457153320312,459.2276916503906,258.61785888671875,115.12675476074219,59.4226188659668,327.4910888671875,329.0910339355469,45.90523147583008,245.8525848388672,111.0251693725586,215.20114135742188,149.57107543945312,126.69194793701172
2026-02-11,128.35964965820312,225.77749633789062,232.58999633789062,121.36856842041016,202.63180541992188,339.0351867675781,234.5653533935547,361.3288269042969,484.1916809082031,177.0049285888672,309.1544189453125,289.5150451660156,143.53932189941406,341.50201416015625,434.45001220703125,351.9310302734375,171.6734161376953,60.81644058227539,500.0199890136719,223.2218017578125,772.0950317382812,86.06999969482422,32.73723220825195,94.181396484375,73.39643096923828,84.76189422607422,41.07837677001953,199.35818481445312,70.05699920654297,76.34986114501953,182.3496856689453,115.36000061035156,219.0576171875,231.96742248535156,65.4825668334961,104.65570831298828,326.8965148925781,63.219703674316406,46.77077865600586,312.8836364746094,79.45921325683594,310.9236755371094,529.6192016601562,385.1961975097656,140.7475128173828,150.94000244140625,307.8505859375,29.418758392333984,147.56964111328125,77.56246948242188,119.6385269165039,337.7404479980469,464.4761657714844,535.6400756835938,132.8446044921875,951.3464965820312,99.36487579345703,659.8953247070312,171.1925048828125,175.73558044433594,402.5771789550781,8097.25,156.07005310058594,94.11000061035156,88.47460174560547,93.6356430053711,165.9066619873047,27.279701232910156,91.25463104248047,158.80419921875,993.584228515625,35.44732666015625,159.028564453125,155.60000610351562,139.62452697753906,776.8737182617188,357.6520080566406,404.1157531738281,224.6740264892578,195.04701232910156,51.291080474853516,438.2099914550781,367.9739074707031,89.90620422363281,130.08897399902344,406.2511901855469,27.802839279174805,226.88504028320312,52.94101333618164,149.834228515625,207.41188049316406,470.3356628417969,260.0924377441406,116.38762664794922,57.86222457885742,328.558837890625,318.5420227050781,47.435726165771484,253.80325317382812,111.23164367675781,211.6074981689453,153.4882049560547,127.22588348388672
2026-02-12,124.35650634765625,217.56671142578125,223.49000549316406,125.5184326171875,204.44305419921875,327.57373046875,227.98568725585938,360.95428466796875,465.5995788574219,184.56646728515625,313.66253662109375,287.8952941894531,143.23040771484375,329.9545593261719,435.80999755859375,340.8663635253906,165.56910705566406,60.955448150634766,500.010009765625,214.0739288330078,755.4476318359375,87.80999755859375,32.2524528503418,95.03121185302734,73.603271484375,74.3177719116211,40.44242858886719,195.11947631835938,65.0381088256836,77.25194549560547,178.99354553222656,116.0199966430664,214.03875732421875,229.479248046875,67.4550552368164,105.67852783203125,332.62774658203125,61.65509796142578,45.298622131347656,312.0459289550781,79.56871795654297,308.96624755859375,533.3561401367188,384.7426452636719,140.61866760253906,148.794921875,299.74871826171875,29.438444137573242,144.71202087402344,77.95719146728516,119.48031616210938,337.3533630371094,469.7914123535156,525.6739501953125,130.3152618408203,914.2283935546875,99.16825866699219,658.3195190429688,172.9356231689453,167.1616668701172,400.05841064453125,8096.16015625,155.394775390625,95.20999908447266,90.77996826171875,91.29574584960938,163.99403381347656,27.023921966552734,88.99317932128906,160.00515747070312,979.9949340820312,36.0479621887207,153.86875915527344,150.7899932861328,137.08033752441406,781.5411987304688,361.1836242675781,379.50738525390625,219.603271484375,199.6425323486328,50.375877380371094,423.3500061035156,374.03839111328125,91.49371337890625,124.85021209716797,430.1125183105469,28.125106811523438,223.88584899902344,51.011077880859375,153.67665100097656,212.49969482421875,458.3020324707031,259.06317138671875,114.5157241821289,56.753265380859375,323.50933837890625,320.6737365722656,47.91037368774414,253.17477416992188,112.11654663085938,205.2838897705078,148.91920471191406,124.22988891601562
2026-02-13,125.28260803222656,219.7026824951172,231.22000122070312,129.0031280517578,205.38331604003906,354.0278015136719,229.05238342285156,366.4229736328125,471.9464111328125,188.40118408203125,320.85357666015625,276.2807312011719,146.2100067138672,323.9765625,429.6700134277344,335.5179748535156,164.8326416015625,60.76679229736328,497.54998779296875,219.77764892578125,771.2980346679688,90.37999725341797,31.576595306396484,95.5252914428711,75.58296966552734,76.15093994140625,40.61134719848633,192.91546630859375,65.74944305419922,77.79716491699219,180.30853271484375,115.7300033569336,211.6886444091797,230.5342254638672,69.77906799316406,107.48584747314453,343.2784423828125,62.447181701660156,46.16400909423828,314.5591125488281,80.7135238647461,305.6206359863281,538.4085083007812,385.5610046386719,139.98440551757812,151.22799682617188,299.6595458984375,29.221912384033203,146.03660583496094,77.64141845703125,120.91411590576172,342.911376953125,477.87860107421875,516.604736328125,132.3758544921875,932.942138671875,97.80184936523438,677.0596313476562,170.93597412109375,170.2351531982422,399.5407409667969,7507.43017578125,159.02938842773438,96.66000366210938,89.28900146484375,93.18148803710938,162.75820922851562,27.132137298583984,88.87519073486328,158.87368774414062,999.4908447265625,37.239383697509766,157.32504272460938,156.77000427246094,139.28794860839844,801.0086669921875,367.2720031738281,391.79669189453125,221.89007568359375,198.57057189941406,50.12717819213867,437.0899963378906,385.65875244140625,93.4559097290039,126.49102783203125,424.9451904296875,28.01768684387207,234.56173706054688,51.357421875,153.95574951171875,217.27073669433594,463.09954833984375,257.9844665527344,115.65049743652344,56.615867614746094,313.4302062988281,326.3815612792969,47.47446823120117,255.4392852783203,114.80650329589844,213.0072479248047,147.44918823242188,125.22855377197266
2026-02-17,123.35073852539062,215.4503173828125,225.32000732421875,129.30096435546875,210.14402770996094,358.2373352050781,232.61138916015625,370.56170654296875,467.0741882324219,189.37213134765625,325.10235595703125,274.256103515625,148.0535888671875,331.31951904296875,431.94000244140625,342.5066833496094,164.8147430419922,59.66049575805664,503.4100036621094,224.5457000732422,761.8934326171875,91.86000061035156,32.481056213378906,94.51737213134766,75.45397186279297,76.15093994140625,40.77033615112305,194.39144897460938,64.39591979980469,77.51959228515625,178.91131591796875,117.3499984741211,205.49472045898438,232.1465606689453,69.7400131225586,111.35867309570312,341.27899169921875,62.075584411621094,45.44782638549805,326.1976013183594,80.8528823852539,302.4248046875,532.917724609375,377.6634521484375,142.2439727783203,152.37998962402344,304.19580078125,28.670740127563477,146.8315887451172,78.50979614257812,120.08349609375,343.99322509765625,479.0906982421875,520.16259765625,131.26254272460938,944.6394653320312,94.77411651611328,664.7623901367188,166.757568359375,170.62306213378906,395.1004943847656,7421.0,152.9021759033203,92.5999984741211,91.88328552246094,92.08557891845703,158.81529235839844,26.925548553466797,90.43854522705078,158.35755920410156,1007.6524047851562,36.99322509765625,155.73968505859375,153.07000732421875,141.19857788085938,791.3945922851562,368.5851745605469,385.9351806640625,219.9214324951172,201.98497009277344,49.580047607421875,421.95001220703125,386.5157165527344,91.6416244506836,126.52069091796875,414.91986083984375,28.00792121887207,234.2737274169922,51.65428161621094,156.45755004882812,217.37962341308594,468.2255554199219,260.0825500488281,113.59515380859375,57.08692932128906,318.8390197753906,301.0500183105469,47.39698028564453,259.37451171875,114.46939086914062,210.27728271484375,145.20443725585938,124.1507797241211
2026-02-18,126.40787506103516,219.09521484375,229.74000549316406,126.35237121582031,207.28363037109375,368.38201904296875,233.58837890625,376.88397216796875,476.0514221191406,183.02670288085938,322.1302185058594,278.8979797363281,147.21649169921875,332.28594970703125,430.1199951171875,344.2066345214844,169.98353576660156,61.334896087646484,499.07000732421875,223.95840454101562,749.1513061523438,87.43000030517578,32.3419075012207,94.44820404052734,74.53113555908203,77.46884155273438,41.09824752807617,195.87741088867188,66.34220123291016,77.07351684570312,182.20118713378906,118.88999938964844,207.6855010986328,230.9821014404297,68.06046295166016,110.82243347167969,342.7241516113281,62.18315505981445,45.736289978027344,328.69085693359375,83.29180908203125,303.5433654785156,533.1568603515625,378.1366882324219,139.9943084716797,154.11788940429688,305.8300476074219,28.68058204650879,147.84130859375,78.44071960449219,119.905517578125,349.4817810058594,482.1308288574219,526.192138671875,131.95591735839844,945.1384887695312,96.81881713867188,659.9750366210938,163.3253173828125,175.6460723876953,397.8283386230469,7523.1201171875,155.0869140625,92.75,92.21129608154297,93.09263610839844,161.23793029785156,26.925548553466797,90.90066528320312,155.6876678466797,995.2504272460938,36.24489212036133,154.99130249023438,155.5,141.80245971679688,790.0282592773438,376.1260070800781,393.873046875,215.5963897705078,203.28521728515625,51.3209228515625,442.30999755859375,394.92498779296875,90.44852447509766,128.18125915527344,423.0997619628906,27.226665496826172,234.00559997558594,52.13916015625,156.71669006347656,211.08421325683594,457.2967224121094,262.2597961425781,114.19503784179688,57.66594696044922,319.6373596191406,298.2010803222656,46.544551849365234,259.0149230957031,112.75408935546875,212.4016876220703,149.66415405273438,127.68071746826172
2026-02-19,125.81038665771484,210.6100616455078,229.10000610351562,127.49407958984375,201.1372833251953,369.37078857421875,232.03317260742188,372.6856689453125,470.7109069824219,181.23193359375,323.44671630859375,277.2486267089844,150.67442321777344,332.76416015625,441.1199951171875,340.6377258300781,159.5321044921875,62.351497650146484,496.94000244140625,221.73861694335938,757.6793212890625,86.47000122070312,31.357933044433594,92.86714935302734,75.26543426513672,77.84539031982422,41.416221618652344,197.4331817626953,64.53494262695312,76.64725494384766,183.10292053222656,118.06999969482422,210.36422729492188,231.42002868652344,70.95084381103516,110.96146392822266,344.6444396972656,61.65509796142578,45.96506881713867,333.8369445800781,81.10175323486328,303.163818359375,526.8189697265625,373.2660217285156,139.05282592773438,153.04534912109375,305.1070251464844,28.641212463378906,146.80264282226562,77.8683853149414,114.82292938232422,356.01251220703125,486.9294738769531,518.498291015625,131.90708923339844,935.3275756835938,95.92426300048828,673.60888671875,164.2008056640625,173.4379425048828,397.5988464355469,7526.14013671875,155.454345703125,94.16999816894531,92.47967529296875,91.16738891601562,161.43408203125,26.423830032348633,90.6056900024414,157.3749542236328,1010.15673828125,36.40243911743164,153.03176879882812,154.39999389648438,139.85223388671875,780.2745971679688,374.8924255371094,392.80010986328125,220.35891723632812,203.88075256347656,51.271183013916016,442.44000244140625,392.3730163574219,91.67119598388672,126.3921890258789,407.96697998046875,27.226665496826172,230.7978515625,51.238670349121094,155.99903869628906,213.1134033203125,461.52691650390625,260.25079345703125,113.62464904785156,56.8121452331543,318.2701721191406,301.6775817871094,47.116065979003906,261.56182861328125,113.24983978271484,209.28456115722656,149.95220947265625,125.85147857666016
2026-02-20,122.38480377197266,211.00198364257812,226.97999572753906,128.43722534179688,204.2550048828125,374.9139099121094,232.79083251953125,371.9412841796875,469.9736022949219,183.7034149169922,324.2147216796875,277.7029113769531,150.51498413085938,331.4291076660156,433.9100036621094,344.14697265625,162.29244995117188,62.002662658691406,498.20001220703125,223.4109344482422,756.8922119140625,88.01000213623047,31.795255661010742,93.96399688720703,75.27536010742188,78.47956085205078,42.042240142822266,199.4776153564453,64.57466125488281,76.02273559570312,182.26063537597656,118.69000244140625,208.62156677246094,232.20626831054688,72.00543212890625,113.43412017822266,339.44775390625,61.21505355834961,45.97501754760742,342.2940673828125,81.1415786743164,314.4890441894531,530.4463500976562,376.884521484375,140.91600036621094,152.946044921875,307.82086181640625,29.074277877807617,149.40931701660156,78.78610229492188,115.15912628173828,353.4716796875,493.2879638671875,524.62744140625,130.3445587158203,945.6475219726562,95.21647644042969,684.120849609375,166.20045471191406,174.47238159179688,396.37152099609375,7580.60009765625,147.0530242919922,93.5,92.11190032958984,90.08135986328125,161.7773895263672,26.217239379882812,94.15518951416016,159.578369140625,1019.9246215820312,36.86521911621094,153.36654663085938,155.16000366210938,141.44607543945312,778.5072021484375,383.0400695800781,396.1878356933594,218.24111938476562,204.0699462890625,50.584781646728516,439.94000244140625,393.13580322265625,92.24309539794922,126.46138000488281,410.1017150878906,27.324323654174805,233.82615661621094,51.77302932739258,157.7134246826172,213.2717742919922,464.94091796875,263.3484191894531,114.79492950439453,57.56781005859375,320.2860107421875,304.1081237792969,47.70695495605469,264.45831298828125,113.36882019042969,213.2951202392578,146.28707885742188,127.33464813232422
2026-02-23,123.67935180664062,197.11807250976562,218.63999938964844,131.0780487060547,204.04714965820312,373.086181640625,230.7371826171875,376.5763244628906,452.1287841796875,186.39065551757812,314.4803771972656,279.747314453125,147.3061981201172,329.1275939941406,423.44000244140625,319.35345458984375,154.09341430664062,63.457794189453125,494.0899963378906,223.7891845703125,753.6344604492188,87.69999694824219,30.234813690185547,95.9501953125,75.71196746826172,77.03284454345703,41.70438766479492,197.79220581054688,60.70197296142578,76.33003997802734,183.23175048828125,118.16999816894531,210.0355987548828,229.6384735107422,72.89403533935547,112.2325439453125,332.45947265625,61.91912841796875,44.81121826171875,338.0754699707031,79.29993438720703,311.2832336425781,534.103515625,371.6983642578125,139.28076171875,153.03543090820312,294.82623291015625,29.30065155029297,148.5763702392578,79.49659729003906,114.90203094482422,352.4791564941406,494.95703125,494.350341796875,130.2078399658203,947.4141235351562,96.93678283691406,681.7870483398438,165.48416137695312,165.90841674804688,383.6390686035156,7456.830078125,140.32997131347656,95.3499984741211,90.00466918945312,86.2802505493164,165.0925750732422,26.620580673217773,91.13664245605469,163.93556213378906,1006.6945190429688,36.687984466552734,153.73390197753906,150.8800048828125,139.00086975097656,785.8662109375,363.1534118652344,386.43792724609375,219.9214324951172,201.0823974609375,50.972747802734375,420.82000732421875,381.1763610839844,92.29239654541016,123.68385314941406,406.4007873535156,27.85167121887207,230.3894500732422,49.566341400146484,157.17520141601562,217.71617126464844,457.7944030761719,261.0326232910156,113.11326599121094,54.7708740234375,305.8858642578125,309.58685302734375,48.12348175048828,262.6105651855469,114.81642150878906,200.40966796875,149.74362182617188,124.37820434570312
2026-02-24,123.8785171508789,192.75791931152344,220.91000366210938,131.43545532226562,207.66966247558594,377.46075439453125,236.11058044433594,380.00042724609375,464.5434265136719,186.52796936035156,318.4897766113281,276.0140686035156,150.97340393066406,324.2953796386719,442.510009765625,318.5979309082031,161.96482849121094,64.5042953491211,494.510009765625,224.9339141845703,765.3504028320312,88.63999938964844,31.417570114135742,96.9482421875,76.18826293945312,77.42920684814453,42.20122528076172,198.0115966796875,60.63246154785156,73.53457641601562,183.6578369140625,120.94000244140625,208.3128662109375,230.25555419921875,73.47015380859375,114.48673248291016,323.818115234375,62.1538200378418,45.21904373168945,344.70758056640625,80.92256927490234,310.5142517089844,524.6864624023438,379.083251953125,139.28076171875,154.28671264648438,294.459716796875,30.540786743164062,150.4729461669922,79.65448760986328,115.09980010986328,351.61566162109375,500.7293395996094,496.3136901855469,130.95004272460938,955.5084228515625,95.10834503173828,695.001953125,165.60354614257812,167.88775634765625,388.1593017578125,7504.7900390625,145.12648010253906,94.33000183105469,89.36852264404297,87.35641479492188,166.28916931152344,26.699281692504883,93.26044464111328,164.04473876953125,1020.712890625,37.5347785949707,153.24742126464844,153.57000732421875,143.32701110839844,771.0383911132812,372.1964416503906,404.0535583496094,219.47402954101562,197.6367645263672,51.57956314086914,440.7200012207031,393.8797302246094,92.6572265625,125.75959014892578,395.0487060546875,27.685653686523438,240.5103302001953,49.14083480834961,157.14529418945312,219.7255401611328,461.5667419433594,263.9026184082031,113.45747375488281,54.005393981933594,306.58441162109375,316.65936279296875,48.29784393310547,264.148681640625,114.91557312011719,207.44802856445312,148.25372314453125,127.21600341796875
2026-02-25,124.19717407226562,187.63351440429688,224.80999755859375,131.5049591064453,207.18466186523438,394.4596252441406,232.30235290527344,381.4494934082031,476.5097351074219,178.96641540527344,323.8057861328125,276.83380126953125,152.1094207763672,331.0903625488281,520.1799926757812,325.1690979003906,165.724365234375,64.593994140625,493.989990234375,225.1429443359375,763.7364501953125,86.04000091552734,31.507022857666016,95.5252914428711,75.99972534179688,78.4002914428711,41.95280838012695,196.24639892578125,60.90057373046875,75.52709197998047,182.54800415039062,119.41999816894531,208.6414794921875,225.65740966796875,73.43109130859375,112.13323974609375,327.1539001464844,61.99736022949219,44.39344787597656,341.9649963378906,82.05741119384766,312.6214904785156,538.6875610351562,370.29827880859375,139.79611206054688,159.22238159179688,300.4023742675781,29.674659729003906,154.47084045410156,79.40779113769531,109.4931411743164,338.49468994140625,504.97161865234375,507.6651306152344,130.91098022460938,961.3770141601562,95.01004028320312,671.50439453125,164.68826293945312,172.80136108398438,399.7342224121094,7283.14013671875,146.8643341064453,91.44000244140625,88.89141082763672,90.07149505615234,165.92626953125,26.650094985961914,93.09329223632812,162.16885375976562,1009.5181884765625,37.692325592041016,150.81507873535156,154.11000061035156,144.35658264160156,783.1103515625,375.1212158203125,401.142578125,220.31912231445312,195.1670379638672,51.39055633544922,449.1700134277344,399.8356018066406,93.17982482910156,130.0988311767578,420.81536865234375,27.216903686523438,241.4666290283203,50.041324615478516,155.31130981445312,216.43927001953125,457.8740234375,261.5175476074219,111.9626693725586,55.006404876708984,312.34246826171875,304.3471984863281,47.68758010864258,262.4906921386719,114.43964385986328,207.69619750976562,148.05508422851562,127.50273132324219
2026-02-26,120.46289825439453,203.19290161132812,233.4499969482422,131.14755249023438,210.5795135498047,375.2535095214844,236.230224609375,376.4869689941406,485.2079772949219,181.44769287109375,329.4010009765625,272.81414794921875,147.9539337158203,320.519287109375,550.1900024414062,333.35076904296875,169.19810485839844,64.68370056152344,502.6700134277344,226.08859252929688,750.1077270507812,86.4000015258789,32.50093460083008,96.3948745727539,76.45618438720703,77.38957214355469,42.38008499145508,197.74232482910156,64.51508331298828,77.33125305175781,182.48855590820312,119.41000366210938,208.48214721679688,226.06546020507812,72.62062072753906,111.12034606933594,319.7696228027344,62.70143127441406,45.43788146972656,339.92047119140625,80.4248275756836,306.7491760253906,524.0487060546875,369.82501220703125,139.8060302734375,161.7646942138672,303.20538330078125,29.85181999206543,152.2366943359375,79.43739318847656,110.74894714355469,352.4990234375,495.27496337890625,513.0269165039062,132.6883544921875,972.5654296875,95.38359069824219,676.6607055664062,165.31503295898438,176.54127502441406,400.851806640625,7434.14013671875,149.26756286621094,91.33000183105469,90.90918731689453,93.28022003173828,164.36676025390625,26.659931182861328,95.86603546142578,162.5261688232422,1012.6810302734375,38.007408142089844,151.36111450195312,157.19000244140625,144.12887573242188,769.6404418945312,376.8920593261719,410.0351257324219,223.3019256591797,196.81019592285156,51.22144317626953,426.0,412.9366149902344,93.87004089355469,130.7413330078125,408.6652526855469,26.816509246826172,234.882080078125,50.96160125732422,158.17193603515625,210.98521423339844,455.0074768066406,262.70513916015625,114.69657897949219,56.19387435913086,316.0448303222656,307.7937927246094,47.35823440551758,263.0899963378906,114.80650329589844,209.84046936035156,147.53857421875,128.3036346435547
2026-02-27,120.87117767333984,204.50584411621094,245.8699951171875,132.8551483154297,212.3214874267578,371.8377380371094,238.48324584960938,385.25079345703125,468.4093322753906,188.1658172607422,334.58734130859375,272.2610778808594,145.55230712890625,318.377197265625,542.4000244140625,307.0859069824219,168.7637939453125,65.0425033569336,504.95001220703125,228.17897033691406,740.045654296875,89.54000091552734,31.357933044433594,97.9660415649414,77.46832275390625,78.73719787597656,42.559532165527344,200.58460998535156,63.97886657714844,79.2048110961914,185.06495666503906,117.2699966430664,209.75677490234375,224.94821166992188,72.98191833496094,109.0483627319336,316.7506103515625,61.811561584472656,45.79597473144531,341.3367004394531,78.35423278808594,311.0235595703125,527.8554077148438,375.3760070800781,139.56817626953125,162.99612426757812,297.4310607910156,29.802610397338867,152.2606658935547,80.4833984375,113.08258056640625,361.8087463378906,504.7828674316406,515.4586791992188,130.72543334960938,985.4603881835938,96.0029067993164,674.7756958007812,164.46942138671875,165.6199493408203,391.8912048339844,7517.7900390625,144.3916015625,93.87999725341797,92.00255584716797,92.46076202392578,166.4853515625,27.201000213623047,93.82089233398438,165.95037841796875,1006.9041137695312,38.38157653808594,153.21763610839844,156.58999633789062,140.93128967285156,780.5042114257812,360.72601318359375,406.1969909667969,227.6866455078125,201.7794952392578,51.072227478027344,414.0,417.0802001953125,94.92509460449219,127.1335220336914,406.8397216796875,27.353620529174805,229.2637939453125,48.794498443603516,161.13223266601562,215.91845703125,460.163330078125,263.6104431152344,114.03768920898438,53.64228439331055,319.4776916503906,308.7998962402344,48.569068908691406,263.62933349609375,115.96656799316406,204.15220642089844,151.47189331054688,129.6286163330078
2026-03-02,117.67462921142578,201.7721710205078,246.94000244140625,132.32896423339844,211.64503479003906,371.7178955078125,240.71636962890625,382.8092346191406,473.600341796875,186.5377655029297,336.91119384765625,273.01165771484375,134.69020080566406,317.6498718261719,572.02001953125,305.6245422363281,166.39234924316406,64.61392974853516,480.1700134277344,228.82598876953125,749.5000610351562,89.52999877929688,28.962604522705078,96.14783477783203,77.4782485961914,78.69756317138672,43.03806686401367,201.05332946777344,63.05537796020508,80.94950103759766,187.87918090820312,114.51000213623047,205.13624572753906,225.84600830078125,72.66944122314453,99.80410766601562,291.08392333984375,61.733333587646484,46.08443832397461,344.8072814941406,77.40852355957031,305.9601745605469,531.0641479492188,365.6050720214844,141.19049072265625,163.6416473388672,294.7172546386719,29.497495651245117,153.29933166503906,79.16109466552734,109.37447357177734,375.644287109375,506.0346984863281,519.23583984375,130.96957397460938,989.8555297851562,96.43544006347656,664.4005126953125,160.6292724609375,166.10733032226562,397.6886291503906,7415.75,148.21490478515625,95.02999877929688,93.05618286132812,93.05313873291016,164.072509765625,26.817333221435547,94.2240219116211,162.2879638671875,1009.1290283203125,38.13541793823242,159.0254669189453,158.1199951171875,139.61463928222656,789.630615234375,352.2997741699219,410.88250732421875,229.04876708984375,211.27992248535156,51.00259017944336,424.6600036621094,418.2128601074219,94.3334732055664,127.96382904052734,378.58917236328125,27.353620529174805,211.16375732421875,49.031986236572266,159.4178466796875,214.94375610351562,463.995361328125,265.59014892578125,112.5232162475586,53.61284637451172,319.846923828125,305.0146179199219,48.41408157348633,263.34967041015625,115.62945556640625,199.87359619140625,153.1802978515625,127.51264190673828
2026-03-03,118.5409927368164,205.6522216796875,253.39999389648438,130.96884155273438,212.49058532714844,350.8837890625,234.52548217773438,374.1744384765625,463.9854736328125,186.58680725097656,338.1778564453125,269.66357421875,129.1295928955078,312.68817138671875,579.0900268554688,306.0122985839844,165.3609161376953,62.331565856933594,481.3599853515625,225.3121795654297,719.4730224609375,90.26000213623047,28.356319427490234,94.3790283203125,77.20040893554688,78.24174499511719,42.529624938964844,201.0034637451172,63.88949203491211,79.7896728515625,187.0567169189453,109.86000061035156,203.15457153320312,220.2198028564453,72.12261962890625,98.32980346679688,281.1458740234375,61.33240509033203,45.98496627807617,333.23858642578125,76.92073822021484,303.163818359375,539.9132080078125,361.76971435546875,140.41416931152344,163.6416473388672,297.3914489746094,29.103803634643555,143.95126342773438,78.2927017211914,107.19905090332031,365.2427978515625,498.4244079589844,522.5445556640625,130.44223022460938,994.5902709960938,95.06902313232422,655.8428344726562,157.6645965576172,165.0629425048828,403.0570068359375,7361.10009765625,147.97657775878906,93.87000274658203,91.83358764648438,94.34650421142578,161.74795532226562,26.14837646484375,92.1002197265625,158.5262908935547,986.4403076171875,37.66278839111328,158.62835693359375,163.10000610351562,136.74375915527344,765.5166015625,359.014892578125,397.2745056152344,230.93789672851562,205.66331481933594,48.326622009277344,424.32000732421875,419.0718078613281,94.02781677246094,124.45484924316406,356.7428894042969,27.998153686523438,203.52330017089844,48.78459930419922,159.18861389160156,217.35069274902344,443.7502136230469,264.4659729003906,111.35295104980469,52.98476028442383,320.166259765625,298.8385925292969,49.27619934082031,260.5130920410156,115.13370513916016,198.12640380859375,150.80641174316406,124.51663208007812
2026-03-04,120.03469848632812,205.75999450683594,257.8900146484375,132.55731201171875,213.05760192871094,357.3157958984375,234.0270233154297,376.4273986816406,467.2037353515625,187.126220703125,340.2823181152344,270.8092346191406,132.28857421875,316.3645935058594,569.8099975585938,309.38232421875,169.33026123046875,60.67709732055664,487.4800109863281,222.1566925048828,729.226318359375,91.1500015258789,27.83948516845703,94.15174865722656,77.5179443359375,80.1343765258789,42.64925765991211,199.57733154296875,64.6640396118164,79.86898040771484,184.34158325195312,108.73999786376953,203.87155151367188,221.2971649169922,72.15190887451172,98.82787322998047,288.4905090332031,61.39107131958008,46.18390655517578,338.89324951171875,78.2447280883789,303.05401611328125,542.51416015625,363.928955078125,141.4990234375,165.14120483398438,296.52978515625,28.414840698242188,147.40286254882812,77.0690689086914,105.34004974365234,365.9871826171875,495.9505615234375,521.1492919921875,130.6472930908203,977.6290893554688,93.97785949707031,659.6572875976562,160.06219482421875,166.68423461914062,404.32427978515625,7251.27001953125,151.31326293945312,94.2699966430664,90.6010513305664,94.5735855102539,160.77694702148438,26.187726974487305,91.93306732177734,157.11691284179688,985.5623168945312,37.99756622314453,163.53274536132812,162.97000122070312,138.10989379882812,786.3255615234375,357.950439453125,382.17108154296875,230.2418975830078,207.9537811279297,47.640220642089844,430.9800109863281,420.4970397949219,94.05738830566406,125.07756042480469,374.0902404785156,28.30088996887207,208.2151641845703,48.596588134765625,161.20199584960938,218.5243377685547,442.9738464355469,265.3215637207031,108.66819763183594,53.328243255615234,319.8070068359375,294.8341979980469,49.59585952758789,260.4731750488281,116.55155944824219,194.91000366210938,148.80996704101562,124.54629516601562
2026-03-05,117.6148910522461,209.6792449951172,264.1199951171875,131.08798217773438,210.51101684570312,346.0997314453125,226.14138793945312,364.8448791503906,471.16925048828125,184.02706909179688,337.8786315917969,272.9326477050781,135.7664337158203,331.54864501953125,570.489990234375,305.40582275390625,183.64952087402344,59.98939514160156,500.3999938964844,215.029541015625,703.4334106445312,90.11000061035156,26.994659423828125,91.5726547241211,76.60502624511719,79.28219604492188,41.02424240112305,203.9753875732422,65.31941223144531,78.00534057617188,188.17645263671875,107.58000183105469,201.15301513671875,215.052490234375,69.54471588134766,95.50074768066406,283.57098388671875,61.713775634765625,47.049293518066406,326.10784912109375,75.8555679321289,300.5173034667969,532.6087646484375,356.6032409667969,139.02076721191406,162.86703491210938,290.74554443359375,27.60776710510254,142.75379943847656,76.01319885253906,103.13495635986328,357.4020080566406,486.8797912597656,522.8833618164062,131.26254272460938,930.3213500976562,91.43180084228516,632.0267944335938,155.40628051757812,161.68112182617188,409.79241943359375,7074.83984375,153.71649169921875,94.36000061035156,90.09412384033203,97.13069152832031,157.61868286132812,26.177888870239258,91.93306732177734,152.83912658691406,963.2427368164062,37.37723922729492,165.2403564453125,164.25,136.49586486816406,763.7891845703125,351.5934753417969,377.33599853515625,230.34132385253906,203.0143585205078,47.15277862548828,442.29998779296875,425.7922058105469,92.62764739990234,123.69374084472656,366.43902587890625,28.29112434387207,209.74923706054688,47.97317123413086,160.4046173095703,219.34983825683594,434.32440185546875,258.85516357421875,102.34479522705078,52.90625,319.13836669921875,286.1180725097656,49.57648849487305,251.27435302734375,115.10395050048828,192.18003845214844,149.74362182617188,120.85816192626953
2026-03-06,114.58763122558594,210.6590576171875,260.989990234375,130.91920471191406,211.2073516845703,324.3367919921875,221.29635620117188,366.7604064941406,463.1983642578125,184.95877075195312,339.703857421875,268.814208984375,131.41160583496094,329.26708984375,574.010009765625,299.2323303222656,181.56076049804688,59.61066436767578,498.9800109863281,216.78146362304688,678.3477783203125,90.43000030517578,25.632999420166016,92.45211791992188,76.56533813476562,77.9246597290039,39.82790756225586,203.05787658691406,65.79605102539062,77.24203491210938,188.21609497070312,104.25,194.68026733398438,207.91000366210938,70.07201385498047,92.36287689208984,286.69891357421875,61.33240509033203,46.2137451171875,322.2383117675781,75.04732513427734,297.91070556640625,530.9545288085938,352.89605712890625,138.59280395507812,165.04190063476562,286.7144470214844,27.804615020751953,134.2836151123047,76.02306365966797,100.0399169921875,365.13067626953125,481.5943298339844,520.5712890625,129.68048095703125,918.2446899414062,89.35760498046875,609.1195678710938,152.6206817626953,159.41331481933594,408.0761413574219,6958.830078125,151.89918518066406,94.5999984741211,88.68267822265625,99.56932830810547,157.77008056640625,26.610742568969727,90.71385192871094,152.4818115234375,921.6367797851562,37.95817947387695,164.76382446289062,162.7100067138672,135.190673828125,758.7267456054688,336.61126708984375,368.6926574707031,229.72488403320312,208.88987731933594,46.6553840637207,437.4100036621094,426.9720458984375,91.33594512939453,119.64112091064453,351.9346923828125,27.968856811523438,205.057373046875,46.00397872924805,158.80984497070312,220.37429809570312,422.1719970703125,252.79661560058594,100.66313934326172,51.394920349121094,316.70343017578125,273.9254150390625,49.51836395263672,244.38272094726562,114.78667449951172,185.16152954101562,150.1905975341797,120.067138671875
2026-03-09,116.15104675292969,205.1329345703125,260.75,130.90928649902344,206.6016082763672,338.5191650390625,224.37684631347656,374.1446533203125,459.80078125,183.0463104248047,331.9642639160156,271.0067443847656,135.58706665039062,344.4810485839844,559.0599975585938,303.58660888671875,177.1821746826172,59.89969253540039,497.20001220703125,221.26083374023438,702.1781005859375,89.7300033569336,26.229345321655273,91.89875793457031,76.64472198486328,75.51676177978516,40.475921630859375,200.2255859375,64.19732666015625,77.5790786743164,187.7206268310547,104.31999969482422,197.9664306640625,210.4836883544922,69.06624603271484,92.2732162475586,277.8892822265625,60.80434799194336,46.551944732666016,321.5292053222656,74.52845001220703,305.8259582519531,543.2316284179688,348.59722900390625,137.29893493652344,164.6545867919922,287.1502685546875,27.745561599731445,142.7278289794922,76.77304077148438,98.82366180419922,369.7619323730469,480.4815673828125,515.9669189453125,129.0457000732422,941.119384765625,89.7901382446289,611.6459350585938,150.849853515625,159.59234619140625,408.5251770019531,6872.02978515625,150.50889587402344,94.61000061035156,87.04261016845703,97.05171203613281,159.8482208251953,26.3746395111084,89.09149932861328,154.05992126464844,930.0677490234375,37.721866607666016,161.8251495361328,163.4199981689453,137.60177612304688,780.434326171875,342.3415222167969,374.3950500488281,228.82009887695312,207.36622619628906,46.943870544433594,437.2200012207031,420.2893981933594,92.20365142822266,120.52084350585938,373.4118957519531,26.884870529174805,205.4458770751953,46.26125717163086,157.62371826171875,216.3262481689453,426.55206298828125,252.29920959472656,98.28326416015625,51.15938949584961,315.3163146972656,273.7856750488281,48.86935806274414,246.69992065429688,114.60820007324219,186.92857360839844,149.42578125,120.9866943359375
2026-03-10,114.94612121582031,197.5590057373047,253.85000610351562,131.3560333251953,206.41261291503906,345.4505615234375,225.60305786132812,372.6161804199219,454.5001220703125,182.53631591796875,320.1155090332031,271.71783447265625,136.26470947265625,341.3226623535156,529.969970703125,301.3696594238281,174.4322967529297,59.14222717285156,494.1400146484375,216.0448455810547,713.99365234375,88.5199966430664,26.05044174194336,91.39479064941406,75.8409652709961,76.99320983886719,40.78497314453125,195.7477569580078,62.53901672363281,75.65595245361328,184.59921264648438,105.26000213623047,194.4014434814453,209.74549865722656,69.40801239013672,93.90689849853516,281.534423828125,60.119834899902344,46.05459213256836,326.1134948730469,74.76792907714844,306.7453918457031,535.7677612304688,352.1368408203125,136.60223388671875,159.06349182128906,285.97161865234375,27.59792709350586,145.10879516601562,76.85197448730469,97.6172866821289,360.2604064941406,474.8384704589844,512.97705078125,127.08277893066406,927.664306640625,88.36474609375,606.6730346679688,154.4512176513672,159.8907470703125,404.8830871582031,6783.240234375,148.36386108398438,94.70999908447266,85.57152557373047,93.91209411621094,159.1060333251953,26.718957901000977,88.22624969482422,154.84400939941406,948.2467041015625,37.53833770751953,161.32875061035156,159.52000427246094,134.70248413085938,770.878662109375,344.3809509277344,372.91961669921875,222.2480010986328,206.14132690429688,47.859073638916016,432.6499938964844,411.00164794921875,91.67119598388672,121.13367462158203,383.3475036621094,27.060649871826172,202.1685333251953,46.16230392456055,159.00918579101562,217.59934997558594,432.6881408691406,248.91677856445312,99.24700927734375,50.98274612426758,313.77947998046875,271.4603271484375,49.121212005615234,246.45021057128906,113.5274658203125,187.01791381835938,147.13136291503906,119.13768768310547
2026-03-11,114.9361572265625,197.41201782226562,251.8300018310547,130.3135986328125,204.5126190185547,350.6341247558594,223.6092071533203,374.8096618652344,449.0500183105469,179.3292999267578,316.0661926269531,274.256103515625,134.0723419189453,340.3163757324219,517.5700073242188,304.1929931640625,172.46324157714844,58.77346420288086,493.57000732421875,214.43228149414062,704.937744140625,87.55999755859375,25.81190299987793,88.54888916015625,75.25550842285156,77.38957214355469,40.21671676635742,197.8021697998047,61.99287033081055,75.0611801147461,190.04930114746094,102.72000122070312,194.24209594726562,209.82530212402344,69.84741973876953,91.18742370605469,288.6156311035156,58.829036712646484,46.343055725097656,324.7452087402344,74.62823486328125,308.2344970703125,535.4089965820312,345.9154052734375,134.32305908203125,155.9352569580078,284.7731628417969,27.214073181152344,146.31326293945312,76.60527038574219,95.49129486083984,362.7901916503906,480.0320129394531,502.2933654785156,124.92452239990234,933.258056640625,87.46035766601562,596.7372436523438,154.3716278076172,160.02999877929688,404.0049743652344,6610.91015625,161.98870849609375,94.38999938964844,84.09049987792969,92.80631256103516,158.4825897216797,26.8566837310791,87.50202178955078,152.17413330078125,938.3590087890625,37.33993148803711,168.27828979492188,159.1300048828125,133.62644958496094,773.5046997070312,337.1982421875,372.1021423339844,222.5065155029297,206.40023803710938,47.918758392333984,432.9800109863281,404.8853454589844,91.49371337890625,124.5438003540039,385.02337646484375,26.52353858947754,204.35009765625,45.172760009765625,157.3645782470703,212.2881622314453,431.44097900390625,249.81211853027344,99.1290054321289,51.25752639770508,308.32080078125,266.071044921875,49.0921516418457,245.67117309570312,112.33765411376953,184.4169921875,150.55809020996094,118.44554138183594
2026-03-12,111.16204833984375,192.09165954589844,249.88999938964844,131.2666778564453,203.95555114746094,336.8512268066406,214.90611267089844,365.0334777832031,438.6878662109375,176.39686584472656,315.07879638671875,286.8879089355469,131.0130157470703,334.7369384765625,499.3999938964844,300.1170959472656,168.28533935546875,55.71369552612305,491.8900146484375,218.08546447753906,698.0635986328125,86.11000061035156,23.774383544921875,86.90855407714844,76.18826293945312,77.03284454345703,39.10013961791992,192.73594665527344,60.75162124633789,75.40813446044922,195.1822967529297,100.69000244140625,185.47900390625,203.3013153076172,69.29083251953125,83.96534729003906,286.72332763671875,58.936607360839844,45.01015853881836,306.31817626953125,73.29113006591797,303.0276184082031,530.7254028320312,336.40673828125,133.77565002441406,157.51426696777344,280.18743896484375,26.50542640686035,140.77732849121094,76.58554077148438,91.50631713867188,356.4359130859375,488.8641052246094,495.62603759765625,124.75850677490234,943.3169555664062,85.89733123779297,586.5317993164062,148.33287048339844,153.5448455810547,400.9914855957031,6439.0,158.05618286132812,92.9800033569336,82.13236236572266,90.50590515136719,157.20602416992188,26.423830032348633,85.5079345703125,149.3751983642578,900.1354370117188,37.76650619506836,172.835205078125,157.4600067138672,130.66737365722656,745.4965209960938,333.3581848144531,357.09844970703125,224.485107421875,202.19773864746094,44.32759094238281,418.7200012207031,396.14501953125,91.88813018798828,121.78604888916016,373.0627746582031,26.74814796447754,197.07821655273438,43.9061393737793,155.28138732910156,213.213134765625,420.8649597167969,242.83836364746094,96.26724243164062,50.5214958190918,305.86590576171875,263.28656005859375,49.04371643066406,240.06797790527344,114.07279205322266,177.99412536621094,152.4949493408203,114.16413879394531
2026-03-13,111.04254913330078,192.67953491210938,251.1699981689453,132.64666748046875,205.08956909179688,341.10595703125,213.82943725585938,363.4653015136719,440.4713439941406,180.85926818847656,320.5643310546875,284.4188537597656,133.45449829101562,320.9776306152344,496.17999267578125,298.19842529296875,169.22499084472656,54.079158782958984,490.0299987792969,216.0846710205078,691.388671875,87.47000122070312,23.843955993652344,87.78800964355469,77.23017883300781,77.61747741699219,39.179893493652344,193.753173828125,59.94729232788086,75.46760559082031,195.03366088867188,100.77999877929688,186.53456115722656,203.4309844970703,70.042724609375,87.54151153564453,290.44818115234375,58.66279983520508,45.21904373168945,299.31689453125,72.2334213256836,301.2786865234375,531.1139526367188,336.5059814453125,132.30262756347656,158.10018920898438,280.7321472167969,26.97785758972168,141.68316650390625,76.8438720703125,93.89928436279297,357.51153564453125,492.3630676269531,496.3036804199219,123.36199188232422,939.8707885742188,85.66140747070312,582.9169921875,150.1833038330078,154.04217529296875,394.69512939453125,6466.56005859375,154.03427124023438,91.54000091552734,82.68899536132812,91.43396759033203,158.2154083251953,26.14837646484375,85.15078735351562,149.52407836914062,887.8531494140625,38.20299530029297,171.4949493408203,155.88999938964844,129.34228515625,744.6577758789062,329.0207214355469,359.8200378417969,222.9936981201172,203.67161560058594,44.48675537109375,412.6300048828125,398.7784423828125,93.78129577636719,119.93766021728516,382.7688903808594,27.070415496826172,198.6421661376953,43.371788024902344,154.9225616455078,216.2168426513672,421.4436340332031,241.1869354248047,95.5985107421875,50.05043029785156,306.5046081542969,264.8934020996094,49.77022171020508,236.47235107421875,116.35325622558594,178.67909240722656,155.06747436523438,114.32234954833984
2026-03-16,111.36121368408203,195.2858428955078,249.77999877929688,133.18276977539062,206.72097778320312,345.7501525878906,214.18887329101562,363.5050048828125,437.4224853515625,181.1534881591797,325.8902893066406,285.5842590332031,136.32449340820312,323.7275085449219,489.6400146484375,296.4487609863281,171.29017639160156,55.00605773925781,492.2099914550781,216.5923309326172,697.156982421875,87.5199966430664,24.56951141357422,89.23072814941406,77.66677856445312,78.18229675292969,39.65842819213867,192.2173614501953,60.62253189086914,75.18013000488281,195.053466796875,101.70999908447266,190.58749389648438,206.91244506835938,71.25355529785156,88.41812896728516,290.8863830566406,58.73125076293945,45.43788146972656,303.62152099609375,72.7922134399414,304.2369079589844,523.3611450195312,340.029541015625,134.11404418945312,160.37437438964844,283.4261474609375,27.115650177001953,143.6406707763672,77.32079315185547,94.87821960449219,364.7322998046875,495.842041015625,506.77813720703125,123.41082000732422,942.2081909179688,86.74273681640625,584.4747924804688,149.17848205566406,154.86773681640625,399.08563232421875,6565.93994140625,154.88832092285156,90.45999908447266,83.10646057128906,91.91773986816406,156.07789611816406,26.177888870239258,85.765869140625,150.98309326171875,892.6224365234375,38.43116760253906,172.22959899902344,155.94000244140625,128.9138641357422,755.7811279296875,337.4867248535156,362.930419921875,222.84457397460938,205.20521545410156,44.725502014160156,425.8800048828125,402.6483459472656,94.5997085571289,118.83060455322266,397.80194091796875,27.080183029174805,202.66661071777344,44.05457305908203,155.51065063476562,213.6607208251953,420.5456848144531,240.9581298828125,95.78536987304688,50.20745086669922,309.4684143066406,265.4223327636719,49.37306594848633,238.90939331054688,116.8985824584961,181.03182983398438,156.1699981689453,116.8239517211914
2026-03-17,112.27735137939453,194.64895629882812,252.9199981689453,132.65658569335938,206.18382263183594,352.0223693847656,215.2373046875,358.4233703613281,436.346435546875,181.50656127929688,320.3349304199219,282.6114501953125,134.65032958984375,320.1307373046875,506.57000732421875,298.506591796875,177.24761962890625,56.810028076171875,492.5799865722656,215.3679656982422,699.36865234375,87.93000030517578,24.9372615814209,88.87499237060547,77.68663024902344,78.5489273071289,40.18680953979492,192.31707763671875,60.89064025878906,74.15908813476562,196.1732177734375,104.70999908447266,194.39149475097656,213.2967987060547,71.20472717285156,88.56755065917969,294.55145263671875,59.67000961303711,45.686553955078125,301.7138977050781,73.8798599243164,309.2239074707031,508.8501892089844,338.88812255859375,134.69129943847656,160.2249298095703,284.1492004394531,27.13533592224121,147.9461669921875,77.08233642578125,95.9461669921875,367.37158203125,492.49261474609375,504.8645935058594,125.0710220336914,940.8497314453125,86.9393539428711,581.6687622070312,148.29306030273438,156.98635864257812,398.5467834472656,6596.75,153.6171875,89.38999938964844,83.63327026367188,91.25625610351562,154.87059020996094,27.004249572753906,87.03575134277344,150.34786987304688,891.29541015625,38.12363815307617,171.4651641845703,154.1199951171875,131.1057586669922,757.91796875,347.4051818847656,356.2909240722656,223.4809112548828,202.48655700683594,45.889400482177734,429.2900085449219,408.6419677734375,94.5997085571289,120.15511322021484,420.0572204589844,27.197370529174805,203.5531768798828,44.12384033203125,154.87274169921875,212.1986541748047,424.3969421386719,241.06756591796875,96.14923095703125,50.619632720947266,307.82183837890625,264.93328857421875,48.937164306640625,237.6908721923828,116.29376220703125,180.84320068359375,157.73934936523438,120.3143310546875
2026-03-18,111.0325927734375,191.20982360839844,248.47999572753906,130.02569580078125,203.3089599609375,349.0361022949219,212.45147705078125,348.845703125,430.9660949707031,177.2108917236328,317.0436096191406,277.9399719238281,127.36573791503906,314.7704772949219,508.4100036621094,292.6611633300781,174.81613159179688,57.28842544555664,484.4700012207031,210.8985595703125,691.0200805664062,84.91000366210938,24.012922286987305,86.483642578125,76.88287353515625,76.89411926269531,39.518856048583984,184.93714904785156,59.867855072021484,72.3846664428711,196.80740356445312,104.54000091552734,190.69703674316406,211.71067810058594,70.95084381103516,85.68867492675781,293.7547302246094,58.52589416503906,44.841060638427734,300.5852966308594,73.37095642089844,306.1157531738281,501.0458068847656,328.4662780761719,132.08367919921875,156.57847595214844,284.99102783203125,26.643218994140625,148.0470428466797,75.48265838623047,93.69163513183594,366.8935546875,487.0299072265625,486.8159484863281,122.85417175292969,919.33349609375,85.73021697998047,567.1095581054688,144.3335418701172,158.08045959472656,390.9432678222656,6482.81982421875,151.83958435058594,87.72000122070312,78.05705261230469,89.48898315429688,151.94140625,26.876358032226562,85.99405670166016,145.613525390625,910.3424072265625,37.746665954589844,171.4949493408203,150.11000061035156,129.98988342285156,743.01025390625,339.85443115234375,354.0179138183594,220.7168426513672,203.71144104003906,45.08362579345703,428.6700134277344,402.695556640625,93.7122802734375,119.69054412841797,405.7723388671875,26.767681121826172,195.4943389892578,43.39157485961914,152.3709259033203,205.5049591064453,425.7339172363281,235.34727478027344,95.2346420288086,50.36447525024414,298.4013671875,257.3483581542969,48.03630065917969,237.5010986328125,114.86599731445312,182.7591552734375,156.52757263183594,116.03292846679688
2026-03-19,111.28154754638672,199.44024658203125,247.64999389648438,127.79192352294922,203.00059509277344,356.7664794921875,211.18338012695312,347.29742431640625,432.48052978515625,179.24102783203125,316.15594482421875,280.6361999511719,130.19586181640625,318.6661376953125,502.17999267578125,293.1979675292969,171.3408660888672,60.507659912109375,481.4800109863281,209.95291137695312,686.0687255859375,85.06999969482422,24.78817367553711,84.48756408691406,76.85309600830078,77.79584503173828,38.372371673583984,181.33694458007812,61.1190299987793,71.2347640991211,199.61172485351562,104.91000366210938,189.3128662109375,210.97250366210938,70.19895935058594,85.27029418945312,289.9700927734375,57.99784469604492,44.254188537597656,291.2469482421875,73.63040161132812,305.5461120605469,498.6506042480469,325.76654052734375,130.7400360107422,157.91351318359375,285.2188720703125,26.721956253051758,150.95932006835938,75.06536102294922,92.67314147949219,362.2324523925781,488.2560119628906,489.4769287109375,121.59437561035156,897.9571533203125,85.39599609375,566.6602172851562,141.97573852539062,157.7025146484375,388.1792297363281,6417.89990234375,154.44143676757812,87.91000366210938,79.74681854248047,90.54539489746094,151.14974975585938,26.96489715576172,85.22023010253906,143.7574920654297,897.9802856445312,37.349857330322266,177.05458068847656,150.6699981689453,130.79690551757812,736.3502197265625,338.4516906738281,354.63604736328125,221.74095153808594,199.89732360839844,47.57058334350586,428.25,402.2236022949219,94.5741195678711,119.55216217041016,433.5340881347656,27.089948654174805,197.6260986328125,43.4212646484375,154.17501831054688,205.47512817382812,422.0722351074219,232.96961975097656,94.95928955078125,50.344844818115234,299.0899353027344,256.5100402832031,47.929744720458984,236.85189819335938,114.65777587890625,181.25022888183594,157.09373474121094,114.68818664550781
2026-03-20,110.83343505859375,195.95211791992188,247.99000549316406,124.75398254394531,204.54244995117188,356.6166687011719,209.0565643310547,345.1932678222656,437.3427734375,173.38597106933594,324.7732238769531,277.5350341796875,126.29945373535156,309.3703918457031,496.2699890136719,293.7646179199219,172.5278778076172,60.148860931396484,480.94000244140625,206.87709045410156,678.3278198242188,82.36000061035156,23.97316551208496,84.112060546875,73.84645080566406,76.94366455078125,38.0533447265625,178.8536834716797,61.63539123535156,70.85807037353516,199.89907836914062,100.43000030517578,188.55606079101562,208.85768127441406,68.10929107666016,85.58906555175781,290.2987976074219,56.697265625,43.52805709838867,286.4329528808594,72.65251159667969,298.61029052734375,492.8921813964844,318.3620910644531,132.02394104003906,157.84376525878906,283.82232666015625,26.170785903930664,149.67596435546875,74.2704849243164,89.5385513305664,351.42620849609375,486.6112365722656,494.6393737792969,118.93806457519531,884.8616333007812,84.69804382324219,559.889892578125,140.4735107421875,160.60690307617188,381.0447082519531,6369.3798828125,148.6419219970703,87.30000305175781,79.06097412109375,91.3747329711914,148.47784423828125,26.532041549682617,84.39679718017578,143.20169067382812,892.3928833007812,36.25862121582031,174.20526123046875,149.80999755859375,129.42198181152344,731.7770385742188,328.1651611328125,354.0179138183594,218.04226684570312,197.33799743652344,46.38679122924805,420.32000732421875,400.6095886230469,91.06916809082031,120.56037902832031,410.221435546875,27.646589279174805,195.08590698242188,43.698333740234375,154.4740447998047,207.34498596191406,409.430908203125,233.70579528808594,94.2708969116211,50.2957763671875,300.9960021972656,257.8872985839844,48.41408157348633,235.77320861816406,111.22716522216797,177.1205291748047,158.5935516357422,114.37178039550781
2026-03-23,111.5504150390625,195.98150634765625,247.44000244140625,126.99768829345703,206.67123413085938,361.3407897949219,212.4914093017578,347.14849853515625,441.29833984375,173.1015625,325.1123352050781,275.2140808105469,130.47315979003906,322.0003967285156,507.2799987792969,300.136962890625,175.43057250976562,62.32159423828125,479.9800109863281,205.45364379882812,699.0697631835938,81.33000183105469,25.29507064819336,84.14170837402344,74.04491424560547,78.10302734375,38.82099533081055,180.7186279296875,61.50629806518555,70.66972351074219,203.34750366210938,102.44999694824219,189.2033233642578,211.77052307128906,69.00765228271484,78.98460388183594,288.0678405761719,57.11775207519531,44.21440124511719,291.17706298828125,75.55622100830078,298.84014892578125,493.59075927734375,328.4365234375,134.7908172607422,156.5884246826172,287.14031982421875,26.13141632080078,150.95034790039062,74.62818145751953,92.4160385131836,344.0859680175781,476.5430603027344,498.68560791015625,119.52401733398438,876.0413818359375,85.6908950805664,576.7658081054688,145.80592346191406,163.44166564941406,382.1722717285156,6530.68994140625,153.2696075439453,88.69999694824219,78.5639877319336,92.31266784667969,149.30911254882812,26.335290908813477,85.8650894165039,142.9138641357422,904.0166625976562,36.6058349609375,175.4859619140625,149.22999572753906,127.87769317626953,735.4315795898438,337.3573913574219,356.72955322265625,215.4870147705078,194.01185607910156,48.993125915527344,432.4800109863281,404.8003845214844,92.79682159423828,121.80582427978516,403.0290832519531,28.08604621887207,200.016845703125,44.39101791381836,155.98907470703125,207.63340759277344,423.9779052734375,237.13796997070312,96.05088806152344,50.56074905395508,303.8101806640625,263.2266845703125,48.99528503417969,241.38636779785156,111.09827423095703,182.38192749023438,160.04371643066406,113.93672943115234
2026-03-24,113.72126770019531,189.63233947753906,239.38999938964844,127.87134552001953,206.22360229492188,373.525634765625,216.65516662597656,345.81854248046875,446.5392150878906,167.0797882080078,326.1695556640625,282.7102355957031,127.76724243164062,317.78704833984375,456.6000061035156,300.2264404296875,171.1956329345703,63.27840042114258,479.3299865722656,206.2798309326172,713.9437866210938,78.58999633789062,25.3149471282959,83.52904510498047,74.75936126708984,80.12446594238281,38.7512092590332,177.64697265625,59.818206787109375,72.16658782958984,204.9131622314453,101.38999938964844,189.3029022216797,215.052490234375,69.60330200195312,71.2046890258789,289.1534118652344,57.37200164794922,44.65206527709961,290.2681884765625,76.40438079833984,289.02606201171875,484.74847412109375,328.4464416503906,134.77093505859375,155.24343872070312,289.6065368652344,25.796775817871094,156.4193572998047,74.19100189208984,91.34810638427734,350.0019836425781,478.3274230957031,497.24053955078125,118.95759582519531,880.9659423828125,85.11091613769531,575.3577880859375,145.9153594970703,164.98336791992188,371.9344177246094,6499.93017578125,146.06988525390625,87.98999786376953,77.52030944824219,89.45936584472656,149.02212524414062,26.52220344543457,87.02582550048828,142.09005737304688,922.494873046875,36.76456069946289,182.79290771484375,142.9600067138672,128.19650268554688,740.5838623046875,341.7247009277344,360.109130859375,214.03538513183594,193.19525146484375,50.246551513671875,415.6199951171875,388.1220703125,94.32588958740234,124.82056427001953,423.917724609375,28.19346809387207,205.5753631591797,44.84620666503906,157.86294555664062,210.1199188232422,429.10626220703125,238.43124389648438,96.8081283569336,51.16920471191406,303.131591796875,266.17083740234375,49.314945220947266,245.3215789794922,112.11952209472656,179.7710723876953,164.2650604248047,114.62886047363281
2026-03-25,112.50639343261719,188.40756225585938,235.4199981689453,127.37494659423828,203.63723754882812,368.88140869140625,215.0076446533203,351.27734375,450.24566650390625,164.04928588867188,320.604248046875,286.50274658203125,128.53607177734375,318.30621337890625,460.1499938964844,298.4767761230469,169.08493041992188,62.41129684448242,476.19000244140625,210.3411102294922,716.3447265625,76.95999908447266,25.5733642578125,84.4776840209961,74.85859680175781,81.08563995361328,39.44906997680664,176.37045288085938,59.37135696411133,71.5519790649414,203.2880401611328,100.05000305175781,186.3652801513672,214.63351440429688,69.51542663574219,72.82840728759766,294.89007568359375,57.166648864746094,45.12952423095703,296.1907958984375,76.44429779052734,289.4158020019531,483.0518798828125,330.0345458984375,133.4671173095703,156.24969482421875,292.59771728515625,25.954254150390625,154.18521118164062,74.76728057861328,91.16022491455078,350.59954833984375,490.78802490234375,501.0575866699219,118.79158020019531,878.7783203125,86.398681640625,588.578857421875,147.28826904296875,164.76454162597656,370.2381286621094,6552.2001953125,145.00730895996094,91.16000366210938,78.22602844238281,92.17444610595703,150.15025329589844,26.83700942993164,88.01791381835938,142.84437561035156,919.481689453125,36.86376190185547,179.98330688476562,143.55999755859375,129.87033081054688,748.3522338867188,344.14215087890625,359.5408935546875,214.31378173828125,194.19110107421875,51.61935806274414,410.1300048828125,385.5547180175781,94.64362335205078,125.45316314697266,412.9255676269531,28.134872436523438,209.21131896972656,44.91547775268555,159.218505859375,210.21939086914062,433.01739501953125,240.08267211914062,96.73928833007812,50.923858642578125,304.2792053222656,268.9952087402344,48.79186248779297,248.018310546875,111.76258087158203,180.60494995117188,162.1593475341797,115.40011596679688
2026-03-26,113.00430297851562,192.4541778564453,239.8300018310547,127.92098999023438,206.0743865966797,338.129638671875,211.15342712402344,350.51312255859375,446.5192565917969,165.66751098632812,322.9181213378906,289.544677734375,122.94451904296875,308.9310607910156,450.4599914550781,297.6318054199219,168.1277313232422,62.152164459228516,475.2699890136719,206.7476806640625,700.55419921875,77.97000122070312,25.1261043548584,83.14366149902344,75.74173736572266,81.41264343261719,39.42913055419922,168.39215087890625,60.33456039428711,70.56067657470703,205.90408325195312,93.69000244140625,187.26150512695312,208.6980743408203,69.10530090332031,69.4813461303711,293.05755615234375,58.193416595458984,44.87090301513672,284.8848876953125,75.43647766113281,280.5711364746094,479.3592834472656,325.9848937988281,134.2533721923828,155.38291931152344,288.87359619140625,25.855831146240234,144.9280242919922,74.21087646484375,90.09229278564453,347.93035888671875,493.9280700683594,499.05438232421875,119.28964233398438,862.606201171875,86.18241119384766,579.2821655273438,143.24916076660156,162.35748291015625,365.1790771484375,6530.22021484375,141.819580078125,92.2699966430664,76.97362518310547,92.40151977539062,149.25962829589844,27.122299194335938,88.23617553710938,141.3555908203125,899.4270629882812,37.24073028564453,182.68370056152344,144.00999450683594,130.0596160888672,755.6014404296875,331.91571044921875,353.72882080078125,216.02392578125,192.05003356933594,52.037166595458984,401.95001220703125,389.3019104003906,94.862060546875,124.20773315429688,378.5201110839844,28.24229621887207,202.41757202148438,44.49987030029297,157.0555877685547,210.44813537597656,406.2082214355469,237.9537353515625,95.88370513916016,50.62944412231445,304.8979187011719,266.01116943359375,49.150272369384766,245.24168395996094,113.0515365600586,179.24493408203125,164.31471252441406,115.32100677490234
2026-03-27,109.77787780761719,188.71131896972656,229.83999633789062,129.16197204589844,201.64772033691406,336.7513732910156,208.92677307128906,346.156005859375,435.22052001953125,166.25596618652344,312.834716796875,288.5767822265625,123.43378448486328,300.2048645019531,429.94000244140625,290.5535888671875,162.07814025878906,63.00929641723633,468.489990234375,205.6328125,692.7933959960938,78.58999633789062,24.042739868164062,83.2918930053711,75.6226577758789,79.19300842285156,39.548763275146484,165.2606658935547,59.31177520751953,69.47025299072266,209.23358154296875,94.05000305175781,181.14419555664062,206.09446716308594,68.6463623046875,66.97105407714844,285.2294006347656,57.450233459472656,44.71175003051758,282.4579162597656,72.82215118408203,273.5953369140625,470.9062194824219,319.25537109375,131.6955108642578,152.10508728027344,280.13787841796875,26.04448699951172,144.1370391845703,75.22432708740234,89.24189758300781,341.615966796875,489.5718688964844,482.6002502441406,117.74664306640625,859.2099609375,86.36080169677734,570.125244140625,142.3040313720703,157.54336547851562,355.9989318847656,6450.759765625,138.69142150878906,90.11000061035156,75.49259185791016,90.51577758789062,151.4466094970703,26.600906372070312,86.32144927978516,141.6434326171875,886.4364013671875,37.349857330322266,186.9229278564453,137.61000061035156,126.64225006103516,736.6098022460938,327.0206604003906,350.4190368652344,214.5921630859375,188.9230499267578,53.2209587097168,380.4700012207031,383.4404296875,95.19964599609375,121.10401916503906,379.7991943359375,28.41807746887207,201.3616485595703,44.0644645690918,154.61358642578125,209.68231201171875,409.30120849609375,237.5557861328125,93.22846984863281,49.90322494506836,294.9085998535156,260.94122314453125,48.733741760253906,240.81707763671875,113.3886489868164,174.01332092285156,169.8372344970703,112.07781982421875
2026-03-30,111.54045867919922,193.56137084960938,235.67999267578125,130.1746063232422,206.18382263183594,322.71881103515625,208.0580596923828,346.38427734375,436.8346252441406,167.0797882080078,323.2073669433594,287.9545593261719,118.97051239013672,292.94635009765625,415.07000732421875,295.742919921875,164.28738403320312,60.47776412963867,474.6600036621094,205.36404418945312,664.92822265625,79.68000030517578,23.814138412475586,84.71483612060547,76.61495208740234,76.3392105102539,39.648460388183594,168.20265197753906,60.63246154785156,69.52972412109375,208.79759216308594,94.97000122070312,183.50929260253906,202.31373596191406,70.15013122558594,67.71817016601562,283.6358947753906,57.977752685546875,44.8808479309082,272.9098205566406,72.60263061523438,272.9757385253906,466.8942565917969,321.09161376953125,133.80551147460938,156.35928344726562,281.0589904785156,26.26293182373047,138.08175659179688,75.78073120117188,83.93187713623047,338.558349609375,497.68621826171875,492.32720947265625,118.86970520019531,859.2399291992188,84.97332000732422,572.7515258789062,141.78671264648438,157.52346801757812,358.1842041015625,6499.33984375,137.83738708496094,92.11000061035156,75.87030792236328,91.93749237060547,155.18727111816406,27.31905174255371,87.53179168701172,143.63839721679688,859.5371704101562,37.71690368652344,183.4779510498047,139.66000366210938,126.60240173339844,748.1724853515625,325.80364990234375,347.438232421875,220.4086151123047,186.3736572265625,51.261234283447266,383.1400146484375,394.1534423828125,95.89468383789062,121.99361419677734,362.1717529296875,28.10557746887207,197.87513732910156,44.173316955566406,155.28138732910156,212.78546142578125,403.0154724121094,237.99351501464844,93.3759765625,49.93266677856445,298.9203186035156,266.4103698730469,48.724056243896484,237.08160400390625,114.35041046142578,175.55203247070312,170.31399536132812,115.02437591552734
2026-03-31,113.76119232177734,194.2864227294922,239.39999389648438,130.13490295410156,206.25344848632812,341.3656311035156,214.03909301757812,349.21295166015625,442.78289794921875,169.25704956054688,321.93072509765625,286.89776611328125,126.15966796875,309.02093505859375,424.69000244140625,300.70361328125,167.990478515625,60.846527099609375,479.20001220703125,210.3411102294922,705.8045043945312,81.30999755859375,25.722450256347656,84.22076416015625,76.98210144042969,76.88420867919922,40.92454528808594,168.6813507080078,60.92042922973633,71.19510650634766,205.02215576171875,100.08999633789062,189.2074737548828,207.93992614746094,71.45861053466797,71.49356079101562,291.5636291503906,58.541893005371094,46.1540641784668,283.4167175292969,74.33885955810547,286.68743896484375,472.2934265136719,326.4414978027344,134.59176635742188,156.69802856445312,291.3497314453125,26.143779754638672,147.05331420898438,75.56214904785156,85.86997985839844,343.75726318359375,494.1972351074219,497.96807861328125,119.26033782958984,864.4042358398438,85.87518310546875,587.8399658203125,144.48277282714844,163.69033813476562,369.3699951171875,6589.830078125,146.08975219726562,92.30999755859375,76.61579132080078,90.9501953125,153.67318725585938,27.6240177154541,89.39691162109375,143.36048889160156,893.2210693359375,37.895469665527344,180.8668975830078,142.49000549316406,128.3061065673828,771.4877319335938,343.1512145996094,357.7763366699219,217.76388549804688,192.0998077392578,51.12196350097656,396.4800109863281,401.4684753417969,96.4804916381836,125.09732818603516,391.4808654785156,28.31065559387207,208.2151641845703,45.48941421508789,159.1786346435547,208.8965606689453,415.79644775390625,241.36599731445312,96.74911499023438,51.568660736083984,301.6147155761719,271.75970458984375,48.62718963623047,249.60638427734375,114.78667449951172,181.00204467773438,168.51620483398438,116.8832778930664
2026-04-01,114.32011413574219,193.08126831054688,237.8699951171875,130.72064208984375,203.03042602539062,353.3606872558594,218.30270385742188,350.6322021484375,435.0810546875,167.72708129882812,320.4945068359375,287.6431579589844,127.50762939453125,312.99462890625,423.57000732421875,299.6796875,166.96266174316406,60.13889694213867,478.5,211.55947875976562,727.58251953125,80.83000183105469,26.418190002441406,84.39862823486328,77.3194808959961,77.22112274169922,41.3133544921875,171.573486328125,60.82113265991211,71.8592758178711,195.61830139160156,100.91000366210938,190.39500427246094,206.79275512695312,71.84920501708984,70.4376449584961,297.2903137207031,58.93777847290039,46.38284683227539,292.31561279296875,74.87769317626953,294.7226257324219,473.8004150390625,327.1064758300781,134.01451110839844,157.4950714111328,292.5580749511719,25.5083065032959,151.79025268554688,75.59195709228516,84.48562622070312,352.48193359375,492.2733154296875,489.98516845703125,119.6802749633789,871.3565673828125,85.29045867919922,598.0653076171875,144.50267028808594,165.28176879882812,368.57171630859375,6664.18994140625,144.22279357910156,92.0999984741211,76.98355865478516,89.75556182861328,153.0398406982422,28.086383819580078,89.36714935302734,143.0131072998047,918.6934814453125,38.06411361694336,174.37403869628906,142.52000427246094,126.8116226196289,776.0908203125,352.14923095703125,367.78546142578125,219.384521484375,193.91226196289062,49.76905822753906,396.739990234375,401.30804443359375,96.71879577636719,127.61479949951172,422.8185119628906,27.646589279174805,210.85496520996094,46.221675872802734,161.5010223388672,203.1477508544922,427.1706848144531,241.86341857910156,96.28691101074219,52.30238342285156,297.8924560546875,279.5741882324219,47.842567443847656,255.7189483642578,115.18327331542969,179.0563201904297,159.69607543945312,115.97360229492188
2026-04-02,115.25830841064453,197.2650604248047,238.0800018310547,131.72335815429688,205.945068359375,348.0373229980469,217.9632110595703,345.3322448730469,432.3609924316406,170.3848876953125,322.289794921875,291.7377014160156,127.80718231201172,314.0529479980469,412.80999755859375,299.36053466796875,167.3516845703125,60.17876434326172,477.3500061035156,213.58506774902344,714.5315551757812,84.77999877929688,25.483911514282227,84.13182067871094,77.97439575195312,78.7254867553711,41.09402847290039,173.86724853515625,62.10210037231445,72.85057830810547,197.1641387939453,98.30999755859375,190.7243194580078,204.87745666503906,71.73202514648438,68.85377502441406,299.521240234375,59.6503791809082,46.05459213256836,280.8099670410156,72.38310241699219,294.2828674316406,470.896240234375,319.23553466796875,135.5472412109375,162.37692260742188,291.7855224609375,25.130992889404297,151.4906463623047,76.22785186767578,85.52389526367188,354.5635070800781,501.01568603515625,491.7691345214844,121.95570373535156,883.3033447265625,85.85536193847656,596.3278198242188,143.7266845703125,164.92369079589844,372.6528625488281,6663.14013671875,145.36480712890625,91.41999816894531,77.3910903930664,90.5355224609375,155.37527465820312,27.86012077331543,89.3869857788086,142.05035400390625,906.0121459960938,38.33196258544922,174.93994140625,142.64999389648438,126.3333969116211,760.7138061523438,347.17138671875,363.8974304199219,222.54031372070312,195.39608764648438,49.182132720947266,395.95001220703125,406.96185302734375,98.49608612060547,128.16207885742188,429.0540466308594,27.666122436523438,208.26498413085938,46.66697311401367,160.76344299316406,200.31312561035156,426.10308837890625,243.44520568847656,96.55243682861328,52.50068664550781,300.17767333984375,279.3246765136719,47.852256774902344,253.6015167236328,116.58130645751953,178.8577880859375,159.60667419433594,116.6163101196289
2026-04-06,114.6195297241211,194.93310546875,237.72000122070312,131.40567016601562,207.26809692382812,352.1821594238281,218.093017578125,340.00250244140625,428.8338623046875,172.7484893798828,325.31182861328125,292.30419921875,126.29945373535156,313.9331359863281,413.07000732421875,304.8953857421875,175.74818420410156,60.49769592285156,476.3800048828125,212.1581573486328,718.5365600585938,86.56999969482422,25.81190299987793,83.52904510498047,77.726318359375,80.14019775390625,41.353233337402344,171.2244415283203,61.913429260253906,72.64240264892578,197.0551300048828,101.63999938964844,191.7222442626953,206.97230529785156,71.85896301269531,70.63688659667969,301.3836669921875,59.442535400390625,45.62687301635742,288.3305969238281,73.27117919921875,297.48095703125,482.95208740234375,324.2181396484375,135.77615356445312,165.77430725097656,294.125,25.51823616027832,153.80967712402344,76.72463989257812,87.58065795898438,357.2825012207031,497.8955383300781,499.80181884765625,121.8971176147461,855.82373046875,85.50849151611328,597.6259765625,143.75653076171875,165.6597442626953,372.0741271972656,6715.4501953125,144.53062438964844,92.12999725341797,77.63958740234375,90.6836166381836,155.0981903076172,27.378076553344727,90.38899993896484,141.70297241210938,910.0430297851562,38.41132354736328,176.05186462402344,144.36000061035156,125.267333984375,761.9019775390625,357.71563720703125,366.0508117675781,220.21710205078125,197.5869598388672,49.520362854003906,397.07000732421875,409.7463073730469,97.31453704833984,129.5551300048828,452.9770202636719,27.656356811523438,208.92242431640625,47.14195251464844,161.29171752929688,197.53819274902344,429.9144592285156,244.27090454101562,95.54934692382812,52.98652648925781,302.70245361328125,281.07122802734375,47.61008834838867,253.72137451171875,115.738525390625,181.2899169921875,162.2686004638672,116.9327163696289
2026-04-07,113.661376953125,193.31642150878906,234.9600067138672,131.96163940429688,209.42672729492188,353.8700866699219,217.4240264892578,337.4517517089844,430.4878234863281,170.7281494140625,321.6215515136719,290.58489990234375,128.18661499023438,333.4422607421875,372.8699951171875,306.19183349609375,172.97515869140625,61.04586410522461,478.0799865722656,212.30784606933594,721.7245483398438,84.91000366210938,25.04659080505371,82.14562225341797,77.98431396484375,80.37930297851562,41.29341506958008,169.81825256347656,61.059452056884766,77.5394287109375,199.71080017089844,100.26000213623047,190.6145477294922,207.0321502685547,71.75816345214844,68.90357971191406,310.5662841796875,59.59099197387695,45.39809036254883,288.24072265625,72.60263061523438,303.7471923828125,488.6007385253906,316.3968200683594,135.1192626953125,165.6846466064453,296.0662536621094,25.28986167907715,154.68756103515625,75.42304992675781,84.66361999511719,352.5715637207031,493.0309143066406,496.59271240234375,121.38929748535156,855.6738891601562,85.6472396850586,593.5817260742188,143.6072998046875,167.52969360351562,371.48541259765625,6492.240234375,142.1770782470703,91.36000061035156,77.36127471923828,90.44666290283203,151.61485290527344,26.659931182861328,90.33939361572266,140.24395751953125,910.9110107421875,38.550209045410156,173.44081115722656,143.9199981689453,123.61344146728516,759.1361694335938,348.6777038574219,368.23406982421875,219.73849487304688,197.09898376464844,50.08738708496094,397.8999938964844,405.923583984375,97.76133728027344,130.56015014648438,468.3860168457031,27.382917404174805,210.16761779785156,47.32997131347656,157.0655517578125,199.457763671875,430.87225341796875,244.8379669189453,95.95254516601562,53.24432373046875,301.924072265625,277.2987060546875,47.0966911315918,255.73890686035156,115.94673919677734,178.61952209472656,162.8049774169922,115.48910522460938
2026-04-08,116.69554138183594,189.92626953125,240.64999389648438,133.73873901367188,210.9586639404297,385.2410888671875,230.14495849609375,347.188232421875,451.4512634277344,172.7877197265625,328.8923645019531,294.77880859375,135.1161651611328,350.0759582519531,391.5299987792969,315.4764099121094,180.54611206054688,62.94949722290039,479.75,214.6627197265625,768.6878662109375,85.5199966430664,27.859363555908203,84.53697204589844,78.21253967285156,83.38804626464844,42.01121520996094,174.11656188964844,60.57288360595703,78.1044692993164,191.13931274414062,106.3499984741211,195.78382873535156,216.15977478027344,73.47774505615234,71.16484069824219,316.94036865234375,60.1749267578125,47.92462921142578,307.6764831542969,76.57401275634766,314.5506896972656,504.10968017578125,333.6573486328125,138.24444580078125,167.16912841796875,306.5888366699219,25.657245635986328,167.02081298828125,76.79419708251953,87.6399917602539,360.5093994140625,498.9023742675781,505.4028015136719,123.13737487792969,870.2177734375,87.8572998046875,623.4690551757812,148.40249633789062,175.07913208007812,373.52099609375,6755.5,142.66368103027344,93.05999755859375,79.07091522216797,88.74850463867188,153.18829345703125,27.023921966552734,93.45454406738281,143.81704711914062,963.871337890625,38.83789825439453,166.7891082763672,144.32000732421875,127.04077911376953,774.3734130859375,374.484619140625,388.7707214355469,215.87974548339844,202.63592529296875,51.60940933227539,410.1600036621094,412.43634033203125,98.17835998535156,135.45578002929688,495.9463806152344,26.709087371826172,222.1712188720703,48.77470397949219,161.1123046875,196.56349182128906,448.4523620605469,247.8224639892578,98.78479766845703,54.890235900878906,308.32080078125,291.9994812011719,46.53486251831055,269.3323974609375,116.28385162353516,186.16416931152344,155.16680908203125,118.40599060058594
2026-04-09,115.1684799194336,183.81971740722656,225.1300048828125,136.1611328125,213.3958282470703,397.3160705566406,233.1404571533203,352.9348449707031,451.2519836425781,176.46551513671875,324.5438232421875,295.90185546875,137.47259521484375,354.34918212890625,351.3299865722656,316.9024963378906,176.15716552734375,63.2086296081543,485.20001220703125,215.33126831054688,784.1197509765625,86.56999969482422,27.68045997619629,85.02117156982422,79.32391357421875,82.86002349853516,42.36014938354492,173.67776489257812,58.785484313964844,78.1540298461914,188.6322784423828,109.7699966430664,192.5904541015625,217.78578186035156,74.93050384521484,73.0077133178711,315.58587646484375,59.83842086791992,48.839752197265625,312.6302795410156,76.56404113769531,316.1797180175781,506.175537109375,337.0518798828125,139.73736572265625,161.37066650390625,308.938232421875,26.233142852783203,172.50582885742188,77.67848205566406,87.9366455078125,356.5255432128906,501.7134704589844,502.7272644042969,122.67838287353516,872.46533203125,87.1239242553711,624.607421875,149.7256622314453,177.2076873779297,372.26373291015625,6798.75,137.38204956054688,94.4000015258789,80.76067352294922,86.7442855834961,155.8502960205078,26.777982711791992,91.58942413330078,145.56390380859375,980.7731323242188,39.492637634277344,159.9090576171875,139.19000244140625,127.27989959716797,766.704833984375,384.2008972167969,393.685546875,216.3683319091797,202.34713745117188,52.265968322753906,404.9200134277344,400.5057373046875,99.04218292236328,137.80409240722656,500.4131774902344,26.21103858947754,227.74966430664062,49.95226287841797,164.46133422851562,196.4739532470703,459.0682678222656,249.85191345214844,99.955078125,55.85200881958008,307.6522216796875,292.4385986328125,46.28300857543945,270.61083984375,117.77111053466797,189.91664123535156,153.99476623535156,118.64330291748047
2026-04-10,114.839111328125,177.39694213867188,218.4499969482422,135.31727600097656,209.8843231201172,398.9939880371094,234.55833435058594,348.3891296386719,444.7158508300781,175.8378448486328,311.7475891113281,296.8658447265625,140.53797912597656,370.9628601074219,345.94000244140625,312.6441650390625,173.02503967285156,62.62059783935547,479.8999938964844,215.05186462402344,787.6963500976562,86.29000091552734,27.809667587280273,83.34129333496094,78.76822662353516,81.91356658935547,42.11091232299805,174.4556427001953,57.51444625854492,78.6397705078125,186.83871459960938,107.86000061035156,189.2174530029297,216.58871459960938,74.83168029785156,72.39009857177734,310.26751708984375,60.51143264770508,48.90938186645508,307.96612548828125,76.25470733642578,315.53009033203125,494.4789733886719,334.8285827636719,136.58233642578125,160.0057373046875,308.4803161621094,26.382081985473633,173.5065460205078,76.97303771972656,87.9761962890625,352.1632080078125,501.5639343261719,497.82550048828125,123.43035125732422,864.6439208984375,86.43017578125,630.6288452148438,149.5465850830078,176.69046020507812,370.0684814453125,6750.0400390625,137.6112518310547,93.01000213623047,79.46849822998047,84.48336791992188,155.4247589111328,26.48285484313965,91.07353973388672,144.0751190185547,982.0103149414062,39.33391189575195,158.1021728515625,133.44000244140625,127.58875274658203,747.753173828125,378.9437255859375,394.78216552734375,214.03514099121094,200.72389221191406,51.649200439453125,392.239990234375,392.105224609375,98.11878204345703,138.72947692871094,502.7715148925781,26.11038589477539,228.89523315429688,49.08146286010742,161.0724334716797,194.6538543701172,464.65557861328125,249.21522521972656,100.01407623291016,55.18769073486328,303.7303161621094,294.89373779296875,45.268306732177734,266.95526123046875,116.54164123535156,187.7525177001953,151.4818115234375,116.5372085571289
2026-04-13,117.27442932128906,189.66937255859375,227.13999938964844,133.49053955078125,213.96282958984375,395.2386779785156,234.11898803710938,347.1981506347656,453.40411376953125,177.45606994628906,324.5438232421875,296.80621337890625,145.05117797851562,379.1499328613281,359.6300048828125,322.9360046386719,176.80552673339844,62.351497650146484,480.19000244140625,213.7147674560547,788.7622680664062,87.08000183105469,27.58106803894043,82.98556518554688,77.84539031982422,82.04307556152344,42.22057342529297,175.20361328125,60.106170654296875,77.41055297851562,190.03939819335938,108.13999938964844,195.4644775390625,218.7035369873047,71.54074096679688,74.26286315917969,314.78912353515625,60.15513229370117,45.55724334716797,311.5116882324219,76.66382598876953,319.01800537109375,496.42510986328125,338.6201477050781,138.41366577148438,163.70201110839844,312.2732238769531,25.855831146240234,176.6525421142578,75.91984558105469,88.78703308105469,356.5056457519531,507.2658996582031,507.7288818359375,122.94205474853516,863.6151123046875,87.2131118774414,634.3834228515625,152.00387573242188,180.1717529296875,383.539306640625,6781.68994140625,155.08047485351562,94.01000213623047,81.27754211425781,88.18574523925781,154.25704956054688,26.896034240722656,92.8096923828125,142.5069122314453,987.2584838867188,39.18510437011719,159.24388122558594,134.2100067138672,130.75706481933594,745.3468017578125,376.060791015625,406.52593994140625,212.85858154296875,200.57452392578125,51.649200439453125,417.7699890136719,405.9424743652344,95.54716491699219,140.9185791015625,512.914306640625,25.271617889404297,233.42770385742188,49.48717498779297,158.80984497070312,191.39154052734375,471.8692321777344,250.04092407226562,100.32877349853516,56.03047561645508,308.74993896484375,296.5604248046875,44.658695220947266,268.713134765625,115.33200073242188,192.1105499267578,151.61094665527344,118.73229217529297
2026-04-14,120.15888214111328,188.10813903808594,228.58999633789062,134.48333740234375,213.75393676757812,395.1487731933594,234.0091552734375,348.3197021484375,460.30889892578125,174.74197387695312,322.1700744628906,294.7987060546875,148.4959716796875,380.17828369140625,380.8599853515625,326.0674133300781,180.6658172607422,61.285064697265625,477.5400085449219,214.4831085205078,791.2728881835938,86.2699966430664,28.515344619750977,83.1634292602539,78.21253967285156,82.30210876464844,42.38008499145508,175.66236877441406,59.619606018066406,76.94464874267578,185.32260131835938,107.80999755859375,198.19882202148438,217.9453887939453,71.52098083496094,76.12565612792969,312.08013916015625,60.72917175292969,44.38349914550781,317.6040954589844,79.28813171386719,330.38116455078125,497.66259765625,340.1585693359375,138.1150665283203,161.44039916992188,309.7247009277344,25.83597183227539,179.36207580566406,75.4131088256836,87.83776092529297,354.1252746582031,498.0749816894531,512.3012084960938,123.38151550292969,861.8370361328125,87.33204650878906,629.8998413085938,151.76510620117188,182.3599853515625,392.2604064941406,6843.7099609375,162.4348907470703,93.5199966430664,81.4067611694336,87.72171020507812,154.0987091064453,26.669769287109375,93.39501953125,143.3009490966797,982.7786254882812,39.29423141479492,157.61570739746094,133.64999389648438,132.35116577148438,754.3832397460938,372.0904846191406,404.0236511230469,211.11366271972656,201.9687042236328,51.22144317626953,418.79998779296875,401.37408447265625,95.4776611328125,141.07778930664062,533.0599365234375,25.28148651123047,235.9678955078125,49.0121955871582,159.75674438476562,188.9746551513672,469.5046081542969,250.7373046875,101.5088882446289,55.61404037475586,310.725830078125,296.2709655761719,44.71769332885742,267.96405029296875,115.5104751586914,192.42820739746094,148.23387145996094,119.750732421875
2026-04-15,119.54006958007812,191.6950225830078,239.32000732421875,133.42103576660156,217.0863800048828,393.7704772949219,229.7555389404297,345.6101379394531,466.4465026855469,175.31649780273438,327.2167663574219,293.387451171875,146.7585906982422,396.0931091308594,402.17999267578125,328.1617126464844,185.224365234375,59.86979675292969,474.0899963378906,211.36988830566406,767.2830810546875,85.62999725341797,28.644554138183594,82.5013656616211,76.88287353515625,82.05303955078125,41.971336364746094,175.98150634765625,59.9671516418457,74.3375244140625,183.23175048828125,108.87000274658203,197.7297821044922,214.9327850341797,70.512939453125,76.30496215820312,309.9189147949219,60.6697883605957,44.16466522216797,313.5391540527344,77.61176300048828,334.2688293457031,487.6027526855469,336.38690185546875,138.0951690673828,164.45921325683594,304.5579833984375,25.816112518310547,174.58816528320312,74.82688903808594,87.45211791992188,354.48382568359375,496.370361328125,519.08984375,122.76862335205078,862.4663696289062,86.32115936279297,616.0596313476562,150.46185302734375,190.59573364257812,410.3312683105469,6767.2099609375,169.22128295898438,93.5999984741211,80.5121841430664,89.11380767822266,153.23777770996094,26.748470306396484,93.93074798583984,142.30841064453125,961.5865478515625,39.04622268676758,160.27639770507812,136.5800018310547,132.56039428710938,752.8056030273438,368.4593505859375,396.1778564453125,210.25616455078125,197.56704711914062,52.14659118652344,438.45001220703125,406.4143981933594,94.79255676269531,142.0330352783203,519.229736328125,25.123598098754883,233.24839782714844,49.07156753540039,159.70689392089844,189.16363525390625,461.5127258300781,246.748046875,101.85308074951172,55.891666412353516,315.2564392089844,290.672119140625,44.27523422241211,257.06732177734375,113.8744888305664,191.46527099609375,148.0054168701172,119.4046630859375
2026-04-16,118.02298736572266,191.6950225830078,243.16000366210938,133.58981323242188,212.7492218017578,389.4158935546875,229.89532470703125,346.7713928222656,457.30987548828125,176.91127014160156,334.4576721191406,295.4049377441406,148.73561096191406,397.8403625488281,393.0799865722656,324.8707275390625,184.09718322753906,60.39802932739258,475.1199951171875,212.6371307373047,769.7637939453125,86.87000274658203,27.14374542236328,82.62982940673828,77.50801849365234,84.18506622314453,42.58944320678711,177.03863525390625,60.106170654296875,76.12186431884766,186.4423370361328,108.33000183105469,193.37881469726562,213.64593505859375,70.760009765625,75.04981231689453,314.5401306152344,59.86811828613281,44.48297119140625,297.91864013671875,77.88118743896484,332.56982421875,482.0039978027344,334.6399841308594,137.62738037109375,163.1440887451172,308.5599670410156,25.855831146240234,173.26385498046875,74.6977310180664,87.80809020996094,351.98394775390625,497.6463317871094,517.6721801757812,121.69109344482422,866.382080078125,84.8841323852539,607.1123657226562,149.77540588378906,186.3187255859375,419.35174560546875,6703.58984375,177.72171020507812,92.70999908447266,80.20404815673828,90.9600601196289,156.73101806640625,26.777982711791992,93.23628997802734,142.04043579101562,954.841796875,39.02638244628906,162.15277099609375,138.27000427246094,133.9751739501953,744.887451171875,368.7985534667969,401.57122802734375,209.04969787597656,195.03758239746094,51.46018981933594,441.1499938964844,412.27587890625,95.11029052734375,141.1971893310547,531.4310913085938,26.051177978515625,235.56942749023438,48.91324234008789,156.96588134765625,196.0562286376953,459.2279052734375,249.7723388671875,103.3183822631836,55.00921630859375,314.4481201171875,285.2129821777344,45.99590301513672,255.18959045410156,115.44107055664062,190.1052703857422,150.9553985595703,117.70396423339844
2026-04-17,121.63603973388672,195.30165100097656,242.02000427246094,132.69630432128906,215.02723693847656,396.4471435546875,235.90631103515625,352.6370544433594,454.53997802734375,180.63571166992188,330.9269714355469,290.0084533691406,150.8324432373047,405.8976135253906,402.8500061035156,330.7845153808594,191.52850341796875,59.58076095581055,474.5799865722656,213.5251922607422,791.67138671875,88.70999908447266,29.042118072509766,84.79389190673828,77.15078735351562,85.92854309082031,43.1876106262207,178.6841583251953,60.87078094482422,76.62743377685547,182.32009887695312,112.5,194.3468017578125,218.53395080566406,69.91998291015625,75.90650177001953,321.7408142089844,62.03559875488281,45.537349700927734,303.7513732910156,81.14411163330078,339.19586181640625,487.02392578125,346.79876708984375,139.1800079345703,160.64337158203125,308.8984375,26.342365264892578,178.91563415527344,75.25413513183594,91.75352478027344,348.9363098144531,490.6783752441406,520.4276123046875,126.47570037841797,865.423095703125,85.41930389404297,621.1323852539062,153.75482177734375,187.8107147216797,421.87628173828125,7000.919921875,174.4530792236328,93.70999908447266,80.93959045410156,90.79222106933594,156.02841186523438,27.11246109008789,95.40895080566406,145.83187866210938,986.570068359375,38.70893478393555,155.24293518066406,139.74000549316406,135.69879150390625,749.4506225585938,385.9366455078125,414.4515075683594,207.05552673339844,195.60520935058594,52.38534164428711,449.5799865722656,417.73150634765625,93.35284423828125,144.70970153808594,547.3597412109375,26.159725189208984,245.19223022460938,50.041324615478516,160.15542602539062,196.60325622558594,475.03204345703125,249.8419647216797,104.67550659179688,56.44691467285156,316.3641357421875,291.1311950683594,45.76975631713867,263.0500183105469,114.88582611083984,198.02880859375,145.45274353027344,121.0064697265625
2026-04-20,120.727783203125,192.74241638183594,245.30999755859375,132.3190460205078,214.0225067138672,391.1337585449219,236.46548461914062,347.5356140136719,454.9285583496094,179.9423370361328,331.07659912109375,294.3216552734375,152.57980346679688,398.9985046386719,403.75,328.969482421875,191.5484619140625,58.97279357910156,472.0799865722656,210.72128295898438,796.921630859375,87.55999755859375,28.833396911621094,83.05386352539062,76.4462661743164,87.38310241699219,43.576416015625,178.20545959472656,59.83806228637695,75.9136962890625,181.58680725097656,111.05999755859375,195.0952606201172,221.3570098876953,69.7519760131836,77.5501480102539,318.0657653808594,62.777889251708984,45.318519592285156,303.2220458984375,80.36579895019531,335.1982727050781,477.1736755371094,348.376953125,138.28427124023438,160.0157012939453,315.5683898925781,26.312576293945312,180.3018798828125,74.99580383300781,93.06867218017578,347.1634826660156,496.5797119140625,515.785400390625,127.98818969726562,858.0911865234375,84.23993682861328,626.4547729492188,150.6210174560547,189.68064880371094,417.1664733886719,7096.97021484375,176.96435546875,92.83000183105469,80.24381256103516,91.90786743164062,155.35549926757812,27.07311248779297,95.42880249023438,143.41012573242188,994.1928100585938,38.42124557495117,154.6273956298828,140.75,137.01394653320312,748.2922973632812,388.5701904296875,412.4277648925781,207.8432159423828,194.97781372070312,51.92774200439453,460.95001220703125,417.8919677734375,92.7173843383789,149.43617248535156,539.3654174804688,25.83408546447754,246.70639038085938,50.308502197265625,159.16867065429688,197.28953552246094,476.15948486328125,250.8765869140625,105.33439636230469,56.516319274902344,313.29052734375,294.18511962890625,45.66160202026367,263.93896484375,114.16202545166016,201.34771728515625,146.6843719482422,121.87045288085938
2026-04-21,121.8556137084961,192.1100311279297,245.47999572753906,130.93905639648438,215.20628356933594,393.8403625488281,233.1903839111328,342.2752990722656,459.4022216796875,173.10757446289062,334.437744140625,292.9601135253906,151.7011260986328,401.5345153808594,404.9200134277344,328.88970947265625,190.3813934326172,60.0491943359375,468.5,204.47488403320312,798.9678344726562,84.91999816894531,27.19344139099121,81.34366607666016,74.99751281738281,89.36568450927734,43.237457275390625,175.78204345703125,60.0267333984375,76.68690490722656,184.2920379638672,110.16999816894531,194.13723754882812,219.74098205566406,68.91195678710938,75.56781768798828,326.7803039550781,61.21413040161133,45.4577751159668,286.373046875,78.87902069091797,330.271240234375,470.237548828125,341.3595886230469,138.49327087402344,158.04302978515625,311.5962829589844,26.253002166748047,178.30941772460938,74.2208023071289,93.75096130371094,338.9268493652344,493.2801513671875,510.4942626953125,124.30087280273438,841.3197631835938,81.26676177978516,613.6130981445312,147.7061004638672,188.29808044433594,423.2433166503906,6933.5,180.54190063476562,93.80999755859375,78.39501190185547,92.4903793334961,153.30703735351562,26.866519927978516,94.97244262695312,141.25634765625,970.4963989257812,37.90538787841797,158.2312469482422,140.92999267578125,135.0611572265625,746.2454223632812,385.826904296875,408.7790222167969,204.702392578125,186.39358520507812,52.49476623535156,467.5799865722656,419.7136535644531,92.48902130126953,152.8094024658203,559.5010986328125,25.538049697875977,242.24362182617188,50.536094665527344,158.7301025390625,194.3355712890625,478.03521728515625,249.95140075683594,104.54766082763672,56.3576774597168,309.2987976074219,290.1431884765625,45.49445343017578,257.3170166015625,112.61528015136719,201.6068572998047,147.35980224609375,117.36187744140625
2026-04-22,120.23873138427734,187.8413543701172,247.57000732421875,130.67100524902344,213.03770446777344,402.9790344238281,230.11500549316406,343.327392578125,466.8052062988281,174.64291381835938,325.9999694824219,294.92791748046875,147.9068603515625,421.98211669921875,403.1499938964844,331.9912109375,178.9501190185547,62.331565856933594,465.3999938964844,200.1143798828125,807.3722534179688,86.01000213623047,26.775999069213867,81.8805923461914,74.40213775634766,89.46531677246094,43.048038482666016,174.18638610839844,58.398216247558594,75.76499938964844,184.6289520263672,107.69000244140625,183.6589813232422,215.6410369873047,68.56605529785156,76.36473846435547,326.8699645996094,61.065677642822266,44.57249450683594,275.946044921875,78.82913208007812,337.5268859863281,470.3972473144531,336.9725036621094,137.4581756591797,158.23233032226562,311.6161804199219,26.352294921875,180.97500610351562,74.15125274658203,93.89012908935547,330.32171630859375,493.0608215332031,509.3062438964844,123.1640396118164,828.3141479492188,82.47586059570312,609.7686157226562,145.02993774414062,190.02879333496094,431.984375,6610.77001953125,186.84996032714844,93.91999816894531,77.41096496582031,92.2435531616211,152.1887969970703,26.364803314208984,96.65898132324219,141.78237915039062,952.277587890625,37.478816986083984,159.49208068847656,140.60000610351562,135.5692901611328,745.4666137695312,374.3749084472656,405.7682800292969,204.69241333007812,180.15956115722656,54.066524505615234,477.260009765625,423.8572692871094,91.72447967529297,151.6451873779297,579.4668579101562,25.636728286743164,220.18887329101562,50.41735076904297,157.95265197753906,187.90048217773438,476.109619140625,248.1109619140625,103.55440521240234,56.119712829589844,310.64599609375,289.53436279296875,45.209312438964844,261.2022705078125,112.4169692993164,196.63345336914062,148.4921112060547,116.7064437866211
2026-04-23,114.2003402709961,176.1617889404297,231.97999572753906,134.10606384277344,215.4251251220703,403.40850830078125,234.648193359375,346.00714111328125,457.9574890136719,177.3173828125,322.70867919921875,301.7753601074219,149.95376586914062,419.27642822265625,392.6400146484375,317.6803894042969,176.30677795410156,64.27506256103516,470.54998779296875,204.27532958984375,833.6934204101562,87.5199966430664,26.487764358520508,83.24278259277344,76.02950286865234,88.25981903076172,46.03886795043945,177.1383514404297,54.71419143676758,78.86000061035156,185.8973388671875,107.70999908447266,178.2003173828125,227.5917205810547,69.5147933959961,76.1057357788086,344.88665771484375,62.00590896606445,45.20909881591797,281.9884948730469,78.35016632080078,337.5468444824219,473.0818786621094,337.6275939941406,138.95111083984375,156.89727783203125,310.29217529296875,28.32822036743164,181.31158447265625,75.7906723022461,93.62173461914062,328.88751220703125,506.4584655761719,501.5392761230469,124.55789947509766,835.176513671875,83.04076385498047,618.0068359375,144.0947723388672,187.6416015625,414.8514709472656,6669.009765625,175.66885375976562,93.23999786376953,79.01127624511719,89.7950439453125,154.07891845703125,26.236913681030273,96.23239135742188,144.62100219726562,971.6837158203125,38.23276138305664,158.38015747070312,135.8300018310547,133.4570770263672,764.8776245117188,370.23504638671875,407.6524963378906,213.4169464111328,178.5562286376953,54.45449447631836,456.8500061035156,414.3901672363281,93.2436294555664,150.50088500976562,587.2012939453125,26.258405685424805,216.89161682128906,50.862648010253906,157.8330535888672,193.022705078125,484.43072509765625,269.8580017089844,105.93428802490234,56.14945983886719,308.2409973144531,292.12921142578125,46.42852783203125,269.1226501464844,114.58837127685547,191.74977111816406,149.51516723632812,115.25655364990234
2026-04-24,115.32817840576172,176.2408447265625,237.44000244140625,133.75857543945312,211.76441955566406,416.5221862792969,232.60125732421875,341.9676208496094,462.43115234375,176.52496337890625,320.2950439453125,299.89703369140625,149.48448181152344,422.09197998046875,397.1199951171875,313.22259521484375,179.79800415039062,68.71023559570312,469.32000732421875,199.41590881347656,829.2516479492188,86.33999633789062,27.00459861755371,84.16748046875,75.68218994140625,88.67826080322266,45.27122116088867,175.4230194091797,54.724124908447266,77.94000244140625,183.52902221679688,108.52999877929688,176.88304138183594,224.22998046875,68.05215454101562,77.520263671875,343.36285400390625,61.61991500854492,44.453125,284.2456970214844,77.88118743896484,342.1141052246094,431.5950012207031,333.3893737792969,133.81546020507812,157.8636932373047,306.8974609375,29.013338088989258,193.2533416748047,76.138427734375,93.49250793457031,316.22882080078125,508.69140625,503.3262634277344,124.22179412841797,827.1953735351562,82.57495880126953,614.4219360351562,145.23886108398438,187.06471252441406,423.7023010253906,6503.9501953125,172.67926025390625,93.12999725341797,77.48054504394531,88.67939758300781,153.82162475585938,26.561555862426758,98.55386352539062,148.17999267578125,972.2723388671875,38.44108581542969,161.67623901367188,137.1699981689453,148.30226135253906,750.4491577148438,370.33477783203125,399.94622802734375,209.17930603027344,173.53712463378906,55.857139587402344,500.82000732421875,412.27587890625,92.53865814208984,149.993408203125,585.832275390625,25.853822708129883,213.84341430664062,50.199649810791016,156.51734924316406,188.77574157714844,485.3187255859375,267.31121826171875,105.24588775634766,55.10837173461914,308.7798767089844,291.4905090332031,45.60260772705078,266.73553466796875,113.6266098022461,189.9158935546875,147.90609741210938,116.06095123291016
2026-04-27,115.39804077148438,174.8673553466797,235.02999877929688,134.0961456298828,213.07749938964844,404.3572998046875,232.62123107910156,337.6304016113281,476.12115478515625,173.64247131347656,322.9281005859375,300.5132141113281,148.4160919189453,417.5391845703125,402.5899963378906,317.9696044921875,177.07484436035156,68.152099609375,472.80999755859375,201.90049743652344,827.2553100585938,83.44000244140625,26.60703468322754,83.69021606445312,75.46389770507812,87.9310531616211,45.321067810058594,173.56805419921875,54.24748611450195,78.36000061035156,183.10292053222656,106.7699966430664,180.24606323242188,225.67642211914062,67.76555633544922,77.02218627929688,354.686767578125,61.67930221557617,45.040000915527344,284.2057189941406,77.79137420654297,348.31036376953125,444.8783874511719,329.8260803222656,136.06478881835938,156.36924743652344,310.232421875,27.95090675354004,189.7578125,74.95606231689453,92.6972427368164,319.1669006347656,509.1399841308594,505.58245849609375,123.95487976074219,827.4051513671875,82.17853546142578,608.8798828125,145.02000427246094,189.16342163085938,423.9018859863281,6482.52978515625,172.36036682128906,91.97000122070312,77.01338195800781,88.78800201416016,152.49559020996094,26.35496711730957,98.95069885253906,148.39999389648438,972.1427001953125,38.43116760253906,162.91722106933594,136.41000366210938,149.70706176757812,743.3297729492188,369.47686767578125,405.6686096191406,205.51002502441406,172.66079711914062,54.94193649291992,498.5400085449219,412.6817626953125,91.80391693115234,153.25717163085938,595.4354248046875,25.18280601501465,208.71324157714844,50.69442367553711,156.96588134765625,181.76377868652344,484.79986572265625,267.5201416015625,106.44566345214844,55.495059967041016,309.0093994140625,290.74200439453125,46.31053924560547,266.8953552246094,114.14219665527344,191.41090393066406,147.19094848632812,117.05403137207031
2026-04-28,114.64948272705078,175.63809204101562,234.85000610351562,134.6123809814453,215.26596069335938,380.63677978515625,228.6072540283203,337.02496337890625,473.62030029296875,176.71315002441406,320.8336181640625,301.47723388671875,143.50350952148438,399.19818115234375,406.30999755859375,315.0376281738281,172.9452362060547,67.44446563720703,478.1600036621094,205.16339111328125,816.3555908203125,86.16999816894531,26.139894485473633,85.1816635131836,75.33489227294922,86.53627014160156,45.09177017211914,173.74757385253906,54.73405075073242,80.9800033569336,186.6504364013672,106.18000030517578,178.6094512939453,223.59153747558594,67.14295196533203,76.80303955078125,361.2699890136719,64.48020935058594,44.68000030517578,288.8399658203125,78.77923583984375,347.2909851074219,431.0561218261719,326.6101989746094,138.1349639892578,155.72164916992188,310.0532531738281,28.586381912231445,180.66641235351562,77.8473892211914,91.77275848388672,323.569091796875,508.68145751953125,506.7704772949219,128.8877716064453,834.0777587890625,81.16766357421875,613.1637573242188,145.27865600585938,189.34246826171875,428.3222961425781,6442.35986328125,165.3846435546875,91.56999969482422,76.89410400390625,89.83453369140625,154.6627655029297,26.049999237060547,99.26817321777344,149.1699981689453,960.0899047851562,38.67917251586914,163.93980407714844,137.11000061035156,149.44801330566406,730.6787109375,365.9754333496094,400.055908203125,207.54408264160156,174.95123291015625,55.35974884033203,483.8900146484375,409.1422119140625,92.24079132080078,151.72479248046875,578.6174926757812,25.71567153930664,203.51333618164062,50.61526107788086,156.68679809570312,185.7123565673828,479.6615295410156,266.3561706542969,102.21694946289062,55.7330207824707,308.66009521484375,290.8817138671875,46.44819641113281,262.8602600097656,114.79658508300781,186.7763671875,149.5449676513672,115.84247589111328
2026-04-29,111.08633422851562,178.11825561523438,235.8699951171875,133.47067260742188,211.21730041503906,382.1149597167969,227.52886962890625,335.486572265625,473.6501770019531,176.50514221191406,321.6414794921875,300.6324768066406,148.156494140625,404.809326171875,400.5400085449219,314.7882995605469,173.54371643066406,68.5806655883789,475.3800048828125,202.37945556640625,808.550048828125,85.87000274658203,25.424278259277344,84.00839233398438,74.15406799316406,89.23616790771484,44.543453216552734,173.47830200195312,54.316993713378906,83.9000015258789,190.47540283203125,101.33999633789062,178.42982482910156,221.70616149902344,67.14295196533203,75.39846801757812,375.10369873046875,64.75733184814453,43.709999084472656,283.21697998046875,76.45427703857422,347.1011047363281,433.9103698730469,320.40673828125,135.9951171875,155.612060546875,307.86309814453125,28.725391387939453,181.38949584960938,78.36405944824219,88.18415069580078,320.1031188964844,503.1190185546875,524.3510131835938,128.22544860839844,821.721435546875,78.66028594970703,611.9754638671875,143.1297607421875,186.0800018310547,423.5426330566406,6207.5,163.26202392578125,91.69000244140625,76.13867950439453,92.85568237304688,153.67318725585938,25.833572387695312,98.8415756225586,146.4600067138672,945.3632202148438,38.351802825927734,172.2395477294922,137.5,155.42593383789062,685.3363647460938,358.57354736328125,398.9692687988281,207.70362854003906,172.07322692871094,55.40948486328125,481.2200012207031,408.8779296875,91.98263549804688,149.95359802246094,642.8416137695312,25.409767150878906,204.45968627929688,50.120487213134766,155.56048583984375,197.10057067871094,478.28466796875,263.4114685058594,104.84268951416016,55.693359375,334.167236328125,295.4925231933594,45.82875442504883,261.0524597167969,113.5373764038086,180.57705688476562,153.62725830078125,113.0419921875
2026-04-30,115.32817840576172,176.58668518066406,237.0,136.12142944335938,216.1214599609375,394.00018310546875,235.14744567871094,343.6549072265625,473.0623474121094,180.98240661621094,310.83001708984375,298.19757080078125,147.04815673828125,416.7703857421875,401.760009765625,322.1680908203125,167.9378204345703,69.43779754638672,473.6000061035156,192.46104431152344,888.4617919921875,88.77999877929688,26.348615646362305,84.8734359741211,76.14857482910156,91.15898132324219,45.291160583496094,174.2362518310547,52.529598236083984,83.29000091552734,191.55551147460938,102.19999694824219,178.5795135498047,225.85598754882812,68.67476654052734,76.41453552246094,374.8945617675781,64.70783996582031,44.93000030517578,289.56903076171875,76.72369384765625,381.71026611328125,433.5810546875,326.3521423339844,136.16432189941406,157.50502014160156,311.82525634765625,29.192066192626953,174.8118896484375,78.25476837158203,89.76473236083984,319.25653076171875,499.560302734375,502.078369140625,127.70149993896484,814.2996215820312,80.24597930908203,618.1865844726562,145.76614379882812,190.58999633789062,406.8987121582031,6315.8701171875,160.83047485351562,99.4000015258789,77.41096496582031,91.4537124633789,156.83987426757812,26.266427993774414,100.1114501953125,147.08999633789062,907.3690795898438,37.14152526855469,177.85873413085938,136.3000030517578,178.91917419433594,706.0054931640625,357.7655334472656,407.6524963378906,208.61097717285156,175.33963012695312,56.58333206176758,482.6000061035156,407.0279235839844,94.4450454711914,152.0830078125,673.1600341796875,25.784746170043945,210.84500122070312,50.96160125732422,156.23826599121094,194.44497680664062,491.42486572265625,268.0871887207031,106.99638366699219,56.179203033447266,329.1576232910156,301.14129638671875,47.22494888305664,269.5621337890625,116.93824768066406,180.6069793701172,153.28955078125,114.17410278320312
2026-05-01,114.3001480102539,177.69337463378906,244.35000610351562,135.92286682128906,215.45497131347656,388.5968933105469,230.1349639892578,327.3480529785156,465.489990234375,179.89280700683594,311.510009765625,299.2113037109375,142.0856475830078,420.6142883300781,402.30999755859375,318.80731201171875,169.2046356201172,68.88963317871094,473.010009765625,194.81591796875,888.0225830078125,89.26000213623047,26.497703552246094,86.76260375976562,75.44404602050781,91.50767517089844,44.95220184326172,169.1500701904297,52.062889099121094,82.08999633789062,188.89984130859375,100.87999725341797,174.78738403320312,225.2375030517578,69.06018829345703,78.99456787109375,371.1697082519531,64.5,44.90999984741211,286.1533203125,75.60610961914062,382.989501953125,432.2237548828125,321.4687805175781,135.16903686523438,154.17738342285156,311.06866455078125,28.884258270263672,172.4059600830078,78.07592010498047,87.92568969726562,312.1054992675781,506.31890869140625,494.6308288574219,127.0886001586914,813.1209716796875,79.28465270996094,613.6130981445312,141.76681518554688,190.1699981689453,413.5443115234375,6154.14013671875,171.23428344726562,96.66999816894531,76.61579132080078,91.83876037597656,155.7711181640625,25.902435302734375,100.2900161743164,147.25999450683594,880.2403564453125,37.30025100708008,174.92007446289062,136.52999877929688,176.35862731933594,700.3739013671875,361.3267822265625,406.1770324707031,205.95872497558594,173.2682647705078,56.62311935424805,489.0199890136719,402.1480712890625,93.99822998046875,151.24716186523438,726.4120483398438,25.774879455566406,206.63128662109375,50.397560119628906,156.31800842285156,195.001953125,485.3785705566406,264.9435119628906,105.78677368164062,55.82225799560547,327.35137939453125,296.7301025390625,47.303611755371094,264.62811279296875,116.46231842041016,179.3910369873047,151.72019958496094,113.36971282958984
2026-05-04,111.96464538574219,177.97991943359375,247.5399932861328,133.68910217285156,218.7177734375,390.89404296875,230.0850372314453,321.42279052734375,468.5899963378906,179.16970825195312,314.9200134277344,296.5080871582031,140.8175506591797,415.84185791015625,393.75,318.3385925292969,165.164794921875,68.77999877929688,468.5199890136719,196.6319580078125,873.1602172851562,90.18000030517578,25.513729095458984,84.88337707519531,75.1066665649414,92.2847671508789,44.58333206176758,166.4374542236328,51.49687957763672,82.01000213623047,190.53485107421875,97.6500015258789,173.67967224121094,220.31956481933594,68.19051361083984,81.0167465209961,370.3928527832031,64.56928253173828,44.880001068115234,280.1707458496094,75.53626251220703,379.41168212890625,426.3255615234375,310.0941162109375,133.178466796875,155.8611297607422,306.270263671875,28.665815353393555,171.1136016845703,77.68842315673828,83.85993957519531,307.3746643066406,491.99420166015625,503.8952941894531,127.58287811279297,806.9577026367188,77.599853515625,602.4290771484375,140.83164978027344,188.00999450683594,412.72607421875,5932.1201171875,179.66494750976562,93.9800033569336,75.42301177978516,91.30561828613281,152.98046875,25.872920989990234,98.67292022705078,143.4199981689453,865.7930297851562,37.4986572265625,177.1836395263672,138.19000244140625,167.76039123535156,708.15234375,353.4261169433594,399.07891845703125,205.94876098632812,172.18276977539062,55.33985137939453,497.5,400.91162109375,93.71028900146484,147.34658813476562,738.0137329101562,25.755144119262695,204.48956298828125,48.96271896362305,154.13514709472656,193.3708038330078,485.3985290527344,262.0485534667969,94.71343231201172,54.77125549316406,326.173828125,287.1491394042969,46.77266311645508,261.90142822265625,115.45098876953125,175.1053466796875,152.65386962890625,111.89995574951172
2026-05-05,117.30437469482422,176.88311767578125,249.42999267578125,136.0519256591797,217.36489868164062,410.3099365234375,234.18887329101562,327.1197509765625,474.6499938964844,176.43580627441406,314.54998779296875,302.0536193847656,136.48410034179688,426.6846923828125,380.6000061035156,315.0874938964844,167.20965576171875,67.77999877929688,465.5199890136719,196.5720977783203,902.9150390625,89.0999984741211,25.613121032714844,85.83790588378906,74.35252380371094,93.94854736328125,44.89238357543945,168.79104614257812,51.50680923461914,80.69000244140625,190.89158630371094,98.54000091552734,174.26846313476562,222.92318725585938,68.06204223632812,82.53089141845703,367.5743408203125,65.56890106201172,44.33000183105469,286.3230895996094,75.98529052734375,384.0388488769531,427.932373046875,313.07177734375,133.51686096191406,154.70542907714844,308.0124206542969,28.71546173095703,173.06910705566406,77.9765625,85.68903350830078,301.42877197265625,498.7129821777344,496.24810791015625,128.6702880859375,800.1253051757812,77.09441375732422,605.2350463867188,142.08517456054688,189.25,410.4909362792969,6004.330078125,184.70741271972656,95.0,75.16458129882812,91.6709213256836,153.42578125,26.02048683166504,100.07176208496094,144.89999389648438,870.721923828125,37.05224609375,178.9607391357422,137.5500030517578,185.863525390625,701.22265625,359.1421203613281,434.5893859863281,203.28652954101562,172.15289306640625,55.70792007446289,502.510009765625,400.08099365234375,93.70036315917969,147.943603515625,770.4606323242188,25.557785034179688,206.14317321777344,49.42780685424805,154.45411682128906,193.2613983154297,476.3690185546875,262.64544677734375,96.44425964355469,55.128196716308594,321.36376953125,290.9316101074219,46.54651641845703,263.11993408203125,114.24134826660156,179.67010498046875,153.83584594726562,111.76092529296875
2026-05-06,117.46406555175781,172.49588012695312,243.0800018310547,131.60423278808594,216.7779998779297,428.0877990722656,241.01864624023438,328.62835693359375,475.2900085449219,178.45652770996094,308.2699890136719,298.3565979003906,138.26141357421875,424.7677307128906,385.8599853515625,321.021240234375,167.89791870117188,66.66999816894531,469.8299865722656,191.07406616210938,925.213623046875,90.23999786376953,27.352468490600586,87.65747833251953,73.47930908203125,91.29845428466797,45.46063995361328,168.9007568359375,50.9705924987793,86.86000061035156,183.47947692871094,103.91999816894531,174.557861328125,226.6240997314453,67.99286651611328,86.33617401123047,373.19146728515625,65.47982788085938,44.709999084472656,305.4492492675781,78.52977752685547,394.90234375,428.5910339355469,320.64495849609375,132.8599853515625,152.83238220214844,313.4877624511719,28.358007431030273,181.39747619628906,78.72174835205078,90.00331115722656,300.9805908203125,500.2879638671875,491.06683349609375,128.80868530273438,742.8486328125,76.9061050415039,614.6016845703125,145.78602600097656,193.35000610351562,413.0653381347656,6099.7998046875,193.35731506347656,94.77999877929688,76.24801635742188,90.2195816040039,154.33621215820312,26.09918785095215,100.74638366699219,147.89999389648438,900.624267578125,36.585994720458984,170.4822998046875,136.77000427246094,191.8613739013672,719.974609375,371.2425537109375,457.9373779296875,199.1087188720703,176.00685119628906,54.8723030090332,504.4200134277344,399.7978515625,93.00532531738281,150.49093627929688,785.859619140625,25.232145309448242,215.33763122558594,50.268917083740234,154.9425048828125,192.1175994873047,487.07470703125,266.8436584472656,98.23408508300781,55.683448791503906,318.14044189453125,295.1332702636719,46.644840240478516,270.161376953125,112.97222137451172,185.84947204589844,147.6875762939453,110.45006561279297
2026-05-07,118.42222595214844,178.04910278320312,251.0399932861328,130.80999755859375,212.55027770996094,410.1301574707031,234.37860107421875,326.6235046386719,458.8399963378906,178.07020568847656,313.5899963378906,293.1688232421875,136.41419982910156,411.9080810546875,426.8900146484375,317.82000732421875,170.85049438476562,63.529998779296875,475.0799865722656,184.87754821777344,894.031494140625,91.06999969482422,26.83563232421875,86.86203002929688,73.38999938964844,91.81652069091797,44.32412338256836,169.5789031982422,51.576316833496094,87.36000061035156,180.84361267089844,102.72000122070312,175.2963409423828,220.35946655273438,67.76555633544922,84.96149444580078,371.40875244140625,65.18290710449219,44.36000061035156,302.25323486328125,78.24040985107422,395.0622253417969,428.1618957519531,320.238037109375,132.04385375976562,155.5323486328125,304.8964538574219,28.31829071044922,176.10023498535156,77.9268798828125,87.21990203857422,299.9646911621094,492.29327392578125,500.1016845703125,128.8679962158203,753.9263916015625,77.26288604736328,599.6331176757812,143.01039123535156,190.1699981689453,419.8606262207031,6008.85009765625,193.91537475585938,94.58000183105469,77.0034408569336,93.06301879882812,154.6627655029297,26.049999237060547,99.23841094970703,146.05999755859375,884.8499755859375,36.476871490478516,167.0968780517578,147.64999389648438,201.8046417236328,708.0424194335938,352.6878967285156,447.1705627441406,200.9633026123047,176.0466766357422,52.723567962646484,505.19000244140625,404.6210632324219,90.92022705078125,148.04312133789062,765.8939208984375,24.92624282836914,209.25115966796875,49.220001220703125,153.97567749023438,193.15199279785156,468.7463073730469,263.5209045410156,98.44060516357422,54.840660095214844,320.6153259277344,288.3567199707031,46.30070877075195,265.25732421875,111.82206726074219,182.8096160888672,145.591796875,86.70558166503906
2026-05-08,115.39804077148438,178.2763671875,244.5,130.16000366210938,212.03298950195312,434.89935302734375,232.0520782470703,329.2139587402344,465.55999755859375,174.86083984375,312.7900085449219,293.58624267578125,127.8371353149414,429.3205261230469,403.5400085449219,315.1672668457031,165.51390075683594,63.88999938964844,475.94000244140625,183.25108337402344,895.7882080078125,90.56999969482422,26.219406127929688,87.05095672607422,72.61000061035156,96.2100830078125,44.692996978759766,166.51724243164062,51.31814193725586,90.55000305175781,179.9716033935547,100.41999816894531,170.80564880371094,219.29208374023438,68.14109802246094,85.86798095703125,376.5378723144531,64.86619567871094,44.16999816894531,296.7800598144531,78.62956237792969,396.8111877441406,434.3195495605469,315.086669921875,131.3969268798828,155.24343872070312,300.74517822265625,28.6260986328125,186.6807403564453,77.91693878173828,87.85610961914062,298.4309387207031,491.6054382324219,494.65081787109375,127.83001708984375,735.2770385742188,75.46907806396484,589.5375366210938,142.55274963378906,193.08999633789062,414.22283935546875,5974.06982421875,195.27066040039062,92.95999908447266,74.36940002441406,92.7372055053711,153.01016235351562,25.68000030517578,99.7046890258789,146.4199981689453,878.8300170898438,35.62372589111328,170.3234405517578,146.64999389648438,218.2837677001953,713.8238525390625,357.57598876953125,452.4941711425781,199.43775939941406,175.3595428466797,52.99216079711914,516.47998046875,396.54144287109375,90.8805160522461,148.74960327148438,782.0823974609375,24.82756233215332,205.40602111816406,49.11000061035156,152.8593292236328,192.58506774902344,465.11456298828125,263.2821350097656,99.10932922363281,55.05879211425781,318.1304931640625,283.1570739746094,46.42852783203125,265.3871765136719,110.71158599853516,181.4940185546875,143.59535217285156,82.25659942626953
2026-05-11,111.24602508544922,170.30226135253906,236.07000732421875,130.6999969482422,212.67959594726562,443.0691833496094,231.8124542236328,327.1197509765625,463.70001220703125,175.79196166992188,312.07000732421875,302.6201171875,122.28551483154297,427.75299072265625,394.3599853515625,311.4674072265625,157.404296875,64.5999984741211,479.54998779296875,182.1035919189453,925.0738525390625,90.66999816894531,25.28512954711914,86.24556732177734,73.19000244140625,98.3520736694336,44.603271484375,164.2234649658203,48.905155181884766,92.22000122070312,183.06329345703125,96.6500015258789,166.17526245117188,219.43174743652344,69.7519760131836,82.4312744140625,380.20294189453125,65.49961853027344,43.29999923706055,300.3955383300781,75.12715148925781,386.537353515625,425.5171813964844,309.0816955566406,131.4864959716797,157.2360382080078,298.6545715332031,28.506946563720703,184.28378295898438,78.15541076660156,86.5737533569336,301.1299743652344,502.80999755859375,496.9768981933594,128.23532104492188,724.3690795898438,73.87347412109375,585.143798828125,142.6024932861328,191.10000610351562,411.7681579589844,5910.669921875,193.16796875,91.3499984741211,73.55433654785156,92.68783569335938,147.8544158935547,25.809999465942383,99.39714813232422,143.36000061035156,874.3599853515625,35.95109558105469,174.09605407714844,145.9199981689453,236.65591430664062,711.70703125,342.2633972167969,455.2556457519531,197.1544189453125,177.8690948486328,54.64350128173828,516.1900024414062,397.3720703125,92.17129516601562,149.4262237548828,833.415771484375,24.54139518737793,205.32632446289062,47.970001220703125,148.42385864257812,189.820068359375,475.4211730957031,261.9888610839844,98.3422622680664,54.02762222290039,323.1899719238281,282.13909912109375,46.43836212158203,267.80426025390625,111.8121566772461,175.51397705078125,148.6708984375,76.13923645019531
2026-05-12,112.68326568603516,167.75291442871094,234.8699951171875,131.94000244140625,214.34085083007812,430.66461181640625,230.8538818359375,333.7695617675781,470.1199951171875,177.1291961669922,316.3500061035156,301.7256774902344,127.67738342285156,418.6374206542969,393.6600036621094,313.45196533203125,160.15737915039062,65.23999786376953,484.9599914550781,182.1634521484375,910.4510498046875,91.5,24.69872283935547,86.94158172607422,73.30999755859375,98.9199447631836,44.3939094543457,164.971435546875,47.39579772949219,95.1500015258789,184.26229858398438,94.88999938964844,165.91578674316406,216.1797332763672,70.43387603759766,84.56303405761719,391.7061462402344,65.21260070800781,43.31999969482422,297.0797119140625,76.27466583251953,383.5891418457031,428.83056640625,308.148681640625,132.48178100585938,155.23345947265625,303.5126953125,28.963693618774414,180.9040985107422,79.51661682128906,85.3510513305664,308.22125244140625,502.28167724609375,498.9735412597656,127.74105072021484,733.8785400390625,76.13308715820312,580.3107299804688,142.47317504882812,191.8800048828125,406.8887023925781,5795.66015625,186.18228149414062,91.83999633789062,73.65373229980469,92.5199966430664,150.26901245117188,25.8700008392334,100.04199981689453,143.91000366210938,881.3400268554688,36.06021499633789,174.16554260253906,144.22000122070312,209.5360870361328,722.3311157226562,336.31793212890625,453.68048095703125,201.7908935546875,178.14793395996094,55.349796295166016,513.2100219726562,400.3641662597656,92.74717712402344,149.704833984375,808.2236938476562,24.896636962890625,212.9070281982422,47.790000915527344,149.76943969726562,192.25685119628906,466.6011962890625,264.22723388671875,96.8081283569336,54.017704010009766,326.4200134277344,278.7757568359375,47.12662887573242,268.6931457519531,111.62377166748047,174.80633544921875,149.614501953125,76.4073715209961
2026-05-13,112.52356719970703,157.74325561523438,231.02999877929688,127.94999694824219,214.41046142578125,436.06787109375,231.0735626220703,333.9283752441406,469.17999267578125,172.22598266601562,310.8999938964844,304.30963134765625,124.45223999023438,416.13140869140625,376.82000732421875,308.7647705078125,154.6412353515625,65.41000366210938,485.5199890136719,185.9452362060547,900.6292114257812,89.62000274658203,24.877626419067383,87.36912536621094,72.80999755859375,101.4903335571289,44.26430892944336,163.10650634765625,45.64812088012695,98.11000061035156,184.31185913085938,93.93000030517578,165.6463623046875,214.09483337402344,69.79151153564453,81.81365966796875,398.0204772949219,65.1532211303711,43.77000045776367,294.34307861328125,75.64602661132812,398.79998779296875,426.68487548828125,300.2975769042969,132.00404357910156,154.22720336914062,298.9034729003906,29.102703094482422,184.73521423339844,79.7451400756836,84.46632385253906,303.6995544433594,511.64208984375,489.81890869140625,127.85967254638672,736.3657836914062,75.52853393554688,575.9669189453125,146.34315490722656,193.8300018310547,404.3342590332031,5720.10009765625,189.10211181640625,89.69999694824219,72.79891204833984,89.91999816894531,147.7158660888672,25.959999084472656,99.62532043457031,142.24000549316406,882.3699951171875,35.46500015258789,170.5815887451172,140.80999755859375,212.38555908203125,718.806396484375,330.8113708496094,453.59075927734375,203.07713317871094,177.3711700439453,55.091156005859375,509.2799987792969,383.7330627441406,91.02944946289062,150.82925415039062,816.767578125,24.41311264038086,206.8603973388672,46.540000915527344,146.54998779296875,189.25314331054688,469.95355224609375,263.2821350097656,96.81795501708984,52.2924690246582,320.30999755859375,273.99530029296875,46.41869354248047,264.45831298828125,111.24699401855469,171.48741149902344,150.5481719970703,73.82536315917969
2026-05-14,113.04257202148438,162.0415802001953,233.86000061035156,128.60000610351562,215.31570434570312,440.01300048828125,231.79248046875,333.71002197265625,472.0400085449219,168.8878631591797,315.4100036621094,298.0187072753906,128.99539184570312,439.0950622558594,388.19000244140625,311.9161682128906,154.09262084960938,64.61000061035156,484.05999755859375,193.95779418945312,918.5159912109375,87.30999755859375,25.04659080505371,88.3335952758789,73.26000213623047,115.09941864013672,45.7796630859375,165.5,45.727561950683594,97.1500015258789,184.946044921875,94.97000122070312,164.1993408203125,213.83547973632812,69.90022277832031,80.51866912841797,395.1023254394531,64.3515396118164,43.97999954223633,291.17706298828125,77.58183288574219,396.9311218261719,431.83453369140625,302.08416748046875,133.6263427734375,155.143798828125,298.56500244140625,28.894187927246094,189.05271911621094,79.93392181396484,84.74466705322266,306.37872314453125,510.0371398925781,489.1200866699219,125.7738265991211,746.4046630859375,76.28174591064453,574.4091186523438,144.3733367919922,194.52999877929688,408.5451354980469,5680.60986328125,194.9318389892578,89.68000030517578,72.6199951171875,88.83000183105469,147.1221160888672,25.75,99.97254943847656,142.7100067138672,880.4299926757812,35.4947624206543,170.2738037109375,139.85000610351562,199.34373474121094,711.8068237304688,333.2354431152344,455.1360168457031,208.07254028320312,174.95123291015625,55.459224700927734,510.0199890136719,381.2506408691406,92.20108032226562,152.99844360351562,804.1865844726562,24.32430076599121,205.89413452148438,47.130001068115234,147.35000610351562,187.17442321777344,480.5794677734375,267.9479064941406,96.7884521484375,52.966697692871094,322.5199890136719,274.544189453125,46.27121353149414,269.1026611328125,111.63999938964844,173.07212829589844,151.75,74.95748138427734
2026-05-15,111.48555755615234,166.81419372558594,236.6199951171875,125.1500015258789,216.2308807373047,436.077880859375,227.55882263183594,326.30999755859375,470.3800048828125,169.01663208007812,317.2200012207031,293.5564270019531,124.81169891357422,424.51812744140625,391.8800048828125,312.6242370605469,153.74349975585938,64.12000274658203,482.70001220703125,194.7760009765625,886.6651611328125,86.66000366210938,24.489999771118164,87.62763977050781,71.63999938964844,117.76942443847656,45.52045822143555,168.30999755859375,46.79999923706055,95.88999938964844,189.36557006835938,93.55999755859375,161.57479858398438,210.25425720214844,68.34864044189453,79.97078704833984,391.0886535644531,63.223262786865234,43.2599983215332,281.17950439453125,74.69808197021484,393.08343505859375,422.1539306640625,295.29510498046875,133.28794860839844,153.78883361816406,296.4743957519531,28.725391387939453,180.20201110839844,80.30155181884766,81.8121566772461,302.1658020019531,504.51458740234375,493.3729553222656,124.2712173461914,759.72998046875,75.46907806396484,557.86279296875,145.46768188476562,192.50999450683594,421.0081481933594,5563.6201171875,192.2810516357422,88.48999786376953,71.01000213623047,91.54000091552734,147.5674285888672,25.329999923706055,99.73445129394531,141.57000732421875,862.719970703125,34.60193634033203,174.9300079345703,141.91000366210938,200.74855041503906,697.2086791992188,326.01312255859375,447.3599853515625,207.71360778808594,170.46990966796875,55.091156005859375,502.4200134277344,380.52386474609375,89.78832244873047,152.09295654296875,794.9031982421875,23.712493896484375,204.32022094726562,46.959999084472656,147.42999267578125,184.220458984375,465.5435791015625,269.1615905761719,97.29000091552734,52.66924285888672,325.75,267.298583984375,45.5927734375,263.5793762207031,109.16000366210938,168.07879638671875,157.9199981689453,73.7061996459961
2026-05-18,111.894775390625,175.4404754638672,243.49000549316406,127.68000030517578,220.05076599121094,413.0565185546875,225.3221893310547,324.3900146484375,471.17999267578125,175.60374450683594,326.57000732421875,291.49920654296875,121.5366439819336,420.0451965332031,399.3699951171875,311.3876037597656,154.68115234375,66.20999908447266,488.3800048828125,199.33607482910156,862.3502807617188,89.91999816894531,24.90999984741211,89.40744018554688,72.12999725341797,118.43692779541016,46.058807373046875,174.50999450683594,51.400001525878906,95.98999786376953,194.33999633789062,94.61000061035156,163.52076721191406,210.31411743164062,67.6370849609375,79.70182800292969,392.4730224609375,64.75733184814453,44.0,285.6339416503906,72.94188690185547,392.87353515625,421.9443664550781,297.5779724121094,135.91549682617188,155.4127960205078,299.3813171386719,29.22185516357422,175.64500427246094,80.67910766601562,83.3231430053711,309.9044494628906,509.2496337890625,504.9435729980469,126.78215026855469,775.1129150390625,76.62861633300781,554.9869384765625,151.74520874023438,192.69000244140625,422.6246643066406,5716.77978515625,185.96304321289062,91.73999786376953,71.12999725341797,94.48999786376953,147.508056640625,25.329999923706055,101.58965301513672,142.38999938964844,858.4299926757812,34.65153884887695,179.8000030517578,144.05999755859375,202.890625,628.7409057617188,325.0754089355469,436.3599853515625,213.8955535888672,175.22012329101562,56.851924896240234,498.42999267578125,393.9835510253906,89.5897445678711,152.9785614013672,740.3121948242188,24.107208251953125,199.73793029785156,47.04999923706055,150.25,189.6211395263672,459.3775939941406,273.7079772949219,95.52999877929688,52.99644470214844,332.6400146484375,265.8015441894531,45.97623825073242,259.8539123535156,109.55000305175781,168.59707641601562,160.49000549316406,77.18196868896484
2026-05-19,110.35773468017578,174.6993865966797,244.16000366210938,128.9199981689453,223.40310668945312,406.40478515625,220.94873046875,330.75,463.760009765625,181.26966857910156,323.6600036621094,289.96868896484375,119.02043914794922,410.4204406738281,392.3399963378906,308.4656066894531,154.1524658203125,65.47000122070312,480.4599914550781,199.9347686767578,858.5573120117188,92.33999633789062,23.889999389648438,89.50686645507812,73.30999755859375,114.9499740600586,45.93917465209961,172.1999969482422,50.880001068115234,94.18000030517578,197.25,94.2699966430664,166.6941680908203,207.04214477539062,69.8508071899414,75.84673309326172,400.6397705078125,65.06414031982422,43.56999969482422,284.9248352050781,72.472900390625,384.6684875488281,403.88055419921875,300.1883850097656,134.3827667236328,153.5397491455078,294.3738708496094,28.64595603942871,174.05799865722656,81.39449310302734,82.50800323486328,306.9065856933594,504.4747619628906,498.86376953125,126.9996337890625,761.0485229492188,77.87734985351562,531.8899536132812,148.59152221679688,189.5800018310547,416.51788330078125,5773.52001953125,180.83090209960938,91.91999816894531,70.94000244140625,94.4800033569336,148.80441284179688,25.65999984741211,100.3396224975586,141.3000030517578,852.5599975585938,34.96898651123047,182.3800048828125,145.19000244140625,194.8901824951172,629.3599853515625,319.9080505371094,422.2900085449219,214.34423828125,173.7661895751953,56.47390365600586,493.8699951171875,387.3669738769531,90.66207122802734,150.13272094726562,732.8274536132812,24.649940490722656,195.31503295898438,46.77000045776367,150.67999267578125,192.37620544433594,446.99566650390625,270.15643310546875,96.83000183105469,52.84771728515625,329.9100036621094,258.9451904296875,46.939815521240234,254.97984313964844,111.48999786376953,171.18841552734375,162.5500030517578,78.37366485595703
2026-05-20,113.56156921386719,177.0906219482422,243.6300048828125,128.8699951171875,220.8167266845703,426.32000732421875,224.3736114501953,331.57000732421875,457.2699890136719,182.280029296875,321.1499938964844,287.4046325683594,122.86463928222656,417.0998840332031,398.44000244140625,308.9742431640625,156.55642700195312,66.79000091552734,480.8999938964844,198.7972412109375,870.9442749023438,92.63999938964844,26.030000686645508,89.83499145507812,72.94999694824219,113.92381286621094,45.79960250854492,171.36000061035156,51.29999923706055,93.27999877929688,191.3300018310547,98.23999786376953,170.76571655273438,210.4637451171875,68.92182922363281,77.89879608154297,394.6043395996094,65.59858703613281,43.68000030517578,299.79632568359375,75.97531127929688,384.6684875488281,395.8766174316406,308.2677917480469,136.04489135742188,151.1287078857422,300.625732421875,28.487089157104492,182.94700622558594,81.02687072753906,86.79244995117188,307.90252685546875,505.0329895019531,497.20654296875,128.76913452148438,753.8464965820312,77.4511947631836,541.2066040039062,149.0093536376953,197.77000427246094,420.1499938964844,5990.3701171875,187.50767517089844,92.22000122070312,71.2699966430664,94.91999816894531,147.73565673828125,25.790000915527344,101.99640655517578,142.44000244140625,859.4400024414062,35.157470703125,179.33999633789062,147.9600067138672,201.76478576660156,649.760009765625,328.43719482421875,436.2300109863281,211.58230590820312,174.12469482421875,56.98124313354492,498.92999267578125,393.60601806640625,90.8110122680664,153.30691528320312,750.5348510742188,24.600603103637695,200.6145477294922,48.0,159.2100067138672,189.1337890625,450.6673278808594,264.4261779785156,98.87000274658203,54.037532806396484,330.75,262.7376708984375,47.018470764160156,258.815185546875,110.6500015258789,179.65016174316406,156.27999877929688,79.15819549560547
2026-05-21,114.56963348388672,175.75665283203125,240.19000244140625,129.61000061035156,213.3162384033203,427.3599853515625,222.83590698242188,337.4200134277344,450.57000732421875,182.0422821044922,324.2200012207031,288.3984680175781,124.67191314697266,413.9149169921875,389.8399963378906,308.85455322265625,159.27957153320312,65.80000305175781,479.9800109863281,200.17425537109375,864.3465576171875,92.04000091552734,26.18000030517578,89.92447662353516,73.63999938964844,117.75946044921875,45.759727478027344,172.36000061035156,52.31999969482422,93.31999969482422,191.00999450683594,102.62000274658203,172.97116088867188,207.2615966796875,69.49502563476562,78.60607147216797,388.2402648925781,65.08393859863281,43.529998779296875,301.38433837890625,77.04299926757812,383.2393493652344,391.7748107910156,311.4439697265625,135.3780517578125,150.92945861816406,301.6411437988281,28.576452255249023,184.21800231933594,80.64929962158203,88.3034439086914,305.0939025878906,512.8881225585938,498.78387451171875,128.52200317382812,765.6534423828125,77.4511947631836,537.2022705078125,150.82000732421875,200.50999450683594,419.0899963378906,6047.8701171875,189.11209106445312,92.33999633789062,71.62999725341797,94.25,147.3002471923828,25.950000762939453,103.09762573242188,143.39999389648438,864.72998046875,35.881649017333984,174.0500030517578,145.83999633789062,212.6246795654297,642.5900268554688,373.98583984375,440.25,207.48426818847656,175.25,56.95140075683594,503.9800109863281,392.3978271484375,90.90037536621094,152.92880249023438,809.882568359375,25.005184173583984,201.79000854492188,47.88999938964844,157.4600067138672,189.8697967529297,446.62652587890625,264.06805419921875,98.25,54.09702682495117,331.1199951171875,261.55999755859375,47.46092987060547,254.85000610351562,112.11000061035156,191.30126953125,155.2899932861328,79.51570129394531
2026-05-22,114.73930358886719,177.1103973388672,240.99000549316406,131.58999633789062,215.4649200439453,432.1600036621094,224.1838836669922,339.29998779296875,452.30999755859375,182.11163330078125,324.7799987792969,287.68292236328125,131.86106872558594,413.485595703125,386.0,310.9288635253906,160.65611267089844,66.05999755859375,486.3800048828125,200.2440948486328,878.2607421875,91.45999908447266,25.979999542236328,90.093505859375,74.52999877929688,119.96123504638672,45.38088607788086,172.92999267578125,52.75,93.26000213623047,191.42999267578125,106.66999816894531,171.64390563964844,209.38638305664062,70.34494018554688,87.97982025146484,393.09051513671875,65.5194091796875,43.939998626708984,302.4629821777344,78.61958312988281,379.1518249511719,393.28179931640625,310.7392578125,135.3780517578125,152.4039764404297,305.0059814453125,28.914047241210938,188.83799743652344,80.95732116699219,88.33326721191406,310.72113037109375,515.948486328125,497.7056884765625,129.63906860351562,765.23388671875,77.89716339111328,535.7144165039062,152.44000244140625,201.02999877929688,418.57000732421875,6036.990234375,191.41407775878906,91.73999786376953,72.7699966430664,97.0,149.00233459472656,25.899999618530273,103.0281753540039,144.44000244140625,866.9600219726562,36.03045654296875,177.69000244140625,148.22999572753906,237.28359985351562,638.8800048828125,376.85882568359375,452.2900085449219,208.3218231201172,177.00999450683594,56.98124313354492,524.739990234375,394.16290283203125,92.1415023803711,153.1875,812.15087890625,24.92624282836914,202.77999877929688,48.380001068115234,158.27000427246094,190.4367218017578,449.99884033203125,264.50579833984375,101.0199966430664,54.3647346496582,328.8800048828125,260.6499938964844,47.53958511352539,256.4100036621094,113.41000366210938,191.85940551757812,154.9199981689453,80.75704956054688
2026-05-26,114.85907745361328,174.89700317382812,238.22999572753906,130.89999389648438,211.70474243164062,454.8900146484375,229.09652709960938,335.94000244140625,455.5,183.2012176513672,319.2900085449219,287.8121032714844,139.34976196289062,421.3431701660156,385.29998779296875,309.87176513671875,162.8905029296875,66.7300033569336,483.6199951171875,199.9347686767578,906.86767578125,90.63999938964844,26.709999084472656,89.33783721923828,74.19999694824219,117.88898468017578,46.46755599975586,171.08999633789062,51.810001373291016,90.7300033569336,184.7100067138672,111.44000244140625,172.4522247314453,214.8729248046875,70.40423583984375,86.26644897460938,386.2782287597656,65.45012664794922,44.45000076293945,314.09844970703125,79.61742401123047,384.6085205078125,391.6351013183594,308.22808837890625,134.72116088867188,150.0825958251953,305.3643493652344,29.341005325317383,201.13900756835938,79.94385528564453,88.7607192993164,312.2051086425781,513.3466796875,492.1849365234375,129.04592895507812,753.5668334960938,76.9061050415039,560.1295776367188,154.02999877929688,201.75999450683594,416.0299987792969,6032.81982421875,192.3906707763672,89.87000274658203,72.7300033569336,94.80000305175781,144.16323852539062,25.850000381469727,103.8813705444336,142.9600067138672,868.030029296875,35.83205032348633,173.8800048828125,144.8800048828125,247.90438842773438,634.6199951171875,380.8490905761719,456.29998779296875,206.44729614257812,178.97000122070312,57.67759323120117,534.5599975585938,389.3302307128906,90.90037536621094,157.73487854003906,845.1574096679688,24.68941307067871,208.60000610351562,48.68000030517578,158.97000122070312,190.07867431640625,460.3852844238281,269.6988220214844,101.97000122070312,54.751426696777344,326.4800109863281,268.94000244140625,47.677242279052734,261.4700012207031,112.98999786376953,197.71983337402344,149.80999755859375,79.67459869384766
2026-05-27,115.61761474609375,174.2646026611328,237.0,129.57000732421875,207.7555389404297,448.25,226.04110717773438,336.05999755859375,443.1700134277344,183.23094177246094,318.5400085449219,283.96600341796875,140.02874755859375,421.193359375,391.32000732421875,311.6867980957031,167.94778442382812,63.20000076293945,479.9200134277344,199.40591430664062,908.2451171875,90.87000274658203,27.979999542236328,90.7696304321289,74.22000122070312,119.22398376464844,46.995933532714844,169.86000061035156,53.15999984741211,92.06999969482422,182.39999389648438,114.37000274658203,172.77157592773438,212.84788513183594,70.8193130493164,90.84872436523438,389.8835754394531,65.94499206542969,44.81999969482422,316.8150634765625,83.93805694580078,384.5985107421875,391.3656311035156,315.4836730957031,131.0684814453125,149.15603637695312,297.93780517578125,29.887115478515625,195.718994140625,81.09642028808594,90.42081451416016,307.8029479980469,506.2690734863281,494.2115478515625,129.08547973632812,755.6344604492188,75.30059814453125,573.5703735351562,155.1699981689453,201.61000061035156,412.6700134277344,6098.080078125,190.2979736328125,89.0199966430664,71.79000091552734,94.43000030517578,146.20179748535156,26.209999084472656,103.74248504638672,147.49000549316406,856.6799926757812,35.554283142089844,174.6300048828125,142.25999450683594,232.54110717773438,627.739990234375,375.3126220703125,456.0799865722656,205.00152587890625,176.58999633789062,56.2053108215332,525.9199829101562,392.4638977050781,90.61243438720703,157.13784790039062,870.0396118164062,24.56113052368164,208.75,48.459999084472656,157.00999450683594,189.78028869628906,456.6437683105469,277.94598388671875,104.47000122070312,54.225921630859375,327.6099853515625,275.6499938964844,47.431434631347656,260.80999755859375,113.13999938964844,202.5038604736328,147.89999389648438,78.9297866821289
2026-05-28,135.1201171875,176.28036499023438,240.9499969482422,127.76000213623047,206.19375610351562,449.67999267578125,225.11248779296875,336.4800109863281,439.8500061035156,184.91485595703125,318.29998779296875,281.8988342285156,147.45753479003906,425.9059143066406,439.32000732421875,314.259765625,169.3941650390625,64.70999908447266,477.4200134277344,199.41590881347656,886.0263061523438,91.08999633789062,27.940000534057617,91.13752746582031,73.16999816894531,118.19782257080078,45.67000198364258,173.05999755859375,53.849998474121094,92.97000122070312,183.02999877929688,114.30999755859375,180.25604248046875,211.989990234375,69.45549774169922,90.52000427246094,391.15838623046875,65.57879638671875,44.7599983215332,320.42059326171875,84.16755676269531,385.88775634765625,383.6211853027344,318.8186340332031,128.36131286621094,147.75125122070312,295.3992614746094,29.82754135131836,192.76300048828125,79.89418029785156,89.21798706054688,313.50982666015625,500.39764404296875,492.9237060546875,129.32273864746094,756.1439208984375,74.8942642211914,574.3192749023438,152.85000610351562,203.7899932861328,426.989990234375,6160.5400390625,202.99378967285156,89.2300033569336,71.20999908447266,95.51000213623047,144.7668914794922,26.139999389648438,102.50237274169922,145.91000366210938,852.8099975585938,35.0483512878418,176.7100067138672,138.7899932861328,242.39471435546875,621.52001953125,369.86590576171875,454.79998779296875,203.09707641601562,178.9600067138672,54.8325080871582,480.6400146484375,394.2384033203125,89.39115905761719,156.82937622070312,880.0924682617188,24.55126190185547,210.3300018310547,47.79999923706055,154.88999938964844,187.989990234375,451.2360534667969,265.6199951171875,106.66999816894531,53.98796081542969,324.95001220703125,276.75,47.205284118652344,261.20001220703125,111.66999816894531,204.9158172607422,146.9600067138672,77.72815704345703
2026-05-29,135.2698211669922,184.8473663330078,231.30999755859375,126.66999816894531,205.00999450683594,450.05999755859375,225.51190185546875,336.7900085449219,445.7099914550781,185.19223022460938,316.05999755859375,276.89990234375,148.53590393066406,446.06402587890625,448.7200012207031,315.6060791015625,167.01014709472656,63.880001068115234,474.4800109863281,196.37252807617188,874.2481689453125,91.5,28.059999465942383,89.61624145507812,72.56999969482422,119.97119140625,45.2599983215332,171.25999450683594,55.7599983215332,90.9800033569336,182.4600067138672,113.8499984741211,182.29180908203125,211.36000061035156,69.11949157714844,88.94999694824219,391.5965881347656,64.7771224975586,44.20000076293945,323.35693359375,83.05995178222656,376.2035827636719,377.7828674316406,314.7789611816406,126.52999877929688,147.30291748046875,297.9676818847656,29.817611694335938,192.17100524902344,78.50315856933594,89.24781036376953,313.908203125,496.12115478515625,493.1533203125,127.5927734375,741.6199951171875,73.14999389648438,580.8099975585938,153.1300048828125,208.0,450.239990234375,6104.7998046875,224.9972381591797,86.87999725341797,70.83999633789062,96.9800033569336,142.6887664794922,26.18000030517578,102.80000305175781,143.55999755859375,844.6300048828125,35.107872009277344,175.8800048828125,138.72999572753906,250.09628295898438,614.780029296875,363.0126647949219,451.05999755859375,199.85653686523438,179.66000366210938,54.26548385620117,475.6199951171875,401.1352844238281,88.49754333496094,154.869140625,879.173095703125,24.472318649291992,213.41000366210938,48.209999084472656,154.75,187.52999877929688,450.2781982421875,262.6400146484375,106.69000244140625,54.38456344604492,326.3599853515625,282.9200134277344,47.00864028930664,261.1600036621094,111.05000305175781,202.89256286621094,145.25999450683594,77.15218353271484
2026-06-01,135.7189483642578,194.25424194335938,248.16000366210938,123.79000091552734,207.2100067138672,458.1700134277344,223.02561950683594,329.1300048828125,447.1499938964844,185.7568359375,320.4100036621094,277.1682434082031,146.1195526123047,459.2431640625,476.8800048828125,312.68408203125,168.82557678222656,62.970001220703125,470.2900085449219,194.72610473632812,863.7576293945312,91.02999877929688,27.510000228881836,87.92593383789062,70.58000183105469,120.87779998779297,45.86000061035156,172.89999389648438,57.15999984741211,90.62000274658203,185.8300018310547,110.81999969482422,179.4976043701172,207.5399932861328,68.27945709228516,85.58000183105469,401.0282287597656,65.13341522216797,43.9900016784668,324.1958923339844,82.50116729736328,372.35589599609375,370.218017578125,308.3769836425781,126.56999969482422,144.42361450195312,295.2499084472656,29.98641014099121,194.00399780273438,78.13553619384766,89.57585906982422,308.34075927734375,495.842041015625,494.42120361328125,126.66352844238281,734.8200073242188,73.3184814453125,570.9600219726562,150.92999267578125,211.00999450683594,460.5199890136719,6121.31005859375,247.28968811035156,86.63999938964844,69.33999633789062,102.44000244140625,140.0465545654297,25.6299991607666,102.9000015258789,140.27999877929688,823.2999877929688,34.244808197021484,180.24000549316406,145.0800018310547,228.14735412597656,600.6599731445312,365.41680908203125,456.7099914550781,200.2454071044922,174.41000366210938,54.464439392089844,492.2900085449219,405.4493713378906,86.51173400878906,158.9985809326172,920.6035766601562,24.225622177124023,211.08999633789062,46.869998931884766,152.75,186.74000549316406,447.4546203613281,263.5,109.0199966430664,53.09559631347656,322.7699890136719,281.55999755859375,46.92998123168945,256.010009765625,108.5999984741211,201.46731567382812,149.3800048828125,77.02307891845703
2026-06-02,134.79074096679688,184.00746154785156,236.66000366210938,127.11000061035156,210.4600067138672,490.04998779296875,227.3890838623047,328.260009765625,445.3999938964844,183.77574157714844,317.8599853515625,277.5657653808594,148.17645263671875,480.8090515136719,490.1199951171875,310.12109375,166.79071044921875,64.54000091552734,471.510009765625,194.4567108154297,908.1253051757812,89.91999816894531,27.639999389648438,87.766845703125,71.8499984741211,127.52294158935547,46.13999938964844,173.30999755859375,55.13999938964844,89.5,187.5500030517578,110.79000091552734,175.74539184570312,211.83999633789062,70.0879898071289,83.41000366210938,387.4534606933594,65.52930450439453,44.72999954223633,317.324462890625,81.55323028564453,358.1744384765625,366.6152648925781,309.2007751464844,127.16999816894531,141.85316467285156,299.6102600097656,30.14527702331543,204.52000427246094,77.90701293945312,90.36117553710938,306.876708984375,494.3467712402344,476.8805847167969,127.4840316772461,736.780029296875,73.09053802490234,576.9299926757812,152.89999389648438,214.97999572753906,441.30999755859375,6180.9599609375,243.73207092285156,86.2300033569336,70.33000183105469,100.79000091552734,140.5215606689453,25.549999237060547,103.30999755859375,140.82000732421875,836.3200073242188,34.552337646484375,182.55999755859375,142.33999633789062,239.9537353515625,602.9199829101562,362.6236267089844,463.4100036621094,201.0829620361328,174.25999450683594,56.26499938964844,508.3500061035156,394.9479675292969,88.91456604003906,158.98863220214844,925.9497680664062,24.31443214416504,214.72999572753906,48.119998931884766,153.69000244140625,188.8300018310547,457.8809814453125,264.67999267578125,108.93000030517578,54.13668441772461,317.32000732421875,281.8399963378906,47.067630767822266,264.510009765625,110.2300033569336,203.1616668701172,149.55999755859375,75.86117553710938
2026-06-03,137.13621520996094,175.32188415527344,229.60000610351562,126.30999755859375,209.33999633789062,500.7699890136719,227.88832092285156,338.2200012207031,440.92999267578125,180.51686096191406,315.6000061035156,280.52734375,147.3976287841797,478.4727478027344,481.4800109863281,299.7494812011719,164.36679077148438,64.2699966430664,475.3699951171875,195.42459106445312,924.4650268554688,88.62000274658203,27.170000076293945,84.38623046875,70.22000122070312,126.02853393554688,46.439998626708984,174.72000122070312,53.5099983215332,91.37000274658203,189.7100067138672,107.36000061035156,177.71131896972656,213.50999450683594,70.02869415283203,82.05000305175781,389.6843566894531,65.46002960205078,46.459999084472656,314.248291015625,81.52328491210938,355.466064453125,362.5035095214844,310.6400146484375,125.94000244140625,137.9376983642578,299.50079345703125,30.333932876586914,212.51100158691406,78.25476837158203,88.9297103881836,302.2255554199219,505.97003173828125,470.7608337402344,131.02304077148438,739.530029296875,77.25297546386719,583.1500244140625,151.64999389648438,210.13999938964844,427.3399963378906,6119.41015625,229.53146362304688,87.37999725341797,69.91999816894531,98.44999694824219,141.05592346191406,25.34000015258789,101.19000244140625,140.19000244140625,850.760009765625,34.740821838378906,184.67999267578125,139.72000122070312,249.08999633789062,618.9500122070312,358.5535583496094,461.7300109863281,203.6055908203125,172.5500030517578,56.849998474121094,498.0199890136719,390.0567626953125,88.89470672607422,157.09805297851562,940.019775390625,23.238834381103516,218.38999938964844,47.41999816894531,157.89999389648438,181.4499969482422,464.7853088378906,262.1300048828125,108.66999816894531,52.6890754699707,312.3999938964844,285.29998779296875,45.86808395385742,262.7799987792969,110.05000305175781,206.4207763671875,152.52999877929688,77.05286407470703
2026-06-04,138.10435485839844,176.7349090576172,233.63999938964844,127.79000091552734,210.83999633789062,501.70001220703125,228.4175262451172,345.6000061035156,455.0899963378906,192.07650756835938,322.239990234375,281.1037902832031,146.5489044189453,418.248046875,513.2000122070312,311.67681884765625,167.07000732421875,66.11000061035156,478.6300048828125,201.3018035888672,938.738525390625,93.79000091552734,27.850000381469727,84.61491394042969,70.36000061035156,129.51548767089844,46.22999954223633,179.9600067138672,53.400001525878906,94.81999969482422,188.35000610351562,108.95999908447266,186.25360107421875,213.47000122070312,70.96754455566406,82.9000015258789,407.7807312011719,67.20193481445312,47.15999984741211,327.2420959472656,83.04000091552734,369.0478820800781,361.10626220703125,309.95001220703125,127.33000183105469,141.53433227539062,309.4957580566406,29.84739875793457,213.11000061035156,76.32720947265625,91.33536529541016,308.5299987792969,507.45001220703125,480.9537658691406,135.30348205566406,756.9500122070312,81.1973876953125,580.8599853515625,152.77000427246094,218.27000427246094,428.04998779296875,6177.27001953125,235.5206298828125,88.4000015258789,69.8499984741211,99.4800033569336,140.6699981689453,25.690000534057617,103.51000213623047,140.77999877929688,872.22998046875,34.879703521728516,184.13999938964844,138.7899932861328,242.57000732421875,628.72998046875,365.8258056640625,462.239990234375,207.30479431152344,179.41000366210938,58.0099983215332,494.4800109863281,397.4645080566406,89.6989517211914,161.9439239501953,925.3302001953125,22.46914291381836,220.75,49.18000030517578,158.6300048828125,177.02000427246094,462.71002197265625,263.8999938964844,110.22000122070312,54.98938751220703,320.17999267578125,283.05999755859375,44.117916107177734,262.5199890136719,111.2300033569336,207.39752197265625,152.0399932861328,78.9695053100586
2026-06-05,135.17999267578125,176.1321563720703,229.9600067138672,129.13999938964844,221.00999450683594,453.010009765625,226.21084594726562,349.5799865722656,454.6600036621094,192.28451538085938,328.5299987792969,280.60687255859375,138.60089111328125,385.1204833984375,486.1199951171875,309.8119201660156,165.83999633789062,62.59000015258789,488.1300048828125,205.26318359375,902.6055908203125,94.48999786376953,27.40999984741211,88.07508087158203,72.04000091552734,121.1866455078125,46.9900016784668,179.85000610351562,53.209999084472656,95.93000030517578,187.30999755859375,108.12999725341797,183.91844177246094,214.75999450683594,72.46971893310547,83.48999786376953,413.8460693359375,67.48895263671875,46.790000915527344,327.5916442871094,82.11000061035156,365.5400085449219,371.38568115234375,310.7799987792969,132.13999938964844,140.97640991210938,310.9691162109375,30.314075469970703,192.9199981689453,78.97014617919922,89.95360565185547,307.8299865722656,507.8999938964844,490.2581481933594,135.9658203125,775.6599731445312,80.93971252441406,575.8300170898438,153.75999450683594,211.92999267578125,416.6700134277344,6182.5498046875,212.93917846679688,90.33000183105469,70.33999633789062,100.52999877929688,141.9199981689453,26.040000915527344,105.22000122070312,146.5399932861328,882.3400268554688,35.455081939697266,183.0800018310547,137.0,215.94000244140625,635.4500122070312,365.6562194824219,446.7099914550781,209.4285888671875,180.99000549316406,54.869998931884766,464.8500061035156,401.55157470703125,90.77129364013672,160.94888305664062,846.8661499023438,22.449405670166016,212.64999389648438,49.20000076293945,160.7100067138672,178.10000610351562,456.8399963378906,272.32000732421875,108.54000091552734,55.21743392944336,323.57000732421875,281.3800048828125,44.609535217285156,260.3999938964844,112.94999694824219,204.29786682128906,149.9199981689453,78.89006805419922
2026-06-08,132.43527221679688,172.35752868652344,225.0399932861328,126.7699966430664,215.02000427246094,492.1700134277344,225.6117401123047,345.7300109863281,449.3800048828125,187.31199645996094,325.8500061035156,275.0613098144531,143.38368225097656,395.9732971191406,471.05999755859375,311.44744873046875,162.3000030517578,64.83999633789062,487.0,204.0358428955078,913.9445190429688,91.79000091552734,27.010000228881836,85.57938385009766,70.91000366210938,123.68729400634766,47.11000061035156,173.64999389648438,52.9900016784668,97.08000183105469,189.24000549316406,109.7300033569336,183.15003967285156,216.19000244140625,70.00892639160156,84.63999938964844,416.4554443359375,66.64768981933594,46.0,321.6390686035156,83.7699966430664,361.1700134277344,360.5973205566406,309.7099914550781,127.58999633789062,138.5354766845703,309.7147521972656,30.53251838684082,210.80599975585938,79.0297622680664,90.20211791992188,302.1000061035156,501.9200134277344,484.85723876953125,135.5802764892578,766.6400146484375,79.9684829711914,553.97998046875,153.85000610351562,212.24000549316406,411.739990234375,6191.10986328125,211.0856475830078,89.0199966430664,69.62999725341797,98.91999816894531,140.67999267578125,25.6200008392334,105.02999877929688,145.10000610351562,883.1400146484375,35.06818771362305,183.4199981689453,136.07000732421875,217.77000427246094,611.3400268554688,371.94085693359375,451.6600036621094,204.33346557617188,178.66000366210938,56.54999923706055,473.4800109863281,394.5979309082031,88.36846923828125,161.00857543945312,876.1453247070312,22.202709197998047,205.61000061035156,48.83000183105469,159.75,178.42999267578125,458.9200134277344,268.6700134277344,107.69999694824219,54.88032150268555,319.6700134277344,269.9800109863281,44.67836380004883,259.6300048828125,111.25,201.816162109375,151.75,78.27435302734375
2026-06-09,135.21990966796875,171.408935546875,224.0800018310547,127.76000213623047,217.17999267578125,499.2099914550781,229.4559783935547,344.57000732421875,449.19000244140625,189.025634765625,331.5899963378906,281.23297119140625,153.83792114257812,391.5403137207031,452.510009765625,317.5108642578125,163.99000549316406,63.54999923706055,487.7699890136719,212.2080535888672,913.0062866210938,92.56999969482422,27.729999542236328,87.29953002929688,72.62999725341797,119.91141510009766,47.279998779296875,179.8699951171875,52.939998626708984,97.05999755859375,186.75999450683594,112.4800033569336,188.0199432373047,220.97000122070312,70.42400360107422,86.55999755859375,422.7099914550781,67.16234588623047,46.58000183105469,330.02862548828125,83.76000213623047,362.2900085449219,374.150146484375,321.3299865722656,128.97000122070312,141.03619384765625,311.2976379394531,31.257354736328125,213.93699645996094,80.81820678710938,92.0113296508789,308.1700134277344,515.5900268554688,494.41119384765625,137.3201446533203,784.22998046875,81.2469482421875,572.25,156.38999938964844,210.25,403.4100036621094,6406.56982421875,205.0964813232422,89.48999786376953,71.2699966430664,100.27999877929688,142.77999877929688,25.700000762939453,106.66000366210938,148.6699981689453,905.530029296875,35.46500015258789,179.0,136.97000122070312,205.4199981689453,616.1799926757812,390.2062072753906,460.4700012207031,209.56817626953125,181.55999755859375,55.849998474121094,465.2699890136719,401.91107177734375,90.22520446777344,162.4414520263672,845.4072265625,22.40993309020996,210.91000366210938,49.43000030517578,164.8699951171875,179.4600067138672,470.760009765625,271.2799987792969,107.87000274658203,55.54463577270508,325.04998779296875,279.0,45.012664794921875,265.7699890136719,113.0999984741211,212.4606170654297,148.91000366210938,81.63095092773438
2026-06-10,131.36732482910156,168.47422790527344,221.27999877929688,128.52999877929688,223.33999633789062,497.010009765625,221.44798278808594,337.7300109863281,450.6199951171875,190.67984008789062,336.3299865722656,274.80291748046875,148.99522399902344,371.51202392578125,447.5899963378906,312.484619140625,160.63999938964844,63.02000045776367,483.67999267578125,215.83016967773438,854.5746459960938,93.37999725341797,25.989999771118164,89.43726348876953,73.45999908447266,118.35723114013672,46.40999984741211,180.39999389648438,51.810001373291016,98.0199966430664,189.8000030517578,111.18000030517578,183.2498321533203,213.75999450683594,70.66118621826172,85.38999938964844,404.55999755859375,66.9149169921875,46.029998779296875,318.3132019042969,79.4000015258789,353.32000732421875,372.59326171875,318.9200134277344,129.25999450683594,139.82070922851562,307.75360107421875,31.475799560546875,213.56399536132812,83.05377197265625,89.31739807128906,303.0,509.1600036621094,488.2615051269531,138.18019104003906,790.4400024414062,79.53240966796875,552.8699951171875,156.85000610351562,206.66000366210938,397.3599853515625,6305.0400390625,200.56224060058594,90.45999908447266,69.66000366210938,101.0999984741211,144.32000732421875,25.600000381469727,109.20999908447266,149.0500030517578,875.5999755859375,35.58000183105469,181.72000122070312,135.0800018310547,191.1999969482422,601.6500244140625,375.5121154785156,440.07000732421875,211.97116088867188,177.41000366210938,55.5099983215332,460.5400085449219,403.3869323730469,90.38406372070312,160.99862670898438,815.4085693359375,22.90332794189453,202.0,49.7599983215332,167.66000366210938,185.5500030517578,449.1199951171875,267.0299987792969,103.26000213623047,56.32793426513672,322.9599914550781,272.6700134277344,46.163055419921875,256.5199890136719,114.01000213623047,206.2513427734375,150.6199951171875,80.72725677490234
2026-06-11,129.30130004882812,165.52964782714844,205.57000732421875,128.47999572753906,219.57000732421875,552.6400146484375,225.87136840820312,354.05999755859375,450.3800048828125,187.52000427246094,335.1700134277344,276.4029846191406,152.2303466796875,384.9607238769531,446.20001220703125,317.62054443359375,163.58999633789062,63.47999954223633,485.7900085449219,220.67962646484375,895.9678955078125,92.04000091552734,28.1200008392334,88.88046264648438,72.8499984741211,121.37593841552734,47.369998931884766,181.8800048828125,51.18000030517578,100.4800033569336,185.82000732421875,114.37000274658203,180.4156951904297,218.52999877929688,71.49132537841797,88.0199966430664,399.17999267578125,65.96479034423828,46.38999938964844,332.3457336425781,80.8499984741211,356.55999755859375,377.7529296875,326.010009765625,128.39999389648438,138.46572875976562,312.0840759277344,31.009122848510742,241.16400146484375,82.00057983398438,94.38716125488281,312.1700134277344,515.4400024414062,485.6958312988281,136.51942443847656,787.1900024414062,79.61170196533203,565.5399780273438,157.91000366210938,212.66000366210938,390.3399963378906,6479.7001953125,183.4617462158203,90.0999984741211,70.12999725341797,99.2699966430664,143.72999572753906,26.170000076293945,109.69000244140625,148.33999633789062,902.3699951171875,35.459999084472656,178.10000610351562,118.38999938964844,202.9600067138672,611.47998046875,392.3409729003906,457.5899963378906,207.4443817138672,184.2100067138672,56.0,456.2900085449219,391.0501403808594,90.89044189453125,164.0335235595703,867.4714965820312,22.696102142333984,207.74000549316406,50.68000030517578,168.33999633789062,185.82000732421875,460.1400146484375,268.2799987792969,108.6500015258789,57.14097595214844,319.04998779296875,280.19000244140625,46.153221130371094,262.0899963378906,113.06999969482422,218.0120849609375,146.60000610351562,80.83649444580078
2026-06-12,129.5907440185547,168.2568359375,198.42999267578125,129.22999572753906,221.6300048828125,567.25,226.7799835205078,355.20001220703125,459.1300048828125,187.17999267578125,335.30999755859375,279.8813781738281,153.5683135986328,381.4662780761719,441.7300109863281,324.55157470703125,164.94000244140625,63.13999938964844,489.25,223.36378479003906,908.8839111328125,92.16000366210938,29.18000030517578,88.94011688232422,73.56999969482422,120.6486587524414,47.56999969482422,176.27999877929688,52.16999816894531,101.95999908447266,187.22000122070312,113.83000183105469,179.72714233398438,217.42999267578125,72.09416961669922,89.68000030517578,404.07000732421875,66.64768981933594,46.56999969482422,334.8825378417969,81.5,358.1600036621094,386.40557861328125,328.3900146484375,129.6199951171875,140.00999450683594,319.28167724609375,31.485727310180664,254.5399932861328,82.09000396728516,89.76473236083984,307.7900085449219,523.5700073242188,489.1600341796875,137.33990478515625,784.0499877929688,79.48285675048828,577.3300170898438,158.32000732421875,214.0399932861328,390.739990234375,6374.93017578125,183.49163818359375,91.0199966430664,70.75,100.62999725341797,144.27000427246094,26.209999084472656,111.12000274658203,149.61000061035156,903.47998046875,35.849998474121094,179.4499969482422,113.68000030517578,211.72000122070312,612.1400146484375,402.9949645996094,459.3399963378906,209.29898071289062,183.52999877929688,56.18000030517578,453.8900146484375,396.31976318359375,91.63512420654297,166.7997589111328,930.3765869140625,23.2684383392334,210.3800048828125,51.65999984741211,168.41000366210938,189.10000610351562,458.25,272.70001220703125,108.0999984741211,58.439857482910156,322.3900146484375,286.4700012207031,47.303611755371094,265.20001220703125,113.44000244140625,222.7960968017578,147.00999450683594,79.0191650390625
2026-06-15,130.33929443359375,163.39529418945312,198.60000610351562,129.30999755859375,221.80999755859375,585.780029296875,230.4499969482422,350.5299987792969,459.8800048828125,185.75999450683594,329.510009765625,281.2131042480469,158.35110473632812,393.3175048828125,443.2099914550781,334.4644470214844,174.63999938964844,62.459999084472656,495.5199890136719,225.90823364257812,932.20068359375,88.73999786376953,30.1200008392334,90.06368255615234,73.6500015258789,119.72212219238281,47.38999938964844,174.74000549316406,50.81999969482422,100.68000030517578,180.39999389648438,112.5,180.72506713867188,220.6699981689453,71.2936782836914,90.0,401.8900146484375,65.49961853027344,46.099998474121094,341.83392333984375,84.06999969482422,367.1099853515625,389.19000244140625,329.82000732421875,129.82000732421875,140.10000610351562,317.96759033203125,31.545305252075195,256.4200134277344,80.91000366210938,89.21798706054688,304.1700134277344,521.47998046875,489.81890869140625,135.7582244873047,779.780029296875,79.66124725341797,588.8900146484375,158.22999572753906,217.97999572753906,399.760009765625,6335.0,191.97213745117188,90.26000213623047,71.80999755859375,100.9000015258789,146.25,26.0,110.58999633789062,150.4600067138672,918.8599853515625,36.16999816894531,173.25999450683594,114.8499984741211,220.80999755859375,614.97998046875,411.3544921875,463.57000732421875,207.48426818847656,183.63999938964844,53.709999084472656,454.3800048828125,401.2015075683594,91.27767944335938,166.54103088378906,1018.0740966796875,22.982271194458008,216.13999938964844,48.47999954223633,167.3300018310547,188.86000061035156,472.5400085449219,267.32000732421875,108.83000183105469,57.299617767333984,323.82000732421875,292.989990234375,46.281044006347656,268.8900146484375,114.0,222.54693603515625,140.9199981689453,79.39653015136719
2026-06-16,128.09361267089844,163.55340576171875,201.3800048828125,129.75,223.08999633789062,568.22998046875,231.89999389648438,347.8399963378906,471.3299865722656,184.47000122070312,331.45001220703125,278.7484130859375,158.57077026367188,376.1147155761719,435.3900146484375,339.809814453125,175.72000122070312,61.52000045776367,494.95001220703125,227.22537231445312,943.7093505859375,88.12999725341797,30.899999618530273,90.14322662353516,74.02999877929688,119.12435913085938,46.900001525878906,176.7100067138672,51.04999923706055,100.72000122070312,180.11000061035156,110.16999816894531,180.97454833984375,222.6300048828125,71.21461486816406,87.58000183105469,397.79998779296875,65.71735382080078,46.04999923706055,351.2921142578125,82.51000213623047,371.1000061035156,396.92999267578125,337.0899963378906,131.02000427246094,141.27999877929688,329.6549377441406,31.773677825927734,237.3300018310547,80.27999877929688,89.24781036376953,310.45001220703125,518.1699829101562,500.4909973144531,134.87841796875,785.4299926757812,80.59284210205078,603.5700073242188,161.6300048828125,220.8300018310547,393.8299865722656,6437.580078125,187.6770782470703,90.68000030517578,73.51000213623047,100.27999877929688,146.1199951171875,26.040000915527344,111.16999816894531,152.49000549316406,938.510009765625,36.380001068115234,172.0,118.18000030517578,214.07000732421875,614.72998046875,405.7582092285156,466.30999755859375,208.42152404785156,186.77000427246094,53.06999969482422,448.3800048828125,409.886474609375,91.11880493164062,170.44161987304688,1030.6051025390625,22.853988647460938,217.0,49.130001068115234,166.32000732421875,184.36000061035156,475.3399963378906,267.45001220703125,110.0199966430664,58.390281677246094,333.1199951171875,300.8299865722656,45.946739196777344,272.1199951171875,114.66999816894531,226.42398071289062,141.86000061035156,78.78083038330078
2026-06-17,124.09131622314453,154.15638732910156,193.07000732421875,128.27000427246094,221.66000366210938,592.9199829101562,231.27000427246094,341.6600036621094,471.9700012207031,181.08999633789062,326.69000244140625,280.01055908203125,160.8673095703125,392.2791442871094,423.010009765625,339.6103820800781,171.6300048828125,60.06999969482422,491.2799987792969,225.7884979248047,954.14990234375,85.7699966430664,29.90999984741211,90.06368255615234,73.30999755859375,116.89270782470703,45.56999969482422,169.63999938964844,48.81999969482422,99.16000366210938,177.5800018310547,105.72000122070312,177.39198303222656,220.7899932861328,70.06822204589844,82.45999908447266,391.2699890136719,63.96554946899414,44.880001068115234,356.58551025390625,79.58000183105469,362.1000061035156,388.1600036621094,327.4800109863281,129.63999938964844,134.58999633789062,331.9645080566406,30.671527862548828,238.72999572753906,79.93000030517578,85.96737670898438,313.1700134277344,515.8499755859375,492.1649475097656,131.58653259277344,779.7999877929688,77.44127655029297,591.0800170898438,159.22999572753906,224.9600067138672,378.9100036621094,6275.93994140625,182.8937225341797,88.4000015258789,72.72000122070312,97.58000183105469,141.58999633789062,25.920000076293945,110.22000122070312,150.55999755859375,945.969970703125,35.33000183105469,167.1699981689453,116.94000244140625,212.97000122070312,607.9299926757812,402.8652648925781,458.69000244140625,206.82618713378906,192.5800018310547,50.33000183105469,461.739990234375,395.4777526855469,89.6095962524414,170.25257873535156,1065.310302734375,22.143503189086914,212.1999969482422,48.16999816894531,164.1300048828125,181.30999755859375,472.510009765625,258.04998779296875,105.12999725341797,57.41859817504883,330.3800048828125,294.82000732421875,45.071659088134766,271.8599853515625,112.54000091552734,220.41404724121094,140.74000549316406,76.72515869140625
2026-06-18,126.81607818603516,126.45942687988281,193.82000732421875,127.69000244140625,221.1699981689453,617.1099853515625,237.4199981689453,337.6000061035156,467.42999267578125,176.0500030517578,317.739990234375,278.4800720214844,163.7130126953125,410.70001220703125,423.3999938964844,337.0773010253906,171.77999877929688,58.40999984741211,489.4599914550781,221.28829956054688,983.9945678710938,82.05000305175781,30.8700008392334,88.96995544433594,73.37999725341797,119.09447479248047,45.630001068115234,170.85000610351562,43.70000076293945,98.31999969482422,173.6300048828125,109.11000061035156,176.80320739746094,223.57000732421875,71.0466079711914,84.80999755859375,388.5,63.43109893798828,45.88999938964844,357.19476318359375,79.29000091552734,367.4599914550781,375.1700134277344,334.2799987792969,128.25,133.8800048828125,323.761474609375,30.542448043823242,259.55999755859375,79.38999938964844,89.19811248779297,294.82000732421875,512.1500244140625,488.9703369140625,130.98350524902344,750.6300048828125,78.63054656982422,609.1199951171875,160.60000610351562,223.1699981689453,379.3999938964844,6490.93017578125,183.6510772705078,86.83999633789062,73.2699966430664,98.23999786376953,142.02000427246094,25.209999084472656,109.56999969482422,150.3800048828125,953.27001953125,35.380001068115234,166.13999938964844,114.75,226.11000061035156,609.9400024414062,412.0029296875,473.7900085449219,204.34344482421875,185.60000610351562,48.09000015258789,455.510009765625,388.7606506347656,90.04647827148438,167.47637939453125,1069.4674072265625,21.71918296813965,217.63999938964844,48.33000183105469,163.80999755859375,181.6699981689453,483.3999938964844,256.8800048828125,104.86000061035156,57.646644592285156,327.239990234375,302.8399963378906,44.609535217285156,273.8299865722656,112.16999816894531,226.16485595703125,137.80999755859375,78.16511535644531
2026-06-22,126.2471694946289,123.34685516357422,187.72000122070312,130.3000030517578,222.55999755859375,640.1799926757812,241.5500030517578,344.7200012207031,471.4100036621094,176.42999267578125,313.6300048828125,281.3621520996094,165.7100067138672,392.1300048828125,410.0299987792969,337.1471252441406,167.77000427246094,59.150001525878906,488.69000244140625,222.25619506835938,1020.3870849609375,83.12000274658203,30.190000534057617,88.16456604003906,73.80000305175781,121.07705688476562,46.20000076293945,169.4499969482422,41.83000183105469,101.30000305175781,175.05999755859375,105.56999969482422,177.8210906982422,229.39999389648438,71.35296630859375,84.52999877929688,394.82000732421875,64.06452941894531,46.119998931884766,354.6778869628906,80.43000030517578,348.7799987792969,376.989990234375,326.6199951171875,129.5,131.33999633789062,329.993408203125,30.651670455932617,269.1600036621094,79.52999877929688,86.92168426513672,285.8299865722656,516.7100219726562,483.2798767089844,130.6177520751953,744.8499755859375,78.56117248535156,609.8800048828125,163.22000122070312,227.08999633789062,367.3399963378906,6352.5498046875,174.4630584716797,85.62999725341797,72.4800033569336,95.93000030517578,140.7100067138672,25.079999923706055,111.2300033569336,147.67999267578125,962.1400146484375,35.59000015258789,168.41000366210938,115.0,221.89999389648438,612.5,409.91802978515625,478.0799865722656,203.76512145996094,181.8300018310547,47.95000076293945,464.5799865722656,385.4209899902344,90.96987915039062,172.84963989257812,1093.260498046875,21.807994842529297,212.69000244140625,48.7599983215332,164.1699981689453,180.05999755859375,491.5899963378906,259.9100036621094,107.23999786376953,58.182064056396484,326.6000061035156,304.3900146484375,44.59970474243164,276.75,113.04000091552734,225.30772399902344,138.47000122070312,75.36463928222656
2026-06-23,126.42682647705078,125.5009536743164,188.77999877929688,133.74000549316406,231.5500030517578,585.8800048828125,234.0800018310547,347.010009765625,466.1099853515625,179.3800048828125,320.739990234375,280.7062683105469,158.6999969482422,380.1499938964844,433.0400085449219,336.85791015625,168.94000244140625,58.68000030517578,492.80999755859375,228.41278076171875,982.41748046875,84.33000183105469,28.719999313354492,90.9088363647461,75.33000183105469,120.69847106933594,46.15999984741211,168.8000030517578,40.95000076293945,101.56999969482422,175.97999572753906,103.62999725341797,178.59947204589844,223.5399932861328,72.08429718017578,83.76000213623047,395.1000061035156,65.02455139160156,45.599998474121094,356.0262145996094,78.94999694824219,346.0799865722656,386.9200134277344,324.45001220703125,131.3300018310547,133.0,332.6414794921875,30.651670455932617,244.49000549316406,80.30999755859375,86.83221435546875,293.7699890136719,512.260009765625,487.2532043457031,132.35760498046875,763.9099731445312,79.90901184082031,604.1799926757812,161.83999633789062,226.02999877929688,373.94000244140625,6389.56982421875,164.58740234375,87.54000091552734,71.75,97.98999786376953,142.0500030517578,24.719999313354492,112.36000061035156,150.86000061035156,947.5800170898438,36.290000915527344,170.33999633789062,112.33000183105469,204.1300048828125,618.030029296875,406.017578125,456.3599853515625,208.4913330078125,186.38999938964844,47.790000915527344,461.5,378.5809020996094,91.63512420654297,172.86953735351562,1037.8499755859375,22.50861358642578,203.0500030517578,49.66999816894531,164.35000610351562,184.57000732421875,474.3399963378906,258.6099853515625,105.83000183105469,59.54043960571289,328.4800109863281,299.0899963378906,45.946739196777344,270.260009765625,114.13999938964844,225.387451171875,139.72999572753906,76.30805969238281
2026-06-24,131.37730407714844,127.61551666259766,192.61000061035156,134.9600067138672,233.5399932861328,588.969970703125,235.3800048828125,351.42999267578125,460.95001220703125,174.4600067138672,325.4800109863281,277.00921630859375,162.77999877929688,382.07000732421875,456.7300109863281,341.6248474121094,181.25,56.380001068115234,494.80999755859375,232.50387573242188,992.6085815429688,82.13999938964844,28.90999984741211,91.35626220703125,76.48999786376953,119.28376770019531,46.060001373291016,170.92999267578125,41.439998626708984,101.87000274658203,171.4499969482422,105.69999694824219,188.47897338867188,224.30999755859375,73.34927368164062,83.2699966430664,384.0,65.5392074584961,46.2599983215332,365.42449951171875,78.94999694824219,345.0400085449219,387.760009765625,342.8599853515625,132.32000732421875,130.02000427246094,331.95458984375,31.177921295166016,240.47999572753906,80.5999984741211,92.39901733398438,287.2699890136719,515.72998046875,493.5826110839844,132.88153076171875,766.5499877929688,79.41348266601562,616.6199951171875,165.91000366210938,219.86000061035156,365.4599914550781,6764.830078125,156.98385620117188,87.81999969482422,72.62999725341797,96.30000305175781,142.27000427246094,24.040000915527344,106.69999694824219,152.0399932861328,961.0900268554688,36.91999816894531,168.63999938964844,112.93000030517578,197.41000366210938,623.4299926757812,413.2398986816406,460.3699951171875,212.95828247070312,185.05999755859375,46.61000061035156,463.92999267578125,380.6528015136719,92.07200622558594,168.0336151123047,993.25,22.07442855834961,198.5500030517578,49.790000915527344,165.1699981689453,180.7899932861328,483.1499938964844,259.9599914550781,106.13999938964844,59.59992980957031,332.2300109863281,307.2900085449219,44.91434097290039,272.4800109863281,115.61000061035156,234.8757781982422,136.89999389648438,77.62885284423828
2026-06-25,135.24984741210938,124.32508850097656,189.72999572753906,137.0,231.60000610351562,668.0,240.9499969482422,352.82000732421875,453.2900085449219,168.72000122070312,315.95001220703125,278.2017822265625,165.14999389648438,378.9100036621094,444.7300109863281,341.5251159667969,177.0500030517578,56.939998626708984,487.80999755859375,234.24009704589844,1055.052734375,79.52999877929688,28.459999084472656,90.54093933105469,77.0999984741211,118.52659606933594,47.439998626708984,169.08999633789062,39.150001525878906,104.66000366210938,172.24000549316406,102.58999633789062,192.80999755859375,230.72999572753906,73.87305450439453,81.5,387.32000732421875,66.47943878173828,46.91999816894531,370.89764404296875,78.52999877929688,342.19000244140625,386.94000244140625,345.0,130.3699951171875,124.48999786376953,333.6170654296875,32.290000915527344,258.79998779296875,80.41999816894531,93.30362701416016,288.5199890136719,522.280029296875,488.101806640625,136.49964904785156,763.8099975585938,79.79999542236328,628.9400024414062,167.97000122070312,221.0399932861328,352.8299865722656,6814.43994140625,151.9314422607422,86.9000015258789,73.62999725341797,96.72000122070312,139.52000427246094,23.670000076293945,105.44000244140625,148.5,989.9099731445312,37.0,171.75999450683594,112.55000305175781,204.89999389648438,620.1400146484375,409.1099853515625,479.3900146484375,212.87852478027344,186.58999633789062,47.41999816894531,455.0199890136719,373.83160400390625,93.43000030517578,168.67044067382812,1025.3599853515625,22.12376594543457,200.07000732421875,50.66999816894531,155.19000244140625,181.57000732421875,503.4599914550781,267.7300109863281,109.30999755859375,60.69059371948242,330.5199890136719,312.9700012207031,45.29780197143555,282.45001220703125,117.06999969482422,239.26112365722656,137.5500030517578,77.28128051757812
2026-06-26,135.74888610839844,127.44754028320312,196.25999450683594,138.69000244140625,239.61000061035156,626.8400268554688,237.52000427246094,358.3299865722656,452.80999755859375,175.58999633789062,328.69000244140625,276.07501220703125,163.72000122070312,365.0199890136719,464.8299865722656,339.43084716796875,181.4600067138672,56.560001373291016,498.6600036621094,237.40321350097656,995.6229858398438,82.62000274658203,29.06999969482422,91.54518127441406,78.80999755859375,113.3459701538086,47.65999984741211,171.89999389648438,40.029998779296875,104.33999633789062,171.05999755859375,104.55999755859375,196.19000244140625,225.9600067138672,74.78226470947266,80.54000091552734,395.17999267578125,67.67699432373047,47.099998474121094,368.5406188964844,78.0999984741211,334.69000244140625,391.67999267578125,348.8599853515625,133.88999938964844,123.86000061035156,327.57427978515625,33.400001525878906,248.63999938964844,82.62999725341797,92.96563720703125,291.25,519.6199951171875,498.18487548828125,139.10943603515625,763.510009765625,80.9800033569336,616.0599975585938,164.00999450683594,212.02999877929688,372.9700012207031,6828.6201171875,148.0150604248047,89.55000305175781,73.19000244140625,99.9000015258789,141.38999938964844,24.290000915527344,107.75,149.02000427246094,968.9199829101562,37.02000045776367,171.64999389648438,115.72000122070312,189.38999938964844,632.9000244140625,411.1600036621094,476.82000732421875,215.76010131835938,187.99000549316406,47.0,454.3399963378906,386.14947509765625,94.2699966430664,167.27737426757812,899.9000244140625,22.419801712036133,197.74000549316406,50.4900016784668,155.42999267578125,182.67999267578125,477.8900146484375,268.3500061035156,108.13999938964844,60.39314270019531,336.2300109863281,311.3500061035156,45.759925842285156,269.5299987792969,118.8499984741211,238.39402770996094,136.5399932861328,75.56324768066406
2026-06-29,132.5749969482422,123.25791931152344,195.24000549316406,137.97000122070312,241.3800048828125,694.6400146484375,237.72000122070312,360.54998779296875,446.7900085449219,168.6699981689453,327.57000732421875,269.6747741699219,166.4199981689453,372.45001220703125,510.6000061035156,339.9494323730469,182.41000366210938,56.310001373291016,496.0,235.7069091796875,1031.27685546875,78.62999725341797,29.190000534057617,91.87330627441406,77.93000030517578,117.2613296508789,48.0099983215332,169.0800018310547,38.7400016784668,103.58000183105469,168.47000122070312,101.27999877929688,192.77999877929688,224.0,74.5747299194336,79.37000274658203,388.0299987792969,68.33999633789062,47.400001525878906,373.2447509765625,77.33999633789062,351.2799987792969,392.3299865722656,350.80999755859375,133.49000549316406,122.91000366210938,327.91278076171875,33.5,278.3900146484375,82.6500015258789,90.31147003173828,289.3800048828125,511.05999755859375,508.787109375,139.04022216796875,747.530029296875,80.93000030517578,581.22998046875,162.42999267578125,211.72000122070312,368.57000732421875,6821.02978515625,147.2477264404297,90.16000366210938,72.91999816894531,99.80999755859375,138.67999267578125,24.3700008392334,108.51000213623047,148.4499969482422,963.7899780273438,36.7400016784668,174.0500030517578,113.88999938964844,188.72000122070312,631.8099975585938,397.6099853515625,482.3299865722656,214.05508422851562,187.3300018310547,46.380001068115234,447.260009765625,386.5279235839844,93.91000366210938,169.3371124267578,968.530029296875,21.531694412231445,198.3000030517578,50.58000183105469,151.22999572753906,173.97000122070312,480.3500061035156,272.70001220703125,108.01000213623047,60.76000213623047,341.6499938964844,303.82000732421875,43.36082077026367,268.29998779296875,118.44000244140625,239.37075805664062,136.05999755859375,72.74291229248047
2026-06-30,132.8300018310547,122.96148681640625,194.4199981689453,136.80999755859375,237.94000244140625,723.0,241.94000244140625,362.1199951171875,458.760009765625,163.57000732421875,331.69000244140625,291.3699951171875,176.32000732421875,377.75,560.6099853515625,337.32659912109375,178.24000549316406,55.5,500.3900146484375,237.0439910888672,1062.92822265625,75.7300033569336,28.56999969482422,91.15740966796875,76.5,117.02222442626953,47.529998779296875,170.0800018310547,38.72999954223633,103.44999694824219,165.75999450683594,99.29000091552734,190.47999572753906,224.27999877929688,73.57657623291016,78.94999694824219,386.7300109863281,67.93000030517578,48.029998779296875,373.2647399902344,77.08000183105469,353.3299865722656,389.8900146484375,352.67999267578125,132.52000427246094,123.11000061035156,325.86199951171875,32.72999954223633,301.7099914550781,81.2699966430664,89.95360565185547,290.5899963378906,518.9400024414062,512.740478515625,137.3498077392578,755.5999755859375,78.2300033569336,576.7000122070312,161.91000366210938,209.0399932861328,373.0199890136719,6813.39990234375,146.04193115234375,92.08999633789062,71.5999984741211,98.33000183105469,135.39999389648438,24.079999923706055,107.77999877929688,146.63999938964844,978.1199951171875,36.349998474121094,169.0500030517578,113.61000061035156,184.7899932861328,623.5399780273438,401.4100036621094,495.0799865722656,212.45974731445312,189.72999572753906,46.4900016784668,446.07000732421875,385.2980041503906,92.70999908447266,168.760009765625,965.0,20.42649269104004,201.61000061035156,49.81999969482422,151.5,167.72999572753906,491.1600036621094,272.0,107.5,60.400001525878906,343.0899963378906,295.010009765625,41.63032531738281,269.6000061035156,116.7699966430664,232.3242950439453,136.72000122070312,71.36254119873047
2026-07-01,133.38999938964844,129.57200622558594,199.75999450683594,135.0500030517578,243.1199951171875,650.9099731445312,237.1300048828125,361.3299865722656,479.67999267578125,166.0800018310547,343.55999755859375,306.3999938964844,172.22000122070312,369.3399963378906,593.9600219726562,347.04998779296875,182.63999938964844,53.81999969482422,499.739990234375,237.72000122070312,989.57421875,76.52999877929688,28.520000457763672,92.23125457763672,75.91999816894531,116.57390594482422,48.33000183105469,174.22999572753906,41.06999969482422,104.80999755859375,165.69000244140625,100.33000183105469,193.72000122070312,217.1699981689453,72.6377182006836,82.47000122070312,416.19000244140625,68.62999725341797,47.75,374.47320556640625,75.5199966430664,357.8900146484375,393.239990234375,350.8399963378906,133.88999938964844,126.7300033569336,332.5718078613281,33.369998931884766,266.19000244140625,81.29000091552734,86.54393005371094,292.2300109863281,533.5499877929688,521.565673828125,138.33836364746094,768.0599975585938,79.19999694824219,579.239990234375,159.9600067138672,211.86000061035156,384.2799987792969,6643.72998046875,142.00596618652344,92.69000244140625,70.63999938964844,102.70999908447266,141.16000366210938,23.8799991607666,108.93000030517578,147.42999267578125,963.8099975585938,35.619998931884766,174.5,119.77999877929688,181.9199981689453,624.719970703125,398.0199890136719,482.82000732421875,214.0850067138672,191.77999877929688,45.09000015258789,454.5299987792969,414.9700012207031,91.37000274658203,169.6699981689453,915.1900024414062,20.20939826965332,201.44000244140625,50.88999938964844,151.35000610351562,173.05999755859375,484.5799865722656,277.7300109863281,109.54000091552734,61.959999084472656,351.0799865722656,295.0299987792969,41.28619384765625,264.0,116.22000122070312,227.39076232910156,136.27999877929688,71.94844818115234
2026-07-02,130.69000244140625,135.71810913085938,207.47999572753906,138.50999450683594,250.3300018310547,603.0399780273438,234.6199951171875,374.1499938964844,489.1600036621094,166.02999877929688,357.4599914550781,314.19000244140625,164.58999633789062,360.45001220703125,597.0399780273438,351.9599914550781,184.55999755859375,52.779998779296875,507.7799987792969,238.94000244140625,961.7459106445312,76.5999984741211,27.90999984741211,94.58773803710938,77.7300033569336,112.27000427246094,48.88999938964844,181.3699951171875,41.9900016784668,104.72000122070312,169.1999969482422,104.69000244140625,197.92999267578125,213.7100067138672,74.77238464355469,83.70999908447266,417.8900146484375,69.83000183105469,48.599998474121094,377.04998779296875,76.0,356.17999267578125,410.5,357.8999938964844,137.85000610351562,132.99000549316406,332.9700012207031,33.29999923706055,235.5500030517578,84.13999938964844,87.68711853027344,302.07000732421875,546.6400146484375,538.4873046875,140.56260681152344,786.2999877929688,83.19000244140625,599.4199829101562,160.44000244140625,213.92999267578125,390.489990234375,6750.7900390625,139.78370666503906,90.25,73.13999938964844,106.3499984741211,144.22000122070312,24.31999969482422,110.87000274658203,151.41000366210938,962.8900146484375,36.88999938964844,176.4199981689453,124.55000305175781,176.25,654.27001953125,398.2200012207031,471.70001220703125,217.33999633789062,199.25,45.130001068115234,437.1600036621094,439.8900146484375,93.05999755859375,170.69000244140625,820.1599731445312,20.30807876586914,197.44000244140625,50.97999954223633,154.25999450683594,177.52000427246094,478.1300048828125,282.25,110.66000366210938,61.72999954223633,362.1300048828125,303.19000244140625,41.84663772583008,262.19000244140625,118.83000183105469,226.7728271484375,137.08999633789062,74.28218841552734
2026-07-06,130.60000610351562,135.33273315429688,207.5399932861328,135.97999572753906,248.3699951171875,592.7899780273438,237.13999938964844,366.44000244140625,507.5,162.11000061035156,356.9100036621094,308.8599853515625,166.80999755859375,373.8999938964844,622.3499755859375,356.0299987792969,181.02999877929688,53.25,506.5799865722656,237.52000427246094,968.1240234375,74.91999816894531,27.510000228881836,92.85765838623047,76.29000091552734,113.9800033569336,48.810001373291016,178.24000549316406,41.369998931884766,102.08000183105469,168.10000610351562,105.66999816894531,193.6199951171875,214.74000549316406,73.96199798583984,84.9000015258789,408.1700134277344,69.93000030517578,48.310001373291016,378.67999267578125,77.8499984741211,364.8999938964844,417.07000732421875,350.6499938964844,137.63999938964844,134.91000366210938,337.7200012207031,31.75,233.30999755859375,82.95999908447266,87.13043975830078,301.2699890136719,540.52001953125,532.2078247070312,139.1588592529297,784.22998046875,83.05999755859375,605.2999877929688,159.14999389648438,222.10000610351562,386.739990234375,6693.66015625,143.2615966796875,84.23999786376953,73.48999786376953,105.38999938964844,143.2899932861328,23.719999313354492,112.55000305175781,149.30999755859375,971.3599853515625,36.11000061035156,177.3300018310547,124.9800033569336,186.47999572753906,649.8099975585938,396.32000732421875,482.8699951171875,214.5800018310547,201.3699951171875,45.720001220703125,442.2699890136719,447.2200012207031,92.94999694824219,175.9600067138672,868.260009765625,20.30807876586914,200.14999389648438,51.41999816894531,151.30999755859375,181.7899932861328,487.239990234375,282.5899963378906,110.0199966430664,62.83000183105469,357.25,304.8399963378906,41.36484909057617,261.30999755859375,116.62999725341797,223.08514404296875,136.44000244140625,74.89788818359375
2026-07-07,131.13999938964844,140.45118713378906,212.3800048828125,137.52999877929688,251.4600067138672,554.5,231.6999969482422,368.1000061035156,507.8399963378906,165.25,359.82000732421875,305.04998779296875,158.61000061035156,370.7799987792969,640.4600219726562,349.5799865722656,181.9499969482422,54.470001220703125,504.0,239.7100067138672,938.3792114257812,77.22000122070312,26.68000030517578,94.48831176757812,77.0199966430664,111.79000091552734,48.5099983215332,181.8300018310547,43.939998626708984,104.33000183105469,174.00999450683594,106.08000183105469,194.19000244140625,214.0500030517578,75.73999786376953,84.44000244140625,418.8500061035156,70.1500015258789,47.11000061035156,366.9800109863281,76.02999877929688,363.6199951171875,423.1099853515625,345.2099914550781,139.63999938964844,136.4499969482422,339.2200012207031,31.489999771118164,216.47000122070312,84.05000305175781,86.225830078125,295.3999938964844,538.22998046875,530.7303466796875,140.08810424804688,807.3300170898438,83.83000183105469,594.1699829101562,158.00999450683594,222.0399932861328,388.8399963378906,6693.68994140625,141.1090850830078,86.6500015258789,73.43000030517578,108.12000274658203,144.97999572753906,24.06999969482422,112.87999725341797,152.75,957.510009765625,36.38999938964844,178.83999633789062,125.04000091552734,182.97000122070312,676.22998046875,395.30999755859375,468.8999938964844,222.4600067138672,200.85000610351562,46.41999816894531,436.6300048828125,443.4599914550781,94.58999633789062,179.94000244140625,827.6400146484375,20.81134033203125,197.83999633789062,51.36000061035156,154.11000061035156,184.72999572753906,475.739990234375,283.1199951171875,111.95999908447266,62.88999938964844,352.20001220703125,299.8999938964844,41.87613296508789,259.19000244140625,117.68000030517578,221.74960327148438,141.69000244140625,75.76187133789062
2026-07-08,129.07000732421875,135.55999755859375,206.0399932861328,135.89999389648438,251.1699981689453,570.5,231.33999633789062,367.989990234375,490.5799865722656,165.0399932861328,357.510009765625,296.75,158.22000122070312,388.69000244140625,599.7999877929688,336.3900146484375,174.2899932861328,57.58000183105469,494.7900085449219,237.14999389648438,946.324462890625,76.9000015258789,25.639999389648438,92.50965881347656,76.19000244140625,113.81999969482422,48.689998626708984,180.1699981689453,42.43000030517578,104.47000122070312,175.97000122070312,102.22000122070312,190.77000427246094,211.47000122070312,74.77999877929688,81.80000305175781,416.0799865722656,68.30999755859375,46.5099983215332,356.0299987792969,76.23999786376953,358.7099914550781,410.6099853515625,336.2099914550781,138.74000549316406,137.1699981689453,330.6199951171875,30.969999313354492,221.17999267578125,83.4000015258789,83.09449768066406,293.44000244140625,527.6699829101562,518.989990234375,136.28216552734375,818.6599731445312,82.01000213623047,570.0,154.6999969482422,218.07000732421875,383.3399963378906,6429.1298828125,140.00294494628906,84.9800033569336,72.06999969482422,106.58000183105469,142.50999450683594,24.049999237060547,110.73999786376953,148.39999389648438,939.1300048828125,35.9900016784668,187.80999755859375,122.61000061035156,186.55999755859375,662.8800048828125,380.3599853515625,463.6099853515625,220.4600067138672,194.91000366210938,47.43000030517578,434.5,430.7900085449219,95.33000183105469,177.4199981689453,860.02001953125,20.840944290161133,196.24000549316406,49.689998626708984,152.7899932861328,180.13999938964844,472.2900085449219,280.94000244140625,109.94000244140625,61.0,347.5299987792969,286.5899963378906,41.73847961425781,259.0,116.23999786376953,217.59349060058594,141.1300048828125,74.58010864257812
2026-07-09,133.58999633789062,139.05999755859375,208.5800018310547,133.85000610351562,248.63999938964844,588.6599731445312,232.99000549316406,363.6199951171875,500.1600036621094,165.0,355.55999755859375,295.8500061035156,162.24000549316406,401.1099853515625,582.0,346.7200012207031,175.52000427246094,57.20000076293945,495.45001220703125,233.77000427246094,936.6524047851562,76.68000030517578,26.719999313354492,90.49122619628906,75.0,118.30999755859375,49.349998474121094,177.69000244140625,43.400001525878906,102.80999755859375,174.0500030517578,104.26000213623047,195.97999572753906,211.57000732421875,74.63999938964844,81.98999786376953,420.3900146484375,68.08999633789062,46.349998474121094,359.0400085449219,76.6500015258789,356.239990234375,409.010009765625,338.7300109863281,138.52000427246094,135.11000061035156,335.4700012207031,30.719999313354492,229.52000427246094,82.62999725341797,83.8499984741211,289.8699951171875,525.5599975585938,523.2000122070312,134.44345092773438,792.8099975585938,82.38999938964844,571.9000244140625,155.33999633789062,222.1300048828125,384.3599853515625,6471.43994140625,143.72000122070312,85.12000274658203,72.0,106.26000213623047,137.86000061035156,24.25,111.66999816894531,146.85000610351562,949.1699829101562,35.65999984741211,189.82000732421875,123.79000091552734,191.11000061035156,667.9500122070312,387.5799865722656,467.4800109863281,218.69000244140625,195.1999969482422,47.2400016784668,443.3699951171875,432.9599914550781,94.62000274658203,180.16000366210938,890.0900268554688,20.762001037597656,198.91000366210938,51.369998931884766,150.89999389648438,181.47999572753906,472.0,285.0400085449219,110.73999786376953,61.900001525878906,348.20001220703125,288.7300109863281,41.53200149536133,259.7699890136719,114.88999938964844,219.0386505126953,137.4600067138672,74.56024932861328
2026-07-10,134.2899932861328,135.22999572753906,208.4499969482422,135.42999267578125,251.61000061035156,602.5,233.97999572753906,363.3900146484375,506.760009765625,168.58999633789062,356.94000244140625,299.5299987792969,159.05999755859375,399.9700012207031,565.7999877929688,350.5799865722656,178.38999938964844,57.560001373291016,493.7099914550781,235.8000030517578,950.6464233398438,79.66000366210938,26.829999923706055,91.7142105102539,75.4000015258789,121.30999755859375,49.40999984741211,179.63999938964844,42.56999969482422,104.1500015258789,176.39999389648438,105.98999786376953,199.0500030517578,215.3300018310547,75.19999694824219,82.66000366210938,416.2300109863281,68.69000244140625,46.4900016784668,359.2699890136719,77.8499984741211,355.0299987792969,406.5899963378906,343.29998779296875,138.77999877929688,135.25999450683594,336.4700012207031,31.670000076293945,231.52000427246094,83.48999786376953,84.2699966430664,290.7699890136719,529.7899780273438,526.739990234375,133.7020263671875,805.9600219726562,83.87000274658203,577.719970703125,157.52000427246094,222.27999877929688,385.1000061035156,6479.39013671875,140.63999938964844,86.27999877929688,73.08999633789062,107.54000091552734,137.3800048828125,24.170000076293945,112.2300033569336,147.0399932861328,961.27001953125,35.779998779296875,188.36000061035156,124.73999786376953,189.16000366210938,664.52001953125,394.8999938964844,472.1199951171875,219.1999969482422,195.92999267578125,47.7599983215332,445.5,430.5,94.19999694824219,180.22000122070312,910.3400268554688,21.1299991607666,200.36000061035156,51.66999816894531,151.33999633789062,187.61000061035156,479.70001220703125,286.9599914550781,112.47000122070312,62.40999984741211,348.9700012207031,295.25,42.119998931884766,261.2099914550781,114.95999908447266,221.01206970214844,138.8800048828125,75.03691864013672
2026-07-13,134.0399932861328,138.52000427246094,212.22000122070312,135.6300048828125,256.45001220703125,575.3900146484375,232.10000610351562,360.45001220703125,518.22998046875,169.5,367.3500061035156,301.9599914550781,155.99000549316406,384.04998779296875,547.030029296875,354.42999267578125,175.8000030517578,57.65999984741211,496.8500061035156,233.66000366210938,929.7451782226562,79.83999633789062,26.610000610351562,92.6786880493164,75.75,119.25,49.63999938964844,183.75,44.15999984741211,105.9000015258789,182.1999969482422,107.80000305175781,200.16000366210938,214.27000427246094,75.97000122070312,81.1500015258789,425.1700134277344,69.72000122070312,47.04999923706055,353.4200134277344,76.72000122070312,350.6700134277344,390.739990234375,337.1099853515625,140.77999877929688,137.6699981689453,334.5299987792969,31.25,222.25,84.25,82.83999633789062,288.69000244140625,524.0599975585938,537.7000122070312,134.33470153808594,812.280029296875,83.56999969482422,569.3499755859375,157.6999969482422,221.08999633789062,390.989990234375,6437.990234375,131.5399932861328,87.27999877929688,73.41999816894531,110.75,138.49000549316406,24.479999542236328,113.61000061035156,148.3699951171875,951.260009765625,36.06999969482422,198.2899932861328,125.41999816894531,183.97999572753906,663.0900268554688,374.489990234375,460.45001220703125,223.3800048828125,196.38999938964844,47.36000061035156,433.82000732421875,437.8399963378906,94.41000366210938,178.1699981689453,860.6599731445312,21.549999237060547,198.17999267578125,51.95000076293945,150.52999877929688,188.41000366210938,479.8999938964844,289.1300048828125,112.88999938964844,62.34000015258789,357.75,292.7799987792969,42.68000030517578,260.8599853515625,115.87000274658203,215.9290313720703,144.50999450683594,74.86810302734375
2026-07-14,135.1999969482422,134.55999755859375,205.9199981689453,134.94000244140625,250.35000610351562,595.7000122070312,233.9600067138672,355.25,518.5999755859375,168.8300018310547,358.8900146484375,299.3999938964844,158.3699951171875,389.1099853515625,547.260009765625,355.05999755859375,174.85000610351562,57.779998779296875,491.0899963378906,230.11000061035156,931.6117553710938,79.05000305175781,26.5,90.51111602783203,75.08000183105469,117.08999633789062,49.91999816894531,184.3300018310547,43.029998779296875,106.18000030517578,181.75999450683594,106.5999984741211,199.0500030517578,214.14999389648438,76.58000183105469,80.86000061035156,426.7900085449219,68.72000122070312,45.7400016784668,353.7300109863281,76.87000274658203,357.3299865722656,363.6000061035156,337.739990234375,138.14999389648438,137.61000061035156,342.8900146484375,30.260000228881836,230.3699951171875,83.08000183105469,83.70999908447266,290.010009765625,522.5399780273438,538.02001953125,132.14999389648438,803.3699951171875,79.30000305175781,573.75,156.5800018310547,227.6699981689453,384.92999267578125,6378.7998046875,127.94000244140625,85.75,72.55999755859375,109.5199966430664,135.4499969482422,24.25,112.91999816894531,146.0800018310547,964.5499877929688,36.099998474121094,201.4499969482422,122.51000213623047,178.10000610351562,656.1199951171875,368.9700012207031,469.7699890136719,220.02999877929688,193.38999938964844,47.540000915527344,425.8999938964844,438.8699951171875,93.36000061035156,183.64999389648438,878.3099975585938,21.280000686645508,200.97999572753906,51.95000076293945,150.33999633789062,187.1300048828125,483.54998779296875,288.29998779296875,113.66999816894531,62.13999938964844,356.0199890136719,291.8900146484375,42.470001220703125,262.0199890136719,115.05000305175781,219.60675048828125,145.08999633789062,73.55723571777344
2026-07-15,134.7100067138672,137.02000427246094,208.97999572753906,132.5,239.47999572753906,579.4299926757812,233.52000427246094,358.32000732421875,527.280029296875,168.6300048828125,355.1499938964844,293.69000244140625,157.0399932861328,394.2799987792969,541.1199951171875,358.44000244140625,182.8000030517578,57.25,488.3500061035156,224.94000244140625,912.6069946289062,79.47000122070312,26.59000015258789,90.9486083984375,74.0199966430664,111.7699966430664,49.43000030517578,192.3699951171875,43.18000030517578,105.91000366210938,181.60000610351562,106.52999877929688,200.7899932861328,212.25999450683594,76.68000030517578,82.30999755859375,390.3299865722656,68.26000213623047,45.36000061035156,360.3500061035156,77.63999938964844,370.2099914550781,378.8500061035156,341.44000244140625,134.5,139.83999633789062,346.9100036621094,30.280000686645508,224.5,82.44999694824219,85.29000091552734,286.82000732421875,514.1500244140625,535.2100219726562,131.77000427246094,796.3499755859375,80.47000122070312,569.3200073242188,160.52999877929688,228.5500030517578,395.6300048828125,6497.56982421875,132.49000549316406,82.7300033569336,72.19999694824219,110.0,135.39999389648438,24.81999969482422,112.95999908447266,148.0500030517578,952.9500122070312,35.709999084472656,196.16000366210938,123.61000061035156,177.97999572753906,664.4500122070312,374.0799865722656,461.9200134277344,217.33999633789062,195.88999938964844,47.54999923706055,425.2799987792969,444.4800109863281,92.77999877929688,186.58999633789062,828.2999877929688,21.43000030517578,201.33999633789062,52.79999923706055,150.97000122070312,187.6199951171875,480.20001220703125,288.3599853515625,112.94000244140625,63.0099983215332,355.1400146484375,289.1099853515625,42.83000183105469,259.7099914550781,112.97000122070312,222.0984344482422,144.50999450683594,74.01405334472656
2026-07-16,136.10000610351562,144.61000061035156,217.05999755859375,133.1300048828125,241.86000061035156,560.9299926757812,237.3000030517578,371.5799865722656,533.2100219726562,168.9199981689453,368.6300048828125,297.2900085449219,153.13999938964844,374.45001220703125,541.75,361.57000732421875,184.61000061035156,56.540000915527344,493.1199951171875,228.72000122070312,875.5457763671875,78.7300033569336,26.860000610351562,93.53378295898438,74.38999938964844,109.66000366210938,50.88999938964844,206.25,44.560001373291016,106.5,183.86000061035156,109.02999877929688,205.00999450683594,217.50999450683594,78.05000305175781,82.83999633789062,372.8500061035156,70.0,46.66999816894531,345.7300109863281,77.72000122070312,353.80999755859375,385.739990234375,348.0199890136719,136.64999389648438,141.75999450683594,343.1499938964844,31.3799991607666,219.3699951171875,84.91999816894531,86.4000015258789,284.42999267578125,520.739990234375,551.5399780273438,134.86000061035156,841.3099975585938,83.55999755859375,576.9299926757812,161.77000427246094,218.3699951171875,401.1000061035156,6701.10009765625,124.20999908447266,86.25,75.0,114.69999694824219,139.42999267578125,25.139999389648438,113.12000274658203,151.5,958.3400268554688,36.380001068115234,201.32000732421875,127.36000061035156,170.61000061035156,678.9400024414062,388.1099853515625,468.6700134277344,224.50999450683594,194.36000061035156,47.08000183105469,417.0299987792969,457.3800048828125,93.1500015258789,185.66000366210938,745.489990234375,21.979999542236328,202.57000732421875,53.25,154.7899932861328,192.85000610351562,475.0,299.4200134277344,117.18000030517578,64.01000213623047,365.1400146484375,293.4700012207031,43.880001068115234,263.8900146484375,114.48999786376953,227.62001037597656,145.9499969482422,76.37757873535156
