Date,A,ACN,ADSK,AEP,ALL,AMAT,AME,AMGN,AMP,AMT,AON,APD,APH,AVGO,AXON,AXP,BKNG,BKR,BRK-B,CAH,CAT,CCI,CCL,CL,CMS,CSCO,CSX,CTAS,CTSH,CVS,CVX,DECK,DHR,DOV,EIX,EL,ELV,EQR,FAST,GE,GM,GOOG,HCA,HD,HIG,ICE,JPM,KDP,KLAC,KO,LEN,LHX,LIN,MA,MAA,MCK,MDT,MLM,MMM,MS,MSFT,NVR,ORCL,ORLY,OTIS,PAYX,PEP,PFE,PFG,PG,PH,PPL,PSX,PTC,QCOM,REGN,RL,ROK,RSG,RTX,SLB,SNPS,SPGI,SRE,STT,STX,T,TEL,TFC,TJX,TMUS,TT,UNP,UPS,USB,V,VMC,VZ,WAB,WEC,WSM,XOM,ZTS
2025-01-02,131.80960083007812,336.9662780761719,293.32000732421875,86.8500747680664,186.32550048828125,161.8425750732422,176.59201049804688,247.50936889648438,519.8167724609375,171.52464294433594,351.1204833984375,272.52105712890625,68.24488830566406,229.05873107910156,596.489990234375,292.86492919921875,194.62417602539062,40.2540397644043,451.1000061035156,116.02224731445312,352.2652282714844,82.87142944335938,24.61445426940918,86.8336181640625,63.071067810058594,56.78630065917969,31.452587127685547,179.70889282226562,74.28954315185547,41.43798828125,137.59178161621094,204.5399932861328,227.4177703857422,182.7115020751953,72.7314682006836,72.19132995605469,355.2409362792969,65.72866821289062,34.252323150634766,167.18252563476562,50.61366653442383,189.6429443359375,294.5042724609375,373.69073486328125,106.2685546875,146.64723205566406,231.734130859375,30.087474822998047,62.9601936340332,59.274898529052734,125.90434265136719,201.93801879882812,406.0153503417969,516.8804321289062,141.2959442138672,562.733642578125,76.44755554199219,506.2812194824219,126.07595825195312,119.41313171386719,413.6726379394531,7989.89013671875,162.82432556152344,79.1806640625,89.65965270996094,129.86688232421875,141.66854858398438,23.596593856811523,73.24954986572266,158.18670654296875,620.8782348632812,30.690961837768555,108.5838623046875,183.00999450683594,148.7679443359375,709.3313598632812,227.48745727539062,274.5706787109375,196.8717498779297,113.03883361816406,36.810394287109375,482.75,463.18145751953125,83.18952941894531,94.00382995605469,84.53764343261719,21.091814041137695,137.9905548095703,40.449913024902344,118.93971252441406,213.96224975585938,369.4205017089844,221.46617126464844,112.41450500488281,44.983909606933594,310.31927490234375,252.70578002929688,35.81977844238281,187.56289672851562,89.36988067626953,182.820068359375,102.13241577148438,158.00164794921875
2025-01-03,134.0421905517578,341.8253479003906,294.05999755859375,86.9539794921875,185.8401336669922,167.95602416992188,177.81993103027344,249.36129760742188,525.5843505859375,172.9742889404297,350.13140869140625,273.1174621582031,69.32280731201172,229.62156677246094,601.0599975585938,298.1275329589844,193.7769775390625,41.31947326660156,453.55999755859375,117.28057098388672,356.2013854980469,83.54918670654297,23.994417190551758,86.45002746582031,63.146907806396484,56.941078186035156,31.628629684448242,183.4197235107422,74.26036071777344,42.89047622680664,138.66090393066406,207.25,232.3954315185547,185.0637969970703,72.54058074951172,70.41533660888672,360.8050842285156,66.5072250366211,34.531707763671875,170.52438354492188,51.00777816772461,192.12998962402344,293.4656982421875,374.3834228515625,106.71685028076172,147.1382293701172,234.90118408203125,30.097017288208008,64.9767074584961,59.18863296508789,127.31919860839844,204.26551818847656,405.3585205078125,515.8514404296875,143.69610595703125,573.8945922851562,77.14321899414062,512.3400268554688,126.24120330810547,120.52323913574219,418.3867492675781,8070.60009765625,163.10874938964844,80.28133392333984,90.29147338867188,130.9639434814453,141.14039611816406,23.578857421875,73.74173736572266,157.3766326904297,628.9260864257812,30.77680015563965,110.17830657958984,184.5399932861328,152.82508850097656,712.2671508789062,230.365966796875,276.4279479980469,197.8064727783203,112.90242004394531,36.99252700805664,493.7099914550781,466.9859924316406,83.70510864257812,93.73511505126953,87.23847198486328,20.94399642944336,139.71737670898438,41.168731689453125,118.52738189697266,213.55288696289062,376.6045227050781,223.76669311523438,112.34190368652344,45.9238166809082,310.8226318359375,254.24827575683594,35.86431884765625,189.03184509277344,89.17970275878906,187.8401641845703,102.6558837890625,158.68177795410156
2025-01-06,134.7731475830078,339.3908996582031,292.510009765625,85.31976318359375,180.46249389648438,175.28419494628906,177.6812744140625,246.85067749023438,520.6505126953125,170.79505920410156,344.6812744140625,272.4729309082031,70.34138488769531,233.43296813964844,570.7100219726562,296.9471435546875,194.0116729736328,41.484130859375,451.4100036621094,117.60498809814453,356.602783203125,82.20297241210938,23.74837303161621,83.94713592529297,62.01877212524414,56.85401153564453,31.296106338500977,182.6795196533203,73.80342102050781,42.93732833862305,138.10757446289062,208.47000122070312,235.72044372558594,185.0637969970703,71.30429077148438,71.79124450683594,368.660888671875,64.15274047851562,34.66657257080078,171.01028442382812,52.74187088012695,196.9349822998047,293.683349609375,374.566162109375,105.88846588134766,143.93701171875,233.75592041015625,29.65806007385254,68.2690200805664,58.287628173828125,126.5508804321289,198.94830322265625,404.7801208496094,506.5210266113281,138.7938232421875,576.8662719726562,76.08541870117188,513.0341186523438,126.64945220947266,123.10710906982422,422.833984375,7988.669921875,162.4909210205078,80.697998046875,89.708251953125,127.57897186279297,137.95257568359375,23.844884872436523,73.65655517578125,153.059326171875,632.2005615234375,30.261783599853516,109.30516815185547,184.8300018310547,154.78103637695312,710.3927001953125,238.68698120117188,275.1278381347656,197.71792602539062,111.17774963378906,37.155487060546875,501.05999755859375,461.9569091796875,80.68800354003906,94.4645004272461,87.19933319091797,20.87932777404785,140.73779296875,41.168731689453125,118.67463684082031,206.99359130859375,378.98602294921875,222.3264617919922,112.72306060791016,45.8016242980957,308.9769287109375,254.49549865722656,35.28528594970703,190.798583984375,87.591796875,195.2680206298828,102.54167175292969,161.19837951660156
2025-01-07,135.7412872314453,344.279052734375,290.82000732421875,85.4614486694336,180.5886688232422,175.62002563476562,176.94851684570312,250.16314697265625,518.70849609375,167.86732482910156,344.651611328125,275.4454650878906,70.667724609375,225.76077270507812,562.030029296875,297.0848388671875,189.51918029785156,42.036224365234375,452.9200134277344,119.34503173828125,355.4278564453125,81.20025634765625,23.46295738220215,83.80329895019531,62.293704986572266,57.0088005065918,31.4819278717041,186.25218200683594,73.52146911621094,42.89984893798828,140.29275512695312,205.10000610351562,236.611083984375,185.0146026611328,71.09114837646484,72.3767318725586,369.7290954589844,63.270992279052734,34.83034133911133,170.8714599609375,51.214691162109375,195.6914520263672,304.8502197265625,369.62158203125,106.2490463256836,143.79953002929688,236.00759887695312,29.2763614654541,68.17012023925781,58.31637954711914,124.75184631347656,197.6920166015625,406.77996826171875,505.9966735839844,137.39447021484375,581.646728515625,76.11402130126953,504.38720703125,129.06019592285156,121.42280578613281,417.418212890625,7897.0,158.9015655517578,79.98133087158203,89.54301452636719,130.5795135498047,137.13204956054688,24.057706832885742,74.11087799072266,153.72645568847656,626.5098266601562,30.5192928314209,109.32413482666016,183.08999633789062,155.42977905273438,724.317626953125,238.25474548339844,274.9812316894531,199.78414916992188,111.85983276367188,37.740238189697266,487.6199951171875,459.3021545410156,80.42068481445312,93.7831039428711,87.67881774902344,20.509780883789062,141.05174255371094,41.04737091064453,117.94815063476562,206.95458984375,375.4681091308594,222.83876037597656,113.4218521118164,45.77342987060547,307.62469482421875,249.156005859375,34.67061996459961,187.73158264160156,88.60919952392578,190.44284057617188,103.50293731689453,158.85670471191406
2025-01-08,135.33624267578125,345.573486328125,296.3699951171875,87.15235900878906,186.17990112304688,174.80027770996094,176.71084594726562,252.2155303955078,524.6917724609375,169.78126525878906,348.6180419921875,274.4065246582031,71.03362274169922,226.42236328125,577.3400268554688,297.90130615234375,192.5349884033203,42.07496643066406,451.8399963378906,120.45590209960938,353.5380859375,81.23741149902344,23.79758071899414,83.87042236328125,62.853031158447266,57.26999282836914,31.491710662841797,190.1308135986328,73.91036224365234,43.11537551879883,140.9586639404297,207.52000427246094,235.611572265625,184.26657104492188,63.85157012939453,71.87907409667969,372.14697265625,63.33664321899414,35.13380813598633,171.4466094970703,50.24911117553711,194.37828063964844,307.8570861816406,372.47869873046875,106.6388931274414,143.92718505859375,235.96878051757812,29.696231842041016,67.86354064941406,59.15028762817383,125.12664794921875,201.73350524902344,411.7403564453125,510.9438171386719,138.39532470703125,586.6359252929688,78.79186248779297,512.9151000976562,130.77099609375,122.36064910888672,419.58251953125,8005.9501953125,159.9901580810547,80.3826675415039,89.22224426269531,131.50779724121094,138.2072296142578,23.818283081054688,74.1392822265625,154.48890686035156,632.6937255859375,30.681425094604492,110.33016204833984,184.36000061035156,154.0354461669922,727.5806274414062,238.775390625,273.2705993652344,203.63128662109375,112.9511489868164,37.20342254638672,502.0,463.5179748535156,79.0744400024414,93.79270935058594,86.78834533691406,20.491304397583008,140.99288940429688,41.02870559692383,119.43059539794922,210.053955078125,381.5355224609375,224.0760040283203,115.03722381591797,45.604248046875,308.54266357421875,252.4190216064453,34.688438415527344,189.84576416015625,90.09251403808594,189.6824951171875,101.770751953125,160.3433380126953
2025-01-10,135.80055236816406,337.90325927734375,284.9599914550781,88.33316040039062,175.68666076660156,169.52635192871094,174.43324279785156,250.325439453125,505.6138916015625,164.35211181640625,345.7099914550781,281.9388732910156,69.42168426513672,221.48529052734375,570.0,288.50732421875,187.28460693359375,41.90061569213867,442.6600036621094,119.51214599609375,343.6781921386719,78.2942886352539,23.886157989501953,82.8155746459961,61.7059326171875,56.82499313354492,31.080947875976562,186.8246307373047,73.22978210449219,44.98954772949219,143.62213134765625,207.5,232.62303161621094,180.7430419921875,59.71730041503906,71.67414093017578,370.11749267578125,62.83011245727539,34.50279998779297,170.25662231445312,49.11604690551758,192.16976928710938,299.5190124511719,375.0664367675781,103.60792541503906,140.22518920898438,232.80477905273438,28.99008560180664,67.55300903320312,58.536842346191406,121.39739990234375,202.83395385742188,405.9956970214844,500.07373046875,137.32958984375,578.168212890625,76.86685943603516,504.4466552734375,127.54376983642578,118.14032745361328,414.0382995605469,7845.22021484375,151.88938903808594,79.83999633789062,88.23077392578125,130.3919677734375,134.52899169921875,23.694135665893555,72.25572967529297,151.1151123046875,621.3909912109375,30.261783599853516,108.1282958984375,182.3800048828125,152.0020294189453,691.1713256835938,233.1658477783203,267.2491455078125,202.97203063964844,112.1618881225586,37.02128601074219,492.5400085449219,451.2349853515625,75.1694107055664,90.12659454345703,86.9644775390625,20.29295539855957,138.25546264648438,39.93647003173828,117.8696060180664,205.9409942626953,372.66168212890625,217.6868133544922,111.87905883789062,44.53276062011719,303.7160949707031,248.86924743652344,34.27865219116211,187.463623046875,88.8183822631836,192.00247192382812,101.39956665039062,158.69149780273438
2025-01-13,140.2261199951172,337.275390625,284.82000732421875,89.30612182617188,177.1912078857422,168.74612426757812,174.7798614501953,257.9241027832031,507.6836242675781,167.64939880371094,350.8237609863281,290.2696533203125,67.58231353759766,222.45297241210938,568.6799926757812,292.16650390625,188.24679565429688,43.421287536621094,443.9100036621094,118.81417846679688,354.9382629394531,79.59408569335938,23.51216697692871,83.52519989013672,61.61113357543945,56.844337463378906,31.18852424621582,188.1076202392578,74.55204772949219,48.27872848510742,145.6947784423828,204.58999633789062,237.38294982910156,183.8040008544922,52.615535736083984,73.1866683959961,385.01348876953125,64.92193603515625,35.10972595214844,170.13766479492188,49.19487380981445,191.29434204101562,304.8205871582031,374.3834228515625,104.74820709228516,141.29550170898438,237.01698303222656,29.37178611755371,68.33724975585938,59.0927848815918,123.29013061523438,208.32647705078125,413.13238525390625,500.3115539550781,139.18301391601562,581.4877319335938,77.94373321533203,508.8990783691406,130.8390655517578,118.6571044921875,412.2989501953125,7962.0,151.31918334960938,80.6760025024414,88.60987091064453,131.77035522460938,136.28321838378906,23.76507568359375,73.63762664794922,151.38194274902344,629.23193359375,30.214099884033203,110.07391357421875,182.4199981689453,152.1472625732422,711.02734375,232.34059143066406,269.33123779296875,203.88710021972656,114.72451782226562,38.20036697387695,487.42999267578125,451.1135559082031,73.46037292480469,90.64484405517578,87.02318572998047,20.171329498291016,138.500732421875,40.253868103027344,117.70269775390625,208.04620361328125,372.5233459472656,219.18502807617188,113.4490737915039,45.482059478759766,302.9363098144531,253.1605987548828,34.55970001220703,190.4114990234375,89.2748031616211,190.33560180664062,104.01689147949219,161.60650634765625
2025-01-14,141.6881561279297,337.13043212890625,286.8699951171875,89.26834106445312,181.33612060546875,171.5015869140625,177.4040069580078,254.9743194580078,516.5897827148438,169.41172790527344,358.7071228027344,296.2532043457031,69.49091339111328,221.8704071044922,579.7999877929688,295.45196533203125,188.83596801757812,43.653743743896484,450.0299987792969,121.9305191040039,363.8190612792969,80.46680450439453,24.122364044189453,84.0718002319336,62.1515007019043,57.3957633972168,31.433027267456055,189.76564025878906,75.02845001220703,48.32558059692383,147.14842224121094,206.13999938964844,235.14645385742188,185.8216552734375,53.68125915527344,72.08399963378906,381.7798767089844,65.58795166015625,35.51914978027344,175.3834686279297,50.189998626708984,190.06076049804688,302.45660400390625,377.8465576171875,106.60964965820312,142.6309814453125,240.18092346191406,29.715316772460938,69.35293579101562,59.46660232543945,126.663330078125,209.2711181640625,418.8769836425781,504.38409423828125,140.27651977539062,590.0845336914062,81.24100494384766,513.3414916992188,133.37611389160156,119.26000213623047,410.7967834472656,8143.64013671875,153.66879272460938,80.28866577148438,89.21251678466797,132.87680053710938,136.70765686035156,23.41924285888672,74.6219711303711,152.23973083496094,638.1281127929688,30.500219345092773,111.2982177734375,185.5,154.47116088867188,685.2105712890625,233.35247802734375,270.7486572265625,203.67062377929688,116.41021728515625,38.21953582763672,490.3599853515625,452.870849609375,74.57746124267578,91.59496307373047,89.27387237548828,20.395870208740234,140.20794677734375,40.99135208129883,117.06455993652344,208.7479248046875,378.18560791015625,221.71749877929688,114.20231628417969,46.11179733276367,305.0781555175781,257.1553649902344,34.70475769042969,196.62489318847656,89.93087005615234,187.7427215576172,104.4261245727539,159.75062561035156
2025-01-15,140.50274658203125,337.8453369140625,290.94000244140625,89.85401916503906,182.52035522460938,176.17308044433594,178.30514526367188,256.7308654785156,526.9672241210938,170.8519287109375,357.2530822753906,295.2335205078125,70.16337585449219,225.1288299560547,580.0,307.216552734375,190.84454345703125,44.2833137512207,458.510009765625,122.59900665283203,367.06982421875,80.43895721435547,24.545562744140625,84.2540054321289,63.146907806396484,58.024566650390625,31.745988845825195,193.1409149169922,75.62152099609375,48.859718322753906,148.4895477294922,203.72999572753906,235.4928436279297,187.73106384277344,56.31800842285156,72.71826171875,378.02191162109375,65.15644836425781,35.77444076538086,178.78482055664062,50.938812255859375,195.96002197265625,302.9115905761719,390.65045166015625,108.40289306640625,145.5670928955078,244.91722106933594,29.55309295654297,70.83540344238281,59.207801818847656,129.8397216796875,208.54075622558594,419.55340576171875,517.5926513671875,139.90679931640625,579.8677978515625,81.38396453857422,526.83740234375,133.9302215576172,124.93496704101562,421.3119812011719,8259.080078125,155.635009765625,80.26933288574219,89.66936492919922,135.27725219726562,136.54733276367188,23.250757217407227,75.79563903808594,152.15391540527344,647.310302734375,30.624202728271484,112.94012451171875,185.3699951171875,159.1964111328125,697.6676025390625,232.55674743652344,269.898193359375,206.38623046875,116.03994750976562,38.957664489746094,507.19000244140625,464.1349182128906,78.69254302978516,95.7505111694336,92.31719970703125,20.4987850189209,140.76724243164062,42.372982025146484,116.93693542480469,208.7674102783203,380.99200439453125,223.14805603027344,115.68156433105469,47.841224670410156,312.17486572265625,265.184326171875,34.614097595214844,198.798583984375,90.8722152709961,193.52313232421875,106.12976837158203,162.43240356445312
2025-01-16,142.96249389648438,340.0862731933594,290.0799865722656,91.45991516113281,185.5004119873047,184.17286682128906,179.09738159179688,257.1985778808594,535.9716186523438,180.08998107910156,364.1077575683594,300.1973571777344,69.0854721069336,226.5211181640625,585.8400268554688,306.3902587890625,192.24180603027344,44.87415313720703,462.80999755859375,124.8797378540039,372.6117248535156,84.16195678710938,24.653820037841797,84.92527770996094,64.48360443115234,57.86978530883789,32.244773864746094,195.460205078125,75.28124237060547,48.691043853759766,149.4743194580078,208.22000122070312,239.3819122314453,191.4120330810547,56.18938446044922,76.18243408203125,374.1085205078125,65.89749908447266,36.01527786254883,178.2394256591797,51.07674789428711,193.4033660888672,306.06683349609375,393.7673034667969,109.61136627197266,147.5211944580078,246.78067016601562,29.848909378051758,73.90222930908203,59.66789627075195,131.826171875,212.76727294921875,423.9745788574219,518.37548828125,141.00201416015625,591.5357055664062,83.06119537353516,526.7779541015625,135.29107666015625,129.9687042236328,419.60223388671875,8355.8095703125,156.84420776367188,80.31466674804688,90.5927734375,137.68704223632812,138.2072296142578,23.490182876586914,76.79893493652344,152.96400451660156,649.6181640625,31.635154724121094,113.53804016113281,186.97000122070312,156.3109130859375,687.5512084960938,233.5391387939453,274.63909912109375,208.51148986816406,117.3748550415039,39.3890380859375,515.8099975585938,472.2113952636719,80.1915283203125,96.4415054321289,93.03153228759766,20.601699829101562,140.9830780029297,41.990234375,119.16551208496094,210.2781219482422,384.26287841796875,227.04344177246094,117.92314910888672,45.14369201660156,313.1322326660156,266.15338134765625,34.759151458740234,197.8656005859375,93.55359649658203,194.10801696777344,105.94894409179688,164.57003784179688
2025-01-17,145.5704345703125,342.0556640625,291.45001220703125,91.86609649658203,183.36485290527344,189.6739501953125,178.96861267089844,259.75689697265625,541.6213989257812,180.39315795898438,362.1888427734375,305.7191467285156,68.65033721923828,234.4499969482422,593.8900146484375,307.45257568359375,194.683837890625,45.077552795410156,467.95001220703125,124.13259887695312,377.9676208496094,84.54259490966797,25.44116973876953,85.0499496459961,64.54049682617188,58.266414642333984,32.010047912597656,195.716796875,75.65069580078125,49.30951690673828,151.4344024658203,209.91000366210938,235.8787841796875,192.00259399414062,57.60422897338867,75.97752380371094,374.1376647949219,65.4472427368164,36.64628219604492,181.32347106933594,50.21955871582031,196.527099609375,307.06585693359375,393.8153991699219,109.08509063720703,146.42138671875,251.52664184570312,30.173357009887695,74.91197204589844,60.10881423950195,132.62261962890625,212.45562744140625,427.41552734375,519.9212646484375,140.89903259277344,588.9317626953125,83.93792724609375,538.0130004882812,137.08938598632812,131.94009399414062,424.0001220703125,8362.8603515625,158.3090362548828,81.11933135986328,92.1188735961914,137.17132568359375,139.8199920654297,23.321697235107422,77.2911148071289,153.564453125,660.2699584960938,31.711454391479492,114.39220428466797,187.7899932861328,159.3416748046875,675.9967041015625,236.23098754882812,280.1521911621094,210.29238891601562,118.00821685791016,41.77596664428711,526.7000122070312,469.1266174316406,81.32771301269531,93.69672393798828,95.5758056640625,20.854312896728516,142.97483825683594,44.48276901245117,119.626953125,213.4164581298828,384.5889892578125,226.4344940185547,117.73255920410156,45.45386505126953,315.47149658203125,267.0729675292969,35.158058166503906,200.18817138671875,94.16212463378906,198.2822723388672,106.90069580078125,161.18869018554688
2025-01-21,150.7171630859375,345.771240234375,296.9100036621094,92.39509582519531,184.18997192382812,190.48379516601562,182.89990234375,262.3343505859375,548.0459594726562,179.95733642578125,364.07806396484375,307.60467529296875,71.91374969482422,237.2838134765625,605.5800170898438,312.75457763671875,185.1847686767578,45.56184005737305,468.57000732421875,125.66619873046875,391.48016357421875,84.20836639404297,25.19512367248535,85.08851623535156,64.74903869628906,59.04033279418945,32.538169860839844,198.59860229492188,76.2729263305664,49.80617904663086,148.40518188476562,214.11000061035156,241.5689239501953,195.2800750732422,57.172420501708984,76.914306640625,377.9538879394531,65.78492736816406,36.65110397338867,185.93463134765625,53.0965690612793,198.59632873535156,314.9984130859375,402.52130126953125,109.14356231689453,148.98435974121094,255.2826385498047,30.259239196777344,75.8781967163086,59.830841064453125,128.86866760253906,217.03274536132812,433.748291015625,523.2506713867188,140.88967895507812,582.4816284179688,84.22381591796875,548.0086059570312,142.78562927246094,131.3946533203125,423.4763488769531,8347.0498046875,169.65406799316406,82.7386703491211,92.82845306396484,136.58058166503906,140.10292053222656,23.62319564819336,78.12403106689453,154.12673950195312,669.10693359375,32.01665115356445,114.35424041748047,187.89999389648438,161.96572875976562,682.1657104492188,243.3730926513672,284.2283630371094,211.48292541503906,122.52938079833984,41.92934036254883,529.75,476.7824401855469,82.59756469726562,95.01154327392578,99.07903289794922,21.04142951965332,145.50624084472656,44.70681381225586,121.05050659179688,213.9232635498047,392.4548645019531,228.8219757080078,120.58219146728516,46.35617446899414,319.429443359375,272.4420471191406,35.37564468383789,204.11868286132812,95.30314636230469,205.1155548095703,106.0916976928711,163.27430725097656
2025-01-22,150.74679565429688,348.3808288574219,301.45001220703125,92.09281921386719,179.8218536376953,193.09112548828125,186.86094665527344,261.02655029296875,550.7825927734375,175.5609588623047,363.31646728515625,304.93994140625,76.97698211669922,237.87628173828125,607.5999755859375,316.9842834472656,182.52932739257812,44.37049102783203,460.510009765625,126.57062530517578,390.74310302734375,82.10083770751953,24.850658416748047,84.43273162841797,63.13743209838867,59.62076950073242,32.50883483886719,196.41751098632812,76.85629272460938,49.65625,146.68890380859375,214.9199981689453,241.63816833496094,195.6737518310547,53.55263900756836,77.77302551269531,379.42022705078125,64.14337158203125,36.41507339477539,186.78744506835938,51.98320770263672,198.99424743652344,316.027099609375,394.508056640625,108.7244873046875,151.39013671875,255.0982208251953,30.058847427368164,76.34004974365234,59.21738815307617,131.76272583007812,214.3059539794922,433.88555908203125,522.3787231445312,137.72573852539062,580.7921142578125,83.7092056274414,545.0733642578125,144.95333862304688,130.15052795410156,440.9688720703125,8381.5,181.10720825195312,82.75533294677734,92.7215347290039,135.75543212890625,139.66909790039062,23.064538955688477,77.2911148071289,157.0049285888672,665.2308959960938,31.14875602722168,112.51303100585938,187.92999267578125,164.841552734375,674.4593505859375,246.01577758789062,282.4493103027344,209.06248474121094,121.19447326660156,39.90668869018555,544.7000122070312,477.633056640625,79.05534362792969,93.25525665283203,105.86043548583984,20.88237762451172,152.16831970214844,43.88530349731445,120.33380889892578,212.64649963378906,394.8363952636719,227.9230499267578,120.2917709350586,45.7076416015625,319.36041259765625,271.3049621582031,35.31218338012695,205.4387664794922,92.78340148925781,207.35421752929688,104.24531555175781,162.39718627929688
2025-01-23,150.59861755371094,352.4068603515625,301.0799865722656,92.07392120361328,179.24911499023438,188.34066772460938,188.57408142089844,265.2649841308594,552.6265869140625,176.60321044921875,360.7051696777344,311.6834716796875,77.67912292480469,237.25421142578125,613.3800048828125,320.54510498046875,190.39010620117188,44.22520446777344,459.8299865722656,127.1113052368164,399.38128662109375,82.29580688476562,25.204965591430664,84.77991485595703,62.43590545654297,60.201210021972656,32.92937088012695,195.21347045898438,77.46879577636719,51.07499313354492,146.31375122070312,218.57000732421875,243.10279846191406,196.0083770751953,52.62472152709961,78.1731185913086,389.74249267578125,63.96514129638672,36.34763717651367,199.1236114501953,53.42171096801758,198.54660034179688,321.81329345703125,398.63494873046875,108.07151794433594,154.83688354492188,258.1166687011719,29.629432678222656,75.2561264038086,58.97775650024414,130.1947021484375,214.04299926757812,432.150390625,529.3546142578125,137.51040649414062,593.5034790039062,85.05289459228516,544.1709594726562,145.44906616210938,131.87313842773438,441.47283935546875,8345.349609375,183.3191680908203,84.10800170898438,93.50887298583984,135.727294921875,140.1689453125,23.445846557617188,77.48988342285156,158.34872436523438,670.7539672851562,31.225051879882812,116.37578582763672,189.07000732421875,168.8308868408203,688.9497680664062,252.0084991455078,284.1599426269531,208.85586547851562,123.05555725097656,40.290122985839844,551.5399780273438,480.0447692871094,79.06489562988281,93.6103515625,106.09529113769531,21.0788516998291,154.02272033691406,43.65192413330078,120.3632583618164,210.5607452392578,395.55780029296875,239.76382446289062,121.25374603271484,45.51966094970703,323.949951171875,271.74993896484375,35.520694732666016,207.4337921142578,92.52667999267578,206.9924774169922,104.83538818359375,162.71878051757812
2025-01-24,149.60089111328125,351.582275390625,300.8299865722656,92.74462127685547,180.6177978515625,184.43951416015625,186.14794921875,262.9166564941406,552.79345703125,175.3619842529297,365.1463317871094,316.7435302734375,76.33419799804688,241.61854553222656,610.3200073242188,316.0891418457031,188.28591918945312,44.118656158447266,463.19000244140625,126.6492691040039,400.590087890625,82.15654754638672,25.017969131469727,84.75096893310547,62.39798355102539,60.201210021972656,31.97093391418457,194.80882263183594,77.82853698730469,51.767757415771484,145.9761199951172,217.16000366210938,243.2413330078125,195.5753173828125,54.08550262451172,80.4858169555664,389.35406494140625,64.02141571044922,36.38135528564453,195.107421875,53.11627197265625,200.85455322265625,309.6572570800781,398.7407531738281,108.6562728881836,154.6306610107422,257.039306640625,29.724857330322266,74.15541076660156,59.35157775878906,128.11366271972656,212.9328155517578,430.6015319824219,528.6312866210938,138.9239044189453,587.9478149414062,85.94869995117188,543.9627075195312,145.25466918945312,131.8922882080078,438.8539123535156,8200.5595703125,180.49766540527344,83.5999984741211,93.96572875976562,137.00253295898438,140.64051818847656,23.51795768737793,77.45201873779297,157.3677978515625,670.0143432617188,31.358577728271484,115.65447998046875,188.9600067138672,166.65225219726562,670.2540893554688,251.4976348876953,281.9410095214844,208.42294311523438,122.10063934326172,40.501014709472656,546.1900024414062,480.2410888671875,78.96942138671875,95.0691146850586,105.87022399902344,21.256610870361328,151.77586364746094,43.8759651184082,120.49089813232422,213.02659606933594,396.1210021972656,240.46945190429688,120.72737884521484,46.12119674682617,325.9142150878906,274.4295654296875,35.847076416015625,207.30474853515625,93.19227600097656,208.81077575683594,103.41728973388672,164.32687377929688
2025-01-27,149.12672424316406,362.0013732910156,299.07000732421875,96.9482650756836,187.5291748046875,172.41021728515625,183.14747619628906,270.1048278808594,550.635498046875,181.95651245117188,372.7032775878906,314.2038879394531,66.74173736572266,199.58462524414062,604.6799926757812,311.2495422363281,184.74810791015625,42.1815071105957,474.70001220703125,128.51710510253906,388.1585693359375,85.8145523071289,25.27385711669922,87.96240234375,63.696754455566406,57.153907775878906,32.90003204345703,199.9112091064453,78.86882781982422,53.33360290527344,147.45790100097656,211.89999389648438,247.9814453125,192.84901428222656,53.04733657836914,81.5396957397461,399.3365478515625,65.7943115234375,36.7378044128418,192.83653259277344,54.11140060424805,192.7666778564453,328.3808898925781,408.7164611816406,111.51180267333984,157.93008422851562,258.01959228515625,30.373746871948242,69.496337890625,61.22069549560547,133.39852905273438,216.47763061523438,430.8367614746094,542.6524047851562,143.8102569580078,600.718994140625,88.11194610595703,541.4638671875,147.2863006591797,130.7725830078125,429.4653015136719,8382.6298828125,155.60549926757812,85.50199890136719,95.00578308105469,138.81224060058594,145.81834411621094,24.21204948425293,78.19974517822266,162.67990112304688,653.6717529296875,31.959423065185547,116.81234741210938,188.47999572753906,165.75173950195312,679.1010131835938,243.3534698486328,277.82574462890625,212.102783203125,121.84732055664062,40.779014587402344,510.7300109863281,486.7845153808594,78.43475341796875,96.20157623291016,101.26121520996094,22.58514976501465,147.4195098876953,44.4454231262207,122.62130737304688,215.8140411376953,363.2740173339844,245.92103576660156,123.6586685180664,46.56295394897461,330.1978454589844,271.9081115722656,36.84434127807617,202.80850219726562,95.92119598388672,206.8947296142578,104.85441589355469,168.63458251953125
2025-01-28,148.5142364501953,367.0848388671875,309.92999267578125,94.4638671875,185.36453247070312,170.71151733398438,181.10757446289062,267.5750732421875,560.895263671875,177.11483764648438,367.44110107421875,314.5694580078125,67.81965637207031,204.74876403808594,637.530029296875,311.8594055175781,185.11639404296875,41.91999053955078,469.9700012207031,125.5678939819336,383.549560546875,83.32636260986328,27.33080291748047,86.66049194335938,62.19890594482422,57.49249267578125,31.96114730834961,197.80906677246094,78.71327209472656,54.40596389770508,146.50132751464844,215.9199981689453,245.2600860595703,194.9552764892578,51.54981231689453,80.96397399902344,393.66558837890625,64.96884155273438,36.0249137878418,192.8067626953125,49.30324935913086,196.04959106445312,325.1169128417969,402.9060974121094,110.53722381591797,155.9759521484375,259.2715759277344,29.906166076660156,69.5171127319336,59.773338317871094,131.6659393310547,207.7227325439453,426.9351501464844,542.3748168945312,141.732177734375,599.248046875,87.65452575683594,537.626220703125,147.1696319580078,132.58128356933594,441.95709228515625,8064.08984375,161.22885131835938,85.22266387939453,93.18810272216797,138.2871551513672,141.70626831054688,24.112892150878906,78.45530700683594,159.3526611328125,657.0841674804688,31.32042121887207,115.00910949707031,190.92999267578125,166.11000061035156,680.707763671875,252.92214965820312,275.8902893066406,212.5848846435547,125.06280517578125,39.60951232910156,526.1199951171875,486.504150390625,78.05284118652344,96.35514068603516,98.12004089355469,22.828407287597656,145.6533966064453,44.128028869628906,122.07151794433594,215.53140258789062,361.43597412109375,240.83676147460938,122.89635467529297,45.529056549072266,330.13861083984375,272.01690673828125,36.62675094604492,203.53306579589844,94.05753326416016,209.88612365722656,102.82720184326172,166.09088134765625
2025-01-29,145.30368041992188,363.23345947265625,304.1700134277344,92.62181854248047,185.21890258789062,173.11143493652344,180.7411651611328,268.8924560546875,564.1222534179688,173.98812866210938,362.7526550292969,314.8676452636719,68.61077880859375,203.75149536132812,639.969970703125,310.0986633300781,186.58558654785156,41.716590881347656,469.260009765625,125.59737396240234,386.4388427734375,81.5994873046875,27.46858787536621,86.38079833984375,62.350582122802734,57.608585357666016,32.25455093383789,195.96351623535156,78.93689727783203,53.997901916503906,146.01364135742188,218.89999389648438,221.40106201171875,194.2466278076172,51.2650032043457,80.2906494140625,388.71319580078125,64.23717498779297,35.682918548583984,197.43780517578125,49.047080993652344,196.15899658203125,324.0486145019531,397.7017822265625,110.61518859863281,154.3851776123047,258.7280578613281,30.402376174926758,70.51102447509766,60.223838806152344,128.4600067138672,206.4080047607422,429.6898498535156,543.8018188476562,139.06431579589844,599.4766235351562,87.111328125,535.3157958984375,147.30569458007812,132.74400329589844,437.1441650390625,7965.009765625,159.28231811523438,85.87200164794922,92.00223541259766,137.73391723632812,141.81944274902344,23.995710372924805,78.9190902709961,159.3909912109375,656.669921875,31.215513229370117,115.93921661376953,189.0800018310547,166.2649383544922,681.6400756835938,252.2934112548828,272.62542724609375,208.8952178955078,121.92526245117188,39.245243072509766,512.7100219726562,483.4847412109375,78.27243041992188,96.78699493408203,97.24911499023438,22.669355392456055,144.92733764648438,44.28672790527344,121.94389343261719,229.1860809326172,359.6968078613281,241.21371459960938,121.40802764892578,44.795928955078125,331.5204772949219,269.1493835449219,36.5179557800293,205.27005004882812,93.21128845214844,211.84127807617188,103.42678833007812,165.89596557617188
2025-01-30,149.5416259765625,369.37432861328125,309.95001220703125,92.60293579101562,188.15042114257812,179.4717559814453,184.18724060058594,271.1262512207031,537.3546142578125,176.06314086914062,368.10382080078125,322.361572265625,70.86551666259766,212.94424438476562,653.4299926757812,313.7381896972656,188.65895080566406,43.19851303100586,472.3500061035156,126.08891296386719,368.5039367675781,82.65789031982422,28.039417266845703,87.65380859375,62.75822067260742,58.49858856201172,32.13719177246094,199.5361785888672,80.46332550048828,53.92198181152344,146.6044921875,223.11000061035156,220.75784301757812,202.17947387695312,49.66642379760742,83.41329193115234,387.7615661621094,65.41910552978516,36.11643981933594,203.85377502441406,48.771202087402344,201.58079528808594,330.9624328613281,398.7407531738281,111.35588073730469,156.5651397705078,260.3294982910156,30.764991760253906,73.42455291748047,61.39323806762695,131.4036102294922,206.51512145996094,437.59112548828125,560.8551635742188,142.13465881347656,600.8878173828125,87.66404724121094,541.7514038085938,150.08578491210938,133.9210968017578,410.1247253417969,8140.56982421875,167.50103759765625,87.34400177001953,92.69237518310547,138.82162475585938,143.26242065429688,24.257122039794922,79.0421371459961,160.5224609375,694.227294921875,31.92127799987793,114.68641662597656,192.00999450683594,166.47796630859375,677.484375,253.9536895751953,272.7231750488281,214.84791564941406,125.67665100097656,39.32193374633789,526.3599853515625,489.392578125,79.52318572998047,98.11141204833984,96.1727066040039,22.472883224487305,146.98779296875,44.82817459106445,123.78958129882812,228.4258575439453,361.9894104003906,241.5713653564453,104.2740478515625,45.11549758911133,338.5973815917969,273.26275634765625,35.78361511230469,208.2973175048828,94.56148529052734,212.6624298095703,104.28336334228516,168.32273864746094
2025-01-31,149.67991638183594,373.4488525390625,311.3399963378906,92.91465759277344,186.69436645507812,178.11871337890625,182.76129150390625,272.46270751953125,532.9603271484375,175.2388153076172,366.7882995605469,322.51544189453125,69.9952621459961,218.48361206054688,652.1799926757812,312.2627258300781,187.20596313476562,44.728858947753906,468.6700134277344,121.56678771972656,365.02508544921875,82.89000701904297,27.232385635375977,83.61299133300781,62.568626403808594,58.624351501464844,32.146968841552734,197.94723510742188,80.3174819946289,53.59931945800781,139.91763305664062,177.36000061035156,220.42137145996094,200.4669189453125,49.611297607421875,81.41284942626953,384.2463684082031,66.25395202636719,35.48179244995117,201.8704833984375,48.731788635253906,204.53541564941406,326.3136291503906,396.3165588378906,108.71475982666016,156.94810485839844,259.4268493652344,30.631393432617188,73.01016235351562,60.84687805175781,127.49826049804688,206.46641540527344,437.3362121582031,550.3714599609375,142.82736206054688,591.098388671875,86.54906463623047,539.5599365234375,147.947265625,133.35751342773438,410.19390869140625,8016.18017578125,167.18646240234375,86.29467010498047,92.75069427490234,138.4652862548828,142.12124633789062,23.905569076538086,78.0388412475586,159.16090393066406,697.3438110351562,32.04525375366211,111.86766815185547,193.47999572753906,167.4462432861328,667.467041015625,245.30845642089844,272.166015625,213.3818817138672,125.64742279052734,38.61256790161133,525.47998046875,487.4014892578125,79.1794662475586,97.52598571777344,94.29388427734375,22.20155906677246,145.1824493408203,44.45475769042969,122.51331329345703,227.06137084960938,358.46160888671875,239.5124969482422,103.66600799560547,44.90871810913086,337.3636169433594,271.07757568359375,35.711090087890625,206.3717803955078,94.38082122802734,206.63079833984375,101.67557525634766,166.55870056152344
2025-02-03,146.8249969482422,373.7010498046875,306.2300109863281,93.85929107666016,186.35462951660156,176.587890625,182.33547973632812,275.75604248046875,526.83984375,175.63674926757812,371.4803161621094,325.2186279296875,69.34259033203125,214.9881591796875,658.1099853515625,311.35772705078125,185.4412078857422,45.91053009033203,464.6099853515625,123.20851135253906,355.3058776855469,82.9364242553711,26.622190475463867,83.93124389648438,63.023681640625,59.05000686645508,31.79488754272461,199.56581115722656,80.59944152832031,53.09635543823242,140.05828857421875,170.6300048828125,212.02963256835938,199.08900451660156,48.178077697753906,80.768798828125,393.3742370605469,65.97254943847656,35.71433639526367,202.40599060058594,47.194766998291016,201.5907440185547,330.65582275390625,393.2189636230469,109.44569396972656,157.49801635742188,258.9513244628906,31.051267623901367,73.20500946044922,60.722267150878906,122.59223175048828,207.21630859375,445.2669677734375,558.8139038085938,142.7431182861328,596.1372680664062,86.272705078125,531.4584350585938,145.84764099121094,132.13404846191406,406.1024169921875,7737.5,165.75112915039062,87.73733520507812,91.90503692626953,139.35604858398438,141.72512817382812,23.617116928100586,76.63802337646484,161.81690979003906,686.21875,32.245540618896484,111.8581771850586,189.8800048828125,164.841552734375,661.3872680664062,241.67352294921875,264.9520263671875,217.50448608398438,126.59255981445312,38.497535705566406,520.25,484.569091796875,78.85484313964844,94.21497344970703,91.47563934326172,22.688068389892578,142.3272705078125,43.77328109741211,122.04206085205078,232.06129455566406,356.2579345703125,234.90185546875,100.9979019165039,44.053401947021484,341.3314514160156,268.1210632324219,36.2459831237793,203.11619567871094,95.51233673095703,199.89527893066406,101.92302703857422,167.572265625
2025-02-04,145.25430297851562,379.9195251464844,306.8500061035156,92.46123504638672,185.2771453857422,176.35084533691406,178.74085998535156,275.89923095703125,525.1527709960938,174.46188354492188,374.03692626953125,322.9098815917969,68.93711853027344,219.62899780273438,662.9099731445312,310.6691589355469,184.88958740234375,46.45293045043945,467.489990234375,123.05122375488281,355.69903564453125,82.21224975585938,26.661558151245117,83.42011260986328,62.7392692565918,59.34022903442383,32.146968841552734,197.98672485351562,81.2216796875,53.4759521484375,143.69715881347656,169.49000549316406,212.7718505859375,199.71890258789062,47.516597747802734,67.79037475585938,390.34454345703125,66.24458312988281,35.45756912231445,200.49208068847656,47.85489273071289,206.63449096679688,331.150390625,395.8451843261719,109.12407684326172,156.4473114013672,260.04803466796875,29.848909378051758,74.10595703125,60.070472717285156,124.63235473632812,205.20045471191406,445.8453369140625,554.0178833007812,144.746337890625,599.6158447265625,86.69202423095703,532.7970581054688,147.44180297851562,131.7583465576172,407.5354309082031,7788.5498046875,165.05311584472656,88.94599914550781,91.78839111328125,140.1905975341797,135.33067321777344,23.31964683532715,76.37300109863281,161.21286010742188,680.2320556640625,32.05479431152344,117.31536102294922,191.07000732421875,167.552734375,691.3399047851562,242.50856018066406,264.2580261230469,215.7137908935547,125.082275390625,39.51365661621094,523.8800048828125,480.1850280761719,77.74729919433594,94.41650390625,92.4835433959961,22.688068389892578,142.04273986816406,44.230712890625,122.85691833496094,231.2328338623047,351.2873840332031,235.36582946777344,101.43350219726562,44.598548889160156,340.6701354980469,269.0208740234375,36.091861724853516,204.55540466308594,94.3427963256836,203.52207946777344,104.65455627441406,167.86468505859375
2025-02-05,146.19277954101562,386.3514404296875,311.3599853515625,93.88763427734375,187.35443115234375,178.4347381591797,178.47348022460938,293.8362121582031,527.9873046875,177.6170196533203,378.9222412109375,320.48565673828125,68.74922943115234,229.07847595214844,680.52001953125,315.29241943359375,185.69766235351562,47.314964294433594,473.7300109863281,125.2926254272461,352.65252685546875,83.4192123413086,26.759977340698242,83.53584289550781,63.630401611328125,60.530128479003906,32.1567497253418,198.96377563476562,81.2800064086914,52.84961700439453,143.4814453125,172.52000427246094,209.9218292236328,201.50035095214844,48.178077697753906,64.34571838378906,390.5193786621094,67.4734115600586,35.62712860107422,202.8720703125,47.10608673095703,192.29910278320312,333.15826416015625,398.0865783691406,110.7223892211914,157.80242919921875,262.464599609375,29.705772399902344,75.07811737060547,60.50180435180664,123.85515594482422,203.5059051513672,444.7669677734375,561.1324462890625,146.84317016601562,603.173828125,87.37815856933594,535.434814453125,148.19027709960938,133.83920288085938,408.4446716308594,7790.0,168.75942993164062,89.8826675415039,91.90503692626953,141.4658203125,137.3772735595703,23.833454132080078,76.25941467285156,162.056640625,679.4134521484375,32.35044860839844,117.04013061523438,189.75999450683594,170.2833251953125,710.8487548828125,244.6207733154297,264.4730224609375,217.44544982910156,125.85204315185547,39.39299774169922,528.4199829101562,480.7271728515625,78.57796478271484,95.32823944091797,93.38381958007812,22.893898010253906,143.46542358398438,44.501434326171875,123.22018432617188,236.2814483642578,353.58984375,236.31309509277344,101.55148315429688,44.53276062011719,344.90447998046875,271.2555236816406,36.38197708129883,205.69683837890625,95.93070220947266,204.79295349121094,104.57841491699219,171.20753479003906
2025-02-06,145.84703063964844,375.7674255371094,307.70001220703125,94.62444305419922,186.25755310058594,180.5384063720703,181.11746215820312,284.2615661621094,531.2831420898438,179.78677368164062,381.2311096191406,315.6564636230469,69.25357055664062,228.44654846191406,677.4000244140625,314.9185791015625,188.8715362548828,45.503726959228516,477.2200012207031,124.8993911743164,359.1385192871094,83.78129577636719,27.00602149963379,82.62930297851562,64.7774887084961,60.239906311035156,32.019832611083984,201.6185760498047,84.67314910888672,51.473567962646484,142.4591827392578,172.19000244140625,207.82388305664062,201.4314422607422,46.99292755126953,62.70634460449219,379.167724609375,67.65164184570312,36.16488265991211,204.33969116210938,47.22431564331055,192.30905151367188,320.9923400878906,398.4136657714844,110.595703125,164.65655517578125,268.7441101074219,29.581722259521484,75.34217071533203,60.73185348510742,123.62200927734375,201.25633239746094,451.6095275878906,561.9945678710938,148.70596313476562,596.0676879882812,86.54906463623047,540.868896484375,148.06393432617188,135.910400390625,410.9449462890625,7739.75,169.43775939941406,88.71600341796875,93.3630599975586,140.65945434570312,137.0849151611328,23.283592224121094,75.71992492675781,161.93199157714844,682.10595703125,32.53165817260742,114.66744232177734,171.61000061035156,163.95069885253906,716.155029296875,268.3362121582031,262.6744384765625,218.00628662109375,125.4817886352539,38.65938186645508,533.1799926757812,485.2047424316406,78.36791229248047,95.5777587890625,94.47001647949219,22.875185012817383,143.71070861816406,44.94953155517578,123.85832214355469,240.9012451171875,353.4712829589844,235.37548828125,102.9762954711914,44.87112808227539,342.96990966796875,274.10321044921875,36.209712982177734,205.94497680664062,95.83561706542969,206.2690887451172,103.1983871459961,169.6968994140625
2025-02-07,143.44654846191406,374.44805908203125,301.1499938964844,94.79448699951172,184.66561889648438,177.77304077148438,182.71176147460938,280.2140197753906,528.2913818359375,178.924560546875,383.0048522949219,298.6389465332031,69.02613830566406,222.0382843017578,679.239990234375,311.5938415527344,193.12969970703125,44.74822998046875,472.739990234375,125.21398162841797,357.59564208984375,83.1035385131836,26.326934814453125,83.67086029052734,65.12825012207031,60.239906311035156,31.87312889099121,199.41775512695312,83.80785369873047,51.25530242919922,143.1344451904297,168.24000549316406,204.60769653320312,199.34490966796875,46.01906967163086,63.457725524902344,380.0902404785156,66.91059875488281,35.77246856689453,203.5662078857422,46.69226837158203,186.17100524902344,318.5393371582031,391.88177490234375,110.6346664428711,163.8218994140625,267.6764831542969,29.619892120361328,73.94574737548828,61.19194412231445,118.46339416503906,200.7401885986328,446.09039306640625,557.624755859375,148.02261352539062,592.0325927734375,85.77716827392578,534.0861206054688,145.68238830566406,134.85072326660156,404.9461669921875,7558.0498046875,171.51210021972656,87.78333282470703,92.17719268798828,138.49807739257812,136.35867309570312,23.202463150024414,77.9252700805664,161.05941772460938,676.144775390625,32.56026840209961,114.17391967773438,169.02000427246094,162.6338653564453,704.1838989257812,264.21990966796875,262.36163330078125,217.5143280029297,124.67303466796875,38.765567779541016,525.8200073242188,485.2889099121094,78.27243041992188,95.43379974365234,94.08838653564453,22.95939064025879,144.1129913330078,44.510772705078125,122.4151382446289,239.9948272705078,351.9296875,233.99325561523438,102.64958190917969,44.39176940917969,343.50286865234375,269.86138916015625,36.15531921386719,205.26011657714844,96.78646850585938,202.5933837890625,103.63617706298828,167.07522583007812
2025-02-10,141.9450225830078,375.3309020996094,304.989990234375,96.13888549804688,181.1128692626953,181.38775634765625,184.1575469970703,281.4073181152344,520.4819946289062,179.90994262695312,382.1031188964844,298.7447814941406,71.00395965576172,232.0802001953125,677.8499755859375,305.19024658203125,194.15748596191406,45.92021179199219,470.1700134277344,125.04684448242188,356.947021484375,83.25209045410156,25.68721580505371,82.89933013916016,65.58329772949219,60.76231002807617,32.352352142333984,201.30276489257812,84.54676818847656,51.52102279663086,146.08868408203125,161.64999389648438,201.3816375732422,200.32911682128906,46.09256362915039,67.04874420166016,384.67364501953125,66.51661682128906,35.71433639526367,203.5067138671875,45.884342193603516,187.22549438476562,314.7906799316406,398.2501220703125,109.11432647705078,164.1066436767578,263.0567321777344,29.486297607421875,74.31759643554688,61.87248992919922,119.1920166015625,202.98004150390625,451.7860412597656,560.3397827148438,146.8337860107422,599.6952514648438,86.56812286376953,526.5200805664062,145.50743103027344,132.27854919433594,407.38720703125,7518.0,175.89674377441406,87.33466339111328,93.37278747558594,138.75286865234375,136.1417694091797,23.31964683532715,79.8655776977539,160.63754272460938,672.9020385742188,32.6461067199707,117.41027069091797,168.4199981689453,165.926025390625,684.704833984375,263.826904296875,295.5380859375,218.52777099609375,124.96536254882812,39.77910232543945,531.3300170898438,481.6900329589844,78.49203491210938,94.09981536865234,95.70301055908203,23.258777618408203,146.8700714111328,44.01599884033203,122.69002532958984,249.3415985107422,356.17889404296875,236.1680908203125,103.60247802734375,44.06280517578125,346.6712341308594,265.5501708984375,36.21878433227539,206.8184051513672,96.2444839477539,204.66586303710938,105.61583709716797,167.54306030273438
2025-02-11,140.02854919433594,378.357666015625,299.7200012207031,97.14002990722656,183.8793487548828,180.93344116210938,183.51390075683594,283.1923828125,520.1082153320312,183.26406860351562,380.7158203125,297.7250671386719,69.1744613647461,232.0802001953125,669.260009765625,304.5115051269531,193.51893615722656,45.852081298828125,472.6099853515625,126.21671295166016,355.97418212890625,84.69114685058594,25.204965591430664,84.25914001464844,65.83926391601562,60.394691467285156,32.381690979003906,202.71408081054688,85.4315185546875,52.19480895996094,147.6548614501953,157.63999938964844,199.52120971679688,199.44334411621094,46.68055725097656,69.00038146972656,379.89605712890625,67.0137710571289,36.00985336303711,207.07666015625,46.012428283691406,186.1013641357422,320.2010192871094,400.5299987792969,108.6075439453125,163.92991638183594,266.890380859375,30.116100311279297,75.02568817138672,64.79598236083984,121.35844421386719,201.34397888183594,451.6683654785156,559.5570678710938,146.05682373046875,606.6621704101562,86.91120910644531,524.5665893554688,145.8767852783203,132.740966796875,406.6163635253906,7494.35986328125,174.19598388671875,88.26266479492188,93.97544860839844,137.89401245117188,137.3583984375,23.013164520263672,80.87833404541016,162.4593505859375,673.2481079101562,32.92268753051758,122.95286560058594,167.97999572753906,166.5360565185547,660.0087280273438,267.3832702636719,296.9163818359375,219.65927124023438,125.80332946777344,40.329315185546875,529.1400146484375,505.25567626953125,79.65685272216797,94.63725280761719,95.73236083984375,23.53009796142578,146.05569458007812,44.19337463378906,122.40531921386719,252.1388397216797,360.4576721191406,239.4545135498047,103.93826293945312,44.73013687133789,346.75030517578125,264.76904296875,36.708351135253906,206.57029724121094,97.65172576904297,201.77220153808594,106.28205108642578,169.86257934570312
2025-02-12,136.40313720703125,377.2129211425781,297.2799987792969,97.58816528320312,183.78228759765625,178.6520233154297,183.69212341308594,281.6650390625,518.2000732421875,179.56886291503906,383.23272705078125,298.5523681640625,68.95690155029297,233.37371826171875,665.0800170898438,301.3932800292969,198.29197692871094,45.17076873779297,471.7300109863281,124.90922546386719,345.96014404296875,83.30779266357422,25.48053550720215,83.64192199707031,65.93406677246094,60.491432189941406,32.19587326049805,201.9344024658203,85.63568115234375,59.995567321777344,145.2727508544922,154.02999877929688,200.07540893554688,197.88824462890625,48.39857864379883,67.36100769042969,374.4969787597656,66.5728988647461,35.6949577331543,207.88980102539062,46.987850189208984,184.4698486328125,308.9747314453125,391.6605529785156,108.37364196777344,163.55674743652344,267.33685302734375,30.221067428588867,74.22760772705078,65.85993957519531,118.13308715820312,195.36451721191406,449.53131103515625,559.4578857421875,145.86026000976562,591.3468017578125,87.05414581298828,512.8060913085938,144.71031188964844,132.08590698242188,404.2444763183594,7300.3701171875,169.30996704101562,88.28666687011719,94.03376007080078,138.6962432861328,135.80224609375,22.95907974243164,80.39563751220703,162.6031951904297,670.6876220703125,32.92268753051758,118.67253875732422,166.57000732421875,164.8899383544922,658.4218139648438,268.2085266113281,295.1568908691406,219.9052276611328,123.53300476074219,40.01077651977539,509.7099914550781,496.84271240234375,79.1794662475586,94.26295471191406,97.08277130126953,23.726573944091797,143.7303466796875,43.297183990478516,122.14025115966797,248.80555725097656,357.38446044921875,240.20846557617188,103.69322967529297,44.636146545410156,347.5115661621094,260.8534240722656,36.744606018066406,187.86062622070312,97.39500427246094,199.2989501953125,103.08436584472656,169.46302795410156
2025-02-13,134.79293823242188,377.8919677734375,303.4800109863281,96.29144287109375,187.1214599609375,181.99021911621094,182.63255310058594,283.48834228515625,530.8683471679688,180.01417541503906,386.7505798339844,303.1795349121094,68.60089874267578,232.83062744140625,664.7000122070312,302.4753112792969,197.92013549804688,44.9177131652832,480.489990234375,124.63396453857422,347.5914611816406,83.43777465820312,25.451011657714844,84.6256103515625,66.19001770019531,61.758724212646484,32.371910095214844,203.29637145996094,87.09406280517578,62.98489761352539,146.1918487548828,158.11000061035156,201.47071838378906,199.49253845214844,47.33285140991211,67.98553466796875,380.2650451660156,67.08881378173828,36.23270034790039,206.6204833984375,47.184906005859375,186.9071807861328,318.41082763671875,396.74945068359375,109.42618560791016,165.53053283691406,268.18121337890625,30.41192054748535,75.58546447753906,66.61717224121094,120.2218017578125,194.7704620361328,451.9722595214844,561.1522827148438,146.9554901123047,598.7709350585938,87.86417388916016,527.204345703125,144.56451416015625,131.82579040527344,405.72686767578125,7341.47998046875,170.9222412109375,89.04533386230469,95.2779541015625,140.2819061279297,136.35867309570312,23.112321853637695,82.29808044433594,163.9839324951172,685.912109375,32.81777572631836,119.14707946777344,167.92999267578125,166.6909637451172,668.74658203125,273.6313781738281,291.9408874511719,220.8793182373047,122.61707305908203,40.618900299072266,528.2899780273438,506.94769287109375,80.0674057006836,95.03071594238281,99.30410766601562,23.97918128967285,150.33355712890625,43.37186050415039,123.9275131225586,258.3569641113281,357.00897216796875,242.58627319335938,104.94561004638672,44.542152404785156,351.604736328125,266.31158447265625,37.20697784423828,195.01695251464844,98.67864227294922,202.41741943359375,103.83338165283203,160.7403564453125
2025-02-14,133.0345458984375,376.40771484375,302.7200012207031,97.09236145019531,182.13209533691406,167.10665893554688,181.75123596191406,280.1875915527344,536.9566650390625,179.4362335205078,383.4804992675781,304.1029968261719,68.11632537841797,230.10537719726562,683.4099731445312,305.95745849609375,199.33084106445312,45.161041259765625,479.5899963378906,124.0736083984375,347.2180480957031,81.66447448730469,25.81515884399414,82.97649383544922,65.74382781982422,62.75514221191406,32.63597106933594,201.93182373046875,88.18297576904297,62.472442626953125,147.30128479003906,155.07000732421875,204.1525115966797,199.13821411132812,45.99150848388672,67.02923583984375,377.9830627441406,66.81678771972656,36.22785568237305,206.53125,47.657833099365234,185.90240478515625,312.7630615234375,393.9308166503906,109.13382720947266,163.7040557861328,268.4432373046875,30.201982498168945,74.24638366699219,66.01331329345703,120.3092269897461,192.44297790527344,448.0020446777344,559.616455078125,146.96484375,590.044921875,88.44548797607422,522.9602661132812,145.17991638183594,133.8584747314453,403.6416015625,7365.72021484375,171.21719360351562,87.91999816894531,94.40939331054688,138.9794158935547,135.23634338378906,23.013164520263672,81.0676498413086,156.1884307861328,692.2687377929688,32.16924285888672,121.519775390625,171.10000610351562,166.76841735839844,668.0819702148438,277.6593017578125,287.7767639160156,227.64865112304688,119.27494049072266,40.300357818603516,522.530029296875,504.48919677734375,80.29656219482422,95.16509246826172,99.2943115234375,24.203723907470703,149.8920440673828,44.19322967529297,122.4405746459961,263.951416015625,358.9655456542969,240.89474487304688,105.47197723388672,44.88051986694336,349.8053283691406,267.42889404296875,37.161651611328125,186.78868103027344,98.75825500488281,209.78836059570312,103.93901062011719,153.5186004638672
2025-02-18,133.55809020996094,375.9808349609375,295.6600036621094,97.44513702392578,183.41339111328125,169.87200927734375,182.56326293945312,281.76580810546875,538.0680541992188,179.59727478027344,387.5433349609375,304.9495544433594,68.26466369628906,225.6521759033203,710.010009765625,307.7378845214844,203.1828155517578,45.72555160522461,482.82000732421875,124.11294555664062,347.88629150390625,82.91785430908203,25.32306671142578,83.31402587890625,66.44129943847656,62.48426818847656,32.90003204345703,201.45721435546875,86.60252380371094,62.225704193115234,148.07887268066406,155.83999633789062,202.4009552001953,202.12042236328125,47.13072967529297,70.44461059570312,371.4090270996094,66.84493255615234,36.242393493652344,208.3261260986328,47.4213752746582,184.83795166015625,313.257568359375,387.9761657714844,109.95247650146484,163.49783325195312,271.70428466796875,30.965381622314453,74.9891128540039,66.18584442138672,119.00743865966797,190.58290100097656,456.65814208984375,563.431396484375,147.48904418945312,595.73974609375,82.02244567871094,529.5147705078125,145.5413818359375,135.55398559570312,404.8374938964844,7263.39990234375,176.76187133789062,86.38800048828125,95.2584457397461,140.0648193359375,135.90597534179688,23.04020881652832,81.9668197631836,158.62391662597656,687.5333862304688,32.61750030517578,123.64571380615234,170.7899932861328,168.13372802734375,674.4296264648438,281.6969909667969,295.6905822753906,224.87403869628906,120.59034729003906,41.16910934448242,525.0,508.30303955078125,80.79303741455078,96.39351654052734,100.88936614990234,24.39084243774414,151.51092529296875,44.948509216308594,121.9383773803711,256.534423828125,358.61968994140625,242.7795867919922,106.24519348144531,45.059104919433594,352.6922912597656,269.7030944824219,37.35203552246094,186.8780059814453,98.89252471923828,212.82862854003906,105.76351165771484,152.5050048828125
2025-02-19,135.48443603515625,378.5613708496094,299.05999755859375,98.29373931884766,185.9857635498047,171.9065399169922,187.01939392089844,283.180419921875,540.4089965820312,178.65927124023438,391.2890319824219,304.9976806640625,69.0360107421875,225.84967041015625,593.4199829101562,304.85577392578125,201.94674682617188,45.6379508972168,483.7699890136719,124.60446166992188,346.9035949707031,82.87142944335938,25.6773738861084,84.3073501586914,67.02413177490234,62.726112365722656,31.69709014892578,205.80792236328125,86.27082061767578,63.013362884521484,149.0934600830078,152.5500030517578,202.8462371826172,201.6479949951172,48.159706115722656,69.6737060546875,380.3717956542969,66.71360778808594,36.61058044433594,208.74261474609375,47.096229553222656,186.16107177734375,317.06561279296875,380.3957824707031,110.06941986083984,163.9495391845703,271.02490234375,31.280282974243164,76.62093353271484,67.16352844238281,117.49190521240234,189.5603485107422,452.97222900390625,563.3224487304688,147.3954315185547,599.0392456054688,82.9087142944336,516.5841674804688,146.72337341308594,135.5347137451172,409.9072570800781,7176.91015625,178.45281982421875,86.38666534423828,95.93182373046875,141.6127166748047,137.5187225341797,23.33767318725586,81.57875061035156,159.6403350830078,693.553955078125,32.7987060546875,123.3420181274414,169.9199981689453,169.6636199951172,680.0432739257812,281.40228271484375,293.9134216308594,225.9661865234375,122.19808959960938,40.715423583984375,500.9800109863281,507.3028869628906,81.48047637939453,95.78888702392578,100.79150390625,24.549894332885742,153.11024475097656,44.87297821044922,121.53462982177734,256.6708984375,366.1693115234375,238.80690002441406,105.85858154296875,44.28837966918945,351.2093200683594,262.0003967285156,38.08638381958008,191.88050842285156,99.34329986572266,208.85968017578125,105.91716003417969,152.6609344482422
2025-02-20,135.12876892089844,373.3421325683594,291.0199890136719,99.4951171875,183.6366729736328,174.23280334472656,186.94017028808594,286.70245361328125,532.1175537109375,182.27870178222656,389.5054016113281,302.33294677734375,68.60089874267578,223.88473510742188,541.8099975585938,298.8947448730469,198.29672241210938,45.65741729736328,481.79998779296875,125.22381591796875,343.1200256347656,84.70043182373047,24.171571731567383,84.7413330078125,67.54961395263672,62.56166458129883,31.745988845825195,203.62266540527344,85.40255737304688,61.77017593383789,150.57273864746094,150.02000427246094,205.7853240966797,203.1735382080078,47.681968688964844,69.61515045166016,379.1968688964844,67.22013854980469,36.40227127075195,206.997314453125,47.184906005859375,185.673583984375,317.9953918457031,379.6358337402344,109.51390838623047,163.78260803222656,258.94158935546875,31.62381362915039,76.90575408935547,67.13477325439453,119.1920166015625,192.07290649414062,452.8055419921875,558.1499633789062,149.8479766845703,599.8045654296875,83.80451202392578,501.7991027832031,145.62928771972656,129.4174041748047,412.07598876953125,7258.0,173.02609252929688,87.49600219726562,96.64423370361328,141.8203582763672,140.6216583251953,23.34668731689453,81.928955078125,160.3306884765625,687.5333862304688,32.56980895996094,124.85104370117188,165.75999450683594,168.1918182373047,691.2055053710938,281.46124267578125,297.68377685546875,227.14686584472656,121.9057846069336,41.120845794677734,493.9700012207031,500.507080078125,82.12017059326172,95.62574005126953,100.43922424316406,24.465688705444336,152.84530639648438,44.04217529296875,121.10135650634766,258.66888427734375,362.30560302734375,239.37716674804688,107.33140563964844,43.95001220703125,346.5229187011719,255.69195556640625,38.52155685424805,190.6794891357422,99.29534149169922,204.6365203857422,107.54960632324219,153.42112731933594
2025-02-21,133.72604370117188,353.3769836425781,285.0,100.42952728271484,180.21981811523438,170.24346923828125,184.37539672851562,291.5910339355469,521.7605590820312,181.49227905273438,386.0271911621094,298.10986328125,66.83074951171875,215.90647888183594,513.219970703125,290.5730285644531,197.20648193359375,44.40186309814453,478.739990234375,124.90922546386719,334.1673889160156,85.59172821044922,22.852764129638672,86.28436279296875,68.30441284179688,61.8941650390625,31.589506149291992,202.13946533203125,82.79776000976562,60.2422981262207,148.79953002929688,146.57000732421875,208.04159545898438,197.37644958496094,47.930023193359375,70.06403350830078,373.9532165527344,67.1263427734375,36.22785568237305,198.1616973876953,45.60846710205078,180.63978576660156,312.9707336425781,370.6509094238281,108.6075439453125,164.8431396484375,256.45703125,32.48263931274414,74.59846496582031,68.39042663574219,117.13246154785156,193.8161163330078,448.9823303222656,552.4324340820312,150.4002685546875,594.040283203125,85.71044921875,485.7348937988281,141.6241912841797,126.86450958251953,404.2331237792969,7094.7998046875,164.9744873046875,86.89399719238281,96.00013732910156,140.16864013671875,144.77146911621094,23.70725440979004,79.8655776977539,163.2264404296875,659.3680419921875,33.113433837890625,122.22208404541016,161.64999389648438,160.1840362548828,695.4856567382812,272.7963562011719,289.86810302734375,227.1566925048828,120.74039459228516,40.290706634521484,474.8399963378906,498.6094970703125,83.16087341308594,94.72361755371094,98.68760681152344,24.905420303344727,152.23446655273438,43.10751724243164,119.25992584228516,258.4447326660156,350.63519287109375,237.3473358154297,107.0828628540039,43.113494873046875,344.5851135253906,250.02613830566406,38.766334533691406,183.49400329589844,99.79407501220703,190.80377197265625,106.29165649414062,156.38392639160156
2025-02-24,133.6371307373047,353.0374450683594,285.260009765625,101.34486389160156,183.21925354003906,166.867919921875,183.96942138671875,298.0481262207031,522.3016357421875,181.91864013671875,388.6234130859375,297.6288757324219,66.3857192993164,205.31158447265625,499.7300109863281,290.70086669921875,199.51576232910156,43.428565979003906,498.4200134277344,125.39093780517578,333.0667419433594,85.93524169921875,23.25627899169922,86.90158081054688,68.90633392333984,61.178287506103516,31.11028480529785,201.0715789794922,82.4855728149414,59.805755615234375,149.7193145751953,140.11000061035156,208.942138671875,196.31349182128906,47.98514938354492,73.28424835205078,374.1085205078125,67.7360610961914,36.22785568237305,197.05105590820312,45.884342193603516,180.25181579589844,316.08642578125,367.88043212890625,110.92705535888672,165.3832244873047,253.64247131347656,32.55897903442383,73.10868835449219,67.66194915771484,116.39411926269531,194.62440490722656,449.5019226074219,553.9089965820312,152.44093322753906,602.0407104492188,85.92963409423828,486.52813720703125,142.1125946044922,125.20751190185547,400.06414794921875,7062.02001953125,167.088134765625,87.6606674194336,96.30265808105469,141.4711456298828,145.10154724121094,24.022750854492188,80.55653381347656,163.52366638183594,651.5680541992188,33.266029357910156,121.69539642333984,162.5800018310547,155.99136352539062,708.3163452148438,270.80206298828125,287.3251037597656,228.9671173095703,122.83612823486328,40.08799743652344,470.0799865722656,498.4411926269531,83.23726654052734,94.57965850830078,97.93412780761719,25.01768684387207,150.94374084472656,42.80540466308594,119.61442565917969,261.3296203613281,342.7791748046875,234.2349090576172,106.92638397216797,42.86912536621094,345.9000549316406,248.74070739746094,39.27402877807617,180.8801727294922,100.59011840820312,190.3052215576172,106.8486099243164,161.11070251464844
2025-02-25,132.55047607421875,352.10614013671875,283.7200012207031,102.63204956054688,184.89857482910156,163.86851501464844,185.1279754638672,303.7354431152344,513.4199829101562,193.05166625976562,393.96453857421875,305.2958984375,64.28923034667969,199.9894561767578,496.6499938964844,288.5466613769531,198.9131622314453,42.86405563354492,499.82000732421875,125.64653015136719,336.447265625,86.65013885498047,23.364540100097656,89.00395965576172,69.82357788085938,62.17470169067383,31.38412857055664,203.51390075683594,82.76847839355469,60.41312026977539,148.32540893554688,142.7899932861328,208.21974182128906,195.2308349609375,47.92083740234375,72.97198486328125,390.2960510253906,68.45836639404297,36.14065170288086,197.6063690185547,46.02227783203125,176.45159912109375,329.4392395019531,378.337158203125,113.45122528076172,168.12290954589844,249.8184814453125,33.34145736694336,71.85975646972656,68.52462005615234,120.7755355834961,198.6366729736328,458.2854919433594,558.8931274414062,154.19140625,623.2299194335938,86.22506713867188,486.18109130859375,143.14808654785156,124.85108184814453,394.0235595703125,7335.39990234375,165.69212341308594,89.77200317382812,97.63966369628906,142.518798828125,147.52540588378906,24.103878021240234,80.79315948486328,165.546875,649.6797485351562,33.36140441894531,120.91014099121094,162.72000122070312,156.10760498046875,718.4655151367188,263.4536437988281,283.5154113769531,229.75425720214844,124.70662689208984,39.5860481262207,457.95001220703125,498.59075927734375,67.44528198242188,93.29364013671875,97.58184814453125,24.93348503112793,149.70230102539062,42.62602996826172,120.82562255859375,263.67852783203125,344.65673828125,237.6759796142578,108.72137451171875,43.151092529296875,348.1047668457031,246.9905548095703,39.62760925292969,180.92987060546875,101.55880737304688,191.9573516845703,105.36980438232422,164.24891662597656
2025-02-26,132.83697509765625,347.6435852050781,285.6700134277344,101.91695404052734,182.9086456298828,166.8085174560547,186.34600830078125,294.8340148925781,516.6362915039062,190.19024658203125,395.6095275878906,301.91937255859375,65.4957046508789,210.25848388671875,572.4000244140625,291.2615966796875,198.9416046142578,42.348201751708984,494.1000061035156,125.0271987915039,336.66351318359375,85.0718002319336,23.7385311126709,86.95944213867188,69.93820190429688,61.99089813232422,31.276548385620117,202.0207977294922,82.0953369140625,60.6029167175293,147.1116180419922,144.97000122070312,207.25982666015625,194.5615692138672,48.33426284790039,71.50824737548828,374.953369140625,68.30828094482422,35.796695709228516,199.92684936523438,47.746517181396484,173.79541015625,316.42266845703125,375.6339416503906,112.64231872558594,168.08363342285156,251.1675262451172,32.19636535644531,73.20283508300781,67.86323547363281,118.05536651611328,197.03955078125,452.46240234375,556.1582641601562,153.7233428955078,619.7911376953125,86.32035064697266,487.0140380859375,144.0174560546875,126.24793243408203,395.83575439453125,7209.669921875,169.5557403564453,88.69466400146484,96.3514633178711,140.87652587890625,142.8946075439453,23.815425872802734,81.30426025390625,164.25242614746094,653.0608520507812,33.25648880004883,120.1248779296875,163.02999877929688,156.9596710205078,702.0499877929688,270.9395751953125,281.8854675292969,227.84544372558594,124.67724609375,39.19028854370117,470.4599914550781,495.6128234863281,69.55533599853516,93.40882873535156,98.12004089355469,24.8586368560791,150.47080993652344,42.80540466308594,122.982177734375,256.8950500488281,346.56390380859375,237.27967834472656,107.59834289550781,43.00070571899414,346.6613464355469,247.72227478027344,39.1471061706543,181.87400817871094,101.38617706298828,193.88316345214844,105.11052703857422,160.798828125
2025-02-27,125.5367202758789,346.2077941894531,282.3500061035156,100.2674331665039,189.3443603515625,155.05836486816406,185.50430297851562,294.2951354980469,517.4231567382812,193.2601318359375,400.33624267578125,300.5340881347656,64.73423767089844,195.3091583251953,525.4400024414062,289.3926696777344,194.3412628173828,42.41633605957031,502.4100036621094,125.31229400634766,334.1280822753906,86.76154327392578,23.128334045410156,86.98837280273438,69.11653137207031,61.729705810546875,31.305885314941406,201.09133911132812,81.9392318725586,61.19129943847656,148.56246948242188,138.49000549316406,203.56866455078125,193.41001892089844,47.167476654052734,71.20574951171875,381.498291015625,69.114990234375,35.89358139038086,199.74832153320312,46.92873764038086,169.3286590576172,317.4414367675781,375.43194580078125,114.48428344726562,167.7595672607422,251.4198455810547,32.07231140136719,69.30144500732422,67.93033599853516,116.93817901611328,199.54234313964844,451.2174987792969,559.6759033203125,156.23207092285156,617.0380859375,86.47283172607422,478.2977294921875,147.03594970703125,124.50426483154297,388.7058410644531,7181.9501953125,161.9759979248047,90.23066711425781,95.72687530517578,140.4045867919922,143.37562561035156,23.5269718170166,82.84706115722656,164.89486694335938,647.5346069335938,32.855926513671875,122.01141357421875,162.75,149.54258728027344,697.918701171875,265.96856689453125,279.175537109375,228.9474334716797,127.82087707519531,39.489524841308594,454.7099914550781,491.9793395996094,68.64830780029297,93.59115600585938,98.51145935058594,25.167381286621094,149.5249481201172,43.154720306396484,121.60355377197266,257.4701232910156,340.2099304199219,236.88336181640625,108.2795181274414,43.49885559082031,351.7134704589844,242.3728790283203,39.22870635986328,180.0751495361328,101.28067779541016,187.96881103515625,105.77310943603516,160.78909301757812
2025-02-28,126.36650848388672,338.0878601074219,274.2099914550781,101.11603546142578,193.3145294189453,156.47396850585938,187.45510864257812,296.4507141113281,528.4685668945312,194.823486328125,405.40985107421875,304.1318359375,65.86161041259766,196.9186248779297,528.4500122070312,296.04217529296875,198.208984375,43.39936828613281,513.8300170898438,127.28826141357422,338.0098876953125,87.36502075195312,23.55153465270996,87.92383575439453,69.79490661621094,62.01992416381836,31.433544158935547,205.17507934570312,81.29535675048828,62.36804962158203,150.41156005859375,139.36000061035156,205.59730529785156,196.1484375,50.015533447265625,70.50959014892578,385.3921813964844,69.57463073730469,36.68809509277344,205.2519989013672,48.406646728515625,171.32826232910156,302.9610595703125,381.52130126953125,115.27369689941406,170.10647583007812,256.8549499511719,31.986431121826172,70.26093292236328,68.25623321533203,116.21925354003906,200.72071838378906,457.8541259765625,571.061279296875,157.37405395507812,636.328857421875,87.69263458251953,479.09100341796875,151.52947998046875,128.23245239257812,393.1224060058594,7245.580078125,163.2540283203125,91.57599639892578,97.37616729736328,143.15113830566406,144.74317932128906,23.82444190979004,84.27628326416016,166.68792724609375,660.8905639648438,33.58076095581055,124.19480895996094,163.6300048828125,152.1859893798828,693.9066772460938,266.37139892578125,281.94439697265625,233.20779418945312,130.2397918701172,40.213478088378906,457.2799987792969,499.8268737792969,68.3332290649414,95.23226928710938,99.7248764038086,25.644533157348633,151.76153564453125,43.758941650390625,122.85417175292969,263.72857666015625,349.5185852050781,239.76023864746094,109.56822967529297,44.081600189208984,358.6046447753906,244.538330078125,39.07457733154297,184.219482421875,102.32609558105469,190.2172393798828,106.9062271118164,162.99169921875
2025-03-03,124.79582214355469,334.68267822265625,272.0299987792969,102.68925476074219,196.13926696777344,150.5939178466797,184.73190307617188,299.0682067871094,523.1769409179688,198.60400390625,405.6080322265625,298.8409729003906,62.74653244018555,185.010498046875,525.75,290.6615295410156,195.44845581054688,42.4358024597168,510.0799865722656,126.99333190917969,326.3055419921875,88.99905395507812,22.892131805419922,89.50543975830078,70.7598876953125,61.410457611083984,31.354984283447266,205.1058349609375,81.47096252441406,61.589874267578125,145.16773986816406,137.24000549316406,203.54884338378906,190.74070739746094,50.778079986572266,68.81327056884766,384.0521545410156,70.37196350097656,36.03407669067383,200.27392578125,46.68241500854492,167.78668212890625,307.8867492675781,374.8739929199219,117.24125671386719,170.0770263671875,252.94363403320312,32.56852340698242,68.50747680664062,69.3201904296875,114.5677261352539,202.26913452148438,453.1486511230469,569.6839599609375,159.99510192871094,641.283935546875,89.86542510986328,466.6257629394531,149.8688201904297,124.39830017089844,384.7052001953125,7200.2900390625,159.28231811523438,91.732666015625,98.30327606201172,144.75564575195312,147.119873046875,23.66218376159668,83.89767456054688,168.3659210205078,643.1452026367188,34.019474029541016,119.69395446777344,160.55999755859375,148.74856567382812,680.132568359375,257.7458190917969,273.578857421875,235.76596069335938,131.0624237060547,38.43737030029297,443.260009765625,495.6783752441406,68.20911407470703,93.07292175292969,97.91453552246094,25.9345645904541,148.38204956054688,42.890377044677734,121.65280151367188,266.7991943359375,342.146728515625,238.90493774414062,109.77995300292969,43.46126174926758,357.7247009277344,237.08285522460938,39.77265930175781,180.53231811523438,103.92778778076172,183.48171997070312,103.47808837890625,166.19810485839844
2025-03-04,121.56553649902344,335.4490966796875,267.42999267578125,100.34370422363281,193.1980438232422,151.32644653320312,181.5432891845703,300.42510986328125,489.9817199707031,196.24473571777344,401.01007080078125,293.742431640625,62.35097122192383,185.1190948486328,528.280029296875,278.8379821777344,193.5615997314453,41.71556091308594,495.8599853515625,124.17192077636719,321.1068420410156,87.46714782714844,21.5634822845459,87.8177490234375,69.6229248046875,61.197635650634766,30.63813591003418,202.2680206298828,81.69534301757812,60.93506622314453,144.13412475585938,133.77999877929688,203.76657104492188,181.6324462890625,50.36465072631836,66.76396179199219,385.7709045410156,68.88986206054688,35.96141052246094,197.11056518554688,44.55421447753906,171.7162322998047,308.6483459472656,367.1685485839844,114.51016998291016,166.78746032714844,242.87908935546875,32.06276321411133,69.28557586669922,67.27854919433594,115.36433410644531,201.6653594970703,452.2663879394531,550.0147705078125,157.40216064453125,640.4481201171875,88.65513610839844,458.799072265625,142.4838104248047,117.25982666015625,384.82403564453125,7201.7099609375,154.8092041015625,90.45133209228516,97.21025848388672,143.46261596679688,145.42222595214844,23.21147918701172,81.03924560546875,166.05506896972656,617.777587890625,33.113433837890625,117.10835266113281,158.44000244140625,149.56195068359375,670.8174438476562,248.27532958984375,263.013916015625,232.14517211914062,126.03849792480469,37.72306823730469,445.4700012207031,483.97259521484375,67.43572998046875,88.00563049316406,92.0627670288086,24.53118133544922,145.85972595214844,41.3137321472168,119.88029479980469,258.800048828125,339.1427001953125,234.7354736328125,107.50629425048828,41.92921447753906,348.2432556152344,232.22787475585938,38.86606216430664,176.55691528320312,101.18476867675781,179.42477416992188,103.2668228149414,165.5841064453125
2025-03-05,124.9736328125,337.8550109863281,267.239990234375,98.57978057861328,193.7125244140625,153.751708984375,183.23658752441406,304.6400146484375,500.7221984863281,197.7322998046875,400.4056091308594,299.735595703125,63.99256134033203,189.16749572753906,534.9600219726562,279.5363464355469,194.31475830078125,41.189979553222656,498.5,125.26313781738281,332.64410400390625,87.8570785522461,21.986682891845703,88.48319244384766,69.15475463867188,61.874813079833984,30.363174438476562,202.9898223876953,82.2319107055664,62.58631896972656,143.00572204589844,136.08999633789062,208.36814880371094,187.22767639160156,50.7045783996582,70.50959014892578,385.9651184082031,69.1056137084961,36.087364196777344,200.80941772460938,47.76622009277344,174.08392333984375,316.145751953125,371.6610107421875,115.23452758789062,168.5157012939453,244.12136840820312,31.776493072509766,70.9518051147461,67.17311096191406,118.55083465576172,205.025146484375,459.0304870605469,553.2152709960938,159.1619873046875,636.3986206054688,89.63670349121094,474.40289306640625,144.1933135986328,119.21543884277344,397.1131591796875,7387.7900390625,158.830078125,89.31133270263672,98.91809844970703,143.55702209472656,145.12986755371094,23.38274574279785,82.4021987915039,167.42623901367188,632.7548828125,32.9417610168457,114.66638946533203,161.16000366210938,153.4641571044922,682.3968505859375,246.04527282714844,268.698974609375,231.9680633544922,126.95906066894531,38.060916900634766,447.9599914550781,489.6756896972656,68.64830780029297,88.81178283691406,90.44815063476562,24.493755340576172,148.55938720703125,40.70006561279297,121.16043853759766,256.9322509765625,344.5282897949219,236.76673889160156,109.55903625488281,41.9856071472168,348.6881103515625,237.65635681152344,38.838863372802734,178.78314208984375,100.1968994140625,183.4132843017578,101.2502670288086,162.75778198242188
2025-03-06,125.01315307617188,331.6268310546875,260.3900146484375,97.8169937133789,191.64492797851562,150.00985717773438,182.3453826904297,305.8428955078125,494.68310546875,196.064697265625,397.9580078125,299.1391906738281,61.06538009643555,177.1902313232422,499.30999755859375,271.1358947753906,185.5625457763672,40.78120040893555,497.8399963378906,124.86007690429688,335.12066650390625,88.36773681640625,20.53993034362793,89.96834564208984,68.4477310180664,61.342742919921875,30.372995376586914,198.35238647460938,81.51974487304688,61.922019958496094,145.03497314453125,131.92999267578125,212.57394409179688,183.56658935546875,50.60352325439453,70.14677429199219,391.1116943359375,67.45465850830078,37.71514892578125,194.4132843017578,46.505069732666016,173.30796813964844,318.2426452636719,367.2166748046875,114.22628021240234,166.5910186767578,239.27833557128906,31.995969772338867,68.6046142578125,67.53734588623047,122.54366302490234,208.19992065429688,456.981689453125,544.8125,156.1103515625,638.4581909179688,88.75043487548828,472.6944885253906,143.53883361816406,114.99592590332031,393.0234069824219,7494.919921875,148.3895263671875,88.73733520507812,100.09894561767578,141.4711456298828,145.81834411621094,23.65317153930664,82.00467681884766,167.47418212890625,623.7388305664062,32.321834564208984,117.58717346191406,160.55999755859375,151.90652465820312,693.6087646484375,234.14822387695312,266.892333984375,227.76675415039062,125.627197265625,38.379451751708984,445.7300109863281,481.5377502441406,66.4714126586914,86.21097564697266,84.78228759765625,25.008331298828125,145.12078857421875,39.87870407104492,118.80695343017578,257.1376037597656,337.6900634765625,238.380126953125,110.92138671875,41.713035583496094,340.2645568847656,232.53439331054688,40.09904479980469,176.49729919433594,99.55430603027344,178.33966064453125,103.34364318847656,163.00143432617188
2025-03-07,125.16132354736328,331.9566345214844,259.75,99.75254821777344,194.8482208251953,154.10806274414062,182.19683837890625,312.61761474609375,491.1324157714844,201.14324951171875,399.4344787597656,304.38201904296875,62.2322998046875,192.50491333007812,526.4000244140625,268.74560546875,185.0481719970703,41.74475860595703,495.6199951171875,124.35871124267578,344.25018310546875,90.73521423339844,20.313568115234375,93.2955093383789,69.82357788085938,61.85546112060547,30.697052001953125,200.78482055664062,81.19780731201172,62.946937561035156,148.24954223632812,126.72000122070312,209.86244201660156,183.1916046142578,51.81623840332031,71.88230895996094,397.6080627441406,67.51094818115234,38.747047424316406,192.2316436767578,46.86066818237305,174.83998107910156,326.5510559082031,362.4740905761719,115.31285095214844,167.17041015625,235.14381408691406,31.814666748046875,70.50377655029297,68.46710205078125,121.6207504272461,214.3448944091797,459.540283203125,541.7903442382812,155.7265625,640.9754638671875,90.05601501464844,457.27935791015625,142.91363525390625,114.91886901855469,389.478271484375,7393.2099609375,152.53822326660156,87.93399810791016,101.50426483154297,144.8594970703125,146.94583129882812,24.094865798950195,81.02979278564453,168.7111358642578,627.515380859375,32.49351119995117,120.83352661132812,162.64999389648438,156.94932556152344,702.615966796875,228.53866577148438,271.5267639160156,230.41346740722656,125.74470520019531,39.93355178833008,450.8800048828125,465.4212951660156,66.1658935546875,86.0382308959961,86.1131362915039,25.373210906982422,148.5889434814453,39.83149337768555,117.4480209350586,259.3769836425781,341.6239929199219,242.30662536621094,111.95236206054688,42.03260803222656,341.4114685058594,218.42431640625,41.75812911987305,178.18685913085938,102.46995544433594,184.1855926513672,104.6880111694336,166.04217529296875
2025-03-10,120.41962432861328,325.2821960449219,248.39999389648438,102.3269271850586,193.8824462890625,148.4755401611328,177.62185668945312,315.0233459472656,472.4742736816406,201.88232421875,395.37164306640625,292.1647644042969,61.10493850708008,182.1272735595703,515.4500122070312,257.0498962402344,176.24395751953125,40.06096267700195,497.1000061035156,121.83219909667969,339.2480773925781,91.46865844726562,18.778240203857422,94.02845764160156,70.71212005615234,60.03675842285156,30.098037719726562,198.36227416992188,81.94900512695312,61.90304946899414,149.4158935546875,121.11000061035156,203.09364318847656,175.3957977294922,52.3582878112793,70.63704681396484,399.36328125,66.48846435546875,38.659847259521484,190.8705291748047,47.492855072021484,167.1312713623047,332.49554443359375,360.40582275390625,114.8723373413086,166.10003662109375,225.38015747070312,31.051267623901367,67.23973083496094,68.48628234863281,121.64989471435547,213.3167724609375,452.96240234375,532.2281494140625,156.64390563964844,655.5219116210938,89.3889389038086,464.96710205078125,144.2030792236328,107.59734344482422,376.45635986328125,7503.419921875,146.2758331298828,89.77200317382812,101.41642761230469,145.84109497070312,148.66799926757812,24.013736724853516,79.20303344726562,169.0083770751953,599.6862182617188,32.95787811279297,120.78565216064453,161.02000427246094,150.87460327148438,739.6779174804688,214.55892944335938,265.4686279296875,229.54763793945312,125.86222839355469,39.7115364074707,429.8500061035156,457.3583984375,66.32820892333984,83.30304718017578,84.55723571777344,25.522907257080078,145.86959838867188,38.11323928833008,115.81339263916016,260.7362365722656,335.28216552734375,241.31527709960938,111.03185272216797,39.82382583618164,337.61492919921875,219.34596252441406,42.14796447753906,174.42015075683594,104.5224380493164,181.06710815429688,107.35755920410156,167.43585205078125
2025-03-11,119.56019592285156,317.99658203125,250.85000610351562,99.57139587402344,196.6530303955078,145.50582885742188,177.11683654785156,306.87261962890625,470.1923522949219,198.76504516601562,396.1148681640625,286.7488098144531,60.956600189208984,187.69622802734375,526.6400146484375,251.21681213378906,172.37857055664062,40.73252868652344,496.25,122.0681381225586,333.9020080566406,90.64236450195312,18.797924041748047,90.74951171875,68.86812591552734,58.69206619262695,28.988386154174805,194.35763549804688,80.45635223388672,61.66579818725586,146.1064910888672,120.52999877929688,203.4696807861328,178.3858184814453,51.503875732421875,68.24456787109375,411.54266357421875,65.45661163330078,37.47291946411133,190.47312927246094,47.690406799316406,165.3086700439453,320.02301025390625,354.16259765625,114.71572875976562,165.3242950439453,222.39085388183594,31.7192440032959,65.83815002441406,68.0932846069336,117.97764587402344,207.91163635253906,445.12969970703125,521.0112915039062,154.45350646972656,649.9003295898438,88.89338684082031,461.2721862792969,144.1249237060547,107.93453216552734,376.7436218261719,7361.22021484375,141.74375915527344,88.27066802978516,98.7131576538086,138.2715301513672,144.93821716308594,23.42781639099121,78.44583892822266,165.99754333496094,604.223876953125,32.95787811279297,118.31497192382812,157.27999877929688,149.04443359375,713.1922607421875,219.27452087402344,260.3432312011719,227.98321533203125,125.46070861816406,38.68834686279297,430.67999267578125,449.50146484375,65.67896270751953,82.26654815673828,85.10521697998047,24.334707260131836,142.43099975585938,37.678951263427734,114.34614562988281,250.99644470214844,330.92218017578125,231.1005096435547,107.11048126220703,39.062503814697266,328.3806457519531,222.6855926513672,39.37376403808594,174.83755493164062,101.44373321533203,170.998046875,104.82245635986328,160.2140655517578
2025-03-12,118.39452362060547,314.6399841308594,251.85000610351562,98.16979217529297,193.40440368652344,147.55491638183594,175.48294067382812,300.7234191894531,472.5627746582031,195.83731079101562,394.67803955078125,283.44915771484375,62.13340377807617,191.7841033935547,557.8900146484375,256.4892272949219,174.2439422607422,41.345706939697266,495.94000244140625,124.68311309814453,332.2904052734375,88.4698486328125,19.19159698486328,87.58628845214844,68.00823211669922,58.488922119140625,29.017845153808594,190.05641174316406,77.55886840820312,61.53293228149414,144.7694549560547,121.58000183105469,202.82644653320312,179.3529052734375,50.971012115478516,65.14610290527344,400.8162536621094,64.69681549072266,36.81405258178711,193.7318115234375,47.315059661865234,168.31646728515625,309.45941162109375,350.8630065917969,113.33549499511719,165.97239685058594,221.1873779296875,31.308910369873047,67.44093322753906,67.03893280029297,115.53922271728516,204.60195922851562,442.28680419921875,519.8618774414062,151.42996215820312,637.433349609375,87.20661926269531,461.5205078125,146.76243591308594,109.82270812988281,379.5361022949219,7350.47998046875,148.3403778076172,87.28600311279297,97.50303649902344,136.86520385742188,140.98008728027344,23.175418853759766,78.35032653808594,161.44296264648438,606.151611328125,32.65983963012695,118.72675323486328,157.0,148.75234985351562,684.7305908203125,221.2982940673828,257.230712890625,226.9205780029297,125.31380462646484,38.65938186645508,432.4599914550781,447.8719787597656,65.83171844482422,82.30493927001953,84.870361328125,24.063385009765625,141.07131958007812,37.61286926269531,113.57806396484375,249.9598388671875,336.2829895019531,230.81866455078125,106.0979232788086,39.17529296875,329.0726318359375,225.12344360351562,38.61220932006836,174.91709899902344,100.45584869384766,170.97850036621094,104.79364013671875,157.57290649414062
2025-03-13,115.9051284790039,307.5968933105469,246.92999267578125,99.39022827148438,197.062744140625,148.43592834472656,171.22482299804688,300.85809326171875,464.527099609375,196.86061096191406,390.6251220703125,281.7176208496094,60.93681716918945,188.9502716064453,534.5599975585938,252.2397918701172,170.08157348632812,40.62546920776367,504.25,124.13259887695312,327.5535888671875,88.2841567993164,18.817607879638672,87.2969741821289,68.67703247070312,57.72467041015625,28.605409622192383,188.4446563720703,76.42719268798828,62.396514892578125,145.66079711914062,117.04000091552734,201.96551513671875,174.75436401367188,51.292572021484375,63.59687423706055,406.87176513671875,64.04954528808594,35.69980239868164,191.1685791015625,46.53470230102539,164.063720703125,311.35845947265625,336.1674499511719,114.04029083251953,166.09022521972656,218.5572052001953,31.59519386291504,67.55096435546875,66.73218536376953,113.01334381103516,206.78555297851562,445.81787109375,515.0956420898438,151.40187072753906,640.4481201171875,87.9880599975586,461.91778564453125,142.71824645996094,107.58770751953125,375.07989501953125,7130.75,145.1649627685547,85.96600341796875,97.21025848388672,135.49667358398438,141.14183044433594,23.076263427734375,76.92716979980469,161.65391540527344,584.9065551757812,32.8328971862793,117.30946350097656,153.3000030517578,147.91514587402344,675.902099609375,212.8691864013672,250.66195678710938,225.59226989746094,126.5281753540039,38.54355239868164,428.5799865722656,449.36102294921875,64.78146362304688,81.06690979003906,83.78417205810547,24.409557342529297,139.1401824951172,37.27299118041992,111.08670806884766,253.37269592285156,335.8172607421875,227.7085418701172,106.07030487060547,38.460960388183594,324.83123779296875,223.01260375976562,39.62760925292969,175.16552734375,100.81071472167969,161.368896484375,104.35192108154297,155.9940643310547
2025-03-14,119.70836639404297,309.2945861816406,254.42999267578125,100.64881896972656,202.4185791015625,154.08828735351562,174.73663330078125,301.88775634765625,477.8445129394531,199.85467529296875,395.1734924316406,280.822998046875,62.3015251159668,193.0775909423828,556.260009765625,261.28948974609375,176.81610107421875,41.69609451293945,514.5999755859375,125.83331298828125,333.7742919921875,97.4358901977539,19.604955673217773,86.62191009521484,69.52737426757812,58.527610778808594,29.46956443786621,190.6793212890625,77.18814849853516,62.33009338378906,148.8943634033203,118.68000030517578,208.54627990722656,178.75096130371094,52.36747741699219,65.22454833984375,410.4700012207031,64.66867065429688,36.46040725708008,195.82809448242188,47.74967956542969,166.94204711914062,315.90838623046875,340.0978698730469,116.37982940673828,167.97560119628906,225.59364318847656,32.053226470947266,70.67327117919922,66.78047180175781,114.73287963867188,206.66806030273438,448.0210876464844,522.8345947265625,152.87152099609375,647.1541748046875,88.69327545166016,474.2240905761719,146.9285125732422,111.11360168457031,384.7745361328125,7236.52978515625,146.74777221679688,88.49400329589844,98.19593048095703,137.27105712890625,141.3797149658203,23.184432983398438,79.0666732788086,161.05941772460938,600.9515991210938,33.54435348510742,121.3602294921875,155.8000030517578,152.43222045898438,662.257080078125,216.4353485107422,255.47315979003906,228.27838134765625,127.30181884765625,39.67292404174805,446.2300109863281,455.5790710449219,67.03472137451172,83.31263732910156,86.01527404785156,24.867992401123047,143.7315673828125,38.28317642211914,111.52983856201172,250.3216552734375,344.63629150390625,230.8575439453125,107.47868347167969,39.4948616027832,328.04443359375,229.23605346679688,39.50068283081055,177.59054565429688,102.3836441040039,163.74441528320312,107.45358276367188,157.16357421875
2025-03-17,121.00244903564453,315.978759765625,260.6199951171875,100.93486022949219,204.96478271484375,153.89028930664062,177.206787109375,305.2174377441406,484.6114501953125,201.52227783203125,387.4342956542969,284.3822937011719,63.15199279785156,192.05068969726562,554.8200073242188,260.05987548828125,180.69297790527344,42.70832824707031,523.010009765625,127.82894134521484,336.72247314453125,97.14326477050781,20.559614181518555,87.480224609375,69.99554443359375,58.90489959716797,29.78380012512207,192.9832305908203,78.06617736816406,63.2506217956543,150.50636291503906,117.4800033569336,210.38693237304688,180.5469512939453,54.168182373046875,67.54838562011719,419.87994384765625,65.71927642822266,36.85280990600586,200.71609497070312,48.40161895751953,165.8963165283203,325.6134948730469,342.827880859375,117.91667938232422,170.18141174316406,227.03976440429688,32.29179000854492,71.19762420654297,67.70744323730469,115.56837463378906,208.548095703125,452.7520751953125,527.1448974609375,153.97610473632812,651.9498901367188,88.96009063720703,485.4278869628906,149.6636962890625,113.6375961303711,384.9132080078125,7213.25,151.40765380859375,89.86599731445312,98.94738006591797,139.6778564453125,143.99627685546875,23.481903076171875,80.11734008789062,162.77578735351562,614.4954223632812,33.79433059692383,123.71598815917969,158.7899932861328,153.7659149169922,673.7271728515625,216.1504364013672,257.24053955078125,231.9680633544922,129.31922912597656,39.9914665222168,453.510009765625,462.8647766113281,67.8462905883789,84.27234649658203,88.5693130493164,25.101890563964844,144.5789031982422,38.755226135253906,112.77058410644531,254.4190673828125,347.74774169921875,231.1782684326172,108.67533874511719,39.64524841308594,330.7633361816406,232.96218872070312,39.573211669921875,180.75096130371094,102.73851013183594,171.07626342773438,109.23966979980469,160.97425842285156
2025-03-18,121.60504913330078,314.38775634765625,259.95001220703125,101.0588150024414,200.3211212158203,151.95999145507812,174.67710876464844,306.6416015625,480.8935852050781,203.5878143310547,386.5127258300781,280.726806640625,63.3056640625,186.29412841796875,539.989990234375,258.427001953125,177.0548553466797,42.53313064575195,523.1400146484375,129.23475646972656,330.8949279785156,99.05950164794922,19.80179214477539,86.30364227294922,70.224853515625,58.334136962890625,29.71506118774414,191.2429656982422,77.63692474365234,64.12369537353516,152.4882049560547,115.30000305175781,210.56504821777344,178.39569091796875,53.9293212890625,66.71493530273438,425.3992004394531,65.20336151123047,36.86249923706055,199.484130859375,48.07564926147461,162.01206970214844,327.2987976074219,338.4134521484375,116.3994140625,170.20111083984375,228.0491180419922,32.053226470947266,70.37590789794922,66.99290466308594,115.12147521972656,208.00955200195312,453.14556884765625,525.3612670898438,151.94482421875,658.2777709960938,87.87369537353516,484.89154052734375,147.4267120361328,113.78209686279297,379.7836608886719,7182.509765625,146.92471313476562,89.25,99.22063446044922,138.73403930664062,141.76031494140625,23.71626853942871,79.50605010986328,160.81015014648438,609.37451171875,33.47705078125,122.96903991699219,160.02000427246094,152.14990234375,660.3603515625,215.95396423339844,253.45050048828125,230.2757110595703,129.9459991455078,39.701881408691406,447.989990234375,459.2312927246094,67.55030822753906,84.56027221679688,86.73941040039062,24.896060943603516,144.69711303710938,38.56640625,113.4992904663086,254.9666748046875,340.9303283691406,230.4298858642578,109.41175079345703,39.73923110961914,330.9808654785156,234.36936950683594,40.09904479980469,180.63169860839844,103.40027618408203,168.41725158691406,109.12443542480469,160.2530517578125
2025-03-19,120.72586059570312,314.7757568359375,268.29998779296875,100.91578674316406,199.8625946044922,152.90040588378906,175.65924072265625,303.85089111328125,490.82757568359375,202.53607177734375,386.8398132324219,282.82391357421875,66.83531951904297,193.1072540283203,568.1099853515625,266.2274169921875,181.8214874267578,43.40910339355469,525.27001953125,129.88357543945312,332.77191162109375,98.5025634765625,20.717082977294922,87.21983337402344,70.42548370361328,59.12739944458008,29.528480529785156,194.16978454589844,77.7149658203125,64.44635772705078,155.56057739257812,119.05000305175781,208.07127380371094,179.86605834960938,53.74557113647461,66.28350830078125,419.7727355957031,65.4472427368164,37.041748046875,204.23306274414062,49.18197250366211,165.60745239257812,331.283935546875,342.14056396484375,117.14336395263672,171.03814697265625,232.06719970703125,31.9387149810791,71.32846069335938,66.8963394165039,116.87015533447266,208.60684204101562,452.2013244628906,531.2076416015625,151.4486541748047,660.4468994140625,87.54969787597656,486.8879699707031,149.6636962890625,115.45834350585938,384.0417785644531,7274.85009765625,149.87399291992188,89.3393325805664,100.29412078857422,139.24368286132812,140.92298889160156,23.626127243041992,80.62356567382812,161.63475036621094,622.8292846679688,33.640499114990234,123.53404998779297,161.24000549316406,154.06771850585938,667.7090454101562,220.62042236328125,255.3160858154297,230.787353515625,132.52159118652344,39.65362548828125,450.2799987792969,463.7544250488281,67.87493896484375,86.57566833496094,87.73584747314453,25.111248016357422,145.5838623046875,38.96292495727539,116.0595703125,253.51939392089844,346.875732421875,229.74957275390625,108.13224792480469,40.115196228027344,336.0231628417969,238.93783569335938,39.83612823486328,184.45802307128906,103.15091705322266,162.5419921875,110.82410430908203,159.59033203125
2025-03-20,118.81929779052734,291.9197082519531,267.82000732421875,101.26858520507812,205.04281616210938,152.82119750976562,174.52828979492188,303.1676940917969,484.975341796875,203.01930236816406,389.6044616699219,281.78497314453125,65.79427337646484,188.70986938476562,558.4099731445312,266.40447998046875,181.70822143554688,43.496700286865234,528.72998046875,130.8273162841797,330.4428405761719,98.72911834716797,20.86471176147461,87.0655288696289,70.40638732910156,58.643699645996094,29.440101623535156,192.2812042236328,75.32478332519531,65.13911437988281,156.24330139160156,115.66999816894531,208.06138610839844,178.90884399414062,54.13143539428711,66.6953353881836,423.4781799316406,65.82245635986328,36.581520080566406,202.60372924804688,48.83625030517578,164.38246154785156,330.6296691894531,344.17352294921875,117.14336395263672,172.9091339111328,231.9701385498047,31.900545120239258,71.0162353515625,67.31153869628906,116.64671325683594,205.52239990234375,450.234130859375,531.4949340820312,152.17881774902344,663.0039672851562,86.93025207519531,480.5113220214844,147.76861572265625,116.05562591552734,383.07135009765625,7287.919921875,150.13946533203125,89.5433349609375,99.4450912475586,137.0728759765625,140.0095977783203,23.60810089111328,80.35612487792969,160.65670776367188,617.599609375,33.630882263183594,123.3616714477539,159.89999389648438,153.7659149169922,658.0365600585938,221.17056274414062,253.4112091064453,231.08253479003906,131.68919372558594,39.846675872802734,449.989990234375,465.60858154296875,67.44617462158203,86.8731689453125,87.19322204589844,25.064468383789062,144.1256561279297,39.01957321166992,114.47416687011719,251.34844970703125,346.1523742675781,228.1945037841797,107.68119812011719,40.04940414428711,335.6573181152344,236.5693817138672,39.66387939453125,184.26918029785156,103.40027618408203,161.29071044921875,111.29462432861328,159.01531982421875
2025-03-21,119.2835922241211,296.19793701171875,267.25,100.21976470947266,201.42349243164062,150.58401489257812,173.12954711914062,304.1300048828125,484.5426025390625,204.8763885498047,386.81005859375,280.563232421875,66.0322265625,189.81915283203125,560.0,266.0897521972656,182.82603454589844,42.93217849731445,521.9099731445312,129.657470703125,329.98095703125,100.4282455444336,20.608823776245117,87.0848159790039,70.224853515625,58.334136962890625,29.037487030029297,189.02804565429688,74.55406951904297,63.63021469116211,156.22433471679688,117.86000061035156,209.15982055664062,177.27073669433594,53.442386627197266,65.64617919921875,416.5645446777344,65.4847640991211,36.203636169433594,202.80242919921875,49.19185256958008,165.57757568359375,325.9407043457031,339.9429626464844,116.73223114013672,171.7274627685547,234.51295471191406,32.01505661010742,70.02799224853516,66.30733489990234,111.93498992919922,203.6521453857422,450.8045959472656,530.8112182617188,150.96192932128906,657.8400268554688,86.08211517333984,473.80694580078125,146.879638671875,115.73770904541016,387.4482727050781,7184.7900390625,149.65773010253906,89.27266693115234,98.77171325683594,134.98699951171875,138.39207458496094,23.689228057861328,79.525146484375,159.83209228515625,615.009521484375,33.419368743896484,120.17276000976562,159.83999633789062,152.66587829589844,653.9251708984375,220.08990478515625,254.0985565185547,229.5869598388672,129.6326141357422,39.56674575805664,448.6000061035156,466.245361328125,67.00296020507812,86.90196990966797,87.08470916748047,25.279653549194336,144.01727294921875,39.10454177856445,114.34614562988281,250.18475341796875,343.9823303222656,227.31007385253906,105.95063781738281,40.26558303833008,331.8608093261719,231.97117614746094,39.88145446777344,183.64306640625,102.44117736816406,159.98072814941406,110.9105224609375,158.88864135742188
2025-03-24,120.48877716064453,298.0023498535156,269.19000244140625,99.33302307128906,202.23321533203125,153.3854522705078,177.39527893066406,302.53253173828125,499.797607421875,201.62648010253906,389.58465576171875,282.29486083984375,68.7092056274414,189.41307067871094,572.52001953125,273.3196105957031,186.4871063232422,43.40910339355469,525.8499755859375,130.9551239013672,335.7692565917969,98.46480560302734,21.100915908813477,87.66345977783203,69.8808822631836,58.98229217529297,29.312442779541016,192.38995361328125,76.0369644165039,64.12369537353516,156.48036193847656,124.68000030517578,210.58485412597656,183.0633087158203,53.8282585144043,66.13642883300781,416.60357666015625,66.93873596191406,37.274295806884766,208.8627471923828,50.831573486328125,169.24269104003906,330.9469299316406,352.16021728515625,118.52360534667969,172.57431030273438,240.75357055664062,32.301326751708984,72.1333236694336,66.57769012451172,114.2082748413086,206.32534790039062,451.5521240234375,538.718505859375,153.24595642089844,657.5315551757812,85.89151000976562,487.3746643066406,149.6050567626953,119.71636962890625,389.25048828125,7361.52001953125,152.2531280517578,90.84933471679688,98.93761444091797,136.69532775878906,139.3435516357422,23.563030242919922,81.42588806152344,158.8348846435547,635.256103515625,33.438594818115234,121.11123657226562,161.4499969482422,155.83950805664062,656.427734375,231.88868713378906,263.1022644042969,232.19436645507812,131.9046630859375,40.25209426879883,457.7699890136719,471.9203796386719,67.69669342041016,89.118896484375,87.59771728515625,25.22351837158203,146.78590393066406,39.79373550415039,117.77298736572266,253.2357940673828,354.34716796875,228.59300231933594,106.59500122070312,41.13029098510742,339.97784423828125,238.64053344726562,39.49162292480469,187.6979522705078,101.45331573486328,166.4816436767578,111.19860076904297,159.02505493164062
2025-03-25,119.0465087890625,299.6709899902344,273.0799865722656,97.73118591308594,203.0331573486328,152.08868408203125,178.26824951171875,295.2959289550781,502.1778564453125,198.499755859375,392.5475158691406,282.0158386230469,68.8975830078125,186.4517822265625,577.1799926757812,274.7164611816406,189.18716430664062,43.97361373901367,528.8699951171875,130.50291442871094,336.70281982421875,94.82110595703125,20.923763275146484,86.40009307861328,68.82991027832031,59.00163650512695,28.998207092285156,191.29238891601562,76.89546966552734,63.089290618896484,157.3527374267578,122.97000122070312,210.1890106201172,183.29029846191406,52.59716033935547,64.79312133789062,412.9370422363281,66.6291732788086,37.34695816040039,210.75039672851562,51.947776794433594,172.09112548828125,333.544189453125,349.468994140625,118.89557647705078,172.94851684570312,243.733154296875,32.28224563598633,71.55049133300781,66.44251251220703,114.38314056396484,208.1368408203125,449.9390869140625,540.1950073242188,152.6187744140625,660.2578125,84.42394256591797,485.0007629394531,149.94699096679688,120.6123046875,391.3102722167969,7321.35009765625,151.32899475097656,91.69866943359375,98.95713806152344,136.03465270996094,138.4777069091797,23.031190872192383,81.82703399658203,156.1500701904297,643.93603515625,32.76559829711914,120.17276000976562,162.8000030517578,155.90765380859375,629.7534790039062,227.6544952392578,267.9036560058594,233.9653778076172,132.8545684814453,40.811954498291016,457.2300109863281,480.55450439453125,66.58863830566406,88.79259490966797,86.77886962890625,25.55097198486328,148.5791015625,39.65211868286133,118.04871368408203,253.0304412841797,360.6889343261719,229.16641235351562,101.21001434326172,41.07390594482422,340.7193603515625,238.80899047851562,39.42815399169922,188.43341064453125,100.0434341430664,165.37696838378906,111.95720672607422,157.20257568359375
2025-03-26,118.44390869140625,301.86346435546875,271.2099914550781,99.06605529785156,204.16482543945312,149.15855407714844,175.4905548095703,294.1892395019531,496.8076171875,198.99246215820312,393.1322326660156,284.0360107421875,67.00387573242188,177.54812622070312,559.0599975585938,271.4900207519531,188.64271545410156,42.84458923339844,533.2100219726562,131.7120819091797,335.2188720703125,95.42524719238281,20.598981857299805,88.75321197509766,70.04331970214844,59.78522491455078,29.361541748046875,202.4163360595703,75.94915771484375,63.77256774902344,159.27769470214844,118.16000366210938,208.21974182128906,179.84632873535156,53.084083557128906,64.6068115234375,419.82147216796875,67.13573455810547,37.34695816040039,206.02134704589844,50.32780456542969,166.46397399902344,334.3670349121094,350.57257080078125,120.07023620605469,173.07650756835938,243.6361083984375,32.50172805786133,69.933837890625,67.61087799072266,114.50943756103516,207.5199432373047,453.85369873046875,544.0693359375,153.98544311523438,659.6807861328125,84.08087921142578,479.60748291015625,149.14593505859375,117.72223663330078,386.17083740234375,7314.919921875,145.30258178710938,92.0653305053711,100.21605682373047,141.75430297851562,141.4272918701172,22.724708557128906,81.76017761230469,159.7266082763672,630.243896484375,33.265541076660156,121.20700073242188,162.14999389648438,154.1942901611328,635.7119750976562,224.74656677246094,264.39837646484375,233.92604064941406,131.55209350585938,40.94709014892578,449.8999938964844,475.5350646972656,68.18807220458984,88.9173583984375,86.45330047607422,25.86907386779785,147.5347137451172,39.633235931396484,117.8714599609375,256.70733642578125,348.8575744628906,231.34349060058594,102.18576049804688,41.13969039916992,340.28436279296875,234.92431640625,40.053714752197266,186.53515625,101.47249603271484,161.65240478515625,113.5704574584961,158.6839599609375
2025-03-27,117.52520751953125,299.3120422363281,269.80999755859375,100.25790405273438,204.17454528808594,146.1888427734375,174.16123962402344,294.24700927734375,490.64068603515625,202.80137634277344,395.9167175292969,283.9013366699219,67.5888442993164,170.33804321289062,550.6500244140625,267.5750732421875,188.19290161132812,42.46500015258789,534.52001953125,134.3368682861328,333.4401550292969,96.84119415283203,20.45135498046875,89.8719253540039,69.89044189453125,59.39827346801758,29.381183624267578,203.9390869140625,75.68575286865234,64.14266967773438,158.0260009765625,116.94999694824219,207.9228515625,176.7871856689453,52.6339111328125,65.64617919921875,421.2061462402344,66.84493255615234,37.657020568847656,204.5410614013672,46.623600006103516,163.41636657714844,339.3732604980469,351.1534118652344,120.38347625732422,173.66737365722656,240.8118133544922,32.69257736206055,69.38469696044922,68.30610656738281,114.61630249023438,208.27392578125,457.09954833984375,552.4920043945312,154.68751525878906,662.3173828125,84.79559326171875,481.02777099609375,145.0041046142578,114.63948822021484,386.7748718261719,7314.43994140625,143.31671142578125,94.90799713134766,100.52835083007812,143.30218505859375,142.4073028564453,22.5444278717041,81.26351165771484,161.76898193359375,619.1221313476562,33.630882263183594,119.43539428710938,160.30999755859375,153.78541564941406,631.431884765625,221.20004272460938,263.2201232910156,235.91355895996094,130.67068481445312,40.63819885253906,446.2300109863281,476.32171630859375,67.50398254394531,88.08241271972656,86.3250503540039,26.383651733398438,144.9434356689453,39.085662841796875,118.72816467285156,262.3497619628906,343.44720458984375,229.3413543701172,102.18576049804688,40.632144927978516,345.9000549316406,235.39999389648438,40.7608642578125,185.7698974609375,101.87532043457031,160.7334747314453,113.20555114746094,160.8280792236328
2025-03-28,115.27290344238281,295.2375183105469,261.6300048828125,101.98368072509766,201.4039764404297,143.5952911376953,169.0324249267578,295.382568359375,474.2938232421875,204.24156188964844,390.971923828125,281.15966796875,66.02230072021484,167.49563598632812,534.9500122070312,261.1419372558594,183.49838256835938,41.9296875,526.3099975585938,134.1304473876953,323.99609375,97.79459381103516,19.55574607849121,89.51508331298828,70.87454223632812,58.87588119506836,28.585771560668945,200.94302368164062,74.0467758178711,63.71563720703125,157.4949951171875,111.55999755859375,204.01792907714844,172.34654235839844,53.45158004760742,64.14596557617188,421.2549133300781,66.9574966430664,36.90126037597656,198.58009338378906,46.109947204589844,155.4287872314453,339.1947937011719,346.7196044921875,119.63953399658203,172.0425567626953,235.69703674316406,32.41396713256836,66.76791381835938,67.94884490966797,110.6817626953125,203.4269256591797,451.57177734375,535.6864624023438,155.29595947265625,664.6953735351562,84.17124938964844,474.7703857421875,141.4874267578125,111.1039810180664,375.109619140625,7181.68017578125,138.48968505859375,93.90333557128906,99.65003204345703,142.547119140625,142.02671813964844,22.724708557128906,79.33411407470703,161.11695861816406,594.5750732421875,34.332725524902344,116.60081481933594,154.8000030517578,148.67446899414062,632.9512329101562,212.6659698486328,253.94143676757812,234.70333862304688,128.99606323242188,40.42584228515625,437.95001220703125,470.5811462402344,67.18603515625,85.45279693603516,83.7796859741211,26.36493682861328,140.0367889404297,38.198204040527344,116.40422821044922,259.07379150390625,328.9800109863281,225.62867736816406,100.94306182861328,39.72043228149414,338.9694519042969,230.84144592285156,40.73366928100586,180.67144775390625,103.15091705322266,155.41542053222656,113.05192565917969,158.9665985107422
2025-03-31,115.55937194824219,302.7171630859375,261.79998779296875,104.18621063232422,202.0088348388672,143.65467834472656,170.7685089111328,299.8091735839844,476.1528015136719,206.17446899414062,395.47076416015625,283.7088928222656,65.03083038330078,165.8218536376953,525.9500122070312,264.6535949707031,182.41622924804688,42.776458740234375,532.5800170898438,135.4379119873047,324.1042175292969,98.3892822265625,19.22112274169922,90.3637466430664,71.76309967041016,59.69816207885742,28.900007247924805,203.22714233398438,74.63211822509766,64.29451751708984,158.63287353515625,111.80999755859375,203.17547607421875,173.3629608154297,54.13143539428711,64.71466827392578,424.1412658691406,67.80337524414062,37.56981658935547,198.8483123779297,46.45567321777344,155.59811401367188,342.555419921875,354.79339599609375,121.11763763427734,169.86631774902344,238.07485961914062,32.87510681152344,67.38246154785156,69.15583038330078,111.50753784179688,204.9544677734375,457.99462890625,543.1280517578125,156.86859130859375,669.6005859375,86.31324005126953,474.8995056152344,143.46066284179688,112.39486694335938,371.73291015625,7244.39013671875,137.44760131835938,95.50533294677734,100.7137680053711,145.6145477294922,142.66421508789062,22.841896057128906,80.58536529541016,163.4086456298828,600.9219360351562,34.71730422973633,118.24793243408203,154.9499969482422,149.54090881347656,629.8428344726562,217.6552734375,253.69595336914062,238.26512145996094,129.7207489013672,40.3486213684082,428.8500061035156,475.8160095214844,68.75656127929688,85.92305755615234,83.80928802490234,26.458498001098633,139.23870849609375,38.84963607788086,119.93939208984375,260.814453125,333.85528564453125,229.60377502441406,101.246826171875,40.1579704284668,346.49322509765625,231.1981964111328,41.123504638671875,180.2341766357422,104.5224380493164,154.55519104003906,114.20423126220703,160.4674530029297
2025-04-01,112.9043197631836,304.21112060546875,264.6099853515625,103.32809448242188,202.42832946777344,144.18923950195312,170.52047729492188,295.3537292480469,480.6476745605469,207.91783142089844,395.1933288574219,284.0186462402344,65.50674438476562,166.90138244628906,541.2000122070312,266.0602722167969,185.5379638671875,43.603759765625,532.989990234375,135.30572509765625,324.8609313964844,98.74800109863281,19.083335876464844,90.55663299560547,71.79176330566406,59.78522491455078,29.008028030395508,205.54092407226562,74.58334350585938,64.51278686523438,159.7897491455078,113.3499984741211,198.6065216064453,174.14254760742188,53.97525405883789,66.54824829101562,421.9179992675781,67.51919555664062,37.598880767822266,202.46461486816406,46.682865142822266,158.23739624023438,342.73388671875,353.8544006347656,121.76370239257812,168.87171936035156,236.48316955566406,33.59563446044922,67.64612579345703,69.39722442626953,111.2452392578125,205.3852996826172,459.4207763671875,543.5144653320312,156.77496337890625,670.2970581054688,84.99730682373047,481.28607177734375,144.25192260742188,111.49893951416016,378.46661376953125,7213.6201171875,139.54159545898438,95.45333099365234,101.55305480957031,145.90713500976562,142.4073028564453,22.12076187133789,81.33036804199219,163.54287719726562,602.9089965820312,34.66923522949219,119.08106994628906,156.1999969482422,148.99574279785156,612.7320556640625,225.72096252441406,254.04942321777344,239.80001831054688,130.1027069091797,40.73473358154297,435.94000244140625,478.3257141113281,68.94926452636719,85.9714584350586,83.40479278564453,26.645614624023438,138.6278533935547,38.72690200805664,120.84532928466797,262.60400390625,338.542236328125,230.5076446533203,100.57485961914062,39.729949951171875,342.4298095703125,235.1324462890625,41.14164352416992,182.5299530029297,104.43611145019531,155.3079071044922,114.30986022949219,157.79708862304688
2025-04-02,114.82482147216797,306.87896728515625,267.92999267578125,102.73692321777344,200.40890502929688,146.25814819335938,171.34388732910156,294.1796875,486.2342834472656,206.4586944580078,392.43853759765625,285.4801025390625,67.3211441040039,170.43707275390625,558.4199829101562,270.75225830078125,185.6785430908203,43.720558166503906,537.719970703125,136.82522583007812,328.8802795410156,97.99282836914062,19.703372955322266,90.21910858154297,71.33316802978516,59.80458450317383,29.204425811767578,206.33197021484375,74.85649871826172,64.59819030761719,157.85533142089844,117.9800033569336,203.33404541015625,176.65892028808594,55.0501594543457,67.4209213256836,418.6512756347656,67.8507308959961,37.792659759521484,198.47079467773438,47.394073486328125,158.2174835205078,344.0225830078125,359.0530090332031,122.22378540039062,167.83773803710938,238.57958984375,33.75894546508789,68.01583862304688,68.87580871582031,112.3624496459961,207.4905548095703,462.0272521972656,542.3948364257812,157.26173400878906,690.037109375,85.35270690917969,489.14263916015625,144.33982849121094,114.89959716796875,378.4171142578125,7302.06982421875,143.39537048339844,94.46733093261719,101.43594360351562,146.2375030517578,141.88397216796875,22.264991760253906,82.32372283935547,162.52647399902344,621.8110961914062,34.73653030395508,118.80335998535156,157.16000366210938,149.99844360351562,621.2725830078125,233.04714965820312,256.1310119628906,241.45693969726562,130.396484375,40.725074768066406,438.54998779296875,481.3224182128906,70.18256378173828,86.71675109863281,84.37163543701172,26.327512741088867,140.1944122314453,39.23671340942383,123.02156066894531,258.7120361328125,344.7750244140625,231.7614288330078,101.44013977050781,40.90938186645508,342.4100341796875,237.9369354248047,40.5614128112793,184.76609802246094,104.38815307617188,161.3102264404297,113.9545669555664,159.34669494628906
2025-04-03,108.56831359863281,292.4532775878906,257.1499938964844,104.03366088867188,200.30162048339844,134.1417236328125,160.20335388183594,298.1732482910156,448.3179626464844,216.2084197998047,390.71429443359375,274.09808349609375,62.12581253051758,152.53074645996094,539.6900024414062,243.7705078125,176.2241668701172,39.76896667480469,530.1599731445312,135.26625061035156,300.4794006347656,101.06070709228516,17.006710052490234,92.58186340332031,72.1452865600586,55.811763763427734,27.485939025878906,202.55474853515625,71.48098754882812,64.06675720214844,148.0408935546875,100.87999725341797,196.138671875,160.58377075195312,53.63532257080078,57.0567626953125,441.4302673339844,64.93323516845703,37.792659759521484,186.40975952148438,45.3394775390625,152.01268005371094,346.11431884765625,344.5511169433594,120.83377838134766,165.00172424316406,221.95411682128906,34.22969055175781,61.53630065917969,70.66215515136719,105.30944061279297,205.57135009765625,459.54864501953125,525.7179565429688,153.18043518066406,713.3192749023438,84.42098999023438,481.6933288574219,136.5054931640625,103.97513580322266,369.4750671386719,7109.990234375,134.91119384765625,96.1259994506836,101.78726959228516,144.90667724609375,144.0248260498047,21.895410537719727,75.76188659667969,165.29757690429688,550.3549194335938,34.832672119140625,102.63859558105469,149.52999877929688,135.72679138183594,606.4160766601562,195.12460327148438,234.8243865966797,245.0272216796875,127.53684997558594,37.84855270385742,417.760009765625,458.28546142578125,68.14954376220703,80.17355346679688,70.56949615478516,26.75788688659668,128.0657196044922,34.969390869140625,123.5139389038086,261.9684143066406,328.0287780761719,217.67848205566406,92.1613998413086,36.89549255371094,335.5485534667969,235.04324340820312,41.359214782714844,172.511962890625,104.09083557128906,135.74656677246094,107.96250915527344,155.55548095703125
2025-04-04,101.96531677246094,276.5432434082031,245.50999450683594,99.61907196044922,182.00991821289062,125.66815185546875,151.44371032714844,283.2958984375,415.25054931640625,208.6094970703125,372.35235595703125,255.002197265625,58.58624267578125,144.8848876953125,497.1300048828125,230.62464904785156,169.6309814453125,34.4644889831543,493.5400085449219,127.90550231933594,283.104736328125,95.32141876220703,16.239044189453125,88.39639282226562,69.45094299316406,53.11417770385742,26.719985961914062,188.1974639892578,67.06159210205078,60.41312026977539,135.86537170410156,106.0199966430664,180.15223693847656,151.52484130859375,50.30033874511719,51.899200439453125,418.2222595214844,60.424381256103516,36.05345153808594,165.7251434326172,43.64048385620117,147.1424560546875,328.7758483886719,342.605224609375,111.17215728759766,154.346923828125,205.3434295654297,32.481224060058594,57.1462287902832,67.52397918701172,107.86444854736328,197.85533142089844,430.7690734863281,485.3094177246094,143.29539489746094,679.6696166992188,79.60873413085938,467.51971435546875,123.97245025634766,96.17193603515625,356.3343200683594,7410.93017578125,126.10260009765625,92.65799713134766,92.68204498291016,135.27015686035156,139.49578857421875,20.705537796020508,69.6680908203125,157.0130157470703,511.33477783203125,33.13093948364258,94.62324523925781,139.77000427246094,124.08360290527344,569.4833374023438,194.8583526611328,222.99282836914062,232.18606567382812,115.02115631103516,33.57236862182617,388.1300048828125,422.81231689453125,63.47648239135742,73.8045883178711,65.83394622802734,24.92412567138672,120.2032470703125,32.84517288208008,120.29389190673828,242.62562561035156,315.2163391113281,207.26930236816406,89.94297790527344,35.031219482421875,309.5858154296875,228.66127014160156,39.01111602783203,159.9596710205078,100.09139251708984,138.50332641601562,100.19396209716797,147.87567138671875
2025-04-07,102.54938507080078,276.21337890625,243.6199951171875,96.84445190429688,176.11753845214844,131.5085906982422,152.1083526611328,278.77301025390625,420.9158935546875,202.1855010986328,361.04583740234375,250.77264404296875,60.38081741333008,152.6595001220703,502.54998779296875,231.21681213378906,168.0732879638672,34.75647735595703,490.3800048828125,124.00804138183594,275.2232666015625,92.70662689208984,16.17015266418457,86.01432800292969,67.77892303466797,52.987579345703125,26.60214614868164,188.40509033203125,65.73479461669922,60.59342575073242,132.89735412597656,106.12999725341797,179.012451171875,149.47227478027344,50.01862335205078,51.91881561279297,412.6152648925781,59.22138595581055,34.958580017089844,166.60934448242188,42.99842071533203,148.63638305664062,326.7734069824219,330.6106872558594,107.51112365722656,152.288818359375,209.40577697753906,32.27946853637695,59.9305419921875,66.01764678955078,104.0270767211914,196.04383850097656,418.86773681640625,481.0981140136719,141.07688903808594,658.635986328125,79.86808776855469,456.71319580078125,125.5744857788086,97.22200012207031,354.3736572265625,7046.72998046875,125.01133728027344,88.92266845703125,89.74456024169922,132.59910583496094,136.24176025390625,20.399057388305664,68.43595123291016,153.6378631591797,525.5903930664062,32.227195739746094,92.497314453125,139.69000244140625,126.28374481201172,568.8179321289062,190.47056579589844,223.49359130859375,227.7577362060547,114.89384460449219,31.989316940307617,380.8999938964844,410.4603576660156,61.57835006713867,73.85298156738281,67.738037109375,25.101890563964844,121.68115997314453,33.17560958862305,117.31016540527344,241.2174530029297,313.29400634765625,204.07174682617188,87.96387481689453,35.002689361572266,308.78497314453125,226.47116088867188,38.603145599365234,160.42678833007812,98.98843383789062,141.8368682861328,98.849609375,145.31246948242188
2025-04-08,98.29258728027344,272.98291015625,238.83999633789062,96.56794738769531,178.9856414794922,127.65788269042969,150.2036590576172,269.6983642578125,419.017578125,193.9138946533203,356.96319580078125,240.61978149414062,59.55789566040039,154.53135681152344,504.0299987792969,228.36460876464844,164.8845977783203,34.06543731689453,492.6400146484375,123.33708190917969,269.20892333984375,89.51604461669922,16.426040649414062,85.4453353881836,67.06233215332031,51.799468994140625,26.209352493286133,187.97991943359375,64.8470230102539,64.18063354492188,129.84396362304688,101.87999725341797,173.085693359375,149.14663696289062,48.973846435546875,49.08509826660156,420.1822509765625,58.55832290649414,34.493492126464844,168.2684783935547,41.961238861083984,145.98715209960938,329.3013000488281,324.540771484375,107.7754135131836,149.30508422851562,211.77871704101562,32.25065231323242,59.424034118652344,66.06592559814453,100.0245361328125,196.57260131835938,406.5434875488281,475.5491638183594,140.38418579101562,649.5421142578125,78.64820098876953,449.4526062011719,124.2166748046875,96.63434600830078,351.1058044433594,6700.0,122.39629364013672,87.68000030517578,88.6905746459961,129.3145751953125,133.49200439453125,19.68693733215332,66.43968963623047,151.87356567382812,519.4906616210938,32.24641799926758,88.93492889404297,136.74000549316406,121.35778045654297,552.9584350585938,179.79190063476562,215.0004119873047,224.07899475097656,117.96891021728516,30.84063148498535,381.5899963378906,413.4477233886719,61.453094482421875,72.91409301757812,65.64649963378906,24.690231323242188,120.51853942871094,32.96790313720703,118.19641876220703,240.8556365966797,312.3427429199219,202.4195098876953,84.61322021484375,34.62221908569336,304.78082275390625,224.44956970214844,38.23143768310547,159.2341766357422,98.73906707763672,136.08872985839844,96.76583099365234,140.74163818359375
2025-04-09,105.97463989257812,290.9786682128906,263.5299987792969,97.58816528320312,188.28271484375,148.2181396484375,159.71725463867188,280.1202087402344,465.2254333496094,196.5858154296875,369.9840087890625,261.5158996582031,65.61580657958984,183.3716583251953,559.8400268554688,258.9296569824219,182.788818359375,37.71530532836914,521.4099731445312,128.71456909179688,295.8114013671875,90.1862564086914,19.29985809326172,87.01730346679688,67.96044921875,56.61032485961914,28.14387321472168,201.7044219970703,71.11026000976562,66.60057830810547,138.47308349609375,116.05999755859375,190.1821746826172,163.6724853515625,52.29474639892578,55.06630325317383,424.8433532714844,63.3324089050293,37.04659652709961,186.05209350585938,45.181427001953125,160.40858459472656,335.5962219238281,344.0476989746094,113.91303253173828,154.4158477783203,228.83859252929688,33.32663345336914,69.71278381347656,67.54328155517578,105.56202697753906,209.8896026611328,438.6475524902344,511.5458068847656,147.76051330566406,668.3767700195312,81.91400909423828,478.3758544921875,135.11834716796875,107.60697937011719,386.6857604980469,7121.08984375,137.3296356201172,89.89666748046875,92.00865936279297,137.94119262695312,138.52529907226562,20.272859573364258,73.80384063720703,155.6418914794922,589.3057861328125,32.84251403808594,98.76019287109375,149.24000549316406,139.78631591796875,572.7307739257812,205.45814514160156,238.0351104736328,235.9733123779297,125.77407836914062,34.73070526123047,428.70001220703125,443.873291015625,65.57695007324219,79.67991638183594,73.29243469238281,24.765077590942383,131.88858032226562,35.86628341674805,124.12445831298828,249.26553344726562,339.6817626953125,217.25082397460938,91.73798370361328,37.38058090209961,328.6673278808594,237.37208557128906,38.884193420410156,174.7382049560547,100.09139251708984,154.70181274414062,101.59596252441406,149.64944458007812
2025-04-10,98.94595336914062,278.0705871582031,256.9200134277344,98.39862060546875,186.12673950195312,136.8441619873047,156.16578674316406,270.8050231933594,449.01629638671875,197.3817138671875,365.6734924316406,253.6181182861328,63.58327102661133,170.64508056640625,551.25,243.6619415283203,177.97073364257812,35.681114196777344,515.8099975585938,127.16547393798828,284.16607666015625,89.82754516601562,17.32164764404297,88.53140258789062,68.36175537109375,55.1105842590332,27.319002151489258,200.45849609375,67.80304718017578,65.4522933959961,127.99488830566406,109.62999725341797,179.15121459960938,157.45558166503906,51.679073333740234,52.262001037597656,425.5162048339844,60.87905502319336,36.7171630859375,180.3295440673828,43.19597244262695,154.7415771484375,332.0869140625,342.33416748046875,112.36640930175781,152.82058715820312,221.7783203125,33.384273529052734,65.09870910644531,68.32542419433594,101.51091003417969,209.06707763671875,424.7889099121094,495.5770568847656,144.97097778320312,675.9085693359375,79.28215789794922,472.058837890625,129.89218139648438,102.67459869384766,377.6347961425781,6998.830078125,131.56768798828125,91.55733489990234,92.04769897460938,136.29891967773438,137.14564514160156,19.46158218383789,68.73204040527344,156.83084106445312,553.7952270507812,32.8809700012207,92.88036346435547,143.75999450683594,130.8397674560547,542.6105346679688,191.9495849609375,225.98753356933594,236.92999267578125,124.44221496582031,31.410146713256836,406.8900146484375,428.674560546875,64.45927429199219,76.46639251708984,68.80352020263672,24.952293395996094,125.47445678710938,33.64765930175781,125.52276611328125,250.45855712890625,335.25244140625,213.1591033935547,88.88439178466797,35.43070602416992,320.9358215332031,233.45765686035156,39.536380767822266,167.63217163085938,101.19436645507812,144.57411193847656,95.9592056274414,143.2658233642578
2025-04-11,101.67823791503906,277.2126159667969,258.45001220703125,99.7620849609375,187.84373474121094,143.4765167236328,157.68359375,275.20281982421875,461.06494140625,203.68663024902344,372.887451171875,260.3641357421875,64.84245300292969,180.19248962402344,567.97998046875,247.84649658203125,181.6092529296875,36.91720199584961,524.1099853515625,130.0170440673828,288.3819885253906,91.2529296875,17.36101531982422,90.65306854248047,68.61970520019531,55.83124542236328,27.505578994750977,203.73141479492188,68.45667266845703,65.96475982666016,128.61126708984375,109.05000305175781,187.05027770996094,159.97193908691406,52.332061767578125,54.15441131591797,428.87066650390625,61.22953414916992,39.06679153442383,180.48849487304688,43.09720230102539,158.75527954101562,330.4809875488281,342.56646728515625,113.59980010986328,153.5295867919922,230.6549072265625,33.77816390991211,66.43287658691406,68.97235870361328,102.2395248413086,217.40977478027344,434.5755310058594,505.9085693359375,144.4374237060547,685.8880615234375,79.6279525756836,488.3678894042969,132.80320739746094,104.15816497802734,384.6656188964844,7203.2998046875,130.5810546875,92.65266418457031,94.75096130371094,138.50750732421875,137.42156982421875,19.750038146972656,69.3528823852539,160.04302978515625,558.926025390625,33.40013885498047,93.25383758544922,145.32000732421875,135.56129455566406,550.3465576171875,195.15419006347656,225.22169494628906,240.56932067871094,125.60759735107422,32.78084182739258,421.2099914550781,435.58563232421875,65.81782531738281,76.86324310302734,69.2080307006836,25.33049964904785,126.06561279296875,33.4116325378418,126.19237518310547,252.95220947265625,342.66436767578125,212.4495849609375,89.3630599975586,36.01091384887695,329.6263122558594,240.1171112060547,40.28252029418945,170.6932373046875,102.58504486083984,144.92604064941406,99.04165649414062,145.64385986328125
2025-04-14,104.13333129882812,282.5260009765625,260.7099914550781,101.62137603759766,190.72164916992188,143.07066345214844,160.07440185546875,282.8435974121094,466.6515808105469,208.05227661132812,380.8545227050781,263.81939697265625,64.90193176269531,176.64686584472656,574.8300170898438,252.04092407226562,180.4336395263672,36.80040740966797,529.52001953125,132.98696899414062,292.9713134765625,94.24528503417969,17.538166046142578,91.59817504882812,70.2535171508789,55.909149169921875,27.76089859008789,207.2713165283203,69.08104705810547,65.67054748535156,128.31732177734375,107.1500015258789,191.25253295898438,161.5015106201172,53.376834869384766,54.50740051269531,430.19683837890625,63.389244079589844,39.38653564453125,184.7903289794922,44.5887565612793,160.81690979003906,337.6681213378906,345.7999267578125,115.18559265136719,157.35035705566406,229.2096710205078,34.30654525756836,66.40809631347656,69.95726776123047,103.04586791992188,218.05604553222656,438.7065734863281,508.59820556640625,148.30345153808594,690.4848022460938,80.8958511352539,499.53192138671875,132.86180114746094,105.11189270019531,384.0318603515625,7240.97998046875,132.84042358398438,94.27999877929688,96.14652252197266,140.69720458984375,139.62899780273438,19.939334869384766,70.13610076904297,162.1717071533203,563.1177368164062,34.08275604248047,93.6751937866211,146.5399932861328,135.50286865234375,567.10986328125,198.93064880371094,229.18844604492188,242.186767578125,126.46942138671875,32.742225646972656,421.9800109863281,441.6257629394531,67.18603515625,78.31513977050781,71.69418334960938,25.718162536621094,128.03616333007812,34.157466888427734,128.60494995117188,256.83447265625,344.3291320800781,216.02621459960938,90.82666778564453,36.33430862426758,331.38623046875,241.2864990234375,40.80758285522461,172.21380615234375,104.04287719726562,142.0030517578125,99.2817153930664,146.99853515625
2025-04-15,102.08411407470703,281.4243469238281,265.3399963378906,101.71671295166016,189.78509521484375,143.9813690185547,158.9335479736328,284.1715393066406,468.6088562011719,208.262451171875,375.67193603515625,256.7733459472656,65.19938659667969,177.23118591308594,578.4199829101562,254.4884796142578,182.6352081298828,37.14105987548828,528.1699829101562,132.4640350341797,288.36236572265625,94.87774658203125,17.715322494506836,90.90380859375,69.47004699707031,55.70463943481445,27.397560119628906,205.86720275878906,69.52007293701172,65.40484619140625,127.57766723632812,104.18000030517578,188.2296905517578,161.12652587890625,53.07832717895508,53.35038375854492,426.88134765625,63.48396301269531,39.556095123291016,184.4624786376953,43.9960823059082,158.0382080078125,332.64208984375,342.80853271484375,114.68637084960938,157.50790405273438,227.65699768066406,33.99912643432617,67.02661895751953,69.38756561279297,102.08409118652344,216.3522491455078,443.5654602050781,513.4811401367188,146.38958740234375,689.3704833984375,79.1188735961914,495.6781311035156,132.12918090820312,106.39315795898438,381.9721374511719,7205.169921875,132.14981079101562,93.1953353881836,96.41001892089844,139.32862854003906,135.9087371826172,20.2277889251709,69.81134796142578,161.53884887695312,561.7733154296875,34.00584411621094,92.13340759277344,147.05999755859375,134.92852783203125,554.05078125,200.41957092285156,228.82516479492188,241.6344757080078,125.97974395751953,32.58778381347656,425.6499938964844,440.8017272949219,67.65814208984375,78.7894287109375,71.0331802368164,26.00181770324707,127.63219451904297,34.450138092041016,126.53702545166016,260.814453125,340.83123779296875,213.89773559570312,88.82916259765625,36.743309020996094,332.00909423828125,242.3270263671875,40.97339630126953,171.52806091308594,103.83187103271484,139.6959686279297,99.00324249267578,145.42942810058594
2025-04-16,101.66832733154297,278.0900573730469,260.1600036621094,100.9920654296875,189.492431640625,136.794677734375,157.2570343017578,271.98870849609375,455.6061706542969,208.25291442871094,369.4389953613281,252.92127990722656,64.21781921386719,172.93289184570312,571.8499755859375,249.6130828857422,179.80010986328125,37.11186599731445,516.4500122070312,132.57257080078125,285.12921142578125,95.57628631591797,17.587377548217773,90.16123962402344,68.95410919189453,54.302284240722656,26.857465744018555,202.42623901367188,68.30059051513672,65.0537109375,128.355224609375,103.0199966430664,188.96310424804688,159.8239288330078,52.546607971191406,51.634464263916016,424.21929931640625,63.51237869262695,38.9747428894043,181.263427734375,43.679996490478516,154.87106323242188,328.13153076171875,334.94769287109375,114.67657470703125,156.0209503173828,224.21963500976562,33.73012924194336,63.65451431274414,69.2137680053711,99.83023834228516,214.32534790039062,440.6343994140625,509.56085205078125,145.3782958984375,691.201171875,79.43584442138672,487.7520751953125,127.4402847290039,103.9076919555664,367.9897155761719,7045.009765625,128.02565002441406,90.95733642578125,94.44844055175781,137.393798828125,133.29217529296875,19.867219924926758,68.4263916015625,159.54443359375,553.0736694335938,33.9193115234375,92.47815704345703,143.97999572753906,132.14427185058594,545.4805908203125,199.2264862060547,223.97471618652344,240.26356506347656,126.57713317871094,32.96424865722656,415.6499938964844,434.4993591308594,67.82193756103516,77.076171875,71.8421630859375,25.547969818115234,125.03108215332031,33.98753356933594,124.38048553466797,253.90077209472656,327.6324157714844,210.5155029296875,86.71198272705078,35.972862243652344,327.57977294921875,238.3828887939453,40.17198181152344,168.66578674316406,102.96868896484375,134.5343780517578,100.04993438720703,143.03192138671875
2025-04-17,101.45054626464844,275.2724914550781,259.4700012207031,102.69879913330078,189.9021453857422,136.07205200195312,156.5526580810547,266.8403015136719,456.92413330078125,212.7045440673828,364.0780944824219,254.45050048828125,64.50535583496094,169.34767150878906,559.530029296875,248.02413940429688,181.08578491210938,37.871036529541016,518.2100219726562,132.91790771484375,289.16815185546875,97.78514862060547,17.705480575561523,92.61479187011719,69.66114044189453,54.302284240722656,27.181522369384766,203.45455932617188,67.7445068359375,63.857967376708984,130.73532104492188,105.66999816894531,185.1671905517578,158.95553588867188,53.5354118347168,53.40921401977539,413.9707336425781,64.63959503173828,39.522186279296875,180.6077117919922,44.025718688964844,152.73971557617188,332.1067810058594,343.7282409667969,115.31285095214844,156.21791076660156,226.5144805908203,34.008731842041016,62.885337829589844,70.48834228515625,101.74407958984375,213.67906188964844,444.6966247558594,513.4314575195312,148.4593963623047,693.5692749023438,79.33979034423828,490.900634765625,127.19607543945312,105.17932891845703,364.1969909667969,7190.06982421875,126.9009017944336,92.72666931152344,96.14652252197266,136.7613983154297,135.9087371826172,19.957361221313477,68.90396118164062,163.61000061035156,554.6058959960938,34.342342376708984,94.90096282958984,143.55999755859375,133.03990173339844,559.2644653320312,203.61428833007812,228.0789031982422,239.93807983398438,126.22457885742188,33.89091110229492,413.32000732421875,433.4692687988281,68.52530670166016,78.65391540527344,74.76242065429688,25.670886993408203,127.33663940429688,33.893123626708984,125.67047882080078,256.2477111816406,330.12945556640625,214.0726776123047,88.76471710205078,36.33430862426758,325.8792419433594,239.7504425048828,40.568084716796875,169.87828063964844,103.95655822753906,136.74452209472656,102.67145538330078,144.8933868408203
2025-04-21,99.25284576416016,272.230712890625,254.27000427246094,100.6202163696289,182.380615234375,134.19122314453125,154.0130615234375,263.3663024902344,443.7344970703125,208.2433624267578,352.7220458984375,249.30149841308594,63.04788589477539,164.61358642578125,541.9299926757812,239.33920288085938,175.71337890625,36.790672302246094,506.9200134277344,129.4250030517578,281.16973876953125,96.40696716308594,16.96734046936035,91.8389663696289,68.88722229003906,52.9486198425293,26.965484619140625,198.16452026367188,66.39820098876953,61.846099853515625,126.8095703125,103.55000305175781,183.3138427734375,155.93588256835938,52.0615348815918,53.330772399902344,396.57440185546875,63.93864059448242,38.8972282409668,177.1901092529297,43.8479118347168,149.25389099121094,314.8575744628906,335.82861328125,111.80844116210938,152.66302490234375,223.6142120361328,33.92226791381836,61.53432083129883,70.26625061035156,100.7531509399414,209.6643829345703,436.5623474121094,505.4818420410156,146.3234405517578,679.0526733398438,78.57136535644531,481.7926330566406,123.17142486572266,102.40486145019531,355.6213684082031,7133.83984375,121.17842864990234,91.23332977294922,94.71192932128906,132.50473022460938,134.8525848388672,19.867219924926758,67.1082992553711,159.9214324951172,541.0521240234375,33.948158264160156,92.8995132446289,139.6199951171875,132.53369140625,557.6060791015625,201.18865966796875,222.81610107421875,235.0955352783203,123.51187133789062,33.41792678833008,402.3599853515625,420.4617919921875,67.8893814086914,78.04411315917969,72.93727111816406,24.895559310913086,126.85383605957031,33.33610153198242,122.0860824584961,247.87693786621094,319.4375915527344,209.98094177246094,88.59904479980469,35.963356018066406,316.4769287109375,232.06036376953125,39.54559326171875,166.0321044921875,102.58504486083984,135.42825317382812,101.1638412475586,143.60260009765625
2025-04-22,101.77721405029297,276.8421325683594,261.1400146484375,103.11831665039062,189.1607208251953,136.90354919433594,158.37799072265625,267.9084167480469,459.96331787109375,211.09011840820312,365.1780090332031,256.8314514160156,65.1894760131836,167.95120239257812,555.52001953125,249.11962890625,182.0665740966797,37.335723876953125,520.7899780273438,131.91146850585938,287.5191345214844,98.52145385742188,17.695636749267578,92.91541290283203,70.41593933105469,53.60110855102539,27.279722213745117,203.53366088867188,68.02742767333984,62.75215148925781,130.19483947753906,106.41999816894531,190.36056518554688,161.40280151367188,53.9365348815918,54.8505859375,405.55535888671875,65.29318237304688,39.4543571472168,187.94964599609375,44.6085090637207,153.2775421142578,321.8067932128906,343.1183166503906,116.23299407958984,158.22677612304688,230.0592498779297,34.08558654785156,63.07664489746094,71.35738372802734,104.84312438964844,210.60440063476562,447.1456604003906,523.356201171875,149.63134765625,691.6688232421875,80.07939910888672,487.6825256347656,133.17440795898438,106.33535766601562,363.2463684082031,7166.919921875,125.53934478759766,92.90266418457031,96.566162109375,135.2418212890625,136.49864196777344,20.308916091918945,69.58211517333984,161.97653198242188,560.1915283203125,34.81344223022461,96.62468719482422,143.80999755859375,135.0648193359375,581.4400634765625,206.6610870361328,230.17031860351562,239.2378692626953,111.39767456054688,33.40827560424805,413.3999938964844,436.7843017578125,69.6718978881836,81.15116119384766,74.34806060791016,25.49123764038086,131.48460388183594,34.30852508544922,123.78964233398438,252.5903778076172,329.5943908691406,210.80703735351562,89.14212799072266,37.09523391723633,327.6490173339844,238.4027099609375,39.78509521484375,170.70315551757812,104.66629028320312,139.4163360595703,103.99662780761719,146.67315673828125
2025-04-23,103.94522857666016,280.93682861328125,264.44000244140625,102.0408935546875,189.97042846679688,142.1302490234375,160.89776611328125,267.4272766113281,464.09429931640625,203.09434509277344,365.4851989746094,256.23138427734375,70.5434341430664,175.21080017089844,576.9000244140625,256.73870849609375,187.3308868408203,34.93167495727539,526.8099975585938,132.64161682128906,292.06146240234375,96.54855346679688,18.18773078918457,91.05343627929688,70.224853515625,54.17568588256836,27.0931453704834,205.36294555664062,69.29566955566406,62.86720275878906,129.60691833496094,106.66000366210938,194.5628204345703,164.15602111816406,54.25369644165039,56.14487838745117,416.2525329589844,65.71944427490234,38.848785400390625,192.42039489746094,45.28020477294922,157.0821075439453,333.0683898925781,345.0448303222656,116.53645324707031,158.53204345703125,235.22508239746094,33.80698013305664,65.1333999633789,70.77802276611328,104.9895248413086,211.80880737304688,440.8507995605469,526.0159301757812,150.76548767089844,688.783447265625,80.44439697265625,494.9729309082031,132.91065979003906,108.19462585449219,370.7426452636719,7083.08984375,129.6437530517578,92.03333282470703,90.07636260986328,135.17575073242188,135.35687255859375,20.182716369628906,70.71875,159.90211486816406,574.190185546875,34.842288970947266,98.4250259399414,147.6999969482422,136.73924255371094,583.78369140625,209.5600128173828,235.48223876953125,238.05435180664062,117.79263305664062,32.84840393066406,422.2300109863281,440.3522033691406,70.63540649414062,82.77729034423828,77.04141235351562,25.708709716796875,134.05616760253906,35.06380081176758,123.5828628540039,253.61715698242188,332.8148498535156,213.6061553955078,89.48271942138672,37.580322265625,330.5854187011719,242.33694458007812,39.33372116088867,180.85035705566406,104.3114242553711,143.29640197753906,103.10358428955078,147.5728302001953
2025-04-24,105.94493865966797,284.10540771484375,271.7099914550781,101.73577880859375,190.09727478027344,148.65370178222656,165.9075469970703,269.294189453125,466.28765869140625,201.47991943359375,361.73944091796875,260.2092590332031,75.38182830810547,186.3428192138672,590.6699829101562,263.8248291015625,191.16937255859375,35.40858840942383,531.6400146484375,134.0328826904297,303.0123596191406,95.10430145263672,18.40424919128418,89.89937591552734,70.8363265991211,54.81843566894531,27.633237838745117,207.3998565673828,70.35906982421875,63.2027702331543,131.8732452392578,110.6500015258789,194.75111389160156,167.4815673828125,54.291011810302734,57.5078125,418.1247253417969,65.65314483642578,39.77409744262695,196.1261444091797,46.30751419067383,160.81690979003906,338.4513244628906,348.16204833984375,116.72244262695312,160.49163818359375,238.89678955078125,33.105674743652344,68.33599853515625,70.02486419677734,106.59994506835938,211.76962280273438,442.1490783691406,531.4248657226562,150.7087860107422,684.9627685546875,80.97268676757812,505.8092346191406,135.66539001464844,111.36408233642578,383.52679443359375,7146.8798828125,135.67205810546875,90.14466857910156,90.50576782226562,136.11016845703125,128.74412536621094,20.534269332885742,71.63567352294922,153.920166015625,590.0076904296875,34.851898193359375,100.25411224365234,151.63999938964844,143.3104248046875,595.6113891601562,217.0735321044922,244.03433227539062,237.4527130126953,119.44767761230469,33.7171630859375,438.8999938964844,450.681396484375,71.80126190185547,84.76153564453125,81.92494201660156,26.030187606811523,141.4063262939453,35.781314849853516,124.56758117675781,256.3846130371094,339.91961669921875,209.3977813720703,91.05679321289062,38.09395217895508,331.9102478027344,247.26214599609375,39.43505096435547,184.2393798828125,104.45529174804688,148.71861267089844,104.31351470947266,148.93206787109375
2025-04-25,105.21237182617188,286.0357666015625,269.92999267578125,101.77391815185547,188.1949462890625,150.01979064941406,165.3619384765625,270.2565002441406,458.2814636230469,201.3939208984375,332.8042907714844,258.52520751953125,75.20336151123047,190.46287536621094,603.780029296875,261.3476257324219,191.58392333984375,35.47671890258789,530.9600219726562,135.72999572753906,302.6075439453125,94.57568359375,18.305831909179688,91.07283020019531,68.96366882324219,55.227447509765625,27.338642120361328,206.0649871826172,70.40784454345703,62.62750244140625,131.55084228515625,109.19000244140625,195.38543701171875,166.7809295654297,54.067134857177734,58.233402252197266,411.1915588378906,64.91429138183594,39.32112503051758,197.13949584960938,46.53470230102539,163.1873016357422,325.0782470703125,346.1677551269531,116.25257873535156,160.73782348632812,237.83238220214844,33.048030853271484,68.8504409790039,69.43585968017578,105.04808044433594,211.58358764648438,441.03765869140625,529.4597778320312,150.63316345214844,691.4996337890625,80.83821868896484,501.0317687988281,134.14151000976562,111.75904846191406,388.0325012207031,7071.419921875,136.63897705078125,89.80000305175781,90.69119262695312,135.1663360595703,126.90779113769531,20.66046714782715,70.16474914550781,155.35775756835938,591.2039794921875,34.54424285888672,99.56462097167969,154.02999877929688,144.6246795654297,598.4714965820312,216.8861846923828,243.87725830078125,240.21426391601562,122.63047790527344,33.32139587402344,446.6199951171875,449.50146484375,71.95543670654297,84.57762908935547,81.58949279785156,25.349409103393555,142.24378967285156,35.564170837402344,124.62666320800781,227.6247100830078,344.8047790527344,207.2984619140625,90.1270751953125,37.970298767089844,331.3763122558594,244.81442260742188,38.60600280761719,182.89767456054688,103.32356262207031,148.5123291015625,104.25589752197266,150.07618713378906
2025-04-28,105.79644775390625,285.8992614746094,271.4700012207031,102.07903289794922,190.6338348388672,149.26744079589844,164.96510314941406,272.4217224121094,460.68133544921875,201.85247802734375,340.35516357421875,260.7900390625,75.23310089111328,190.62135314941406,602.4600219726562,261.48577880859375,193.62353515625,35.243125915527344,530.9400024414062,136.4009552001953,303.2098693847656,95.2647705078125,18.561721801757812,88.21195220947266,69.27896118164062,55.35404968261719,27.36810302734375,205.94631958007812,70.8078384399414,62.25358581542969,132.84994506835938,109.1500015258789,194.16636657714844,168.0835418701172,54.430938720703125,57.98826599121094,403.5271301269531,65.65314483642578,39.019142150878906,199.55369567871094,46.66311264038086,161.76307678222656,329.14263916015625,345.52886962890625,117.86775207519531,160.98399353027344,237.5101318359375,32.702186584472656,68.76222229003906,69.3199691772461,105.55561828613281,214.2078094482422,440.6442565917969,530.462158203125,151.63497924804688,696.2058715820312,80.72295379638672,499.5021667480469,134.73736572265625,111.58564758300781,387.3492736816406,7040.35009765625,138.2669219970703,91.34400177001953,91.39384460449219,136.06295776367188,127.26933288574219,20.777650833129883,70.55636596679688,156.1585693359375,590.2845458984375,35.05379867553711,101.29791259765625,151.8300018310547,143.70956420898438,606.6345825195312,218.84837341308594,242.07058715820312,242.72921752929688,122.21916198730469,32.915977478027344,443.9700012207031,448.9114990234375,72.84186553955078,84.76153564453125,81.05674743652344,25.77489471435547,142.76597595214844,36.196720123291016,125.18795776367188,231.5363006591797,348.1242980957031,206.6375732421875,89.37225341796875,38.21760559082031,333.6898498535156,243.17929077148438,39.04815673828125,182.10260009765625,104.10042572021484,149.83843994140625,104.31351470947266,150.1739959716797
2025-04-29,106.3805160522461,290.9884338378906,272.8900146484375,103.45204162597656,193.93121337890625,148.0399627685547,166.46307373046875,277.6855773925781,463.8975830078125,211.4340057373047,346.72686767578125,262.222412109375,76.02629089355469,189.33383178710938,611.1300048828125,263.5286865234375,194.38694763183594,34.96086883544922,534.5700073242188,137.9796600341797,303.545654296875,97.88898468017578,18.414091110229492,89.54056549072266,70.34903717041016,55.840980529785156,27.544858932495117,206.9153594970703,71.50050354003906,62.34946060180664,132.09133911132812,111.69000244140625,197.1595001220703,167.9749755859375,54.78540802001953,58.429508209228516,403.361328125,65.86153411865234,39.10194778442383,199.19602966308594,46.36677551269531,161.40452575683594,337.62847900390625,347.5424499511719,119.63953399658203,163.7904815673828,238.87725830078125,32.88471221923828,68.19029235839844,69.86071014404297,104.9992904663086,216.62643432617188,443.18182373046875,535.613037109375,148.84690856933594,703.7178344726562,81.2608413696289,501.4488525390625,135.17697143554688,111.95172119140625,390.2012023925781,7113.93994140625,138.9082489013672,93.28199768066406,92.61373138427734,138.1865997314453,127.79264831542969,21.444700241088867,71.24406433105469,156.55413818359375,595.8700561523438,34.98649978637695,101.50859832763672,153.64999389648438,142.98916625976562,564.9747314453125,220.8204345703125,243.1604766845703,244.29736328125,123.12992858886719,32.925636291503906,460.7699890136719,460.51422119140625,72.60098266601562,85.69075012207031,80.50425720214844,25.812715530395508,143.11085510253906,36.593238830566406,126.07421875,236.24974060058594,350.2249755859375,208.5133514404297,89.04088592529297,38.521976470947266,337.6544189453125,243.1396484375,39.56401443481445,183.22564697265625,104.68547821044922,150.68321228027344,104.05424499511719,151.99285888671875
2025-04-30,106.51910400390625,291.6513671875,274.25,103.29946899414062,193.54100036621094,149.18826293945312,168.22889709472656,279.9566650390625,463.2779541015625,215.33160400390625,351.572509765625,262.3772888183594,76.29397583007812,190.62135314941406,613.2999877929688,262.92669677734375,201.91221618652344,34.45476150512695,533.25,139.4103546142578,305.39215087890625,99.83354949951172,18.049942016601562,89.40480041503906,70.3681640625,56.22078323364258,27.564498901367188,209.3082275390625,71.77366638183594,63.96021270751953,129.01901245117188,110.83000183105469,197.5559539794922,168.3992919921875,49.916011810302734,58.79229736328125,410.1189270019531,66.55302429199219,39.43802261352539,200.22927856445312,44.68754196166992,160.2392578125,342.0894470214844,348.98486328125,120.08002471923828,165.40545654296875,238.87725830078125,33.23056411743164,69.65133666992188,70.0538330078125,106.00457763671875,215.44161987304688,445.7883605957031,543.929931640625,150.88833618164062,709.2000122070312,81.41453552246094,520.439697265625,135.6947021484375,112.08281707763672,391.4092712402344,7125.75,138.83917236328125,94.34666442871094,93.95071411132812,138.85670471191406,129.00100708007812,22.003578186035156,70.82380676269531,156.85325622558594,598.1636962890625,35.09225845336914,99.65079498291016,154.97000122070312,144.52732849121094,594.6182250976562,221.80645751953125,243.18992614746094,247.3054962158203,123.52164459228516,32.09549331665039,459.010009765625,468.2774963378906,71.56038665771484,85.27455139160156,89.8076400756836,26.19092559814453,144.22418212890625,36.196720123291016,126.71427917480469,241.4912567138672,379.82330322265625,209.60189819335938,87.72454833984375,38.36978530883789,341.5893859863281,259.9666442871094,40.58650588989258,183.6033172607422,105.04033660888672,151.7342529296875,101.4327163696289,152.94139099121094
2025-05-01,105.39055633544922,292.99676513671875,273.489990234375,102.53669738769531,192.41909790039062,147.4559326171875,165.92738342285156,273.085693359375,462.7959899902344,214.01329040527344,349.08502197265625,263.4128723144531,77.95965576171875,195.43466186523438,621.0999755859375,265.02886962890625,201.99734497070312,35.22365951538086,530.22998046875,143.59397888183594,310.02337646484375,100.34329986572266,18.335355758666992,87.95011901855469,69.71846771240234,56.6005859375,27.603778839111328,207.20208740234375,73.39313507080078,66.58726501464844,129.2086639404297,111.12999725341797,194.95925903320312,167.57037353515625,50.89549255371094,57.74313735961914,398.15411376953125,66.89402770996094,39.31138610839844,202.2858123779297,44.499855041503906,162.13157653808594,340.06719970703125,346.86480712890625,119.26753997802734,168.23162841796875,241.09396362304688,32.702186584472656,67.0365219116211,68.8371810913086,105.59465789794922,215.33389282226562,440.69342041015625,542.5106811523438,153.175537109375,703.2103881835938,80.26189422607422,519.3471069335938,134.70806884765625,113.38407897949219,421.2556457519531,7034.89013671875,143.54544067382812,93.84532928466797,94.06782531738281,138.37535095214844,127.06951904296875,21.570899963378906,70.74739074707031,154.35433959960938,603.166015625,34.68845748901367,99.07622528076172,156.33999633789062,131.62831115722656,585.9188842773438,221.37258911132812,244.66273498535156,245.98390197753906,124.77519226074219,32.5684814453125,459.3599853515625,467.22869873046875,71.97470092773438,85.88433837890625,88.80134582519531,26.134193420410156,144.20448303222656,36.4327392578125,125.6803207397461,241.5401611328125,389.048583984375,208.06626892089844,87.08019256591797,38.521976470947266,338.5739440917969,261.25494384765625,39.88642501831055,185.7698974609375,104.3401870727539,153.06033325195312,101.57675170898438,152.20797729492188
2025-05-02,107.53875732421875,297.67645263671875,279.989990234375,102.67971801757812,194.4287567138672,153.533935546875,168.7150115966797,270.6221923828125,476.5166931152344,213.60252380371094,353.7621154785156,268.69744873046875,79.97235870361328,201.68405151367188,628.1599731445312,273.230224609375,206.01119995117188,36.1093635559082,539.7999877929688,147.54075622558594,319.6214599609375,100.88135528564453,19.26049041748047,87.74645233154297,69.66114044189453,57.77895736694336,28.183155059814453,209.17970275878906,75.80281829833984,64.6792984008789,131.33274841308594,116.94000244140625,197.27842712402344,171.5768280029297,51.194000244140625,58.233402252197266,399.7825927734375,67.93598937988281,39.99815368652344,206.34918212890625,44.746803283691406,165.1393585205078,344.9544982910156,352.8862609863281,123.00690460205078,170.8018035888672,246.58203125,33.057640075683594,69.20232391357422,69.18479919433594,107.55642700195312,215.17723083496094,447.4801330566406,555.1746215820312,158.56272888183594,704.8421020507812,81.50098419189453,532.1798095703125,138.7913055419922,116.7440414428711,431.0393981933594,7124.0,148.7153778076172,93.75733184814453,94.97542572021484,141.3956298828125,127.25981903076172,21.81428337097168,73.38359069824219,154.8753204345703,611.9645385742188,34.77498245239258,102.60987091064453,160.08999633789062,136.10646057128906,601.4208984375,229.37911987304688,249.0517120361328,247.07862854003906,127.51730346679688,33.524105072021484,472.2799987792969,474.4300537109375,72.71660614013672,87.6266098022461,91.82025146484375,26.105825424194336,147.721923828125,37.263553619384766,127.2362060546875,243.37860107421875,395.9552307128906,212.1580047607422,88.73710632324219,39.44459915161133,343.6656494140625,264.6441345214844,40.29173278808594,190.21238708496094,104.1771469116211,157.71640014648438,101.98967742919922,153.95838928222656
2025-05-05,107.2813720703125,299.99676513671875,280.07000732421875,102.44136047363281,195.35552978515625,153.0488739013672,168.9134063720703,269.50592041015625,474.4740295410156,213.86044311523438,353.0074157714844,263.4613037109375,79.48653411865234,198.79209899902344,621.4000244140625,274.3947448730469,205.54873657226562,35.76871109008789,512.1500244140625,149.96804809570312,319.0586242675781,100.98519134521484,19.250648498535156,87.99860382080078,69.78535461425781,57.76921844482422,27.957294464111328,209.44668579101562,76.00769805908203,64.33413696289062,128.48797607421875,118.33000183105469,195.6431121826172,170.7380828857422,51.240638732910156,56.57631301879883,405.9454040527344,67.09294891357422,40.1442756652832,207.5811309814453,44.82582473754883,165.37838745117188,346.3522033691406,350.18536376953125,123.05583953857422,171.32369995117188,246.630859375,33.0960693359375,68.7196044921875,69.23307037353516,106.59017944335938,214.07073974609375,445.0605163574219,556.8914184570312,156.2660675048828,703.4392700195312,80.15624237060547,538.5267333984375,137.5409393310547,116.14196014404297,431.92071533203125,7076.41015625,147.29461669921875,92.47599792480469,95.06326293945312,141.05584716796875,125.58522033691406,21.516813278198242,73.12568664550781,153.24476623535156,609.5425415039062,34.88074493408203,102.37046813964844,161.3300018310547,135.74624633789062,599.4049682617188,234.4867401123047,249.23826599121094,247.28578186035156,125.93077850341797,32.58778381347656,477.4100036621094,473.7558288574219,72.61062622070312,87.66532135009766,92.32340240478516,26.011276245117188,147.64309692382812,37.1502571105957,126.9703140258789,242.81143188476562,399.2350769042969,210.44744873046875,87.96387481689453,39.435089111328125,344.6938781738281,267.60723876953125,40.10749816894531,189.6160888671875,104.2538833618164,155.58480834960938,99.1664810180664,154.564697265625
2025-05-06,104.18281555175781,296.1847839355469,278.6400146484375,102.44136047363281,197.12127685546875,151.48483276367188,166.51268005371094,260.2484436035156,469.391845703125,213.80313110351562,355.4303894042969,259.018798828125,79.03046417236328,198.16815185546875,601.6699829101562,271.76959228515625,204.4103240966797,35.65117645263672,512.3300170898438,149.6720428466797,316.86651611328125,100.45657348632812,19.22112274169922,88.25074768066406,70.10063934326172,57.67183303833008,27.584136962890625,210.91995239257812,75.7442855834961,63.49999237060547,128.58282470703125,117.06999969482422,188.3585205078125,168.45851135253906,51.14735794067383,57.3901481628418,403.6831359863281,66.81825256347656,38.234954833984375,207.2433624267578,44.904850006103516,164.53182983398438,353.60882568359375,347.91033935546875,123.90746307373047,172.51522827148438,243.3985595703125,32.77903747558594,67.34479522705078,69.25238800048828,103.65238952636719,211.69131469726562,439.7098388671875,554.7775268554688,155.6139373779297,707.4887084960938,79.07083892822266,531.3851928710938,134.82528686523438,114.90868377685547,429.0885925292969,6961.08984375,145.7258758544922,92.44266510009766,93.8726577758789,140.64999389648438,124.39588165283203,20.624412536621094,72.9155502319336,153.65000915527344,606.9227294921875,34.7269172668457,100.92443084716797,158.72000122070312,136.19406127929688,554.6566162109375,233.87539672851562,248.4625701904297,247.40411376953125,125.50968933105469,32.414039611816406,473.54998779296875,469.9256896972656,72.3311996459961,87.83956146240234,92.63910675048828,26.625864028930664,146.342529296875,36.791507720947266,126.49764251708984,248.18984985351562,402.9806823730469,207.21099853515625,86.35298919677734,38.97853469848633,343.7645568847656,264.8324279785156,40.66941833496094,188.02590942382812,105.2705307006836,151.67532348632812,100.54927062988281,146.55580139160156
2025-05-07,106.43990325927734,298.41741943359375,283.3599853515625,102.47949981689453,199.08216857910156,154.2367706298828,168.35787963867188,265.4449157714844,474.4641418457031,209.67628479003906,357.2078857421875,256.10552978515625,80.15081787109375,202.84283447265625,601.8200073242188,272.628173828125,205.75144958496094,35.56303405761719,518.219970703125,151.43820190429688,316.2740173339844,98.88015747070312,19.37859344482422,88.13436889648438,70.65479278564453,58.01268005371094,27.85909652709961,212.69979858398438,76.02720642089844,64.02732849121094,128.76296997070312,120.86000061035156,191.37147521972656,169.1986083984375,52.00556564331055,58.105926513671875,407.04730224609375,66.83719635009766,38.234954833984375,208.55477905273438,44.91473388671875,152.18199157714844,357.8517150878906,351.1727600097656,125.0821304321289,173.83477783203125,243.53526306152344,32.702186584472656,68.82466888427734,69.90899658203125,105.22377014160156,213.46363830566406,442.2769775390625,562.062255859375,155.7746124267578,718.7318725585938,79.877685546875,530.8489379882812,135.43093872070312,115.65641784667969,429.1282043457031,7095.64013671875,147.37353515625,91.87266540527344,94.97542572021484,141.87698364257812,125.51862335205078,20.543283462524414,74.07129669189453,153.68858337402344,615.9190673828125,34.92881774902344,101.07766723632812,161.0500030517578,140.47752380371094,557.0499267578125,237.01095581054688,278.0365905761719,248.35093688964844,124.86332702636719,32.33681106567383,480.5400085449219,473.577880859375,73.0923843383789,88.56550598144531,94.16828918457031,26.56913185119629,147.4854278564453,36.5460319519043,126.68473815917969,245.70599365234375,403.5356140136719,207.84274291992188,86.49105834960938,39.282901763916016,345.89013671875,263.4450378417969,40.429908752441406,188.53277587890625,105.1362533569336,154.8480987548828,100.4532470703125,152.5404815673828
2025-05-08,107.6080551147461,301.1374816894531,289.6199951171875,100.29602813720703,197.66758728027344,154.42483520507812,170.2030487060547,261.79779052734375,482.5560607910156,208.13827514648438,354.6161193847656,260.973876953125,79.89303588867188,205.77439880371094,686.8300170898438,279.95123291015625,204.525146484375,35.5042610168457,513.25,145.3108367919922,320.1843566894531,97.49252319335938,19.92973518371582,88.08588409423828,69.36495208740234,58.14902114868164,28.438472747802734,212.55149841308594,77.27595520019531,65.05322265625,129.9482879638672,125.62000274658203,193.0861053466797,172.3761444091797,52.36004638671875,60.0473747253418,402.1229553222656,66.00362396240234,38.619747161865234,213.0950469970703,46.771766662597656,155.12005615234375,350.8528747558594,353.2154541015625,125.50305938720703,173.77569580078125,247.51950073242188,32.798248291015625,69.71477508544922,68.7213134765625,106.9415512084961,213.8455352783203,445.7883605957031,562.8462524414062,152.7880401611328,686.773681640625,80.31953430175781,537.90087890625,137.85353088378906,118.35604095458984,433.9012451171875,7227.75,148.2911376953125,90.67666625976562,94.97542572021484,142.83026123046875,125.0523910522461,20.705537796020508,75.30340576171875,153.0710906982422,634.1884155273438,34.24619674682617,104.56342315673828,164.74000549316406,141.25633239746094,543.8816528320312,247.9558563232422,285.96026611328125,245.90499877929688,126.0091323852539,33.12833786010742,484.5,475.3571472167969,73.00566101074219,91.04339599609375,95.00688171386719,25.973453521728516,149.87966918945312,37.3485221862793,126.13329315185547,242.01934814453125,401.9600830078125,210.74874877929688,89.2433853149414,40.08187484741211,347.2940979003906,266.0018310546875,40.17198181152344,190.5701904296875,103.54414367675781,158.04055786132812,101.85523223876953,158.1144256591797
2025-05-09,105.85584259033203,300.1820068359375,287.4800109863281,100.7000732421875,197.68710327148438,154.03878784179688,170.38160705566406,255.84100341796875,485.69415283203125,210.13482666015625,351.8455810546875,262.416015625,80.19047546386719,206.2002716064453,684.5900268554688,280.7900695800781,200.8533935546875,35.73932647705078,513.739990234375,146.24818420410156,321.53717041015625,99.11614990234375,19.870685577392578,87.09669494628906,69.57962799072266,58.207454681396484,28.222431182861328,212.33395385742188,77.23693084716797,64.2094955444336,131.32327270507812,121.06999969482422,188.0413818359375,173.83663940429688,52.416015625,59.802242279052734,394.51690673828125,66.2499008178711,38.283668518066406,213.56199645996094,46.91994094848633,153.75558471679688,350.6347961425781,351.13409423828125,124.82762145996094,175.60728454589844,247.13865661621094,32.221832275390625,69.5036392211914,68.09367370605469,106.03385162353516,214.82472229003906,445.2276916503906,564.3547973632812,154.07339477539062,689.9674682617188,80.18505859375,538.18896484375,139.29928588867188,118.18124389648438,434.4557800292969,7150.18994140625,148.3306121826172,90.62266540527344,94.66313934326172,143.1322784423828,124.11042785644531,20.466699600219727,75.36072540283203,152.11590576171875,642.010498046875,34.14044189453125,106.22012329101562,163.02000427246094,141.33419799804688,524.1293334960938,245.26402282714844,289.4557189941406,245.165283203125,126.0091323852539,33.3503532409668,482.8999938964844,475.4695129394531,72.66842651367188,90.80142211914062,94.4248046875,26.323293685913086,150.62847900390625,37.31981658935547,126.14315032958984,238.42068481445312,401.0484313964844,210.24337768554688,88.26764678955078,39.96773910522461,348.54974365234375,267.2008972167969,40.17198181152344,191.43479919433594,103.21805572509766,157.4708251953125,103.04595947265625,155.7479248046875
2025-05-12,114.38925170898438,314.016357421875,293.20001220703125,97.1503677368164,197.54078674316406,166.2937774658203,177.9508056640625,264.4056091308594,508.9239196777344,198.62359619140625,351.100830078125,267.3327331542969,83.73995971679688,219.45176696777344,693.0999755859375,295.01165771484375,205.70196533203125,36.8460807800293,514.2999877929688,146.6428680419922,338.2548828125,94.84944152832031,21.78000259399414,86.44694519042969,67.46180725097656,60.057777404785156,29.76416015625,214.5587615966797,79.81246948242188,62.13853073120117,134.29129028320312,126.08000183105469,199.0426025390625,181.1686553955078,52.76115798950195,64.0871353149414,406.32568359375,67.15924835205078,39.03862380981445,217.5260467529297,49.00416946411133,158.9345703125,360.13177490234375,364.5710754394531,125.92398071289062,170.79196166992188,253.9450225830078,32.19300842285156,75.3785400390625,67.13773345947266,109.85005187988281,214.40367126464844,446.9588623046875,573.9122924804688,154.64991760253906,684.057373046875,82.42308807373047,549.3232421875,146.850341796875,123.38626861572266,444.88323974609375,7382.3701171875,155.11865234375,89.30733489990234,95.6390380859375,144.1969757080078,125.29025268554688,21.21077537536621,78.03512573242188,155.24197387695312,662.9979858398438,33.2366943359375,113.65131378173828,170.50999450683594,148.09034729003906,571.6482543945312,260.8136291503906,294.345458984375,238.14309692382812,127.86004638671875,34.60521697998047,505.5899963378906,485.4241027832031,72.90930938720703,92.92118072509766,100.58101654052734,25.538515090942383,158.6091766357422,39.33839797973633,129.48133850097656,235.00782775878906,412.36456298828125,224.38462829589844,93.16476440429688,41.86054992675781,351.8222961425781,269.90631103515625,39.610076904296875,199.75332641601562,100.67643737792969,170.72190856933594,104.82245635986328,158.33932495117188
2025-05-13,114.26054382324219,314.4453430175781,297.010009765625,95.77472686767578,197.60906982421875,171.2828826904297,179.06187438964844,260.2580871582031,512.8416748046875,194.8406524658203,352.5903625488281,264.8453369140625,85.0487060546875,230.1876220703125,724.77001953125,298.3474426269531,208.37191772460938,37.39455795288086,511.8800048828125,146.28762817382812,348.1196594238281,92.81047821044922,22.380355834960938,85.2249984741211,66.65319061279297,60.16490936279297,29.99001693725586,212.91734313964844,79.28564453125,58.00619125366211,134.98350524902344,129.3699951171875,194.86013793945312,183.14227294921875,52.40668487548828,64.20480346679688,366.0627136230469,65.91836547851562,38.95095443725586,220.1389617919922,49.843788146972656,160.2392578125,364.9100036621094,361.676513671875,125.22896575927734,170.20111083984375,256.8355407714844,31.779916763305664,78.8904037475586,66.58735656738281,109.67436981201172,213.82594299316406,443.2704162597656,572.2449340820312,152.09808349609375,684.3159790039062,81.75071716308594,540.2152709960938,147.25086975097656,125.61006927490234,444.764404296875,7402.64013671875,160.1011505126953,88.05332946777344,94.65338134765625,143.78817749023438,123.98674774169922,21.008682250976562,78.03512573242188,153.14828491210938,672.5748291015625,32.486778259277344,120.24938201904297,170.9600067138672,147.3310089111328,570.1883544921875,266.0198669433594,302.9172058105469,234.7207794189453,128.01673889160156,34.85618591308594,515.7100219726562,482.8113708496094,72.38900756835938,94.64410400390625,104.05374145507812,25.009021759033203,159.99838256835938,39.55843734741211,128.82159423828125,232.09368896484375,418.03253173828125,221.83822631835938,91.87604522705078,42.202964782714844,352.6937561035156,266.1702575683594,39.287662506103516,202.59571838378906,99.3241195678711,171.3505859375,105.11052703857422,156.8627166748047
2025-05-14,110.39972686767578,312.37847900390625,295.5400085449219,94.84160614013672,195.6872100830078,172.3816680908203,177.9309539794922,252.39593505859375,514.7955932617188,195.35650634765625,349.76025390625,262.7547607421875,84.89998626708984,229.8905029296875,728.530029296875,296.17620849609375,206.5556640625,37.061553955078125,503.3999938964844,146.43563842773438,345.2757263183594,92.72551727294922,22.626399993896484,84.92437744140625,66.22000122070312,59.68771743774414,30.471195220947266,211.7901153564453,78.39787292480469,57.565147399902344,134.3386993408203,127.36000061035156,186.14837646484375,182.2442626953125,52.5932502746582,62.86147689819336,364.9803466796875,65.41633605957031,39.21397018432617,221.7881317138672,49.695621490478516,166.13531494140625,364.3152160644531,360.9117126464844,123.47676849365234,169.31484985351562,259.4038391113281,31.434059143066406,79.79240417480469,66.78047180175781,105.77033233642578,215.0792999267578,438.6475524902344,568.9598999023438,149.6502227783203,678.84375,80.9246597290039,537.3645629882812,144.4570770263672,127.2511978149414,448.52734375,7167.580078125,160.77206420898438,88.38200378417969,93.72626495361328,144.5011444091797,122.21700286865234,20.227861404418945,77.40473937988281,152.46327209472656,668.9959106445312,32.227195739746094,119.4162368774414,171.47000122070312,148.92758178710938,567.4077758789062,265.7831726074219,301.96478271484375,234.7996826171875,128.0852813720703,34.75966262817383,517.6599731445312,479.4120178222656,72.12886047363281,94.57633209228516,103.77750396728516,24.99956703186035,158.37271118164062,39.443634033203125,129.24502563476562,230.0889892578125,415.8426513671875,221.92568969726562,91.728759765625,42.06979751586914,353.0106506347656,263.9207458496094,39.011314392089844,202.5261688232422,98.91102600097656,168.5805206298828,104.16947937011719,151.494140625
2025-05-15,111.27088165283203,315.1082458496094,295.7799987792969,97.74679565429688,200.25282287597656,172.9855194091797,178.77420043945312,261.4513244628906,512.7034301757812,202.2154541015625,356.08575439453125,265.60028076171875,85.23709106445312,230.40553283691406,728.3900146484375,295.63336181640625,207.3946990966797,36.95381546020508,507.3299865722656,149.92855834960938,345.42388916015625,95.12317657470703,22.636241912841797,86.922119140625,68.25117492675781,62.58007049560547,30.7363338470459,216.43601989746094,79.37345886230469,57.97742462158203,134.89816284179688,126.94000244140625,189.2505340576172,181.91860961914062,53.7313117980957,62.4300422668457,380.299560546875,67.12137603759766,39.881256103515625,227.88821411132812,49.507938385009766,164.73101806640625,382.1592102050781,366.54595947265625,126.52110290527344,172.18043518066406,261.2103576660156,32.221832275390625,79.89153289794922,69.14617156982422,107.46858978271484,222.13929748535156,446.7620849609375,577.8126831054688,152.0697479248047,703.2005004882812,82.71124267578125,549.1245727539062,145.29714965820312,128.67868041992188,449.5392761230469,7246.6201171875,157.26950073242188,91.34200286865234,95.5024185180664,146.8015899658203,125.11900329589844,20.76065444946289,77.76769256591797,156.69886779785156,666.8446655273438,33.09247970581055,119.48326110839844,171.8000030517578,148.56736755371094,580.9434814453125,265.3394775390625,302.2789611816406,241.5950164794922,132.7174835205078,34.479732513427734,514.47998046875,486.2856750488281,73.68012237548828,95.05062866210938,105.9874267578125,25.841079711914062,160.71763610839844,39.39579772949219,131.4332733154297,234.85134887695312,418.5082092285156,224.36521911621094,92.37311553955078,42.4027099609375,358.7940979003906,268.6279296875,40.05223083496094,202.98333740234375,101.49408721923828,168.629638671875,105.2258071899414,156.80406188964844
2025-05-16,112.62712860107422,309.7266540527344,298.0799865722656,99.1224136352539,203.9501953125,163.89822387695312,181.2939453125,264.4608459472656,517.2034301757812,203.8394775390625,359.3925476074219,269.96533203125,86.13932800292969,226.4142303466797,733.1799926757812,295.8011779785156,210.53585815429688,37.01258087158203,514.3099975585938,152.1979522705078,349.1466064453125,96.58631896972656,23.02007293701172,88.47379302978516,68.79988098144531,61.9567985534668,30.755970001220703,218.7738494873047,79.45150756835938,59.952510833740234,134.7464599609375,127.91000366210938,194.3645782470703,184.2376251220703,54.69213104248047,63.90082931518555,393.25897216796875,67.78443145751953,40.441383361816406,230.27259826660156,49.754886627197266,166.75279235839844,384.1617126464844,368.6273498535156,128.3516082763672,173.5590362548828,261.2786865234375,32.490821838378906,78.42155456542969,69.52275085449219,109.1766128540039,225.40977478027344,450.2538146972656,578.884521484375,154.24349975585938,720.53271484375,83.02822875976562,560.2688598632812,149.56600952148438,128.3582305908203,450.6702575683594,7370.41015625,158.34494018554688,92.11066436767578,96.923583984375,148.2750244140625,125.57571411132812,20.971935272216797,77.89186096191406,157.5382843017578,674.5377197265625,33.51551055908203,120.4026107788086,172.91000366210938,148.4602813720703,590.208984375,270.6936340332031,303.4473876953125,244.38613891601562,132.67828369140625,34.52799606323242,514.4299926757812,489.2635803222656,74.7785415649414,95.13774108886719,106.34259796142578,26.2098331451416,161.57484436035156,39.60626983642578,131.7296600341797,237.29611206054688,425.1868591308594,224.919189453125,93.2660140991211,42.72610092163086,361.5868225097656,273.02789306640625,40.52202606201172,204.42440795898438,103.00328826904297,170.7611846923828,104.84785461425781,159.43455505371094
2025-05-19,112.30045318603516,311.3840637207031,295.8999938964844,99.83428192138672,204.8184356689453,164.2644805908203,180.430908203125,267.8005065917969,515.3580932617188,205.51124572753906,362.4112548828125,268.416748046875,85.67333984375,228.41481018066406,742.3200073242188,295.3866882324219,212.94847106933594,37.1301155090332,512.3900146484375,151.8131561279297,348.1492919921875,97.20933532714844,23.02007293701172,88.96839141845703,69.28121185302734,62.248958587646484,30.647951126098633,220.93333435058594,79.88240051269531,60.19220733642578,132.92283630371094,127.41000366210938,194.66192626953125,183.9514617919922,54.10444641113281,64.07733154296875,393.76605224609375,67.58551025390625,40.504703521728516,233.75978088378906,49.41904067993164,167.1910400390625,383.5372009277344,367.2720031738281,128.88999938964844,174.05140686035156,258.66162109375,32.50043869018555,78.19700622558594,69.45515441894531,108.5031509399414,226.16375732421875,452.7717590332031,581.9909057617188,152.485595703125,722.7415771484375,83.53730010986328,564.3510131835938,150.57215881347656,127.0569839477539,455.2337646484375,7313.52001953125,157.5063018798828,92.92666625976562,96.58055114746094,150.37588500976562,125.39490509033203,21.12809944152832,77.65308380126953,158.9759063720703,673.4274291992188,33.669342041015625,118.13047790527344,172.38999938964844,149.62850952148438,592.41357421875,273.78973388671875,303.9010009765625,246.9307098388672,134.36273193359375,33.89091110229492,516.010009765625,490.9679260253906,75.56861877441406,95.12805938720703,107.57579803466797,26.493492126464844,160.47132873535156,39.60626983642578,133.39923095703125,238.8509521484375,426.8912048339844,223.0531005859375,92.73269653320312,42.60245132446289,364.3399658203125,273.5234375,40.81679916381836,205.8853759765625,103.76757049560547,171.1934051513672,103.18098449707031,160.31466674804688
2025-05-20,112.34004974365234,312.1542053222656,295.8399963378906,99.78618621826172,203.0331573486328,164.0565948486328,179.3594970703125,266.9850158691406,512.05224609375,205.76914978027344,359.8989562988281,266.8100891113281,85.55436706542969,229.4547119140625,742.75,292.297607421875,210.2828369140625,36.57183837890625,508.739990234375,152.7110595703125,345.1078796386719,97.15270233154297,22.537824630737305,89.21083068847656,69.29083251953125,61.76203155517578,30.667593002319336,220.7748260498047,79.31439208984375,61.112640380859375,131.75186157226562,128.83999633789062,196.0098419189453,181.83966064453125,54.39362716674805,64.79312133789062,402.23016357421875,67.35816955566406,39.90074157714844,233.72996520996094,49.59684371948242,164.65135192871094,382.7044677734375,365.0163879394531,128.43972778320312,173.5984344482422,259.44287109375,32.53886032104492,78.52291107177734,69.22341918945312,106.81466674804688,226.01687622070312,452.2996826171875,576.7308349609375,151.5499267578125,715.5678100585938,82.96099090576172,559.8118896484375,150.58192443847656,125.39642333984375,454.5393371582031,7206.77978515625,158.16732788085938,92.41466522216797,96.2571029663086,149.88156127929688,125.40444946289062,21.60578155517578,76.91761016845703,159.81529235839844,674.1907348632812,33.54435348510742,116.8929214477539,173.24000549316406,149.74533081054688,611.4393310546875,276.2843933105469,303.7925109863281,248.72569274902344,134.34312438964844,33.36966323852539,515.6099853515625,489.7131042480469,75.37592315673828,94.60538482666016,105.53360748291016,26.266563415527344,160.4910430908203,38.91746139526367,133.3004608154297,235.87814331054688,425.890380859375,221.9159698486328,91.27307891845703,42.24101257324219,363.29022216796875,270.8675231933594,40.733890533447266,203.49017333984375,104.06747436523438,169.46458435058594,101.70793914794922,160.0310821533203
2025-05-21,107.81595611572266,309.7558898925781,292.92999267578125,99.0166015625,200.29185485839844,160.59193420410156,176.26434326171875,263.4220886230469,504.3845520019531,204.17381286621094,355.5594787597656,261.0029296875,84.95948028564453,227.52345275878906,735.3800048828125,282.2605895996094,209.59506225585938,35.89603805541992,507.0299987792969,151.27047729492188,338.2154235839844,95.83114624023438,21.69142723083496,88.90049743652344,68.11640930175781,61.547786712646484,29.94091796875,218.9719696044922,78.3350830078125,59.54982376098633,130.110595703125,123.36000061035156,185.14736938476562,176.5602264404297,53.11563491821289,62.42023849487305,390.1678466796875,65.29318237304688,39.67668914794922,232.02114868164062,48.7671012878418,169.3721923828125,378.5011901855469,359.0046081542969,126.88327026367188,172.0524139404297,254.91180419921875,32.269866943359375,77.39517211914062,69.37792205810547,103.09606170654297,227.75003051757812,448.0210876464844,565.2479858398438,147.4764404296875,715.1101684570312,81.07836151123047,556.256103515625,145.94187927246094,121.67716217041016,448.98370361328125,7078.08984375,155.07916259765625,91.36599731445312,95.68863677978516,148.50318908691406,123.83450317382812,21.16484832763672,73.88980865478516,159.6126708984375,656.0782470703125,33.284767150878906,108.07518005371094,169.1300048828125,147.30181884765625,601.3247680664062,270.05267333984375,297.5606689453125,248.72569274902344,132.1592559814453,32.693965911865234,501.4599914550781,477.84814453125,74.02699279785156,92.46626281738281,103.0277099609375,25.973453521728516,157.84884643554688,37.425052642822266,129.4475555419922,235.43809509277344,420.9953308105469,217.33827209472656,89.68245697021484,40.79524612426758,354.83282470703125,268.10272216796875,40.30095291137695,199.57443237304688,103.07100677490234,164.94602966308594,100.4577865600586,157.86996459960938
2025-05-22,108.57820892333984,308.5177307128906,295.0,97.9295654296875,197.57005310058594,159.35105895996094,177.1175079345703,263.9657287597656,501.5129089355469,200.8685302734375,352.8485412597656,260.5867004394531,84.53314971923828,228.31578063964844,723.75,283.4251403808594,211.5194549560547,35.8372688293457,503.57000732421875,150.46139526367188,340.86181640625,94.32080841064453,22.075258255004883,88.15377044677734,66.76870727539062,61.70360565185547,30.088214874267578,219.5762176513672,78.2469482421875,57.73773193359375,129.85145568847656,126.08999633789062,185.8114013671875,177.4779815673828,52.444000244140625,63.16543960571289,374.9461364746094,64.6964340209961,39.66694259643555,228.77243041992188,48.67819595336914,171.28440856933594,373.37603759765625,354.4449157714844,126.32533264160156,171.34339904785156,254.55047607421875,31.712657928466797,76.25950622558594,68.69234466552734,102.76422119140625,234.21270751953125,451.463623046875,565.8435668945312,145.93592834472656,707.0609741210938,77.71649932861328,560.8746337890625,146.31309509277344,122.6093978881836,451.25555419921875,7071.2001953125,155.2074432373047,90.98600006103516,95.24758911132812,148.46514892578125,123.80594635009766,21.16484832763672,73.88025665283203,159.2267303466797,651.686279296875,33.05402755737305,109.23541259765625,170.3699951171875,143.46620178222656,593.5971069335938,273.5431823730469,302.0274963378906,247.55206298828125,131.29745483398438,32.57813262939453,503.4800109863281,478.8314208984375,73.94991302490234,93.26964569091797,107.39822387695312,25.74652862548828,157.25509643554688,37.77902603149414,128.0150604248047,235.4967803955078,420.4007873535156,216.60934448242188,90.73039245605469,41.01401138305664,354.50604248046875,269.232421875,39.72982406616211,198.958251953125,102.0551986694336,157.54940795898438,99.78910827636719,158.38824462890625
2025-05-23,107.43975830078125,301.8199157714844,295.3500061035156,98.96849822998047,198.27244567871094,156.36294555664062,176.2246856689453,263.7327575683594,497.81231689453125,202.38743591308594,354.05010986328125,261.16741943359375,84.82067108154297,226.52316284179688,731.3699951171875,281.4907531738281,211.15872192382812,35.98418426513672,503.4599914550781,150.71791076660156,339.0843811035156,94.54735565185547,21.898103713989258,89.79270935058594,67.0478744506836,61.460140228271484,30.26497459411621,220.20030212402344,77.48308563232422,58.32258605957031,131.0511932373047,101.05000305175781,182.89756774902344,175.5438232421875,52.83578872680664,62.44965744018555,363.0105285644531,64.04283905029297,39.5987548828125,231.27603149414062,48.09540557861328,168.90408325195312,373.326416015625,351.13409423828125,126.19805908203125,173.43101501464844,254.58953857421875,31.626195907592773,75.23212432861328,69.30066680908203,102.65685272216797,232.54808044433594,451.3652648925781,559.3329467773438,144.37648010253906,712.4835205078125,77.49557495117188,557.9246826171875,144.9093475341797,122.42488861083984,446.6126403808594,7066.39013671875,153.88534545898438,91.62466430664062,94.85554504394531,148.37960815429688,123.06379699707031,21.422056198120117,73.55551147460938,160.02755737304688,649.3169555664062,33.33283615112305,109.38043212890625,168.77000427246094,141.52891540527344,585.133544921875,270.2498779296875,301.278076171875,249.38650512695312,130.27377319335938,32.49126052856445,498.8500061035156,477.6140441894531,74.85562133789062,93.0179672241211,111.22612762451172,25.926177978515625,155.9191436767578,37.578121185302734,124.18191528320312,237.51123046875,419.4396057128906,215.87071228027344,89.23334503173828,40.842803955078125,350.118896484375,266.25408935546875,39.90484619140625,198.0935821533203,103.30319213867188,155.05438232421875,99.84724426269531,158.9847412109375
2025-05-27,110.14234924316406,307.5232849121094,300.3599853515625,98.99736785888672,202.18443298339844,160.65150451660156,179.36940002441406,271.29541015625,510.6706237792969,204.14515686035156,362.5105895996094,265.73577880859375,87.57697296142578,233.38661193847656,746.0800170898438,289.91912841796875,215.8682861328125,36.464107513427734,509.1600036621094,152.6222381591797,347.10260009765625,94.9155044555664,23.226755142211914,89.6375503540039,67.20189666748047,62.083404541015625,30.86399269104004,223.75656127929688,78.97164916992188,58.811561584472656,132.28936767578125,108.95999908447266,187.49627685546875,179.1654052734375,53.264888763427734,65.7540283203125,366.6282653808594,64.99955749511719,40.56315231323242,240.20758056640625,48.49052429199219,173.27630615234375,375.5272216796875,358.5786437988281,128.21456909179688,175.8140869140625,259.06201171875,31.578163146972656,78.40070343017578,69.3103256225586,105.49703979492188,242.74143981933594,460.2666931152344,570.2202758789062,145.7657928466797,716.7518920898438,77.97584533691406,563.6557006835938,146.7449951171875,125.47412109375,457.0393371582031,7210.64990234375,159.74595642089844,90.7586669921875,95.15937042236328,151.1173553466797,124.99530029296875,21.688453674316406,75.35116577148438,161.86074829101562,665.1295166015625,33.505897521972656,110.54065704345703,171.3699951171875,144.6928253173828,599.9722290039062,282.22021484375,308.7227783203125,251.40835571289062,132.08489990234375,32.751888275146484,511.7900085449219,483.8695983886719,76.03111267089844,94.3053207397461,115.47825622558594,25.897811889648438,159.68946838378906,38.29561996459961,126.41462707519531,237.98062133789062,432.301513671875,218.04779052734375,91.27307891845703,41.603736877441406,355.82318115234375,268.2098693847656,40.07065963745117,202.22323608398438,104.05779266357422,163.87533569335938,100.32209777832031,162.58334350585938
2025-05-28,109.76615905761719,308.0692443847656,299.2300109863281,97.81412506103516,199.92112731933594,160.41323852539062,177.54408264160156,270.2760314941406,503.3780517578125,202.9606170654297,358.79669189453125,263.0257568359375,87.37866973876953,237.1302947998047,751.0,289.52435302734375,216.7996063232422,35.9254150390625,503.1099853515625,151.0928497314453,345.1078796386719,94.05650329589844,22.636241912841797,88.98778533935547,66.19113159179688,61.68412780761719,30.775611877441406,222.96408081054688,78.79536437988281,59.87580871582031,130.5521240234375,104.31999969482422,187.32778930664062,177.1720428466797,51.40855026245117,64.97940063476562,368.5492858886719,65.36898040771484,40.39754867553711,242.08526611328125,47.5422477722168,172.67874145507812,375.160400390625,356.3133239746094,126.49172973632812,175.08538818359375,257.3042907714844,31.443662643432617,77.25210571289062,68.70199584960938,102.72517395019531,239.28489685058594,454.9159851074219,571.5799560546875,146.3234405517578,708.5433959960938,78.03346252441406,546.8103637695312,145.9302520751953,123.82324981689453,453.7357482910156,7000.1201171875,161.6600341796875,90.50399780273438,93.26776123046875,149.23516845703125,124.32926177978516,21.2934513092041,74.18589782714844,161.47482299804688,660.5592041015625,32.86173629760742,109.03236389160156,167.3800048828125,143.69009399414062,588.6243896484375,280.1890563964844,308.0325622558594,250.58975219726562,130.7659454345703,32.414039611816406,462.42999267578125,479.8728332519531,74.67255401611328,93.74391174316406,115.76434326171875,26.00181770324707,158.62071228027344,37.635520935058594,124.69564056396484,236.1715087890625,429.0018310546875,215.938720703125,90.51519012451172,41.1186408996582,356.2490539550781,260.63494873046875,39.72982406616211,200.34251403808594,101.87139129638672,161.596435546875,98.9556655883789,161.74237060546875
2025-05-29,112.14204406738281,309.765625,297.0,98.6318130493164,201.70639038085938,158.318603515625,178.6055450439453,275.2660827636719,503.20037841796875,204.1547088623047,364.3576354980469,264.3904724121094,88.16193389892578,239.64590454101562,730.2899780273438,291.5179138183594,217.85838317871094,36.5914306640625,506.17999267578125,151.94143676757812,347.3790283203125,94.7267074584961,22.79371452331543,89.511474609375,66.95161437988281,61.40170669555664,30.854169845581055,222.63717651367188,78.98143768310547,60.19220733642578,132.3661346435547,107.2699966430664,188.77481079101562,177.31019592285156,52.126834869384766,67.33267211914062,371.0651550292969,66.28779602050781,40.13453674316406,242.57208251953125,47.99662399291992,172.26046752929688,375.3685607910156,356.5360107421875,127.5,175.8042449951172,258.16363525390625,32.13536834716797,76.9013671875,69.0302963256836,103.52550506591797,238.35467529296875,456.4601745605469,573.426025390625,147.20236206054688,709.2697143554688,79.15729522705078,544.7742309570312,146.88243103027344,124.4544677734375,455.0453186035156,7097.64013671875,160.72271728515625,90.13733673095703,93.26776123046875,149.64390563964844,125.51862335205078,21.541479110717773,75.02643585205078,162.6326141357422,661.481201171875,33.09247970581055,110.87905883789062,167.92999267578125,144.41049194335938,602.090576171875,273.8489074707031,310.5370788574219,250.94480895996094,132.6853485107422,32.510562896728516,454.989990234375,482.3309020996094,75.10612487792969,93.92782592773438,116.5536117553711,25.888355255126953,159.8675994873047,37.88425064086914,125.53536987304688,234.0103759765625,428.3577575683594,216.25946044921875,91.78768157958984,41.62275314331055,358.8931884765625,263.3948974609375,39.914058685302734,200.4619140625,102.56793975830078,161.596435546875,99.51775360107422,163.44390869140625
2025-05-30,110.79571533203125,308.8784484863281,296.1199951171875,99.55531311035156,204.7404022216797,155.6084747314453,177.31591796875,279.7706604003906,502.5293273925781,205.0526885986328,369.4815673828125,269.9459533691406,89.163330078125,239.7449493408203,750.3599853515625,290.2052917480469,218.5287628173828,36.28780746459961,503.9599914550781,152.38543701171875,343.66619873046875,94.7267074584961,22.852764129638672,90.13213348388672,67.60620880126953,61.3919677734375,31.149991989135742,224.3707275390625,79.31439208984375,61.400272369384766,131.20477294921875,105.5199966430664,188.20985412597656,175.90985107421875,51.91228485107422,65.97262573242188,374.29278564453125,66.43934631347656,40.270912170410156,244.3107147216797,49.00416946411133,172.15090942382812,378.0848083496094,356.5360107421875,127.09864044189453,177.05484008789062,257.8022766113281,32.346717834472656,75.20330810546875,69.61930847167969,103.53526306152344,239.25552368164062,459.9027099609375,581.18701171875,148.052978515625,715.8862915039062,79.70478820800781,543.8504638671875,145.62594604492188,124.32821655273438,456.71197509765625,7115.93017578125,163.31756591796875,91.16666412353516,93.4539794921875,150.10971069335938,125.07141876220703,21.578222274780273,74.39603424072266,163.9158477783203,658.9729614257812,33.409751892089844,109.71883392333984,168.32000732421875,141.35366821289062,487.60791015625,272.9417724609375,311.1484375,253.7556610107422,134.33897399902344,31.902437210083008,463.9800109863281,481.16754150390625,75.72277069091797,93.19220733642578,116.3563003540039,26.28547477722168,158.4030303955078,37.78858947753906,125.367431640625,237.72044372558594,426.3560791015625,216.7386016845703,91.26371765136719,41.4610595703125,361.6561584472656,263.1565856933594,40.494388580322266,201.32765197753906,103.94171142578125,158.8951416015625,99.13980865478516,164.9009552001953
2025-06-02,109.93445587158203,306.5873718261719,295.260009765625,99.2571029663086,207.44268798828125,156.12469482421875,174.91519165039062,280.0522155761719,503.4076232910156,204.53683471679688,373.5331115722656,269.7427062988281,89.58966064453125,246.3211669921875,758.5700073242188,291.46856689453125,219.31988525390625,36.552249908447266,502.80999755859375,153.1846466064453,340.34832763671875,94.29248809814453,23.16770362854004,89.15264892578125,67.59658813476562,62.180789947509766,30.804866790771484,224.55894470214844,78.60928344726562,60.9784049987793,132.2989501953125,105.01000213623047,187.54583740234375,174.25714111328125,51.70705795288086,65.68681335449219,367.671630859375,66.24043273925781,39.85203552246094,245.87049865722656,47.10761642456055,169.68092346191406,378.8481750488281,356.21649169921875,127.63920593261719,177.56690979003906,258.4468078613281,31.943225860595703,75.75574493408203,69.52275085449219,102.50069427490234,238.10008239746094,456.9421691894531,576.8400268554688,147.1267547607422,718.8242797851562,80.43478393554688,538.727783203125,143.7117462158203,124.68751525878906,458.3092346191406,7043.41015625,164.3436737060547,91.37866973876953,92.33663940429688,149.71995544433594,124.5576400756836,21.550662994384766,74.24170684814453,161.88003540039062,654.6109008789062,33.380916595458984,110.49232482910156,166.75,142.7458038330078,488.13507080078125,272.07403564453125,312.8543395996094,254.52493286132812,135.30360412597656,32.182373046875,466.1499938964844,481.85247802734375,75.17357635498047,93.14380645751953,117.550048828125,26.40839385986328,158.205078125,37.5302848815918,126.87894439697266,238.5645294189453,426.4452819824219,214.03009033203125,91.09530639648438,41.489593505859375,361.7849426269531,261.47882080078125,40.62335205078125,200.7405548095703,103.73854064941406,155.4178466796875,99.86663818359375,165.67347717285156
2025-06-03,111.62727355957031,305.05670166015625,299.5199890136719,98.92041778564453,206.09640502929688,160.56214904785156,176.29412841796875,281.1201171875,506.4765930175781,203.84901428222656,371.86480712890625,274.1852111816406,90.8984146118164,254.38299560546875,759.0700073242188,293.5016784667969,216.79208374023438,36.767723083496094,497.8299865722656,153.41160583496094,345.01898193359375,94.26417541503906,23.55153465270996,87.8822250366211,68.27042388916016,62.677459716796875,31.416231155395508,225.44056701660156,78.65826416015625,60.96881866455078,133.94021606445312,105.83000183105469,190.35064697265625,176.12757873535156,52.238773345947266,67.93385314941406,369.5341491699219,65.26477813720703,40.12479019165039,247.25146484375,48.46088409423828,167.03167724609375,379.7403564453125,361.173095703125,127.75713348388672,176.60186767578125,260.01898193359375,31.530126571655273,77.08219909667969,68.71165466308594,104.09159851074219,239.31045532226562,464.0731201171875,577.5843505859375,144.0551300048828,711.9821166992188,82.16374206542969,542.636962890625,145.4099884033203,124.95942687988281,459.3013000488281,7068.93994140625,166.87933349609375,91.4713363647461,93.00312042236328,150.43292236328125,125.4520263671875,21.449617385864258,74.59858703613281,160.9827423095703,658.9829711914062,33.169395446777344,112.12631225585938,168.1199951171875,144.99459838867188,485.20111083984375,277.8817138671875,312.2035217285156,252.93702697753906,135.34298706054688,32.925636291503906,466.260009765625,480.6421813964844,74.95196533203125,93.89878845214844,121.57527160644531,26.436758041381836,160.24363708496094,37.90338897705078,126.57267761230469,239.36940002441406,428.8135681152344,216.8559112548828,91.76896667480469,42.21247482299805,362.3197021484375,263.0275573730469,40.37464141845703,202.58148193359375,103.87398529052734,158.67904663085938,100.59346771240234,166.53402709960938
2025-06-04,113.78536987304688,308.4689636230469,298.3599853515625,97.97766876220703,201.7356719970703,160.75076293945312,175.79811096191406,278.6348571777344,500.8320007324219,204.77566528320312,370.01776123046875,271.20416259765625,91.12644958496094,258.5723571777344,780.0,292.06072998046875,220.03619384765625,36.52286911010742,491.0,152.0203857421875,344.94989013671875,94.61344146728516,23.453115463256836,87.47491455078125,67.1152572631836,62.70667266845703,31.48525619506836,225.23255920410156,78.09025573730469,60.949642181396484,131.84783935546875,105.80999755859375,191.361572265625,175.82080078125,50.70892333984375,67.83531188964844,370.6165466308594,65.36898040771484,39.822811126708984,249.24839782714844,47.087860107421875,168.7048797607422,378.35247802734375,360.5148010253906,125.74234771728516,176.39508056640625,258.0171203613281,31.51091194152832,77.70816040039062,68.91443634033203,107.5857162475586,238.4445037841797,467.4772644042969,579.72802734375,143.52587890625,706.5841674804688,82.22137451171875,546.6455688476562,144.11422729492188,124.4544677734375,460.1941223144531,7210.8701171875,165.85324096679688,91.10600280761719,93.37557220458984,151.4595489501953,125.34735870361328,21.486358642578125,73.63402557373047,160.11439514160156,659.4092407226562,32.85212326049805,108.75198364257812,168.1699981689453,145.10169982910156,482.287109375,273.97705078125,314.4418640136719,250.62918090820312,136.3765106201172,32.3561897277832,473.19000244140625,482.1808166503906,73.64158630371094,92.92118072509766,125.9260482788086,25.869447708129883,160.38218688964844,37.798152923583984,126.52330017089844,237.4849090576172,428.68475341796875,215.96612548828125,92.20873260498047,41.755924224853516,364.4389953613281,264.1593017578125,39.83115768432617,202.93971252441406,102.28739166259766,157.13685607910156,99.13980865478516,164.86183166503906
2025-06-05,112.79541778564453,307.47454833984375,298.2200012207031,97.90070343017578,201.59910583496094,162.99432373046875,175.52032470703125,278.7221984863281,501.6905517578125,206.55247497558594,367.90264892578125,267.3424377441406,91.73123931884766,257.4333801269531,788.3599853515625,292.0903015136719,220.57154846191406,36.3857536315918,488.739990234375,152.0697021484375,344.58453369140625,94.66063690185547,23.640113830566406,87.42642974853516,66.74945068359375,62.9306640625,31.297903060913086,224.76695251464844,77.67894744873047,60.47983932495117,131.39674377441406,108.31999969482422,190.43984985351562,175.40513610839844,50.03728103637695,66.4752426147461,375.0826416015625,64.84799194335938,40.270912170410156,250.28163146972656,46.67298889160156,169.1231689453125,378.1938781738281,359.716064453125,125.84062194824219,175.83375549316406,255.8004150390625,31.280349731445312,78.681884765625,68.47026062011719,107.4197769165039,238.19850158691406,464.0139465332031,581.0281982421875,141.5978240966797,708.7153930664062,83.56611633300781,547.113037109375,143.57431030273438,126.84333801269531,463.9739685058594,7194.47021484375,168.85260009765625,91.45333099365234,93.3853759765625,151.4405517578125,124.7479248046875,21.23833656311035,73.24822235107422,157.07518005371094,656.2664794921875,32.784820556640625,108.51026153564453,167.80999755859375,144.51406860351562,480.4372253417969,271.27532958984375,316.0294189453125,249.68238830566406,136.8883514404297,32.200443267822266,482.20001220703125,483.8883361816406,73.17909240722656,93.38579559326172,125.98523712158203,26.247655868530273,160.62957763671875,37.912960052490234,125.83174896240234,240.37051391601562,426.901123046875,215.7510223388672,90.63683319091797,41.546661376953125,363.22088623046875,263.7523193359375,39.88642501831055,203.1685791015625,101.37799835205078,155.18209838867188,98.684326171875,164.8813934326172
2025-06-06,114.6367416381836,309.6876525878906,297.8599853515625,97.9199447631836,202.97462463378906,165.52574157714844,176.92901611328125,281.8579406738281,511.7955627441406,203.03701782226562,368.49847412109375,270.7879638671875,92.56409454345703,244.55825805664062,791.8499755859375,298.51519775390625,222.70111083984375,37.120323181152344,493.5299987792969,152.65184020996094,348.91949462890625,93.40515899658203,23.895999908447266,87.51370239257812,67.38479614257812,64.3330078125,31.781078338623047,225.5198211669922,78.61908721923828,60.959228515625,134.5736846923828,109.22000122070312,194.27540588378906,177.59225463867188,50.14922332763672,67.47064208984375,383.57598876953125,64.88587951660156,40.972293853759766,253.9674835205078,47.03963851928711,174.2125244140625,381.0092468261719,357.8165588378906,127.10846710205078,175.95193481445312,259.4917297363281,31.482093811035156,80.2825698852539,68.8951187133789,105.92649841308594,240.37322998046875,466.431396484375,585.6729125976562,141.6639862060547,710.000244140625,83.98875427246094,548.38623046875,142.82827758789062,128.00865173339844,466.6525573730469,7116.52978515625,171.69410705566406,91.8479995727539,94.14986419677734,151.8873291015625,125.0778579711914,21.449617385864258,74.24170684814453,158.25225830078125,665.4765014648438,32.72713851928711,110.50199127197266,170.33999633789062,146.15939331054688,490.5318908691406,270.95977783203125,319.8059387207031,249.4949951171875,136.9178924560547,32.96943664550781,486.0,487.265869140625,74.04625701904297,95.45716094970703,125.2650375366211,26.550220489501953,162.935302734375,38.89833068847656,126.89871215820312,241.31275939941406,425.95770263671875,218.4692840576172,91.92802429199219,42.58342742919922,366.6374816894531,262.8984680175781,40.34700012207031,205.21847534179688,102.16162109375,155.00527954101562,101.04894256591797,166.39710998535156
2025-06-09,115.5672836303711,308.6834411621094,297.2099914550781,97.55440521240234,196.80873107910156,168.5535125732422,177.21670532226562,281.5181884765625,511.26275634765625,203.31407165527344,351.3590087890625,270.9234924316406,92.16748809814453,241.93373107910156,783.7999877929688,297.6170959472656,219.7183380126953,37.54147720336914,493.3299865722656,151.5763397216797,353.580322265625,93.47123718261719,23.827104568481445,88.12467956542969,67.05751037597656,64.17719268798828,31.534561157226562,222.48858642578125,78.80516052246094,61.22768783569336,135.1015625,110.91000366210938,197.4271240234375,178.85899353027344,46.1007194519043,68.00284576416016,379.91925048828125,65.66261291503906,41.04048156738281,249.7749481201172,47.49546813964844,177.12420654296875,369.7774658203125,355.74169921875,124.69073486328125,173.2833251953125,260.4779357910156,31.674232482910156,82.3979263305664,69.30066680908203,107.72235870361328,241.49505615234375,465.8985900878906,579.9266967773438,142.71307373046875,705.34912109375,83.99835968017578,551.5293579101562,141.5815887451172,128.1348876953125,469.00384521484375,7138.6201171875,174.7822723388672,89.87333679199219,93.42457580566406,149.2161407470703,125.01053619384766,22.019155502319336,74.1163101196289,156.84359741210938,664.1083984375,32.61176681518555,112.25199890136719,170.19000244140625,152.20204162597656,514.7789916992188,266.54241943359375,319.8257141113281,245.9740447998047,138.7683868408203,33.21278762817383,495.7699890136719,483.1752624511719,71.96507263183594,95.689453125,128.42205810546875,26.342208862304688,164.27125549316406,38.69742965698242,124.82405853271484,233.549072265625,424.80572509765625,219.1635284423828,92.9198226928711,42.67854690551758,363.1119384765625,264.07989501953125,40.20883560180664,204.36268615722656,101.4747314453125,153.96405029296875,101.7273178100586,160.9698486328125
2025-06-10,119.30931854248047,312.87567138671875,297.5400085449219,97.99691772460938,192.5249481201172,172.50454711914062,178.43690490722656,284.8674621582031,509.8614501953125,205.01446533203125,349.2538146972656,272.82049560546875,91.70150756835938,242.2803497314453,762.6599731445312,295.6037902832031,217.6783905029297,38.27604675292969,491.1300048828125,151.04351806640625,354.0740661621094,94.29248809814453,24.122364044189453,89.162353515625,67.5291976928711,63.446807861328125,32.15578842163086,220.13096618652344,79.3731689453125,61.611202239990234,137.5874481201172,110.0,200.81666564941406,179.4033203125,47.05220413208008,69.4417495727539,376.0211486816406,66.30673217773438,41.61522674560547,240.42613220214844,48.48640060424805,179.49742126464844,361.7575988769531,358.3815612792969,122.75457763671875,172.85003662109375,262.2943115234375,31.655019760131836,85.1104507446289,69.86071014404297,110.82606506347656,240.8849334716797,469.2434997558594,585.0972290039062,143.52587890625,702.0027465820312,84.48822784423828,551.3802490234375,142.39634704589844,128.00865173339844,467.18829345703125,7398.68017578125,175.10784912109375,91.70999908447266,93.42457580566406,147.63812255859375,126.80931091308594,22.322296142578125,74.03914642333984,157.11376953125,665.1493530273438,32.68252182006836,114.76582336425781,170.9199981689453,155.8452606201172,520.6766967773438,264.23516845703125,320.6835632324219,244.58340454101562,136.34698486328125,34.575565338134766,504.3999938964844,482.16204833984375,73.19837188720703,95.97016143798828,126.2713394165039,26.8716983795166,164.65721130371094,38.96529769897461,124.51781463623047,232.5970001220703,418.7579345703125,221.56890869140625,95.86714172363281,43.03047561645508,367.1128845214844,263.1863708496094,40.65098571777344,203.51687622070312,102.15193939208984,155.2999725341797,103.9078140258789,163.40480041503906
2025-06-11,118.5173568725586,311.2182922363281,296.7699890136719,98.06425476074219,192.3092803955078,171.5316619873047,179.4586944580078,283.29473876953125,508.8548889160156,204.77566528320312,347.0393981933594,273.139892578125,92.27656555175781,250.4808349609375,778.3599853515625,295.1893005371094,216.81765747070312,38.22706985473633,488.1400146484375,151.487548828125,358.58673095703125,93.85826873779297,23.492483139038086,89.32720947265625,67.38479614257812,62.51190185546875,31.869823455810547,219.63565063476562,78.98143768310547,63.011016845703125,138.9599609375,107.93000030517578,202.89796447753906,177.2854766845703,46.277957916259766,68.85042572021484,373.0926208496094,65.61524963378906,41.547035217285156,243.92324829101562,49.417877197265625,178.28089904785156,364.4044494628906,351.12445068359375,122.23367309570312,174.78994750976562,261.8548889160156,31.568557739257812,86.64158630371094,69.59034729003906,108.82524108886719,242.7349395751953,462.3167724609375,586.288330078125,142.10818481445312,714.8504638671875,84.58428192138672,542.9453125,144.4774169921875,127.99891662597656,468.8748474121094,7296.56982421875,174.02256774902344,90.01000213623047,93.50298309326172,146.4308624267578,124.95280456542969,22.487648010253906,73.77872467041016,156.409423828125,665.9622802734375,32.74067306518555,116.94125366210938,171.0,156.18801879882812,515.7735595703125,263.9294738769531,320.506103515625,244.82998657226562,139.5853729248047,34.74104309082031,500.7300109863281,482.2183532714844,73.2080078125,94.17948913574219,124.79149627685547,26.796056747436523,164.02386474609375,38.515663146972656,123.02603912353516,226.66871643066406,420.0290832519531,220.7084503173828,94.65078735351562,42.0412712097168,369.6976013183594,259.2350769042969,40.29173278808594,203.08895874023438,102.14227294921875,152.82460021972656,105.93325805664062,162.6518096923828
2025-06-12,117.71549987792969,310.1556091308594,298.57000732421875,99.1031723022461,196.36761474609375,173.72560119628906,178.53611755371094,288.6148681640625,508.7561950683594,207.96632385253906,353.2953796386719,274.1755065917969,93.79351043701172,253.6104736328125,775.2000122070312,294.09381103515625,216.6459197998047,37.835304260253906,490.3399963378906,158.3845672607422,356.43408203125,94.42464447021484,23.197227478027344,90.32609558105469,68.16453552246094,63.398109436035156,31.93885040283203,221.46826171875,78.79536437988281,63.61504364013672,139.142333984375,107.69999694824219,203.27459716796875,176.92918395996094,46.98691177368164,68.9785385131836,378.2738342285156,66.46776580810547,41.75160598754883,238.42921447753906,48.81340789794922,176.46609497070312,368.4490966796875,353.75457763671875,124.09120178222656,176.3458251953125,261.9427490234375,31.837549209594727,86.93966674804688,69.75448608398438,109.45966339111328,246.39561462402344,464.2803039550781,584.8394165039062,143.13836669921875,727.8375854492188,84.99730682373047,549.69921875,142.11167907714844,128.10572814941406,475.0752868652344,7386.31982421875,197.188720703125,91.05000305175781,95.02215576171875,145.9080352783203,127.26141357421875,22.818349838256836,74.28992462158203,157.44178771972656,661.1143798828125,33.32221603393555,117.49235534667969,171.02000427246094,155.4241180419922,518.9959716796875,263.466064453125,320.604736328125,248.390380859375,138.7683868408203,34.68264389038086,494.989990234375,474.6094970703125,73.44888305664062,94.46986389160156,124.37713623046875,26.729869842529297,164.27125549316406,38.20952606201172,122.95689392089844,224.47015380859375,421.3697204589844,220.4835662841797,94.42623138427734,42.00321960449219,367.8060607910156,263.61328125,39.7574577331543,202.86009216308594,102.9742660522461,152.06822204589844,106.34027862548828,165.0867462158203
2025-06-13,115.90388488769531,303.8965148925781,292.1600036621094,98.98773956298828,194.9952392578125,169.34768676757812,175.85301208496094,286.605224609375,495.0689697265625,206.8109588623047,350.5347900390625,271.3590087890625,91.70150756835938,246.31126403808594,780.6300048828125,284.02716064453125,210.15798950195312,38.23686599731445,487.5400085449219,159.26271057128906,352.5730895996094,93.8741226196289,22.055574417114258,87.53311157226562,67.8949966430664,62.41450881958008,31.672607421875,219.89320373535156,77.31659698486328,64.6792984008789,140.0445556640625,101.4800033569336,198.88400268554688,174.71237182617188,45.07460021972656,66.33726501464844,376.63818359375,65.2458267211914,41.079444885253906,235.06124877929688,48.20893859863281,175.3791961669922,367.9632568359375,345.47467041015625,123.07890319824219,176.18783569335938,258.7300109863281,31.722267150878906,86.21135711669922,69.06404876708984,106.00457763671875,252.89031982421875,459.7908020019531,557.7946166992188,141.6261749267578,725.2481689453125,83.8254623413086,539.583251953125,139.70668029785156,125.74602508544922,471.1962890625,7225.669921875,212.34344482421875,89.91000366210938,93.91462707519531,145.6513671875,125.86663055419922,22.54276466369629,73.20964050292969,154.64378356933594,648.4544677734375,32.847286224365234,118.10148620605469,169.33999633789062,151.52627563476562,526.3555908203125,256.57373046875,313.4163818359375,247.8084716796875,143.4044952392578,35.33482360839844,478.8599853515625,470.5001525878906,71.3773193359375,93.05669403076172,125.56101989746094,26.65423011779785,160.92645263671875,37.281558990478516,122.41353607177734,223.7830810546875,418.4699401855469,218.41061401367188,93.56542205810547,40.8903694152832,349.4355773925781,258.88763427734375,39.61928176879883,200.71067810058594,101.68756866455078,151.23329162597656,108.65645599365234,160.696044921875
2025-06-16,117.82438659667969,306.4508361816406,299.29998779296875,98.03538513183594,195.671630859375,175.26429748535156,177.51255798339844,286.9353332519531,506.1509704589844,206.9842529296875,347.5954895019531,271.4170837402344,92.58391571044922,249.6786346435547,780.6099853515625,290.37310791015625,212.96067810058594,38.18790054321289,490.2300109863281,160.24942016601562,357.8955078125,94.45612335205078,23.46295738220215,87.38763427734375,66.94198608398438,63.79739761352539,32.10647964477539,220.37860107421875,78.49178314208984,64.91899871826172,140.15972900390625,103.62999725341797,199.3201141357422,177.88916015625,45.10258102416992,73.5120620727539,368.7831726074219,65.4542236328125,41.14763641357422,235.00164794921875,48.82331848144531,177.43331909179688,366.10589599609375,344.40313720703125,123.69808197021484,177.5306854248047,264.0129699707031,31.799123764038086,88.66653442382812,68.57781982421875,106.86346435546875,243.81739807128906,460.4025573730469,564.3845825195312,141.32373046875,716.653076171875,84.4498062133789,539.901611328125,142.40618896484375,127.11524200439453,475.3431701660156,7221.25,208.2784881591797,88.12000274658203,94.53209686279297,146.08863830566406,126.4052963256836,22.41415786743164,74.01021575927734,155.2227020263672,656.1376342773438,32.62436294555664,119.52275848388672,172.61000061035156,153.63189697265625,519.8313598632812,266.54241943359375,319.7763977050781,245.07652282714844,144.16244506835938,34.95519256591797,479.4100036621094,473.79327392578125,71.08826446533203,94.27628326416016,129.2803955078125,26.44621467590332,163.76657104492188,37.683353424072266,122.7691879272461,226.71780395507812,423.6537780761719,219.66220092773438,94.58528900146484,41.04255294799805,352.0401306152344,259.294677734375,39.14949035644531,202.5018768310547,100.75883483886719,155.34909057617188,109.00533294677734,160.74493408203125
2025-06-17,114.92382049560547,304.2085266113281,296.8500061035156,97.75641632080078,194.27964782714844,172.82220458984375,174.4518280029297,281.5860900878906,500.0622863769531,207.1383056640625,348.360107421875,268.14569091796875,92.17172241210938,246.97482299804688,777.5399780273438,288.9815368652344,210.263916015625,38.78534698486328,483.4800109863281,162.71615600585938,353.1951904296875,94.27484130859375,22.91181755065918,85.95234680175781,66.53768157958984,63.622100830078125,31.672607421875,219.23941040039062,78.06088256835938,64.32454681396484,142.8663787841797,102.61000061035156,194.0078125,174.25714111328125,45.8954963684082,73.70917510986328,367.47076416015625,65.10374450683594,40.47547912597656,234.21678161621094,47.84229278564453,176.72535705566406,369.9399108886719,339.7469482421875,123.37374877929688,178.70567321777344,263.1926574707031,31.578163146972656,88.72813415527344,67.70260620117188,102.10053253173828,246.8581085205078,454.77825927734375,565.1587524414062,140.81336975097656,721.443603515625,82.76887512207031,538.509033203125,139.59869384765625,126.32865142822266,474.25189208984375,6992.93017578125,205.39752197265625,88.80000305175781,93.4539794921875,144.9859619140625,124.36602783203125,22.046714782714844,73.11317443847656,152.9456787109375,646.5906982421875,32.42082595825195,120.41226196289062,167.52999877929688,151.2716522216797,506.086669921875,261.72076416015625,315.940673828125,245.55979919433594,146.15074157714844,35.12067794799805,475.3999938964844,470.1061096191406,71.3773193359375,93.33739471435547,129.1126708984375,26.143646240234375,161.95562744140625,37.338951110839844,121.52440643310547,217.3345947265625,419.0260925292969,215.69235229492188,93.25666046142578,40.60501480102539,354.3772888183594,257.1701354980469,38.55073165893555,199.94447326660156,100.71045684814453,154.15066528320312,110.4783706665039,158.09486389160156
2025-06-18,114.35954284667969,298.70013427734375,295.19000244140625,97.35237121582031,191.80935668945312,171.58131408691406,176.6479949951172,281.1783752441406,499.75634765625,207.4656524658203,348.37994384765625,266.5293884277344,92.83718872070312,248.84664916992188,770.7899780273438,292.54437255859375,209.67726135253906,38.1781005859375,485.1400146484375,163.1996307373047,355.28863525390625,94.81867980957031,23.236597061157227,85.52564239501953,66.22000122070312,64.11875915527344,31.790939331054688,218.34788513183594,77.5026626586914,64.08484649658203,142.23289489746094,101.0,192.70947265625,173.88107299804688,47.070865631103516,73.64019012451172,368.17596435546875,65.23635864257812,40.41703414916992,234.3558807373047,47.654014587402344,173.48458862304688,374.3201599121094,338.04229736328125,122.75457763671875,177.49119567871094,267.5284729003906,31.90479850769043,86.55812072753906,67.30390167236328,100.92931365966797,244.86048889160156,452.60748291015625,534.6702270507812,140.74720764160156,725.9552001953125,82.34625244140625,535.9228515625,139.89315795898438,128.6884002685547,476.4344482421875,6979.669921875,208.0515594482422,88.31999969482422,93.76760864257812,142.89463806152344,124.15443420410156,21.936477661132812,73.27716064453125,152.46327209472656,646.669921875,32.556514739990234,120.68297576904297,166.57000732421875,150.45877075195312,510.78094482421875,264.0675048828125,317.3112487792969,244.86941528320312,143.58168029785156,34.89678955078125,473.6199951171875,471.5697326660156,71.67601013183594,96.11534881591797,129.5369110107422,26.15310287475586,162.0743865966797,38.08515548706055,121.0600814819336,216.90274047851562,416.9505310058594,217.080810546875,92.82625579833984,41.15669250488281,337.08624267578125,256.2766418457031,38.384925842285156,199.82505798339844,100.44924926757812,157.59852600097656,109.69339752197266,151.63104248046875
2025-06-20,114.39913940429688,278.2167663574219,297.2099914550781,97.88146209716797,191.47605895996094,168.22592163085938,175.58470153808594,280.8870849609375,503.6247253417969,209.39126586914062,352.2229309082031,261.8062438964844,93.184814453125,248.171630859375,777.3200073242188,294.68597412109375,210.382080078125,38.19768524169922,484.8500061035156,161.22622680664062,355.99957275390625,95.58197021484375,23.394065856933594,85.1280288696289,66.47029113769531,64.58621978759766,31.613447189331055,216.59451293945312,73.90860748291016,63.82598876953125,143.53822326660156,101.69000244140625,194.64210510253906,173.069580078125,46.31527328491211,74.1033935546875,366.81451416015625,65.35001373291016,39.881256103515625,237.813232421875,47.76301956176758,167.25238037109375,374.95587158203125,340.5652160644531,123.95361328125,176.177978515625,268.5440368652344,32.26026153564453,84.45567321777344,66.944091796875,103.86710357666016,245.6870880126953,449.8052062988281,528.95361328125,140.40696716308594,717.9976196289062,82.93215942382812,535.3558349609375,141.38525390625,128.8729248046875,473.6169738769531,7157.93994140625,202.42774963378906,89.69000244140625,92.21903228759766,141.75389099121094,124.15443420410156,22.019155502319336,73.89447021484375,153.4859619140625,647.106201171875,32.73098373413086,120.6443099975586,166.97000122070312,148.1964569091797,506.94195556640625,260.468505859375,316.906982421875,244.78065490722656,144.339599609375,34.887054443359375,470.5299987792969,473.0426940917969,71.35804748535156,96.42507934570312,129.20147705078125,26.257110595703125,161.5004119873047,38.534793853759766,122.00848388671875,217.4229278564453,416.7916564941406,217.5697021484375,92.88239288330078,41.17570877075195,335.2937927246094,254.09251403808594,38.412559509277344,198.99911499023438,100.79753875732422,156.02687072753906,111.15673828125,153.6943817138672
2025-06-23,114.96342468261719,287.60540771484375,300.95001220703125,99.38215637207031,194.4168701171875,170.70773315429688,176.17100524902344,264.489990234375,512.1212768554688,213.3869171142578,357.436279296875,264.40008544921875,94.60514068603516,251.92413330078125,783.239990234375,295.7123718261719,211.5478515625,37.051761627197266,487.7699890136719,161.80838012695312,361.63800048828125,97.82410430908203,23.65979766845703,85.99114227294922,67.25965881347656,65.6185073852539,31.96843147277832,218.82337951660156,75.13274383544922,64.05608367919922,140.95635986328125,100.44000244140625,194.59255981445312,175.692138671875,46.791011810302734,77.69078063964844,364.7577819824219,65.41633605957031,40.23194122314453,246.1983642578125,48.080116271972656,165.5373077392578,376.1676330566406,347.7151184082031,125.24110412597656,177.46156311035156,271.7372741699219,31.952831268310547,85.07965087890625,67.81929779052734,107.97611236572266,247.1041259765625,453.6435546875,538.2628173828125,141.91917419433594,718.9039916992188,82.56716918945312,549.0228271484375,144.88970947265625,130.12562561035156,482.1488037109375,7339.169921875,204.27276611328125,91.26000213623047,94.07145690917969,143.7786865234375,124.17365264892578,22.07427406311035,74.58895874023438,155.36740112304688,658.4971313476562,33.24467468261719,117.01860046386719,166.4600067138672,149.9788818359375,509.1300048828125,266.76922607421875,319.293212890625,247.2364501953125,143.52261352539062,32.833160400390625,470.9800109863281,482.78131103515625,73.02493286132812,97.99312591552734,131.29299926757812,26.663686752319336,164.09315490722656,39.27143478393555,123.2532730102539,222.78195190429688,423.9616394042969,220.86489868164062,93.93968963623047,41.936641693115234,340.42364501953125,259.15570068359375,39.02052688598633,201.19830322265625,102.06487274169922,155.09368896484375,108.28817749023438,153.86061096191406
2025-06-24,116.458251953125,293.1820373535156,304.19000244140625,99.35328674316406,192.18186950683594,178.86785888671875,178.11874389648438,269.3926086425781,514.4699096679688,215.58212280273438,358.1611633300781,271.96875,95.15142059326172,261.85137939453125,794.25,304.34796142578125,217.45033264160156,37.188880920410156,493.4800109863281,162.0254669189453,368.3428039550781,98.45381927490234,25.293542861938477,85.51593780517578,67.10563659667969,66.11517333984375,32.0275993347168,221.10174560546875,75.98473358154297,64.79434967041016,137.7794189453125,102.22000122070312,195.71250915527344,178.0771942138672,47.93840408325195,75.9365234375,368.6754455566406,64.62501525878906,40.455997467041016,247.13223266601562,48.555763244628906,167.2623748779297,376.4656066894531,351.08551025390625,124.40570831298828,178.56744384765625,274.6571044921875,32.23143768310547,88.33367919921875,68.2763671875,109.01069641113281,242.71527099609375,457.00823974609375,553.3284912109375,140.9834747314453,717.8980712890625,82.68244171142578,549.4306030273438,147.11802673339844,131.9706573486328,486.2261962890625,7277.58984375,212.3927764892578,89.18000030517578,95.47301483154297,144.72930908203125,126.05902862548828,22.331485748291016,75.16767883300781,154.7209930419922,669.43212890625,33.157440185546875,115.5006332397461,169.92999267578125,152.49583435058594,519.423583984375,269.9639587402344,321.40338134765625,247.3054962158203,139.62474060058594,32.609275817871094,478.9800109863281,490.6528015136719,73.31398010253906,99.59989166259766,134.4796142578125,26.73932647705078,164.7462615966797,39.65410232543945,123.09519958496094,225.56944274902344,426.0470886230469,222.84983825683594,94.1455307006836,42.364662170410156,348.2273864746094,262.5708923339844,39.26924133300781,204.8602294921875,101.92943572998047,155.08387756347656,104.99320983886719,154.2811279296875
2025-06-25,117.42841339111328,287.2154235839844,302.3699951171875,97.55440521240234,187.17266845703125,181.73681640625,176.88648986816406,272.1691589355469,517.1146240234375,212.0293731689453,351.984619140625,272.9366455078125,96.36315155029297,262.7249755859375,785.0700073242188,304.5552062988281,217.57406616210938,36.806907653808594,486.2099914550781,161.57156372070312,366.9208679199219,97.14669799804688,25.0770206451416,85.14742279052734,66.00821685791016,66.40733337402344,32.03746032714844,217.17897033691406,75.38735961914062,63.63422775268555,137.47227478027344,101.04000091552734,199.21107482910156,178.18605041503906,47.024227142333984,76.43914031982422,366.1681213378906,62.807029724121094,40.05659866333008,248.27474975585938,47.69365310668945,171.00169372558594,371.6681823730469,352.48822021484375,121.87002563476562,178.25146484375,277.3913879394531,31.683841705322266,88.77384185791016,67.71233367919922,107.1367416381836,243.91580200195312,454.0875549316406,545.5576171875,137.9023895263672,715.4977416992188,82.57677459716797,531.5761108398438,145.03695678710938,133.73805236816406,488.36907958984375,7193.18017578125,207.903564453125,87.83999633789062,94.70852661132812,131.1261749267578,123.14441680908203,22.285552978515625,74.3285140991211,153.37985229492188,667.7070922851562,32.46928787231445,115.66499328613281,168.60000610351562,152.7113037109375,517.4544067382812,271.02886962890625,317.971923828125,240.52984619140625,139.16212463378906,32.29778289794922,487.2699890136719,489.0765686035156,72.28302001953125,101.00338745117188,137.4054718017578,26.39893913269043,166.12176513671875,39.60626983642578,121.00080871582031,226.62942504882812,424.5674133300781,221.77423095703125,92.97595977783203,42.630985260009766,341.9190368652344,252.80189514160156,38.7994499206543,202.7705535888672,99.52050018310547,156.08580017089844,105.02228546142578,153.7530517578125
2025-06-26,118.22036743164062,288.6583251953125,304.92999267578125,98.45865631103516,190.31935119628906,182.1835479736328,178.69512939453125,270.9653625488281,518.5553588867188,209.42977905273438,351.0809631347656,273.9045104980469,96.32343292236328,268.204833984375,803.9500122070312,307.34820556640625,221.9629669189453,37.53167724609375,485.04998779296875,163.40684509277344,377.0917663574219,95.7441635131836,25.756107330322266,85.13772583007812,66.57618713378906,67.1474609375,32.11634063720703,218.36769104003906,75.98473358154297,65.33126831054688,138.63363647460938,101.93000030517578,199.66697692871094,181.1450958251953,47.397361755371094,77.88790130615234,365.5021057128906,64.54847717285156,40.23194122314453,249.36761474609375,48.71431350708008,173.93331909179688,375.11480712890625,354.08575439453125,122.59732055664062,178.51806640625,281.97125244140625,31.74148178100586,89.71577453613281,67.5567398071289,107.17578887939453,242.8628692626953,458.29095458984375,541.6968994140625,139.3673553466797,719.0732421875,82.77849578857422,537.7828369140625,147.99168395996094,135.7093505859375,493.508056640625,7280.43994140625,209.97552490234375,88.2300033569336,95.58082580566406,134.04452514648438,123.3367919921875,22.267179489135742,75.62101745605469,153.05181884765625,685.7503051757812,32.58559799194336,116.18709564208984,169.5399932861328,154.9246368408203,518.1605224609375,269.66815185546875,321.65972900390625,241.3583221435547,140.43186950683594,32.93050003051758,495.70001220703125,483.1940612792969,72.83213806152344,101.99067687988281,139.53785705566406,26.474580764770508,167.2895050048828,40.696876525878906,120.66490173339844,227.1398468017578,426.2159423828125,224.29696655273438,94.12681579589844,43.391910552978516,342.68157958984375,255.1051483154297,38.78102111816406,205.27818298339844,99.95585632324219,159.06211853027344,106.59223937988281,152.3448944091797
2025-06-27,117.9728775024414,288.0538635253906,305.1300048828125,98.56446838378906,191.8975830078125,181.87579345703125,179.40066528320312,269.04315185546875,521.1112060546875,209.6801300048828,350.2666931152344,273.275390625,97.00875854492188,267.3907775878906,818.5999755859375,313.04278564453125,225.81558227539062,37.277034759521484,485.67999267578125,164.95594787597656,379.8862609863281,96.0303955078125,26.82887077331543,86.0299301147461,66.43179321289062,66.85530090332031,32.45160675048828,218.6747589111328,76.13164520263672,65.66683959960938,138.00975036621094,104.19999694824219,197.3441162109375,181.4023895263672,47.54661178588867,78.93257904052734,373.64111328125,64.4432144165039,40.874881744384766,252.8547821044922,49.22959899902344,177.76239013671875,376.74371337890625,359.1900329589844,122.53834533691406,179.4561004638672,280.3697814941406,31.78017807006836,88.4171371459961,68.39305114746094,107.5661849975586,243.04000854492188,457.6298828125,546.1728515625,139.73594665527344,722.8379516601562,83.31116485595703,547.1229248046875,149.22854614257812,136.6221923828125,492.0100402832031,7375.509765625,207.42999267578125,89.16000366210938,95.65924072265625,136.82977294921875,126.04938507080078,22.221248626708984,76.38301849365234,154.23855590820312,694.5042114257812,32.527442932128906,115.29759216308594,169.3000030517578,155.2674102783203,518.1605224609375,273.40087890625,325.3476257324219,241.0131378173828,142.39068603515625,33.105712890625,502.6300048828125,485.7178649902344,73.24032592773438,102.60047149658203,140.28173828125,26.550220489501953,165.1322021484375,40.76384353637695,121.88992309570312,230.8990020751953,429.2944641113281,226.27212524414062,94.66949462890625,43.52507400512695,345.2366027832031,260.2875061035156,38.97446823120117,206.6713104248047,99.77204132080078,161.3115692138672,106.00109100341797,152.7165069580078
2025-06-30,116.82453918457031,291.39788818359375,309.57000732421875,99.81504821777344,197.3380889892578,181.73681640625,179.82798767089844,271.0624084472656,526.6966552734375,212.79962158203125,354.2685852050781,272.99468994140625,98.08143615722656,273.6449890136719,827.9400024414062,314.8093566894531,229.6277313232422,37.55126953125,485.7699890136719,165.76504516601562,383.34234619140625,98.01493072509766,27.675270080566406,88.15377044677734,66.69168853759766,67.56622314453125,32.17551040649414,220.7748260498047,76.41563415527344,66.13665008544922,137.4338836669922,103.06999969482422,196.09335327148438,181.33311462402344,48.134300231933594,79.63232421875,380.9574279785156,64.57717895507812,40.913848876953125,255.716064453125,48.763858795166016,176.8848876953125,380.51812744140625,357.1444396972656,124.69073486328125,181.15438842773438,283.1040344238281,31.98334503173828,89.00037384033203,68.8014907836914,107.95660400390625,246.83843994140625,462.9482727050781,557.7052612304688,139.88714599609375,729.8095703125,84.4249496459961,546.0387573242188,149.44451904296875,136.78729248046875,493.4684143066406,7385.66015625,215.70787048339844,90.12999725341797,97.05099487304688,138.2747039794922,127.01129913330078,22.267179489135742,76.61451721191406,153.717529296875,692.4520263671875,32.847286224365234,115.34593963623047,172.33999633789062,155.97254943847656,522.1387329101562,271.3529357910156,327.53662109375,243.2223663330078,143.72933959960938,32.90129852294922,512.6799926757812,494.705810546875,73.63878631591797,102.9295654296875,143.14804077148438,27.363370895385742,166.9134521484375,41.12738037109375,121.99859619140625,233.8533172607422,434.37896728515625,224.97164916992188,94.44493865966797,43.51545333862305,351.6142883300781,258.93731689453125,39.85879135131836,208.32318115234375,100.80719757080078,160.4766387939453,104.46989440917969,152.50135803222656
2025-07-01,119.49114227294922,295.0343933105469,311.6700134277344,100.42109680175781,196.191162109375,182.42178344726562,181.9148406982422,282.0423889160156,531.50244140625,216.1212921142578,354.4373474121094,278.0596923828125,96.73065185546875,262.8143310546875,775.3800048828125,318.3129577636719,227.30697631835938,37.89406204223633,489.6099853515625,162.7078399658203,386.0184020996094,98.95948791503906,28.187042236328125,89.25933074951172,67.50994110107422,67.29354095458984,33.003807067871094,222.20130920410156,78.7757797241211,66.71192169189453,139.7182159423828,105.4000015258789,199.62728881835938,184.2327880859375,49.32832717895508,83.88004302978516,387.6175537109375,64.35711669921875,41.75160598754883,247.40048217773438,51.558292388916016,176.40626525878906,386.90478515625,363.49554443359375,124.42536926269531,179.564697265625,283.59228515625,32.47673034667969,89.30938720703125,69.69615173339844,112.71952819824219,248.15704345703125,470.4176940917969,560.355224609375,140.7283172607422,724.7899780273438,85.95519256591797,554.7123413085938,150.9856719970703,136.9912109375,488.15087890625,7667.85009765625,216.033447265625,90.5,98.4329605102539,140.13787841796875,130.10867309570312,23.002071380615234,77.96488952636719,155.55072021484375,697.2206420898438,32.9442138671875,119.0683364868164,173.07000732421875,156.10964965820312,531.9946899414062,269.1962585449219,333.88677978515625,241.3090057373047,141.92803955078125,34.26407241821289,521.780029296875,496.61041259765625,74.03726196289062,104.27493286132812,143.85223388671875,27.306636810302734,168.49679565429688,42.28495407104492,123.64844512939453,237.04319763183594,431.16143798828125,230.33975219726562,97.747802734375,44.70792770385742,352.0302429199219,262.7594909667969,40.2364616394043,208.31321716308594,101.33928680419922,166.1935577392578,105.86540222167969,155.66969299316406
2025-07-02,119.69947052001953,294.7126770019531,310.3399963378906,99.33406066894531,190.8486785888672,188.62628173828125,180.85154724121094,288.18768310546875,535.2918090820312,214.54229736328125,349.0949401855469,282.7643737792969,97.8530044555664,267.9367980957031,774.5499877929688,321.3526916503906,226.1578826904297,39.0106201171875,480.4800109863281,160.31275939941406,393.4342346191406,98.43473815917969,29.18107032775879,89.60845184326172,67.08638000488281,66.79686737060547,33.1418571472168,213.63262939453125,78.58970642089844,63.85474395751953,142.03134155273438,106.26000213623047,201.0170135498047,186.20217895507812,49.029815673828125,87.29988861083984,343.04388427734375,63.792572021484375,41.576263427734375,243.1582489013672,52.20240020751953,179.24813842773438,375.49224853515625,362.219482421875,120.78892517089844,179.44622802734375,285.14495849609375,32.73794174194336,91.5201416015625,68.95708465576172,112.54383850097656,249.51504516601562,470.8321533203125,557.2884521484375,141.02130126953125,702.59033203125,85.49998474121094,555.6970825195312,151.1427459716797,138.72943115234375,487.198486328125,7768.509765625,226.90614318847656,89.31999969482422,97.81549072265625,138.75001525878906,131.28221130371094,23.259281158447266,77.6562271118164,155.5314178466797,705.3302001953125,32.508056640625,122.26863098144531,173.30999755859375,158.9694061279297,544.7547607421875,271.59039306640625,337.95916748046875,234.98193359375,142.25286865234375,34.95519256591797,523.1099853515625,493.1578063964844,72.71551513671875,106.74141693115234,150.69573974609375,26.767690658569336,171.6040802001953,43.0789909362793,123.79662322998047,233.0288543701172,429.7115173339844,231.89447021484375,98.74894714355469,45.669593811035156,350.7923278808594,263.7919616699219,40.153560638427734,212.8309783935547,100.37184143066406,170.11288452148438,107.61949920654297,155.56214904785156
2025-07-03,120.41374206542969,297.1402587890625,316.6600036621094,99.91123962402344,194.09339904785156,189.65870666503906,183.0377655029297,289.537109375,536.1405029296875,213.50245666503906,352.28253173828125,284.2643737792969,98.78662872314453,273.1783752441406,795.47998046875,324.6573486328125,226.75442504882812,38.82452392578125,485.0,163.23239135742188,392.871337890625,98.19621276855469,29.48616600036621,89.97696685791016,67.83723449707031,67.9627456665039,33.13199234008789,217.29783630371094,79.30461120605469,64.6505355834961,142.40565490722656,106.19999694824219,201.71189880371094,186.67723083496094,49.02048873901367,87.43785858154297,340.6835021972656,63.99351119995117,42.01462173461914,245.27438354492188,52.41049575805664,180.03590393066406,374.0420837402344,362.0538635253906,122.843017578125,180.7989044189453,290.4435729980469,32.68956756591797,91.86591339111328,69.38496398925781,107.94642639160156,251.65042114257812,469.26324462890625,564.9503173828125,142.212158203125,716.3842163085938,85.60653686523438,554.9213256835938,150.1316680908203,139.97242736816406,494.8870849609375,7623.240234375,234.14805603027344,91.33000183105469,97.53125762939453,139.8622283935547,130.22410583496094,23.31439971923828,78.12886047363281,155.17442321777344,712.953857421875,32.769752502441406,123.07112121582031,175.97999572753906,158.86167907714844,544.3768310546875,276.823974609375,342.228759765625,238.3926239013672,143.4635467529297,34.70211410522461,548.739990234375,496.8824768066406,73.007080078125,107.54082489013672,148.21621704101562,26.81496810913086,172.47491455078125,43.566898345947266,124.3399887084961,236.29727172851562,434.3591003417969,231.03399658203125,97.42967224121094,46.09273147583008,355.3874206542969,264.31817626953125,40.11671447753906,213.3185577392578,100.9426498413086,170.12271118164062,108.73397064208984,155.659912109375
2025-07-07,118.30069732666016,293.0065612792969,315.30999755859375,100.2094497680664,190.70166015625,189.3906707763672,181.2291717529297,284.4014892578125,529.3511962890625,211.8367919921875,350.76318359375,281.517578125,97.88280487060547,272.1856689453125,802.1599731445312,319.3144836425781,230.68597412109375,38.28584289550781,478.0299987792969,165.90460205078125,386.6010437011719,97.17532348632812,28.84644889831543,90.51036071777344,67.02861785888672,67.53166198730469,32.58965301513672,215.4949493408203,78.79536437988281,63.93144989013672,141.47463989257812,105.75,198.16802978515625,185.43028259277344,47.871795654296875,84.55020904541016,339.74322509765625,63.84041213989258,41.37168502807617,247.39364624023438,51.350196838378906,177.05442810058594,376.4259033203125,358.1185302734375,121.3884506225586,180.77915954589844,286.4892272949219,32.679893493652344,90.67756652832031,69.05432891845703,107.06417846679688,252.3392333984375,463.3528137207031,560.861328125,141.85299682617188,732.3492431640625,84.9092025756836,553.3297119140625,149.05184936523438,139.58401489257812,493.77593994140625,7575.0,229.1556854248047,92.66999816894531,97.79589080810547,138.47434997558594,129.32952880859375,23.185794830322266,77.34757232666016,154.85604858398438,700.5020751953125,32.64374923706055,122.21062469482422,174.82000732421875,154.8267059326172,535.1773071289062,282.7598876953125,334.20233154296875,239.7173614501953,143.63088989257812,34.020721435546875,536.52001953125,497.4172668457031,72.297607421875,107.00464630126953,147.17481994628906,26.862241744995117,169.3577117919922,43.2033576965332,123.65831756591797,233.2349853515625,431.58843994140625,230.1246337890625,94.36073303222656,45.9484748840332,353.1889343261719,265.07269287109375,39.425838470458984,212.05477905273438,100.91361236572266,166.2132110595703,107.67764282226562,153.57704162597656
2025-07-08,120.04668426513672,295.7265625,314.9100036621094,100.0074462890625,189.58413696289062,193.5700225830078,180.1956787109375,288.33331298828125,529.0057983398438,212.49151611328125,352.0938415527344,284.7611389160156,96.75051879882812,269.8229675292969,790.219970703125,313.62530517578125,226.6168212890625,39.28485870361328,477.4700012207031,162.75732421875,389.34613037109375,97.87181854248047,28.383882522583008,89.3563003540039,66.77833557128906,67.19855499267578,32.924922943115234,213.26608276367188,79.04019165039062,64.18074035644531,147.0798797607422,105.29000091552734,199.21034240722656,186.4792938232422,48.089786529541016,84.32353210449219,342.2701416015625,63.744728088378906,41.73211669921875,245.80172729492188,51.71683883666992,174.66123962402344,375.0552062988281,357.9821472167969,120.35648345947266,178.69578552246094,277.4717712402344,32.921749114990234,91.3333511352539,68.30552673339844,108.2405014038086,252.98873901367188,463.70806884765625,558.2014770507812,142.01365661621094,721.1746826171875,85.79054260253906,556.1149291992188,150.9169921875,137.04946899414062,492.68463134765625,7518.3701171875,231.36575317382812,91.63999938964844,97.6978759765625,137.7518768310547,129.8970489501953,23.534866333007812,78.59185028076172,152.3378143310547,700.8292236328125,32.54682922363281,125.69129180908203,178.89999389648438,156.15863037109375,544.7647094726562,281.87945556640625,333.4331970214844,236.58346557617188,142.63674926757812,35.56844711303711,551.510009765625,493.8614807128906,72.22957611083984,106.45869445800781,143.28692626953125,26.748781204223633,170.63429260253906,43.43296432495117,123.74723052978516,231.60568237304688,423.93182373046875,231.28822326660156,95.79228210449219,45.83307647705078,351.119140625,264.5266418457031,39.665340423583984,210.74127197265625,100.28478240966797,166.2132110595703,110.6624984741211,154.31044006347656
2025-07-09,120.3343734741211,289.9452209472656,307.2699890136719,100.7577896118164,190.26052856445312,193.9670867919922,181.1397247314453,287.8673095703125,532.3609619140625,213.57948303222656,354.4274597167969,286.6020812988281,97.54509735107422,275.87860107421875,805.8599853515625,313.9914245605469,224.8203887939453,38.520904541015625,478.9100036621094,162.5692901611328,397.1372375488281,98.66372680664062,28.374040603637695,88.81322479248047,67.15376281738281,67.86475372314453,32.86575698852539,214.60340881347656,78.29590606689453,63.91228103637695,146.86874389648438,104.91000366210938,199.48831176757812,186.271484375,47.985530853271484,85.35834503173828,339.2339172363281,63.65861129760742,42.27763748168945,249.06517028808594,52.09339904785156,177.1541290283203,375.8895263671875,361.43048095703125,119.77661895751953,179.86090087890625,277.8446350097656,32.55412673950195,91.72682189941406,67.56646728515625,113.08299255371094,254.91741943359375,465.010498046875,561.6102905273438,141.98532104492188,724.2820434570312,86.19731903076172,564.0027465820312,153.11582946777344,137.45730590820312,499.52008056640625,7700.93017578125,232.65823364257812,92.58000183105469,97.36463165283203,138.73098754882812,129.35838317871094,23.479751586914062,77.99382781982422,151.98086547851562,701.4935302734375,32.72128677368164,126.18439483642578,210.47000122070312,156.0607147216797,549.568359375,287.459228515625,335.5137939453125,237.76979064941406,143.88681030273438,35.28615951538086,550.9500122070312,496.05682373046875,72.39479064941406,106.65367889404297,140.8470458984375,26.56913185119629,170.85198974609375,43.2033576965332,123.93492889404297,228.01336669921875,430.6052551269531,231.23931884765625,95.57708740234375,45.48687744140625,354.298095703125,268.00140380859375,39.25082015991211,212.00503540039062,100.82654571533203,170.6531524658203,110.28455352783203,154.77008056640625
2025-07-10,123.18152618408203,282.537841796875,286.1099853515625,102.00836944580078,190.83889770507812,196.58787536621094,180.3049774169922,291.60498046875,535.3609008789062,212.7899627685547,356.4928894042969,286.4656982421875,97.64442443847656,273.39678955078125,732.989990234375,321.79791259765625,226.822265625,38.8930778503418,478.2699890136719,160.5008087158203,403.2101135253906,99.19801330566406,28.639768600463867,87.8822250366211,67.90462493896484,67.3651123046875,33.07283401489258,214.52415466308594,75.14253997802734,62.9151496887207,147.9724884033203,104.94999694824219,204.00497436523438,188.54766845703125,48.61105728149414,90.76901245117188,338.7441711425781,64.18487548828125,42.43349838256836,251.29385375976562,52.66814422607422,178.191162109375,375.7703552246094,363.6319580078125,119.85523986816406,179.52520751953125,282.7801818847656,32.55412673950195,92.26732635498047,67.84848022460938,114.14167022705078,255.95071411132812,464.0928649902344,560.0302124023438,142.8075714111328,711.6434936523438,86.58472442626953,561.376708984375,154.43124389648438,138.95277404785156,497.50616455078125,7689.72021484375,232.3517303466797,92.37999725341797,97.97230529785156,138.13211059570312,130.89744567871094,23.681846618652344,78.70758819580078,152.91671752929688,708.1456298828125,33.27375411987305,129.935791015625,194.58999633789062,155.80606079101562,556.7092895507812,286.7765808105469,340.13836669921875,237.35458374023438,144.10336303710938,35.67552185058594,566.1900024414062,497.0888671875,72.79325866699219,107.44335174560547,143.31666564941406,26.376230239868164,173.20721435546875,43.52862548828125,122.6605224609375,223.9302978515625,431.5188903808594,231.73802185058594,96.29753112792969,45.746524810791016,352.4363098144531,268.7757568359375,39.342552185058594,212.70159912109375,102.239013671875,173.3740997314453,111.37964630126953,155.288330078125
2025-07-11,122.29861450195312,275.3852844238281,280.3900146484375,101.33496856689453,189.51553344726562,196.4886016845703,179.83792114257812,286.6537780761719,529.2425537109375,211.0858154296875,353.1861572265625,284.3909912109375,98.09137725830078,272.3842468261719,729.6199951171875,316.0889892578125,226.766357421875,39.86272048950195,475.8599853515625,159.3131561279297,400.830322265625,98.04354858398438,28.20672607421875,86.87364959716797,67.72171783447266,66.57154083251953,33.625030517578125,213.4147186279297,73.80087280273438,62.10976791381836,149.06666564941406,101.7300033569336,203.3498077392578,186.9840087890625,48.39307403564453,89.76375579833984,333.6610107421875,63.90740203857422,42.1510009765625,254.12942504882812,52.905967712402344,180.79371643066406,373.5355224609375,360.485595703125,118.86259460449219,178.23171997070312,281.47515869140625,32.39933776855469,91.86591339111328,67.94573211669922,111.71062469482422,255.40945434570312,462.58319091796875,546.772705078125,142.44842529296875,706.7135620117188,87.08834838867188,559.0093383789062,152.97840881347656,138.1662139892578,499.33154296875,7632.240234375,227.96176147460938,91.62000274658203,97.51165008544922,136.21188354492188,130.10867309570312,23.56242561340332,77.52119445800781,151.52737426757812,708.7504272460938,33.215599060058594,127.34463500976562,193.50999450683594,154.209716796875,564.6458129882812,283.9273376464844,338.2845764160156,238.46182250976562,144.5659942626953,36.31797409057617,559.280029296875,494.49945068359375,72.46282958984375,106.80965423583984,145.97471618652344,25.755496978759766,175.26556396484375,43.46166229248047,122.21595001220703,223.54751586914062,434.46832275390625,229.8802032470703,94.75370788574219,45.333011627197266,344.5632019042969,267.0582275390625,38.95876693725586,212.61203002929688,102.07455444335938,171.72384643554688,111.86419677734375,151.53326416015625
2025-07-14,119.12409210205078,274.3368835449219,294.54998779296875,101.02713775634766,192.3289031982422,195.66465759277344,177.24423217773438,288.3624267578125,531.87744140625,213.5313262939453,357.30718994140625,283.2513732910156,99.53155517578125,273.5953674316406,750.260009765625,317.52362060546875,228.70753479003906,39.0497932434082,476.30999755859375,160.02572631835938,400.6821594238281,98.50151824951172,28.856290817260742,86.16569519042969,67.91426086425781,66.44418334960938,33.5067024230957,214.86097717285156,73.83026123046875,61.70708084106445,145.55380249023438,98.37999725341797,196.3018035888672,186.9444122314453,48.29829406738281,88.2952880859375,333.0733337402344,64.1274642944336,43.904449462890625,261.01446533203125,52.84651184082031,182.28944396972656,377.8860168457031,360.5245361328125,120.79875946044922,179.52520751953125,283.2806396484375,32.17682647705078,91.59366607666016,67.5567398071289,110.6617431640625,258.1254577636719,462.5535888671875,549.59521484375,142.9587860107422,712.6693725585938,86.90434265136719,561.8143920898438,155.01039123535156,139.80735778808594,499.033935546875,7592.2001953125,226.69618225097656,93.12000274658203,98.05072021484375,137.18148803710938,130.40689086914062,23.286842346191406,78.08062744140625,148.35305786132812,705.9547729492188,33.69051742553711,124.73410034179688,191.0800018310547,151.10513305664062,567.480224609375,285.9059753417969,338.3832092285156,241.38809204101562,146.93817138671875,35.256954193115234,549.530029296875,497.3609313964844,72.45310974121094,107.26786041259766,147.85916137695312,25.93694305419922,174.34523010253906,43.69125747680664,122.06775665283203,223.9302978515625,436.1466064453125,228.1299285888672,93.67770385742188,45.25607681274414,347.1083068847656,267.9815368652344,38.92132568359375,211.92539978027344,102.40348052978516,167.44107055664062,110.40084075927734,152.20797729492188
2025-07-15,112.04092407226562,270.49603271484375,288.9599914550781,100.43071746826172,188.63328552246094,197.8386993408203,175.33627319335938,283.974365234375,515.7823486328125,210.7777099609375,349.9191589355469,279.2091064453125,98.76676940917969,278.8965148925781,745.8699951171875,307.3623046875,225.1174774169922,38.18790054321289,470.1300048828125,159.36264038085938,399.5663757324219,97.27072143554688,28.511823654174805,85.48684692382812,67.70246887207031,65.81716918945312,33.01366424560547,211.2353973388672,72.77259826660156,61.30438995361328,144.6324005126953,95.31999969482422,191.4476318359375,185.1333770751953,47.786495208740234,84.85572052001953,329.292724609375,63.275875091552734,43.96289825439453,263.3327331542969,52.23212432861328,182.57862854003906,369.29425048828125,349.35162353515625,117.67337799072266,177.5207977294922,281.1709899902344,31.673765182495117,93.05326843261719,67.44976806640625,105.60359191894531,257.003662109375,454.4427490234375,546.9515380859375,140.74868774414062,707.9385375976562,86.41039276123047,545.5015869140625,153.71463012695312,137.49615478515625,501.8117370605469,7301.0,232.31219482421875,91.19000244140625,97.40383911132812,133.73081970214844,128.71388244628906,22.607070922851562,76.5662841796875,147.31101989746094,702.534423828125,34.262367248535156,124.0186538696289,192.22000122070312,151.1149444580078,544.9735717773438,282.9973449707031,341.7554626464844,239.1044158935547,146.3475799560547,34.13752746582031,569.0999755859375,490.0054016113281,72.05464172363281,99.4491958618164,147.8293914794922,25.803247451782227,173.61294555664062,42.44758605957031,120.26973724365234,221.8397216796875,433.336181640625,226.00811767578125,93.12567138671875,43.93859100341797,343.6619873046875,259.67193603515625,38.621788024902344,209.57699584960938,101.37799835205078,160.72219848632812,109.42204284667969,149.47967529296875
2025-07-16,112.52702331542969,274.0233459472656,289.4700012207031,101.4792709350586,191.7603302001953,193.3913116455078,175.9424591064453,290.29437255859375,517.923828125,215.05258178710938,352.08392333984375,281.4883117675781,99.8692626953125,278.7674255371094,742.77001953125,308.59906005859375,224.42730712890625,37.884273529052734,471.30999755859375,159.4517059326172,407.70306396484375,99.02627563476562,28.580717086791992,85.01165771484375,68.04901885986328,66.00330352783203,32.79673385620117,212.00804138183594,73.28184509277344,61.170162200927734,143.89334106445312,97.87999725341797,191.88441467285156,185.89540100097656,48.27933883666992,85.1513900756836,337.46112060546875,64.06047821044922,44.42074203491211,264.8350524902344,52.69786834716797,183.24671936035156,360.1363830566406,348.14373779296875,118.47930145263672,178.51806640625,280.4546813964844,32.128456115722656,92.75120544433594,67.36224365234375,107.27003479003906,259.4538879394531,453.5645751953125,552.0796508789062,143.54591369628906,712.8385620117188,86.95275115966797,543.4525146484375,154.66680908203125,135.74819946289062,501.61334228515625,7376.08984375,238.5807342529297,91.23999786376953,98.3447494506836,135.22328186035156,130.19525146484375,22.607070922851562,76.99068450927734,148.32412719726562,704.100830078125,34.07821273803711,119.57109832763672,194.19000244140625,150.88970947265625,544.9437255859375,281.6518859863281,346.76458740234375,238.6002197265625,147.81423950195312,33.670291900634766,571.2000122070312,491.9569091796875,73.12369537353516,102.39337921142578,145.91522216796875,25.736400604248047,174.5431671142578,42.43802261352539,119.88444519042969,224.5093994140625,433.9519348144531,226.04722595214844,93.21923065185547,43.92897415161133,346.51416015625,258.73870849609375,38.6124267578125,210.50244140625,102.67436218261719,162.0875701904297,108.76304626464844,148.18887329101562
2025-07-17,115.43370056152344,276.9921569824219,292.1600036621094,101.90254211425781,189.21163940429688,191.11801147460938,178.5758514404297,289.54681396484375,532.7064208984375,214.74447631835938,352.1534118652344,285.95916748046875,101.26971435546875,284.3664245605469,745.8599853515625,312.0125732421875,225.4510498046875,38.373985290527344,473.3999938964844,157.81869506835938,412.8280029296875,99.45561981201172,28.984233856201172,84.60433959960938,68.20304107666016,66.91444396972656,34.01945877075195,219.8337860107422,73.99673461914062,60.690773010253906,145.29466247558594,101.22000122070312,193.3634796142578,188.61692810058594,48.64896774291992,85.30908203125,296.22735595703125,64.37625122070312,44.693504333496094,258.96484375,52.727596282958984,184.17408752441406,360.1562805175781,349.74127197265625,120.22870635986328,179.64369201660156,284.4580993652344,32.78630828857422,93.10790252685547,68.64588928222656,107.53470611572266,261.2744445800781,455.1630554199219,552.1691284179688,143.8323211669922,707.4008178710938,86.71063232421875,550.1467895507812,156.11962890625,136.82611083984375,507.6451721191406,7438.25,245.94677734375,91.58999633789062,99.06023406982422,136.21188354492188,139.90097045898438,22.579511642456055,78.09991455078125,150.1476287841797,717.0284423828125,34.514373779296875,121.03105163574219,197.0,149.4598388671875,547.00244140625,283.2051086425781,351.5173645019531,237.4336700439453,149.1233673095703,33.74816131591797,589.010009765625,492.8951110839844,74.1441650390625,104.78187561035156,145.5184783935547,25.774599075317383,175.82962036132812,43.05985641479492,120.69454193115234,222.83102416992188,446.9412841796875,222.43914794921875,93.09760284423828,43.476993560791016,346.4250183105469,261.1114807128906,38.331607818603516,211.65675354003906,102.74208068847656,167.1856689453125,108.21066284179688,146.71224975585938
2025-07-18,113.08256530761719,276.7374267578125,297.0299987792969,103.316650390625,190.25074768066406,189.05316162109375,177.39329528808594,286.1586608886719,537.3740844726562,216.41014099121094,353.62310791015625,287.644287109375,102.64036560058594,281.279052734375,756.0900268554688,304.69091796875,226.20309448242188,38.90288162231445,473.79998779296875,157.9176483154297,408.52264404296875,100.31431579589844,29.082651138305664,84.72140502929688,69.23307037353516,66.66951751708984,33.91099166870117,219.8535919189453,74.1142578125,59.406005859375,144.00851440429688,101.91000366210938,188.658203125,186.291259765625,48.46889114379883,85.9496841430664,271.3891296386719,64.27099609375,44.86884689331055,261.93975830078125,52.73750305175781,185.41055297851562,358.686279296875,350.0919494628906,120.7496109008789,178.4390869140625,285.8023986816406,32.44771194458008,92.5157241821289,67.92627716064453,107.40727996826172,260.54620361328125,458.8336486816406,549.2374267578125,143.9373321533203,706.9227294921875,86.7881088256836,562.0233154296875,150.41632080078125,136.7581329345703,506.0082092285156,7422.830078125,242.68397521972656,92.33999633789062,97.462646484375,136.37350463867188,137.78475952148438,22.47846221923828,78.18672943115234,150.6693115234375,716.3543701171875,34.872982025146484,121.72718811035156,199.61000061035156,151.60462951660156,539.5631713867188,286.4006652832031,351.0342102050781,237.75990295410156,149.1233673095703,32.43406295776367,584.760009765625,491.97564697265625,76.04903411865234,105.78601837158203,147.8492431640625,25.726850509643555,177.10618591308594,42.33279037475586,120.69454193115234,223.00770568847656,444.23016357421875,219.87733459472656,92.83561706542969,43.93859100341797,345.67236328125,264.6755676269531,38.228641510009766,210.87062072753906,104.30933380126953,168.0238494873047,104.44082641601562,145.79978942871094
2025-07-21,111.1480941772461,276.7472229003906,295.1600036621094,104.41331481933594,189.11361694335938,191.20733642578125,176.97593688964844,287.2362976074219,527.4663696289062,218.07579040527344,348.4593811035156,286.0955810546875,103.00786590576172,286.1136474609375,751.5499877929688,299.76361083984375,225.18173217773438,39.03020477294922,474.4100036621094,156.94773864746094,406.41162109375,101.51648712158203,29.318857192993164,84.52629089355469,69.55073547363281,66.95362091064453,33.881412506103516,219.23941040039062,73.85962677001953,59.09919738769531,143.66299438476562,105.0999984741211,186.69271850585938,185.0443115234375,48.260379791259766,84.79658508300781,270.76226806640625,64.08920288085938,44.82988357543945,261.5318298339844,52.727596282958984,190.60569763183594,362.0931091308594,354.61175537109375,119.28520202636719,178.52793884277344,285.50799560546875,32.23487854003906,93.17547607421875,68.14022064208984,107.27003479003906,258.8929748535156,464.181640625,551.2151489257812,143.22132873535156,708.3270263671875,86.87528228759766,560.2626953125,150.0138702392578,136.40853881835938,506.01812744140625,7376.2001953125,240.79550170898438,94.1500015258789,96.54133605957031,136.64169311523438,136.3034210205078,22.285552978515625,75.94896697998047,150.60130310058594,705.0921630859375,35.08621597290039,121.87222290039062,198.82000732421875,155.68853759765625,542.556884765625,285.6784362792969,345.8180236816406,237.30514526367188,149.18243408203125,32.64820861816406,591.4600219726562,489.8553466796875,76.36003875732422,105.3765640258789,148.4046630859375,26.14703369140625,177.64056396484375,42.791988372802734,123.43109130859375,228.317626953125,439.413818359375,220.8355712890625,92.53620910644531,44.025142669677734,347.5440673828125,263.0970153808594,39.77313995361328,208.8505859375,104.75434875488281,169.80873107910156,104.71217346191406,144.59295654296875
2025-07-22,115.26506042480469,281.1661376953125,299.42999267578125,105.97172546386719,193.53463745117188,185.77719116210938,178.07899475097656,296.76971435546875,529.509033203125,223.7082061767578,351.74627685546875,290.39111328125,101.09093475341797,276.5635681152344,720.739990234375,300.9212341308594,229.0839385986328,39.19670486450195,478.1300048828125,155.4829864501953,413.4681396484375,105.18977355957031,29.417272567749023,86.5360336303711,70.8310546875,66.77729034423828,34.73929214477539,217.61483764648438,75.21109008789062,59.200965881347656,144.00851440429688,105.69000244140625,188.51922607421875,187.5778045654297,49.31240463256836,87.71382141113281,275.923828125,65.3713607788086,45.86247253417969,257.6913146972656,48.44675827026367,191.56295776367188,348.6046447753906,361.4012451171875,121.09358978271484,178.51806640625,285.9593505859375,32.679893493652344,88.650634765625,67.74151611328125,116.19041442871094,260.2018127441406,465.75054931640625,555.2996215820312,146.2572021484375,706.5941162109375,88.76387023925781,567.9415283203125,148.42361450195312,135.990966796875,501.2660827636719,7909.52001953125,235.4266815185547,95.3499984741211,98.98181915283203,138.48069763183594,140.4781036376953,23.09393310546875,77.35721588134766,153.79733276367188,714.9068603515625,35.677452087402344,121.97856903076172,202.8699951171875,154.72877502441406,557.8728637695312,285.2332458496094,348.6874084472656,239.54928588867188,146.82992553710938,33.43667221069336,615.1300048828125,485.8116455078125,77.5554428100586,106.95589447021484,145.38954162597656,26.18523406982422,178.59056091308594,43.25119400024414,124.08312225341797,228.9359893798828,444.5777587890625,224.15029907226562,94.63207244873047,44.39057540893555,348.4551696777344,265.8470458984375,40.21308517456055,210.8507080078125,106.51509857177734,176.12973022460938,105.1870346069336,148.34100341796875
2025-07-23,118.5189437866211,280.2647399902344,300.9800109863281,104.75000762939453,193.71107482910156,185.6481170654297,180.14598083496094,300.19671630859375,529.884033203125,221.61891174316406,354.784912109375,290.1573486328125,100.0281753540039,281.6264953613281,705.219970703125,305.3934020996094,227.52870178222656,43.76084518432617,482.6300048828125,156.1361541748047,423.77532958984375,104.69364929199219,30.25383186340332,86.62384033203125,70.16682434082031,67.22795104980469,34.482913970947266,219.12054443359375,75.593017578125,59.94728088378906,146.96470642089844,108.08999633789062,196.44078063964844,188.9237060546875,49.568302154541016,88.38399505615234,290.4976806640625,65.39049530029297,46.20341873168945,261.8502197265625,52.64832305908203,190.9646759033203,350.88916015625,366.6029357910156,121.1132583618164,178.71554565429688,291.1893005371094,32.40901184082031,89.134521484375,67.25527954101562,114.94548797607422,265.2991638183594,463.74749755859375,558.6090698242188,145.8085174560547,711.105712890625,89.11253356933594,571.6914672851562,148.05059814453125,138.09825134277344,501.8613586425781,7899.83984375,239.17396545410156,95.41999816894531,86.73038482666016,139.1128387451172,140.1125946044922,23.2960262298584,78.01311492919922,153.75845336914062,721.8961181640625,35.36729431152344,123.61255645751953,201.36000061035156,156.57977294921875,569.2703857421875,291.18896484375,352.9964904785156,240.4983367919922,154.0350799560547,34.20566940307617,614.4199829101562,493.1765441894531,77.14725494384766,107.87229919433594,151.509033203125,26.500375747680664,199.93592834472656,43.83476257324219,124.83394622802734,229.60340881347656,456.1669006347656,225.8712158203125,96.8682861328125,44.51559066772461,351.85198974609375,267.16741943359375,40.10075759887695,213.32852172851562,105.47993469238281,181.0997314453125,106.53409576416016,150.5583953857422
2025-07-24,119.39193725585938,276.02215576171875,301.1000061035156,104.82697296142578,190.11351013183594,186.75003051757812,178.59573364257812,299.5462646484375,510.2857360839844,222.63949584960938,354.1195983886719,289.5047302246094,103.7527847290039,286.6099548339844,709.260009765625,304.98773193359375,224.10484313964844,44.77944564819336,480.6000061035156,156.6508331298828,425.6881408691406,108.68179321289062,29.30901527404785,86.29212951660156,70.16682434082031,66.9046401977539,34.51249694824219,220.78477478027344,75.14253997802734,56.94264602661133,149.56578063964844,104.94000244140625,201.3247528076172,184.6979522705078,48.7342643737793,85.51604461669922,274.6603698730469,64.73027801513672,46.69049072265625,266.65582275390625,51.865482330322266,192.64987182617188,339.1786193847656,363.4273376464844,120.926513671875,181.2629852294922,290.9832458496094,32.47673034667969,89.83897399902344,67.19692993164062,111.2695083618164,268.8614196777344,465.2275695800781,560.01025390625,144.8060760498047,707.3112182617188,89.41276550292969,578.3458862304688,146.5585174560547,138.3798370361328,506.8316345214844,7789.39013671875,240.09352111816406,98.16000366210938,87.42626190185547,140.22390747070312,139.0063934326172,23.286842346191406,77.48261260986328,154.27333068847656,723.3336791992188,35.45452880859375,120.1995620727539,202.05999755859375,155.56121826171875,561.5626831054688,292.1981201171875,352.0301513671875,242.31739807128906,152.78500366210938,34.303009033203125,609.6799926757812,498.04583740234375,78.1968765258789,108.19400787353516,151.47926330566406,26.6627197265625,203.4588623046875,43.50949478149414,124.73516082763672,242.9224090576172,458.53045654296875,215.6239013671875,95.9326400756836,44.294410705566406,350.54473876953125,269.4607849121094,40.325416564941406,199.71559143066406,105.97332763671875,178.0329132080078,107.36752319335938,149.94027709960938
2025-07-25,119.2232894897461,277.4330749511719,303.2799987792969,105.61579132080078,191.83876037597656,184.33775329589844,178.9634246826172,297.6337585449219,514.1935424804688,221.32046508789062,370.2859191894531,291.4722595214844,104.30899810791016,288.06927490234375,735.010009765625,308.3121337890625,223.40159606933594,45.10265350341797,484.07000732421875,155.52256774902344,429.88037109375,106.36332702636719,29.279489517211914,85.78482818603516,70.0609359741211,67.2965316772461,35.26190948486328,221.4583740234375,75.08377075195312,58.83266067504883,148.61557006835938,116.8499984741211,203.97520446777344,184.5692596435547,50.18435287475586,89.09358215332031,283.1520080566406,64.46235656738281,46.51514434814453,270.2177429199219,52.91587829589844,193.52737426757812,332.06689453125,365.61907958984375,121.23118591308594,182.11212158203125,293.0144348144531,32.186500549316406,89.63130950927734,67.26499938964844,113.05358123779297,264.9842834472656,466.6090087890625,564.7010498046875,144.7774658203125,708.9345703125,90.01325225830078,582.613037109375,148.49232482910156,138.87509155273438,509.6392822265625,7792.93017578125,242.35768127441406,97.66000366210938,88.0045394897461,141.74684143066406,137.98675537109375,23.165363311767578,78.17709350585938,153.7779083251953,732.4544067382812,35.4448356628418,120.82801818847656,204.50999450683594,155.1303253173828,560.031005859375,295.04736328125,353.5190124511719,242.3668212890625,154.41896057128906,34.526893615722656,601.5499877929688,501.8924560546875,78.54674530029297,110.09506225585938,149.6543426513672,26.739116668701172,205.89324951171875,43.67212677001953,124.91297912597656,239.0454864501953,468.79876708984375,219.7501983642578,96.89635467529297,44.5444450378418,353.5850524902344,272.84613037109375,40.325416564941406,196.2427215576172,105.9539794921875,179.18667602539062,106.98958587646484,149.2534637451172
2025-07-28,118.58838653564453,271.4464416503906,304.4700012207031,103.84574127197266,188.21177673339844,188.88438415527344,177.7212371826172,292.4981689453125,511.6180419921875,215.8709716796875,366.58197021484375,287.8877868652344,105.97762298583984,292.1593017578125,736.2899780273438,307.45135498046875,225.24517822265625,45.592376708984375,481.70001220703125,154.72091674804688,429.07763671875,103.80632781982422,29.25980567932129,84.36043548583984,68.67472839355469,66.54214477539062,35.21260452270508,218.30825805664062,73.85962677001953,57.805267333984375,149.9976806640625,112.38999938964844,201.4538116455078,183.01553344726562,49.53987121582031,91.18294525146484,280.0962219238281,63.352420806884766,45.5897102355957,269.24267578125,52.965423583984375,192.86923217773438,338.2449951171875,367.46014404296875,119.15743255615234,180.48294067382812,292.6807861328125,31.89627456665039,91.72383117675781,66.2147445678711,113.84758758544922,265.1712341308594,461.2510986328125,564.7606811523438,142.58169555664062,703.4169921875,89.07379913330078,572.8154907226562,149.2579803466797,138.4381103515625,508.4388122558594,7845.2998046875,244.9185028076172,97.33000183105469,86.1521224975586,140.08981323242188,136.17837524414062,22.716819763183594,77.54048156738281,152.62188720703125,732.6923217773438,34.61129379272461,123.45787048339844,204.0,157.7256317138672,555.5853881835938,298.5000915527344,351.06378173828125,238.6595458984375,153.62167358398438,35.04280090332031,592.6300048828125,497.6330871582031,78.05108642578125,109.62710571289062,149.22784423828125,26.35713005065918,207.15992736816406,43.136390686035156,123.87566375732422,233.78460693359375,469.2655029296875,224.15029907226562,95.04375457763672,44.32325744628906,352.0302429199219,268.16021728515625,39.65145492553711,196.043701171875,103.99976348876953,185.6161346435547,107.99745178222656,147.90928649902344
2025-07-29,118.88599395751953,273.26885986328125,306.6099853515625,105.06745910644531,190.0742645263672,187.03794860839844,177.8404998779297,294.7018737792969,514.12451171875,206.72430419921875,351.5576171875,287.52740478515625,104.59703063964844,295.2566223144531,728.739990234375,305.2746276855469,221.75550842285156,44.8088264465332,476.55999755859375,155.76998901367188,426.21337890625,104.31201171875,29.230281829833984,84.74092102050781,69.56998443603516,66.58133697509766,34.92664337158203,220.5866241455078,73.36018371582031,58.15419387817383,150.717529296875,112.11000061035156,205.33518981933594,182.1446533203125,49.71046829223633,90.07913208007812,282.78961181640625,64.85466766357422,45.609283447265625,268.9441833496094,51.6375732421875,195.87066650390625,342.1782531738281,367.56732177734375,122.49903869628906,182.3787384033203,291.4640808105469,32.74761199951172,91.02235412597656,67.46922302246094,113.57312774658203,267.9659423828125,465.247314453125,559.831298828125,145.41709899902344,709.26318359375,89.52899169921875,576.8340454101562,149.00274658203125,139.40921020507812,508.50823974609375,7821.0498046875,247.16293334960938,98.9000015258789,85.56405639648438,141.07635498046875,138.41000366210938,22.70747184753418,77.34757232666016,152.13616943359375,728.528564453125,35.08621597290039,124.15400695800781,204.19000244140625,158.73434448242188,555.1080322265625,297.5998840332031,348.9635009765625,243.20712280273438,154.65518188476562,34.68264389038086,635.8099975585938,497.9895324707031,78.86746978759766,110.40702819824219,151.42965698242188,26.17568588256836,206.99166870117188,42.791988372802734,124.84382629394531,234.82501220703125,467.7163391113281,218.80174255371094,84.99482727050781,44.32325744628906,347.8907165527344,271.9427185058594,39.97907257080078,191.83444213867188,105.09295654296875,184.51168823242188,109.39295959472656,148.16436767578125
2025-07-30,117.11026000976562,268.4678039550781,308.1400146484375,108.94422912597656,188.48623657226562,188.0107879638672,175.6542510986328,292.5757751464844,512.9008178710938,200.97634887695312,352.85845947265625,282.5987548828125,104.77581787109375,300.4187927246094,748.5999755859375,300.198974609375,222.63368225097656,44.59335708618164,476.0,156.27474975585938,430.2471008300781,102.0603256225586,29.66332244873047,83.706787109375,69.47372436523438,66.89484405517578,34.798458099365234,221.03240966796875,72.00874328613281,60.38343048095703,147.38702392578125,110.5999984741211,202.49612426757812,180.33358764648438,48.99016189575195,92.30647277832031,287.5104064941406,62.48170471191406,45.42332458496094,272.1678161621094,51.6375732421875,196.8778076171875,352.6671142578125,362.44354248046875,122.48920440673828,183.39572143554688,294.0054626464844,32.718589782714844,91.90664672851562,66.85657501220703,110.15200805664062,269.74700927734375,460.0374450683594,555.6473999023438,142.0470733642578,712.02197265625,88.75418853759766,572.258544921875,143.9276885986328,140.74928283691406,509.17291259765625,7633.39990234375,247.77593994140625,99.37999725341797,84.71135711669922,139.75457763671875,137.41921997070312,22.24958610534668,73.87517547607422,148.51272583007812,725.722900390625,34.9311408996582,120.27690887451172,202.50999450683594,155.7766876220703,551.5575561523438,299.9742126464844,346.2913513183594,229.05029296875,155.9151153564453,33.26145935058594,645.3499755859375,496.6197814941406,78.89662170410156,110.27054595947266,146.21273803710938,26.26163101196289,204.52760314941406,42.34235382080078,124.29058837890625,237.11190795898438,428.4503173828125,220.27821350097656,81.57034301757812,44.121307373046875,347.5143737792969,270.801025390625,39.87610626220703,189.70494079589844,104.83174896240234,187.8842010498047,108.44324493408203,146.00582885742188
2025-07-31,113.89604187011719,261.7071228027344,303.1099853515625,108.83842468261719,199.23980712890625,178.7487335205078,183.69366455078125,286.4887390136719,511.361328125,200.63934326171875,353.2258605957031,280.4071960449219,105.78890991210938,291.5636901855469,755.489990234375,296.1423645019531,218.3162078857422,44.123226165771484,471.8800048828125,153.62232971191406,434.1123046875,100.26660919189453,29.299171447753906,81.80435943603516,71.04283142089844,66.69890594482422,35.04497528076172,220.4578399658203,70.2753677368164,60.1895866394043,145.54421997070312,106.16999816894531,195.71612548828125,179.2647705078125,49.397705078125,91.99109649658203,277.255859375,60.47233963012695,45.1492805480957,269.7102966308594,52.856414794921875,192.3108367919922,351.60430908203125,357.99188232421875,122.25332641601562,182.49720764160156,290.6790771484375,31.586694717407227,87.340087890625,66.02025604248047,109.96575927734375,270.4358825683594,454.1467590332031,562.9617919921875,135.97528076171875,690.7286376953125,87.39826965332031,571.82080078125,146.47994995117188,139.30210876464844,529.2723388671875,7549.490234375,250.9102020263672,98.31999969482422,83.98606872558594,138.24124145507812,132.66737365722656,21.7636661529541,75.07122802734375,146.17156982421875,725.593994140625,34.59190368652344,119.48409271240234,214.80999755859375,143.73057556152344,542.4872436523438,295.56182861328125,346.8040466308594,228.02210998535156,155.09815979003906,32.90129852294922,633.469970703125,517.0445556640625,79.38256072998047,108.94468688964844,155.72421264648438,26.17568588256836,203.60728454589844,41.81618118286133,123.02603912353516,234.00054931640625,435.0442810058594,217.04171752929688,80.61597442626953,43.236576080322266,342.1269836425781,272.68731689453125,40.02587127685547,191.1080322265625,105.52831268310547,184.4525146484375,108.19126892089844,143.04273986816406
2025-08-01,112.59647369384766,250.21395874023438,297.0199890136719,109.26168060302734,195.82846069335938,178.6792449951172,181.21923828125,288.2168273925781,494.91107177734375,204.2113800048828,351.7282409667969,274.436279296875,103.60380554199219,286.54052734375,742.469970703125,291.1556701660156,213.6448974609375,42.614906311035156,472.8399963378906,154.39430236816406,424.86553955078125,101.97445678710938,28.61024284362793,81.47266387939453,71.31237030029297,65.74858093261719,34.52235412597656,219.41770935058594,69.12956237792969,60.54821014404297,145.3138427734375,103.3499984741211,195.64663696289062,173.15866088867188,50.354949951171875,89.72433471679688,269.00909423828125,60.04175567626953,44.47394561767578,268.0188903808594,52.05376052856445,189.40911865234375,354.564208984375,363.9826354980469,120.88720703125,182.27011108398438,283.93804931640625,32.23487854003906,88.0962142944336,66.96353912353516,113.69075012207031,273.82098388671875,453.30804443359375,556.4226684570312,133.65541076660156,695.96728515625,86.526611328125,574.7849731445312,141.75828552246094,136.00680541992188,519.956787109375,7760.68017578125,241.6655731201172,99.12000274658203,83.24118041992188,133.4617462158203,133.97557067871094,21.950559616088867,72.85275268554688,146.346435546875,705.9943237304688,34.562835693359375,115.63599395751953,212.11000061035156,145.1310577392578,555.8240356445312,290.6349182128906,339.69464111328125,228.57574462890625,154.3500518798828,32.17123794555664,618.6500244140625,511.94061279296875,78.6925277709961,105.86400604248047,153.54222106933594,26.500375747680664,199.82705688476562,41.09867858886719,124.4782943725586,232.81292724609375,436.2062072753906,214.5287628173828,79.06278228759766,42.255672454833984,336.06622314453125,272.9553527832031,40.138206481933594,185.9733428955078,106.65054321289062,185.0639190673828,106.25305938720703,144.60279846191406
2025-08-04,113.92579650878906,253.55511474609375,302.5,110.6277084350586,199.02413940429688,181.48863220214844,183.3358917236328,293.129150390625,501.20733642578125,205.0586395263672,358.63421630859375,280.0175476074219,107.89454650878906,295.5544738769531,744.8800048828125,295.4299621582031,217.20677185058594,42.849971771240234,459.1099853515625,156.98733520507812,429.8308410644531,102.27023315429688,29.249963760375977,81.3263168334961,71.88031768798828,67.1005859375,34.966087341308594,222.97396850585938,69.78570556640625,59.55958557128906,144.96832275390625,105.12999725341797,196.01394653320312,174.27694702148438,52.33578872680664,91.16323852539062,269.2735595703125,59.9652099609375,44.405433654785156,274.8343200683594,52.29158401489258,195.19261169433594,360.75225830078125,370.9571533203125,124.04206085205078,186.07151794433594,288.73626708984375,32.1961784362793,90.97564697265625,67.060791015625,116.4256820678711,273.62420654296875,461.1919250488281,566.2811889648438,133.7509002685547,708.05810546875,86.81716918945312,599.1148071289062,145.15475463867188,138.2264862060547,531.3955078125,7871.02001953125,249.6842041015625,101.37000274658203,83.71163177490234,133.54794311523438,134.2449188232422,21.987937927246094,73.19033813476562,146.45327758789062,712.8447875976562,35.066829681396484,117.4343490600586,216.41000366210938,144.46510314941406,568.425048828125,301.2010192871094,345.2756652832031,229.070068359375,154.91111755371094,32.005760192871094,636.02001953125,528.2278442382812,80.64599609375,107.02413177490234,153.54222106933594,26.43352699279785,201.87551879882812,41.529178619384766,127.65941619873047,236.55245971679688,430.9627990722656,217.1297149658203,79.54932403564453,42.71727752685547,338.839111328125,279.81549072265625,40.20372772216797,186.07284545898438,107.64698791503906,197.7354736328125,104.05318450927734,148.94931030273438
2025-08-05,113.97540283203125,242.08154296875,299.20001220703125,108.93461608886719,201.49441528320312,177.84535217285156,183.79299926757812,291.3233947753906,499.9698791503906,202.23764038085938,359.828369140625,284.8878173828125,107.19929504394531,290.7992858886719,867.1199951171875,293.5006103515625,216.4836883544922,43.145355224609375,464.19000244140625,156.6112518310547,430.3561096191406,100.12349700927734,28.816923141479492,81.03363037109375,71.3893814086914,66.15026092529297,35.1534423828125,220.7649383544922,68.45384979248047,61.46897888183594,146.88792419433594,105.91000366210938,197.58236694335938,175.3457489013672,52.39265060424805,89.60607147216797,270.72308349609375,60.67327117919922,44.47394561767578,270.74505615234375,52.103309631347656,194.76382446289062,361.358154296875,375.42828369140625,125.37870788574219,185.03475952148438,285.9004821777344,32.23487854003906,87.77528381347656,67.1483154296875,117.72943115234375,273.7816467285156,463.5994873046875,562.5345458984375,135.37384033203125,706.6138916015625,86.84622192382812,604.267333984375,147.33399963378906,137.34646606445312,523.5679321289062,7906.91015625,252.78880310058594,102.2300033569336,84.5643310546875,133.30848693847656,134.13909912109375,23.12798309326172,73.42183685302734,146.21041870117188,708.720703125,34.67913818359375,118.02413177490234,214.7899932861328,143.68162536621094,566.7940063476562,296.0466003417969,341.1737060546875,229.4358367919922,153.87759399414062,32.609275817871094,628.5,528.2278442382812,80.05314636230469,107.29711151123047,150.49737548828125,26.519474029541016,199.43124389648438,41.53874206542969,127.21484375,234.51092529296875,425.78887939453125,218.01950073242188,81.19608306884766,42.851905822753906,334.164794921875,281.1259765625,39.941627502441406,187.96351623535156,106.41835021972656,200.95018005371094,103.92719268798828,143.36651611328125
2025-08-06,112.32862091064453,242.5420379638672,305.17999267578125,109.17511749267578,204.8861541748047,176.8427276611328,184.3097686767578,276.36309814453125,503.3358154296875,201.13038635253906,361.898193359375,281.5467834472656,108.7586669921875,299.4757080078125,863.6500244140625,292.4122619628906,219.5953826904297,42.76136016845703,468.9100036621094,154.98812866210938,423.9042053222656,100.45742797851562,28.777555465698242,82.54581451416016,71.34124755859375,67.80597686767578,35.508426666259766,222.1715850830078,69.42334747314453,61.56590270996094,146.6383819580078,105.72000122070312,193.74070739746094,172.49557495117188,52.04197692871094,88.84719848632812,270.6153564453125,60.66370391845703,45.785457611083984,270.9042663574219,51.99430847167969,196.35928344726562,363.6823425292969,376.78228759765625,126.59740447998047,185.67657470703125,285.880859375,32.32194137573242,88.25916290283203,67.59564208984375,116.9942398071289,272.4630126953125,465.2177429199219,565.6053466796875,134.23777770996094,700.9072265625,86.54598236083984,594.8575439453125,148.05059814453125,138.16781616210938,520.7802734375,7870.2001953125,253.54022216796875,104.44000244140625,85.24060821533203,133.21270751953125,135.4376983642578,22.361722946166992,74.0873794555664,148.49330139160156,691.1235961914062,35.03775405883789,115.86803436279297,215.7100067138672,142.82958984375,552.1044921875,299.72686767578125,324.08544921875,232.83665466308594,153.30670166015625,31.98629379272461,625.8800048828125,527.7963256835938,78.86746978759766,107.97953033447266,146.06398010253906,26.25208282470703,197.96665954589844,41.146507263183594,130.50462341308594,234.79556274414062,424.07086181640625,220.45423889160156,80.70018005371094,42.736507415771484,336.45245361328125,279.557373046875,39.64208984375,187.42617797851562,106.15714263916016,197.96226501464844,103.21975708007812,143.73936462402344
2025-08-07,113.07264709472656,236.83956909179688,292.989990234375,109.40599060058594,200.9552764892578,181.81622314453125,181.0999755859375,276.3922424316406,493.4557800292969,202.19911193847656,363.2415466308594,281.06951904296875,107.81510162353516,301.5505065917969,870.969970703125,291.61083984375,215.46192932128906,42.278900146484375,461.4700012207031,151.8309783935547,413.39874267578125,101.335205078125,28.551191329956055,82.64337921142578,71.74556732177734,68.48198699951172,34.759010314941406,221.29986572265625,67.68997955322266,61.624061584472656,147.0030975341797,101.88999938964844,197.03639221191406,172.1689910888672,52.07040786743164,89.90174102783203,277.6476135253906,61.13254928588867,46.470577239990234,270.6455383300781,52.46995162963867,196.71824645996094,370.81396484375,376.16864013671875,125.02489471435547,185.64694213867188,281.55364990234375,32.79598617553711,90.62193298339844,68.49030303955078,117.15107727050781,269.4419860839844,463.1949157714844,557.744384765625,135.70797729492188,660.5613403320312,88.36678314208984,597.1055297851562,148.9536895751953,137.79624938964844,516.7127685546875,7830.43994140625,246.57955932617188,103.47000122070312,85.59345245361328,134.5919647216797,138.43885803222656,22.642059326171875,72.92027282714844,149.1053009033203,719.1103515625,35.25098419189453,115.34593963623047,206.14999389648438,142.88832092285156,556.7490234375,280.3162841796875,327.95074462890625,232.9453887939453,153.31651306152344,31.918155670166016,620.3300170898438,524.5782470703125,80.26696014404297,107.06312561035156,146.88717651367188,26.79641342163086,197.8380126953125,40.993438720703125,130.38607788085938,238.43695068359375,425.1433410644531,217.71640014648438,80.92472839355469,42.399925231933594,328.8764953613281,280.06365966796875,40.20372772216797,186.9883270263672,107.0955581665039,196.8282470703125,102.67704772949219,145.4465789794922
2025-08-08,113.70755767822266,234.3704376220703,290.67999267578125,109.1150131225586,202.7197723388672,183.52371215820312,180.94097900390625,279.8192443847656,499.90057373046875,198.82928466796875,364.6048278808594,281.2448425292969,109.23541259765625,302.7517395019531,842.5,294.2821960449219,214.42311096191406,42.62351608276367,465.3999938964844,155.789794921875,412.8041076660156,99.70368957519531,27.921316146850586,82.62387084960938,71.2539291381836,70.3336410522461,34.93650817871094,224.14288330078125,68.14045715332031,63.52376174926758,148.77871704101562,101.68000030517578,199.0912322998047,171.72364807128906,50.96152114868164,89.37939453125,287.9413757324219,60.47233963012695,46.9697380065918,273.6204528808594,53.0446891784668,201.51455688476562,379.0381774902344,377.80511474609375,125.95857238769531,184.04739379882812,283.33953857421875,33.29904556274414,90.89418029785156,68.40277862548828,118.4646224975586,265.4172668457031,466.1452331542969,570.7632446289062,134.11366271972656,665.8697509765625,89.95513916015625,607.6690063476562,150.4850616455078,140.00613403320312,517.9031982421875,7858.68017578125,247.23214721679688,103.33000183105469,85.73067474365234,135.23370361328125,139.67974853515625,22.969125747680664,73.87517547607422,149.12472534179688,721.4699096679688,35.23160171508789,115.18157958984375,205.4199981689453,144.51406860351562,559.931640625,285.18377685546875,328.58184814453125,232.53018188476562,152.4306640625,31.996023178100586,619.4199829101562,522.4578857421875,79.41171264648438,108.29150390625,149.21792602539062,26.815513610839844,199.87655639648438,41.71007537841797,129.78343200683594,240.4490203857422,427.10968017578125,217.3057098388672,81.09315490722656,43.14040756225586,333.5210876464844,284.4517517089844,40.39093780517578,190.48110961914062,106.75695037841797,196.65072631835938,103.50079345703125,144.57334899902344
2025-08-11,113.22145080566406,233.7923583984375,284.6199951171875,108.63006591796875,202.42567443847656,183.0372772216797,181.3782196044922,276.77081298828125,501.57366943359375,198.415283203125,366.28656005859375,276.5791931152344,109.06656646728516,301.689453125,818.6900024414062,293.0949401855469,212.7707061767578,42.042598724365234,464.7300109863281,156.0372314453125,404.895263671875,99.01673889160156,28.15751838684082,82.38971710205078,70.71087646484375,69.23636627197266,34.73929214477539,221.7753448486328,67.7193603515625,62.884063720703125,147.2814483642578,100.47000122070312,198.29708862304688,173.47532653808594,52.364219665527344,87.85179138183594,284.8072204589844,59.61117935180664,46.82292556762695,273.80950927734375,53.52033996582031,201.05587768554688,380.3294372558594,377.4933776855469,126.13548278808594,183.58331298828125,284.12451171875,33.492530822753906,90.43514251708984,68.8014907836914,118.15093994140625,266.0076904296875,464.1323547363281,570.0377807617188,132.20428466796875,670.0428466796875,89.81954193115234,596.737548828125,152.4581298828125,140.69064331054688,517.6354370117188,7793.2900390625,249.83250427246094,103.5999984741211,84.31929779052734,132.75296020507812,139.3526611328125,22.969125747680664,73.76907348632812,150.55274963378906,724.3646850585938,35.163753509521484,114.44676971435547,203.2899932861328,144.91561889648438,542.9645385742188,285.4805603027344,325.1602478027344,234.32943725585938,152.37159729003906,31.50931739807129,616.1199951171875,521.5291137695312,78.62449645996094,107.07288360595703,150.44778442382812,26.87281036376953,197.7786407470703,41.477657318115234,130.80099487304688,244.26708984375,425.1036682128906,214.77320861816406,80.75631713867188,42.851905822753906,332.6496276855469,283.1810302734375,40.41902160644531,190.96871948242188,106.0990982055664,197.22267150878906,102.56075286865234,146.21188354492188
2025-08-12,116.38605499267578,233.06729125976562,283.0299987792969,108.62035369873047,202.6805419921875,187.07763671875,183.78309631347656,276.6640625,511.8199462890625,197.0095672607422,362.02752685546875,281.7610778808594,111.0927505493164,310.5545654296875,768.5700073242188,300.0010681152344,216.629638671875,41.855525970458984,470.3900146484375,144.7941436767578,409.028076171875,97.63329315185547,29.171226501464844,82.89703369140625,70.60420989990234,69.93195343017578,35.321075439453125,221.21070861816406,67.34722137451172,63.49468231201172,148.23165893554688,103.73999786376953,204.21343994140625,176.1473846435547,53.03713607788086,90.37480163574219,286.46246337890625,59.993919372558594,47.41995620727539,278.2171325683594,53.668983459472656,203.57867431640625,387.6795349121094,385.7440185546875,126.80380249023438,180.43359375,287.3527526855469,33.67634582519531,92.95390319824219,68.76258850097656,122.01317596435547,265.8994445800781,466.9444885253906,570.6241455078125,132.1088409423828,656.338623046875,89.18032836914062,612.1550903320312,154.95150756835938,144.02503967285156,525.0462036132812,7962.2998046875,250.9991912841797,101.88999938964844,86.39714813232422,129.29525756835938,141.27650451660156,23.03453826904297,74.50212860107422,150.6595916748047,745.5604858398438,35.764678955078125,116.06140899658203,204.5500030517578,150.55670166015625,553.5167846679688,296.4819030761719,335.0108642578125,230.86932373046875,153.05076599121094,32.06415939331055,625.7999877929688,524.5125732421875,79.78102111816406,108.62296295166016,154.3158416748047,27.197500228881836,202.01406860351562,42.62039566040039,131.77902221679688,247.614013671875,435.9082946777344,213.9420928955078,81.80425262451172,44.015525817871094,334.0682373046875,289.78302001953125,40.48454666137695,191.96380615234375,105.86690521240234,204.0959014892578,102.85147857666016,146.94775390625
2025-08-13,119.3324203491211,240.71958923339844,287.010009765625,109.7066650390625,204.6901092529297,188.6461181640625,185.7407684326172,280.8870849609375,504.15753173828125,196.55703735351562,369.1026916503906,286.5728759765625,109.08644104003906,306.84173583984375,765.52001953125,303.6223449707031,216.08941650390625,42.19028854370117,477.30999755859375,146.5953826904297,410.0093078613281,97.14669799804688,30.155412673950195,84.23361206054688,71.23452758789062,68.97183990478516,35.57745361328125,222.98388671875,68.96308135986328,63.87269592285156,149.60415649414062,106.4800033569336,207.6083984375,180.93727111816406,53.340423583984375,93.88335418701172,288.372314453125,61.228240966796875,48.163795471191406,267.50152587890625,55.07611083984375,202.45187377929688,387.8285217285156,396.63446044921875,128.69081115722656,179.12039184570312,285.0762634277344,33.6860237121582,94.3399658203125,68.51947021484375,128.30645751953125,265.9092712402344,469.3126220703125,574.3211059570312,133.43585205078125,660.4817504882812,89.98420715332031,616.7802734375,157.25833129882812,144.484619140625,516.454833984375,8296.6396484375,241.4282684326172,102.63999938964844,87.45567321777344,132.76254272460938,143.6620635986328,23.5111141204834,75.56314086914062,150.970458984375,755.4842529296875,36.09421920776367,118.51722717285156,208.3699951171875,153.35768127441406,558.489501953125,298.9156799316406,344.1417236328125,230.08831787109375,153.267333984375,32.6579475402832,618.5700073242188,527.8150634765625,79.90737915039062,108.70096588134766,155.6349334716797,27.12110137939453,204.14166259765625,43.395137786865234,132.48046875,246.20066833496094,431.8565368652344,218.224853515625,82.50598907470703,44.823326110839844,339.8321228027344,293.5059509277344,40.91512680053711,193.44650268554688,106.36030578613281,207.28103637695312,104.27607727050781,149.56744384765625
2025-08-14,117.92371368408203,241.18992614746094,283.75,109.46418762207031,204.58226013183594,186.86917114257812,183.6240997314453,281.8191223144531,508.5431213378906,195.89273071289062,364.5550842285156,284.5858154296875,109.99027252197266,308.9661865234375,749.8300170898438,304.4732360839844,217.55105590820312,42.584129333496094,479.2200012207031,148.67379760742188,413.7753601074219,96.41203308105469,29.77157974243164,82.58484649658203,70.390869140625,67.8941650390625,35.84368896484375,219.27903747558594,67.93480682373047,64.67715454101562,148.92271423339844,103.86000061035156,208.68048095703125,177.5427703857422,53.0940055847168,88.20659637451172,289.35174560546875,60.76895523071289,47.654850006103516,268.3373107910156,55.90849304199219,203.23963928222656,390.9970397949219,389.9521484375,129.0839385986328,180.37432861328125,288.6381530761719,33.50221252441406,94.92916870117188,67.63453674316406,127.87513732910156,266.72601318359375,471.28607177734375,580.1448364257812,133.68406677246094,671.0885620117188,89.08348846435547,609.2406005859375,153.77352905273438,145.21798706054688,518.3397216796875,8198.5498046875,242.1995086669922,101.5,85.79927062988281,131.68980407714844,142.95985412597656,23.464391708374023,75.32200622558594,149.34815979003906,738.918212890625,35.93914031982422,118.66226959228516,208.00999450683594,154.8267059326172,562.8854370117188,287.2910461425781,342.66265869140625,229.86094665527344,152.64720153808594,32.33671951293945,616.3599853515625,529.2880249023438,79.5769271850586,110.74823760986328,154.45469665527344,27.45534324645996,204.81460571289062,43.53071975708008,131.76194763183594,245.68045043945312,425.5604553222656,216.60171508789062,82.8521957397461,45.03489303588867,342.74884033203125,291.4673767089844,40.71855926513672,190.2780303955078,105.46588897705078,202.58714294433594,104.0628662109375,150.1757354736328
2025-08-15,118.25108337402344,242.02273559570312,286.7300109863281,108.62035369873047,202.70016479492188,160.58201599121094,180.22549438476562,287.8187561035156,498.0393981933594,198.4537811279297,365.2118835449219,282.920166015625,108.47063446044922,304.1117248535156,754.239990234375,302.23712158203125,216.34210205078125,42.141056060791016,477.20001220703125,148.070068359375,404.1520080566406,97.02266693115234,29.289329528808594,82.99459075927734,70.10966491699219,64.85704040527344,35.814109802246094,214.95123291015625,68.55176544189453,66.48963165283203,150.2568359375,102.95999908447266,209.38528442382812,174.71237182617188,52.60116195678711,89.65534973144531,303.20086669921875,61.352630615234375,47.840816497802734,266.49664306640625,55.79949188232422,204.3265380859375,393.12261962890625,389.0364990234375,128.31735229492188,178.9130096435547,285.0370178222656,33.64732360839844,86.93370819091797,67.99434661865234,129.3455352783203,266.2339782714844,473.7034912109375,578.0975341796875,134.51461791992188,670.3217163085938,90.09072875976562,606.336181640625,149.5917510986328,141.42401123046875,516.0479736328125,8235.0,245.48208618164062,101.54000091552734,86.10458374023438,132.41773986816406,144.67208862304688,23.49242401123047,74.88795471191406,149.950439453125,723.6707763671875,35.425445556640625,119.5130844116211,205.83999633789062,154.59165954589844,577.2466430664062,287.5086975097656,337.5055847167969,230.1970672607422,152.34071350097656,32.112831115722656,617.9099731445312,522.0826416015625,78.94522094726562,108.28175354003906,153.1653289794922,27.56993865966797,200.59896850585938,43.017452239990234,131.43490600585938,249.92054748535156,420.4958190917969,215.8781280517578,82.78668975830078,44.16939163208008,341.7369689941406,289.9955749511719,41.4112434387207,188.47459411621094,104.71487426757812,200.40782165527344,104.16068267822266,151.20594787597656
2025-08-18,117.2094497680664,244.09996032714844,289.6499938964844,107.36917114257812,203.00404357910156,162.339111328125,181.47760009765625,284.08111572265625,500.5638732910156,195.57501220703125,363.57989501953125,280.6604309082031,110.30809783935547,303.5359802246094,791.6199951171875,303.8004455566406,219.42442321777344,42.20997619628906,478.5199890136719,148.1888427734375,408.9587707519531,95.93498229980469,29.496007919311523,82.20436096191406,69.84784698486328,65.5918197631836,35.488704681396484,212.69798278808594,68.95506286621094,68.01132202148438,149.0762939453125,105.58000183105469,207.47935485839844,175.31607055664062,52.724369049072266,89.42866516113281,302.95599365234375,60.5106086730957,48.06592559814453,267.0936584472656,55.72021484375,203.70826721191406,390.9672546386719,384.4776916503906,127.53108215332031,175.6941680908203,286.0575256347656,33.52156066894531,87.96430206298828,67.2260971069336,128.83578491210938,267.5821533203125,472.15435791015625,580.5224609375,133.7126922607422,668.4691772460938,89.88734436035156,599.6221313476562,150.05311584472656,141.5706787109375,513.0023193359375,8151.740234375,246.26318359375,101.38999938964844,86.28184509277344,131.7664337158203,143.85446166992188,23.427011489868164,74.94583129882812,151.27159118652344,729.8569946289062,35.12498474121094,118.76860809326172,208.30999755859375,155.6199951171875,571.6488037109375,286.56884765625,339.3368225097656,229.78184509277344,153.73471069335938,32.414588928222656,625.3300170898438,517.147705078125,78.71196746826172,108.39874267578125,157.40037536621094,27.61768913269043,201.57864379882812,42.9302978515625,131.87095642089844,250.4603729248047,425.9080505371094,215.1936798095703,82.47208404541016,44.34249496459961,340.0206604003906,288.2652893066406,41.55165100097656,189.12222290039062,103.76876831054688,198.84976196289062,104.38565063476562,149.44970703125
2025-08-19,119.15384674072266,250.7136688232422,289.239990234375,109.27021026611328,206.2291259765625,161.03866577148438,184.0414581298828,286.92559814453125,501.18756103515625,198.9640655517578,371.0331726074219,282.68646240234375,109.23541259765625,292.764892578125,758.2899780273438,302.8604736328125,221.4901580810547,42.28874588012695,485.30999755859375,147.48614501953125,412.3779296875,97.71915435791016,29.10233497619629,83.75556945800781,70.81754302978516,65.40568542480469,36.011322021484375,214.8321075439453,69.7026596069336,68.7867202758789,147.5137939453125,105.5199966430664,210.64599609375,177.8495635986328,53.406768798828125,88.57124328613281,305.5808410644531,61.65882110595703,48.83912658691406,264.5863342285156,56.542694091796875,201.91342163085938,399.9761047363281,396.6539306640625,129.54586791992188,176.02000427246094,285.203857421875,34.034297943115234,87.23641204833984,68.19856262207031,131.6001434326172,267.88720703125,473.5456237792969,581.884033203125,135.9466552734375,674.166015625,87.06897735595703,604.52587890625,151.5059356689453,140.8764190673828,505.7304382324219,8246.8896484375,231.97601318359375,103.05999755859375,87.24698638916016,133.14566040039062,146.36505126953125,23.660625457763672,75.81392669677734,153.8750457763672,737.8177490234375,35.599910736083984,119.28609466552734,209.8699951171875,153.02468872070312,569.5272827148438,282.3048400878906,340.0198059082031,232.12484741210938,151.9156036376953,32.453529357910156,612.7899780273438,520.168701171875,80.32527160644531,108.3597412109375,156.6366729736328,27.674983978271484,201.27186584472656,42.785030364990234,133.41702270507812,253.44418334960938,425.8186950683594,218.80174255371094,83.70187377929688,44.43865966796875,339.73297119140625,291.20880126953125,42.06648254394531,191.98184204101562,105.80728149414062,199.87533569335938,105.07034301757812,152.736572265625
2025-08-20,118.16180419921875,249.9004364013672,288.6300048828125,110.13343811035156,209.4051971435547,159.78782653808594,182.19309997558594,287.79937744140625,500.3361511230469,201.7080841064453,372.1676330566406,284.7806091308594,107.91442108154297,289.0521240234375,760.8900146484375,305.1361389160156,223.69947814941406,42.19028854370117,488.67999267578125,151.37570190429688,416.8377990722656,98.13896179199219,28.797239303588867,83.95069122314453,70.79815673828125,65.74858093261719,35.488704681396484,215.12989807128906,69.33870697021484,68.6413345336914,148.69776916503906,104.05000305175781,209.85183715820312,176.88961791992188,53.03713607788086,85.31893920898438,303.6219787597656,61.69709396362305,48.48678207397461,265.09375,56.25532150268555,199.61996459960938,407.41558837890625,391.3353576660156,131.6687774658203,179.0117645263672,286.7541809082031,34.034297943115234,87.4714126586914,68.75286102294922,127.74769592285156,271.74462890625,475.95318603515625,589.009521484375,135.90846252441406,700.0904541015625,90.28443145751953,597.4039916992188,151.90841674804688,140.92532348632812,501.7125549316406,8031.97021484375,232.4110565185547,104.0,87.76895904541016,133.02113342285156,144.989501953125,23.716693878173828,75.92967987060547,154.9533233642578,736.568603515625,35.94883346557617,120.6530532836914,210.88999938964844,152.23143005371094,588.6814575195312,283.16552734375,336.1693115234375,233.419921875,154.8123321533203,32.472999572753906,601.1300048828125,522.60791015625,80.08230590820312,109.08116912841797,157.1028289794922,27.961475372314453,199.45103454589844,42.98839569091797,137.034423828125,254.2195587158203,423.3459167480469,220.66932678222656,82.88201904296875,44.63099670410156,341.2012023925781,284.68536376953125,42.178810119628906,192.15121459960938,106.2266845703125,196.50282287597656,106.15605926513672,153.80601501464844
2025-08-21,116.21741485595703,248.86183166503906,286.05999755859375,109.73576354980469,202.47470092773438,159.13076782226562,182.29246520996094,287.1295166015625,500.1678771972656,201.92950439453125,373.4313659667969,285.9007263183594,108.0733413696289,287.4934997558594,763.510009765625,304.9085693359375,226.51406860351562,42.790897369384766,488.5899963378906,150.00990295410156,414.1618957519531,98.08171844482422,28.80708122253418,84.17506408691406,70.57512664794922,65.660400390625,35.37037658691406,214.5144805908203,69.9190673828125,69.2325668334961,150.95901489257812,104.69000244140625,202.40676879882812,175.57337951660156,50.99943542480469,86.45231628417969,303.230224609375,61.496150970458984,48.09528350830078,267.3522644042969,55.997676849365234,200.04873657226562,401.5355224609375,387.4000244140625,130.9119873046875,176.96788024902344,285.9986572265625,34.053646087646484,86.86897277832031,68.7139663696289,126.59099578857422,271.7052917480469,474.32513427734375,588.2542724609375,134.61962890625,703.1381225585938,88.23119354248047,597.543212890625,151.5452117919922,140.84707641601562,501.066650390625,7953.89990234375,230.532470703125,102.87000274658203,86.2424545288086,132.57098388671875,143.30615234375,24.053102493286133,75.8814468383789,154.19561767578125,726.734130859375,35.59021759033203,121.51227569580078,211.9499969482422,150.94845581054688,595.8032836914062,282.41363525390625,336.0703125,232.75755310058594,154.54541015625,32.911033630371094,598.1699829101562,518.3016357421875,78.8480224609375,109.53936767578125,153.33395385742188,28.11427116394043,198.2140655517578,42.67850112915039,136.28118896484375,253.38525390625,419.3438720703125,220.29779052734375,82.12889862060547,44.40018844604492,340.963134765625,286.6741943359375,42.150726318359375,190.71644592285156,105.80728149414062,194.471435546875,106.84075164794922,152.67770385742188
2025-08-22,120.6617431640625,253.98623657226562,290.2300109863281,110.58927917480469,201.4650115966797,161.76901245117188,185.78050231933594,287.4622497558594,511.7407531738281,203.9995574951172,373.2622375488281,291.53070068359375,108.61961364746094,291.86151123046875,766.239990234375,315.7822570800781,226.91587829589844,44.07087707519531,489.0,146.5756072998047,431.78326416015625,99.02627563476562,30.804973602294922,83.84336853027344,70.90482330322266,65.9543228149414,34.09834671020508,213.99830627441406,71.18799591064453,69.1065673828125,153.51136779785156,109.0999984741211,210.24891662597656,181.17478942871094,52.69593811035156,89.9115982055664,310.0372009277344,62.44343185424805,49.31870651245117,265.18328857421875,57.84081268310547,206.13137817382812,402.2407531738281,402.09918212890625,131.71792602539062,178.38970947265625,290.6790771484375,33.99559783935547,86.65888214111328,68.19856262207031,133.07052612304688,271.3706970214844,475.27239990234375,595.250732421875,136.548095703125,686.6552734375,89.79048919677734,604.6552124023438,155.80551147460938,144.73886108398438,504.0378112792969,8212.8095703125,233.706298828125,102.30999755859375,87.23714447021484,134.86972045898438,143.94100952148438,24.183927536010742,77.8587875366211,154.1373291015625,745.8479614257812,35.764678955078125,126.87268829345703,215.0500030517578,154.74835205078125,587.1575317382812,282.75,347.6217956542969,231.65032958984375,154.46630859375,34.663169860839844,606.52001953125,522.2609252929688,80.5682373046875,112.58104705810547,157.90621948242188,27.474443435668945,203.58676147460938,44.46040344238281,135.31985473632812,247.2901153564453,421.1711120605469,222.79116821289062,84.67427062988281,46.4293098449707,347.2627258300781,290.771240234375,41.59844970703125,195.03076171875,105.86579895019531,200.59519958496094,108.84590911865234,153.6686553955078
2025-08-25,118.20149230957031,250.88021850585938,285.3399963378906,109.60968017578125,198.09288024902344,161.27122497558594,184.4091339111328,282.3240966796875,506.3651123046875,203.267822265625,369.12261962890625,286.53387451171875,108.98711395263672,292.08984375,763.52001953125,312.4577941894531,226.23086547851562,43.74596405029297,486.17999267578125,144.53680419921875,428.44329833984375,98.2439193725586,30.755765914916992,82.00923156738281,70.03209686279297,65.77796936035156,32.35300064086914,210.29586791992188,70.98143005371094,69.01933288574219,153.5308074951172,113.02999877929688,206.20870971679688,178.6412811279297,51.65339279174805,87.3984375,307.53973388671875,62.00328063964844,49.20125961303711,265.2628479003906,57.75162887573242,208.56442260742188,400.0555419921875,398.3099365234375,130.35177612304688,176.87901306152344,289.3642272949219,30.087173461914062,87.58194732666016,67.0316162109375,132.13926696777344,271.7643737792969,471.50311279296875,589.5362548828125,135.5934295654297,676.157958984375,89.14159393310547,601.2832641601562,153.6951141357422,144.3770751953125,501.0865173339844,8126.7099609375,232.7571258544922,102.47000122070312,85.54322052001953,132.6571807861328,142.5558624267578,23.49242401123047,77.43437194824219,151.68931579589844,743.8355102539062,35.38667678833008,126.46260833740234,214.35000610351562,153.19117736816406,570.1248779296875,284.32305908203125,346.4141540527344,229.57423400878906,154.4959716796875,34.70211410522461,597.0,517.5980224609375,79.39228057861328,112.02534484863281,162.65696716308594,27.445791244506836,203.7158660888672,44.28608703613281,134.28915405273438,247.08401489257812,416.72216796875,218.36175537109375,83.64468383789062,46.313907623291016,346.05242919921875,288.6829528808594,41.40188217163086,192.6095428466797,104.32472229003906,195.2110137939453,109.29584503173828,152.265625
2025-08-26,117.3582534790039,250.26295471191406,282.45001220703125,109.24110412597656,199.1711883544922,163.78004455566406,185.61158752441406,283.4104309082031,511.7110290527344,199.7343292236328,367.1921081542969,286.3390808105469,109.15596008300781,295.8423767089844,769.02001953125,317.20703125,226.31338500976562,43.765655517578125,492.2099914550781,145.97190856933594,427.4126281738281,96.7364273071289,31.3659610748291,82.0872802734375,69.9060287475586,67.00261688232422,31.958572387695312,211.41751098632812,70.50926971435547,69.348876953125,152.71559143066406,113.69000244140625,204.73956298828125,180.32369995117188,52.05146026611328,88.52196502685547,303.6513671875,61.69709396362305,48.897850036621094,272.5558776855469,58.266910552978516,207.3578643798828,399.2510070800781,396.98516845703125,130.54835510253906,176.4840850830078,292.9653625488281,28.007192611694336,88.43331909179688,66.83712005615234,130.63946533203125,273.2305908203125,475.5190734863281,587.9461669921875,136.15667724609375,677.7614135742188,89.27718353271484,613.7564697265625,154.40516662597656,145.66781616210938,498.8804626464844,8068.25,231.57064819335938,103.18000030517578,86.30154418945312,132.21658325195312,141.4015655517578,23.286842346191406,77.69481658935547,151.51446533203125,754.9885864257812,35.3963737487793,126.82386779785156,212.5800018310547,155.8843994140625,585.334716796875,290.0710754394531,352.0562744140625,231.6602020263672,157.75851440429688,34.38088607788086,596.0,519.0924072265625,79.479736328125,112.91250610351562,163.8868408203125,27.27389907836914,205.4835968017578,44.89619827270508,135.4586181640625,246.55398559570312,423.2367248535156,217.7946319580078,83.37775421142578,46.708194732666016,348.3937072753906,289.57794189453125,41.149147033691406,194.63218688964844,104.5197982788086,195.18142700195312,109.05130767822266,151.8731231689453
2025-08-27,117.74515533447266,251.92861938476562,285.95001220703125,109.4932861328125,199.78875732421875,163.6605682373047,185.3830108642578,281.8347473144531,513.0673217773438,195.70977783203125,366.565185546875,286.9429931640625,109.38439178466797,298.0660705566406,769.6799926757812,319.0473327636719,222.74356079101562,44.090576171875,495.7200012207031,147.70387268066406,428.8100280761719,95.55335235595703,31.82852554321289,82.38971710205078,70.02239227294922,67.05159759521484,32.086761474609375,211.62596130371094,71.12898254394531,69.7171859741211,154.5401153564453,116.7300033569336,203.49871826171875,180.81851196289062,52.48743438720703,91.27163696289062,303.4359130859375,62.32860565185547,49.132747650146484,271.9688415527344,58.217369079589844,207.6171417236328,402.3201904296875,397.6669921875,130.7842254638672,175.062255859375,293.66204833984375,28.75211524963379,88.5119857788086,66.93436431884766,130.69830322265625,272.3449401855469,476.298583984375,587.0020751953125,137.87510681152344,680.7393188476562,89.15127563476562,613.358642578125,154.36569213867188,146.06871032714844,503.5509033203125,8033.81982421875,233.15260314941406,104.05000305175781,86.39018249511719,132.80084228515625,142.01719665527344,23.427011489868164,77.97452545166016,152.4761962890625,761.4820556640625,35.49329376220703,129.48941040039062,216.52999877929688,156.47203063964844,584.6474609375,291.49566650390625,345.6519775390625,232.22369384765625,158.02542114257812,35.02333450317383,603.1699829101562,516.789794921875,79.94624328613281,111.99610137939453,165.87045288085938,27.75138282775879,206.13905334472656,45.30293655395508,136.0037078857422,246.71102905273438,421.2505798339844,216.0443572998047,83.75907897949219,46.89090347290039,347.57025146484375,289.5282287597656,41.43932342529297,194.61227416992188,105.02698516845703,189.5014190673828,110.28375244140625,152.4422149658203
2025-08-28,123.96524047851562,250.99781799316406,288.489990234375,108.41668701171875,199.73973083496094,164.53668212890625,185.5618896484375,279.5250244140625,511.4536437988281,195.0261993408203,364.7441711425781,287.36181640625,111.1821517944336,306.40496826171875,781.9000244140625,323.52935791015625,224.18377685546875,44.868408203125,499.8599853515625,147.97108459472656,431.030029296875,93.25395965576172,31.976158142089844,81.38484954833984,69.05268859863281,68.02151489257812,32.2050895690918,206.781982421875,70.54861450195312,69.92071533203125,154.6177520751953,118.13999938964844,203.78659057617188,179.71009826660156,51.86190414428711,90.44377899169922,304.0235595703125,62.47213363647461,49.11317825317383,274.6054382324219,57.9597282409668,211.76527404785156,404.53515625,396.8974914550781,129.94882202148438,174.90426635742188,295.4184265136719,28.336118698120117,89.02081298828125,66.47731018066406,130.50222778320312,272.6204528808594,475.7460021972656,586.8231811523438,137.5982666015625,678.2593383789062,89.06410217285156,609.03173828125,155.38145446777344,146.85098266601562,506.4326477050781,8074.7998046875,237.61180114746094,103.98999786376953,84.94246673583984,132.86790466308594,141.38232421875,22.987812042236328,77.37651062011719,151.20359802246094,760.2329711914062,35.43513870239258,129.6944580078125,215.02999877929688,157.48077392578125,577.3263549804688,294.46368408203125,345.5826721191406,230.44422912597656,158.83612060546875,35.510040283203125,612.1699829101562,514.6093139648438,79.14930725097656,112.3470687866211,170.96835327148438,27.63678741455078,206.60580444335938,45.312618255615234,135.89468383789062,245.9258270263672,421.55841064453125,217.4132843017578,83.19660949707031,46.804359436035156,347.08416748046875,289.5381774902344,41.121063232421875,194.4727783203125,103.69073486328125,185.44850158691406,110.8706283569336,151.8731231689453
2025-08-29,124.65966796875,254.72108459472656,314.70001220703125,107.67955017089844,200.41946411132812,160.0466766357422,183.6439666748047,281.5802917480469,509.6518859863281,196.26821899414062,365.201904296875,286.47540283203125,108.12300872802734,295.22686767578125,747.2899780273438,327.77398681640625,222.0839385986328,44.70103073120117,502.9800109863281,147.24859619140625,415.3016357421875,94.58970642089844,31.385643005371094,82.01898956298828,69.40177154541016,67.68841552734375,32.18528747558594,208.47935485839844,71.06996154785156,70.89965057373047,155.85997009277344,119.62999725341797,204.31272888183594,177.51670837402344,53.1982536315918,90.40437316894531,312.0940246582031,63.266319274902344,48.60423278808594,273.80950927734375,58.05881881713867,212.92198181152344,401.237548828125,396.2350769042969,130.03726196289062,174.37107849121094,295.7618713378906,28.142629623413086,86.83014678955078,67.08995056152344,130.51205444335938,273.1911926269531,471.9372863769531,591.6033935546875,139.211669921875,683.8566284179688,89.88734436035156,613.119873046875,153.37953186035156,147.14431762695312,503.5011901855469,8117.64990234375,223.58168029785156,103.68000030517578,85.07049560546875,133.57669067382812,142.98870849609375,23.1373291015625,77.6562271118164,152.5538787841797,752.8074340820312,35.3479118347168,130.4267578125,213.5,157.41221618652344,578.412109375,293.7612609863281,339.94061279296875,231.30430603027344,156.7995147705078,35.860469818115234,603.52001953125,515.4457397460938,80.23780059814453,112.08385467529297,166.02911376953125,27.971027374267578,205.076416015625,45.3416748046875,135.38925170898438,248.20111083984375,412.7200927734375,219.97142028808594,83.35868835449219,46.958229064941406,348.9889221191406,289.5381774902344,41.40188217163086,192.79885864257812,103.88581848144531,185.57667541503906,111.79006958007812,153.4528045654297
2025-09-02,124.21324920654297,250.99781799316406,319.1600036621094,106.77753448486328,200.31109619140625,156.87083435058594,183.65390014648438,280.8071594238281,507.6818542480469,193.03318786621094,370.1376037597656,284.60528564453125,108.51036071777344,296.0706787109375,743.5900268554688,327.6750183105469,218.3752899169922,44.66164779663086,501.1400146484375,148.0106964111328,412.33831787109375,93.5974349975586,30.66718864440918,82.33118438720703,69.00419616699219,66.4245834350586,31.868484497070312,203.9927215576172,70.60762786865234,71.81073760986328,157.05364990234375,122.87999725341797,202.29757690429688,174.44992065429688,52.876014709472656,89.8206558227539,315.69830322265625,61.247379302978516,48.14421844482422,273.9985656738281,57.999359130859375,211.3863983154297,403.4028625488281,395.7870178222656,130.1556854248047,172.88014221191406,294.0741271972656,27.96849250793457,84.2760238647461,67.15802764892578,130.0611114501953,270.7310791015625,467.8423767089844,588.20458984375,135.85118103027344,689.6400146484375,90.3909683227539,613.9266357421875,152.13694763183594,145.5504608154297,501.9410705566406,8169.85009765625,222.76104736328125,103.19000244140625,84.46974182128906,130.22433471679688,144.556640625,23.34290885925293,77.10643768310547,153.47674560546875,745.2352294921875,35.29944610595703,130.6806182861328,212.63999938964844,155.50245666503906,575.6231689453125,307.70086669921875,334.4073791503906,230.4639892578125,156.21620178222656,34.94546127319336,592.010009765625,507.1752014160156,80.55852508544922,110.41677856445312,169.10374450683594,27.77048110961914,203.14979553222656,44.95429992675781,137.33175659179688,252.04244995117188,408.0824279785156,218.41685485839844,81.25183868408203,46.66011428833008,347.29248046875,290.8607482910156,40.99937057495117,191.92202758789062,103.40788269042969,189.29434204101562,112.18132019042969,149.99916076660156
2025-09-03,124.2231674194336,249.0186004638672,317.510009765625,106.7193374633789,201.5227813720703,155.55670166015625,183.19679260253906,277.80255126953125,502.1181335449219,188.96051025390625,372.1676330566406,283.7189025878906,109.94061279296875,300.1904602050781,725.2899780273438,320.28411865234375,221.44532775878906,44.30718231201172,501.489990234375,149.0102996826172,411.4165954589844,92.61470794677734,30.83449935913086,81.76533508300781,69.35330200195312,66.29722595214844,31.957584381103516,204.09201049804688,70.64698028564453,71.0644302368164,153.39492797851562,123.66999816894531,197.97943115234375,173.417724609375,52.4589958190918,90.94849395751953,314.9735412597656,61.87889099121094,48.46720504760742,274.5357971191406,57.2264404296875,230.44195556640625,404.8629455566406,397.1507568359375,131.3791961669922,172.9196319580078,293.8877258300781,28.142629623413086,84.03205871582031,67.08995056152344,131.43348693847656,268.7531433105469,465.5137023925781,589.6058349609375,136.91087341308594,688.8623046875,89.34497833251953,608.7672729492188,149.89833068847656,145.237548828125,502.1696472167969,8190.22998046875,220.931884765625,103.83999633789062,84.37126159667969,129.9082489013672,142.97911071777344,23.165363311767578,77.33792877197266,153.651611328125,743.843994140625,35.1056022644043,127.44874572753906,212.24000549316406,154.03343200683594,561.5787353515625,310.0158996582031,335.21905517578125,229.8411865234375,156.31507873535156,34.34202575683594,592.1199951171875,506.79925537109375,79.91708374023438,110.16329956054688,174.87608337402344,27.732282638549805,204.55999755859375,44.94461441040039,138.2236785888672,248.86102294921875,405.4805908203125,218.1905517578125,81.30903625488281,46.67934799194336,348.086181640625,286.44549560546875,40.94321060180664,190.5570068359375,104.25645446777344,189.46197509765625,109.4621353149414,149.55760192871094
2025-09-04,127.45721435546875,247.83302307128906,319.92999267578125,105.37115478515625,205.22679138183594,157.53787231445312,186.69476318359375,274.1324157714844,506.77105712890625,187.83401489257812,371.66009521484375,282.4429016113281,111.98666381835938,303.8735046386719,730.1599731445312,327.1506652832031,221.56076049804688,45.60686492919922,506.9100036621094,147.80284118652344,416.4710998535156,91.07860565185547,31.25769805908203,81.62874603271484,69.37268829345703,66.61072540283203,32.33379364013672,205.31292724609375,70.28302764892578,71.42304229736328,153.03585815429688,123.91000366210938,197.57244873046875,177.0204620361328,51.814510345458984,86.52620697021484,301.7121276855469,62.759178161621094,49.20125961303711,280.8437805175781,57.6228141784668,231.9975128173828,408.81610107421875,403.3028259277344,132.9085693359375,172.31735229492188,298.1168518066406,28.297420501708984,86.95860290527344,66.37034606933594,135.3447265625,268.6350402832031,467.6023254394531,591.9512329101562,137.47415161132812,689.4705200195312,89.92608642578125,616.5062866210938,153.3696746826172,147.1932373046875,504.77313232421875,8407.76953125,220.48695373535156,105.04000091552734,85.18868255615234,131.5269775390625,141.29576110839844,22.931745529174805,79.18858337402344,154.64248657226562,752.2212524414062,35.37698745727539,128.4739532470703,213.25,157.30340576171875,564.9851684570312,317.3270568847656,338.38653564453125,231.18568420410156,156.87860107421875,35.333038330078125,601.9600219726562,507.7579040527344,79.81018829345703,111.19669342041016,182.47335815429688,28.247966766357422,207.1023406982422,45.583778381347656,139.7598419189453,248.3291473388672,410.28704833984375,219.46963500976562,80.53684997558594,47.28519058227539,348.2052001953125,290.7016296386719,41.35507583618164,193.07785034179688,104.83191680908203,200.09226989746094,109.94142150878906,150.3131103515625
2025-09-05,127.72506713867188,249.8024444580078,326.3699951171875,104.85710906982422,198.52806091308594,162.02786254882812,186.27737426757812,277.5970153808594,484.377685546875,190.94390869140625,368.7245788574219,282.33575439453125,109.70222473144531,332.4541015625,728.4099731445312,322.76751708984375,218.76116943359375,44.87826156616211,499.7699890136719,148.0205841064453,419.3055725097656,91.7369384765625,31.070703506469727,83.05313110351562,69.38238525390625,65.5428466796875,32.20508575439453,202.99020385742188,70.64698028564453,71.51026916503906,149.12478637695312,120.4000015258789,198.7438201904297,176.4150390625,51.60600662231445,88.24764251708984,307.1871337890625,63.92652893066406,46.9697380065918,277.81915283203125,57.89105224609375,234.5003662109375,417.9342346191406,410.4149169921875,129.91888427734375,172.07049560546875,288.8540344238281,27.716960906982422,90.12510681152344,66.08832550048828,139.0795440673828,269.2281494140625,464.76141357421875,580.6019287109375,138.81068420410156,685.43212890625,89.97450256347656,620.1617431640625,153.1527099609375,144.8072967529297,491.884765625,8502.0,230.17652893066406,104.83999633789062,85.68109893798828,129.72625732421875,142.19229125976562,23.249462127685547,77.90287017822266,155.44874572753906,753.8111572265625,34.853599548339844,128.44468688964844,213.89999389648438,157.4314422607422,571.1209106445312,308.690185546875,336.3078918457031,227.1125946044922,155.73178100585938,35.1466064453125,598.1400146484375,505.6902770996094,78.8285903930664,110.11454772949219,186.61912536621094,28.257516860961914,207.3009796142578,45.051143646240234,138.01556396484375,248.9595184326172,411.8995056152344,216.76390075683594,81.07070922851562,46.92937469482422,340.4968566894531,293.1678466796875,41.54228973388672,192.48001098632812,105.13428497314453,199.60906982421875,106.84075164794922,150.4308624267578
2025-09-08,127.1100082397461,250.40992736816406,326.7900085449219,104.31395721435547,197.3262176513672,161.33096313476562,187.48974609375,274.22052001953125,487.5060119628906,186.43795776367188,368.1971740722656,281.4104309082031,109.79163360595703,343.13580322265625,740.6099853515625,321.96612548828125,221.30010986328125,44.93733215332031,493.7799987792969,148.73316955566406,419.0082702636719,89.57112121582031,31.060861587524414,82.13606262207031,68.5484390258789,65.52323913574219,32.1060905456543,201.28289794921875,70.02726745605469,68.09856414794922,149.4547576904297,117.16999816894531,197.17538452148438,176.66314697265625,50.516075134277344,87.90138244628906,301.81982421875,63.524662017822266,47.16547775268555,274.6551513671875,57.82151412963867,233.70193481445312,415.2822570800781,411.38470458984375,128.90257263183594,171.69529724121094,287.41162109375,26.73017692565918,90.51245880126953,65.57292175292969,139.58926391601562,270.7107238769531,469.8196716308594,582.9672241210938,138.09469604492188,694.984619140625,90.0616683959961,624.593994140625,151.87069702148438,145.49179077148438,495.06463623046875,8543.0,235.7925262451172,106.4000015258789,86.04549407958984,129.71669006347656,137.646484375,22.941089630126953,77.63987731933594,154.46762084960938,755.4210815429688,34.553138732910156,127.13632202148438,212.72999572753906,157.82542419433594,556.2398071289062,305.6925354003906,341.1679992675781,225.5308380126953,152.46922302246094,35.107357025146484,609.0800170898438,513.0303955078125,77.1764144897461,108.84719848632812,187.69027709960938,27.598587036132812,206.4369659423828,44.557247161865234,139.58145141601562,239.2477569580078,412.994384765625,213.7629852294922,80.38431549072266,46.78512954711914,339.5841369628906,297.2450256347656,40.55006790161133,190.2381591796875,104.71487426757812,200.43740844726562,107.44718933105469,148.89044189453125
2025-09-09,125.2449722290039,246.90220642089844,325.19000244140625,105.0995864868164,197.13906860351562,162.7745361328125,186.3071746826172,274.00518798828125,488.3970031738281,187.36224365234375,364.5849609375,279.6863708496094,115.99931335449219,334.2211608886719,731.97998046875,320.9074401855469,221.38473510742188,44.75025939941406,492.7200012207031,149.38638305664062,414.3600769042969,90.16266632080078,31.070703506469727,82.223876953125,68.76177978515625,65.97391510009766,31.878385543823242,200.578125,69.62396240234375,69.54271697998047,150.27967834472656,115.41000366210938,192.9068603515625,173.3680877685547,51.90929412841797,87.75297546386719,308.60723876953125,63.744728088378906,46.881649017333984,274.8442077636719,57.63274002075195,239.4706268310547,410.6139221191406,406.87841796875,129.09991455078125,171.2707061767578,292.2588806152344,26.710830688476562,91.38375091552734,65.99108123779297,134.73696899414062,267.5675964355469,468.6417236328125,580.3833618164062,138.83932495117188,703.5300903320312,91.10765838623047,611.7752075195312,150.96340942382812,148.8457489013672,495.2733154296875,8276.25,238.7883758544922,106.91999816894531,86.67578887939453,128.73971557617188,138.99664306640625,23.09060287475586,77.99052429199219,154.90475463867188,750.511962890625,34.63067626953125,129.16720581054688,204.02999877929688,156.2692413330078,554.33740234375,306.4840087890625,339.4654846191406,226.4601287841797,150.02728271484375,35.107357025146484,604.3699951171875,514.7596435546875,78.0608139038086,109.23715209960938,190.02102661132812,28.095170974731445,207.2115936279297,43.859981536865234,138.71922302246094,239.0704803466797,407.5001220703125,212.5724639892578,80.46057891845703,47.4775276184082,341.2607727050781,290.8110656738281,40.784080505371094,189.37132263183594,104.90994262695312,199.8260040283203,108.22969055175781,146.96737670898438
2025-09-10,123.13192749023438,238.20150756835938,323.79998779296875,105.0801773071289,197.05039978027344,162.6948699951172,186.23765563964844,272.5762939453125,487.0704040527344,186.55348205566406,360.5946044921875,280.0370178222656,118.28373718261719,366.8818359375,747.5499877929688,319.92791748046875,217.5298614501953,46.19762420654297,490.0799865722656,147.75335693359375,419.1370849609375,89.71424102783203,30.864025115966797,81.17021179199219,69.06238555908203,66.74788665771484,31.729881286621094,199.91307067871094,68.03042602539062,71.69442749023438,153.1328887939453,114.12999725341797,191.17958068847656,174.3208770751953,52.66750717163086,86.49653625488281,302.0782165527344,63.01753234863281,46.95016098022461,281.97802734375,56.96710205078125,239.09136962890625,391.70220947265625,404.8114318847656,129.4945831298828,170.0562286376953,294.89837646484375,26.54636573791504,92.86742401123047,65.95218658447266,133.8841552734375,272.4403991699219,467.9092102050781,575.7919311523438,135.04925537109375,704.2280883789062,89.41276550292969,614.2752075195312,151.44662475585938,150.70361328125,497.2209777832031,8335.8896484375,324.62994384765625,105.11000061035156,86.30154418945312,127.45626068115234,138.56924438476562,22.95977783203125,77.99052429199219,152.8550262451172,760.4891357421875,34.95591735839844,128.31773376464844,204.5,156.55484008789062,553.6400756835938,309.2442321777344,335.9416809082031,225.90650939941406,153.24038696289062,35.48021697998047,387.7799987792969,507.41015625,79.70328521728516,107.98928833007812,191.4591522216797,27.88507843017578,208.89988708496094,43.69534683227539,138.61021423339844,236.7656707763672,415.37322998046875,211.72630310058594,79.93624877929688,47.31404495239258,335.43731689453125,292.7899475097656,40.709197998046875,188.9030303955078,106.69485473632812,199.85560607910156,110.03922271728516,146.60433959960938
2025-09-11,125.72115325927734,239.22048950195312,324.5199890136719,105.46814727783203,199.4540557861328,169.39501953125,190.82872009277344,276.7063903808594,495.9505615234375,189.23973083496094,370.42620849609375,286.8747863769531,118.66117095947266,357.01416015625,751.1099853515625,325.834716796875,218.45127868652344,46.24686050415039,496.9100036621094,150.900634765625,427.5315246582031,91.19310760498047,31.95647430419922,82.00923156738281,69.49874114990234,66.31681823730469,32.52189254760742,202.99020385742188,69.39772033691406,72.37289428710938,153.57931518554688,117.87000274658203,193.7307891845703,176.7624053955078,53.2835578918457,85.8831558227539,310.09429931640625,64.0030746459961,46.32376480102539,280.1373596191406,58.32818603515625,240.30897521972656,400.1350402832031,414.7938537597656,131.44827270507812,173.94650268554688,299.8241271972656,26.691482543945312,95.52112579345703,65.75769805908203,137.32485961914062,277.3724670410156,478.6888427734375,585.0840454101562,137.56005859375,717.7393188476562,91.28199768066406,628.6079711914062,157.26504516601562,153.01133728027344,497.8569641113281,8532.98046875,304.3906555175781,107.81999969482422,88.02501678466797,129.7454376220703,140.09422302246094,23.23077392578125,79.94832611083984,154.09848022460938,764.8516235351562,35.1414909362793,129.3917694091797,207.02999877929688,159.07627868652344,565.9613037109375,312.9740295410156,346.9783630371094,229.56436157226562,155.86029052734375,35.3526611328125,438.1000061035156,517.7389526367188,81.12220764160156,110.10481262207031,195.1982879638672,28.162019729614258,210.93572998046875,43.86966323852539,139.57154846191406,237.76048278808594,412.9446105957031,212.5626220703125,80.69891357421875,47.429447174072266,340.7646789550781,299.9697265625,41.31764221191406,191.48362731933594,107.0167236328125,200.69381713867188,109.68709564208984,147.7719268798828
2025-09-12,122.25892639160156,233.7237548828125,319.04998779296875,106.1664810180664,197.40504455566406,167.05545043945312,188.7418670654297,270.50146484375,492.09954833984375,187.8243865966797,370.127685546875,285.21893310546875,117.87651062011719,357.25238037109375,756.1300048828125,321.8671569824219,216.87466430664062,45.774253845214844,493.739990234375,150.67300415039062,427.6702880859375,91.0118179321289,31.011653900146484,81.24826049804688,69.50845336914062,65.18035125732422,32.145687103271484,200.87591552734375,68.0402603149414,72.6733627319336,152.4729766845703,118.5,188.658203125,171.68084716796875,53.26459884643555,82.75689697265625,307.011962890625,63.572509765625,46.44121170043945,280.2667236328125,58.11955642700195,240.90782165527344,402.399658203125,414.0787048339844,130.757568359375,171.77426147460938,301.1488037109375,26.343204498291016,95.99311065673828,65.16448974609375,134.56053161621094,275.95904541015625,477.154541015625,576.8154907226562,135.75572204589844,709.38330078125,91.06891632080078,613.40869140625,155.6871795654297,152.92330932617188,506.6910095214844,8414.8203125,288.8873596191406,107.5,87.70986938476562,129.4102020263672,139.414306640625,22.305654525756836,80.55221557617188,153.38931274414062,754.0299072265625,35.317291259765625,127.6928482055664,205.11000061035156,159.39144897460938,557.7936401367188,311.7769470214844,341.4253234863281,225.87686157226562,154.08074951171875,34.901309967041016,425.45001220703125,511.4890441894531,81.57899475097656,109.61735534667969,194.385009765625,28.238414764404297,208.37353515625,43.772823333740234,138.23361206054688,238.08551025390625,398.9004211425781,211.45083618164062,80.41291046142578,47.24673080444336,336.7369079589844,293.2971496582031,41.15850830078125,188.1358184814453,107.79700469970703,194.2150421142578,109.7066650390625,145.4073486328125
2025-09-15,124.62989807128906,233.06729125976562,321.07000732421875,105.81731414794922,193.95718383789062,170.17153930664062,188.68212890625,268.5538635253906,482.7640075683594,185.34036254882812,362.017578125,282.00457763671875,118.43272399902344,361.44171142578125,760.7899780273438,323.7965393066406,220.907958984375,45.567474365234375,491.5400085449219,148.72328186035156,432.0508728027344,90.28142547607422,30.74592399597168,80.12631225585938,69.4114761352539,65.660400390625,32.17538833618164,198.23556518554688,67.4697265625,71.20011901855469,152.6670684814453,118.66000366210938,187.15924072265625,170.648681640625,52.942359924316406,86.46686553955078,302.2358093261719,62.46256637573242,46.744625091552734,285.33099365234375,58.56663131713867,251.2675018310547,400.4529113769531,414.0982971191406,129.71168518066406,170.0562286376953,303.1014404296875,25.87883758544922,98.47154998779297,64.88031768798828,131.12960815429688,278.61785888671875,471.89837646484375,579.3497314453125,134.23777770996094,700.8677368164062,90.4878158569336,608.6477661132812,154.49391174316406,153.1677703857422,512.1166381835938,8277.9501953125,298.7351379394531,106.30000305175781,88.27122497558594,126.40266418457031,136.60716247558594,22.39910125732422,80.79573059082031,152.34988403320312,755.2025146484375,35.13172149658203,128.08338928222656,204.14999389648438,158.79066467285156,570.3340454101562,312.4001770019531,342.9200134277344,225.5407257080078,156.57212829589844,34.11634826660156,419.20001220703125,511.26348876953125,81.04446411132812,109.3053970336914,209.39111328125,28.286165237426758,209.69436645507812,43.36608123779297,139.9084930419922,236.13528442382812,400.5626525878906,212.7692413330078,80.09830474853516,47.400596618652344,336.3598937988281,292.3921813964844,41.06489944458008,187.6575469970703,108.23592376708984,198.27783203125,109.89250183105469,143.4940643310547
2025-09-16,126.177490234375,232.0286865234375,318.510009765625,103.62531280517578,193.37596130371094,172.76995849609375,186.4027557373047,267.261962890625,481.2592468261719,187.48741149902344,354.8230285644531,277.5532531738281,118.39791870117188,357.3814392089844,750.6699829101562,323.5788879394531,217.53781127929688,46.50285339355469,490.989990234375,146.84283447265625,436.7386474609375,90.28142547607422,30.70655632019043,79.4921875,67.8405532836914,65.57223510742188,32.145687103271484,197.8186492919922,68.0402603149414,71.2195053100586,154.83123779296875,118.69000244140625,189.0751190185547,171.27395629882812,52.29787826538086,87.57489013671875,305.2787170410156,61.955440521240234,46.24546432495117,291.48974609375,58.07981491088867,250.9281768798828,397.76629638671875,412.86395263671875,127.92574310302734,169.70968627929688,303.385986328125,26.081998825073242,98.63685607910156,64.90971374511719,131.16879272460938,280.9701843261719,466.691650390625,582.7882690429688,133.07305908203125,691.4647827148438,91.22388458251953,607.3330078125,154.33612060546875,152.35617065429688,505.8364562988281,8209.98046875,303.19427490234375,105.38999938964844,87.85758972167969,126.06741333007812,136.01466369628906,22.333688735961914,78.01000213623047,153.5350341796875,749.3294677734375,34.66291046142578,129.89950561523438,204.9499969482422,161.66664123535156,572.7943115234375,311.30206298828125,338.782470703125,222.7627716064453,156.77975463867188,34.577510833740234,425.9700012207031,508.7259216308594,80.37386322021484,107.71631622314453,209.40103149414062,28.00922393798828,211.09463500976562,43.15303421020508,138.302978515625,234.0471649169922,398.1240539550781,212.5232696533203,81.22322845458984,46.53509521484375,337.3321533203125,290.33367919921875,40.94321060180664,186.9700469970703,106.0121078491211,193.33738708496094,112.17153930664062,144.68128967285156
2025-09-17,125.71123504638672,236.3692626953125,319.2799987792969,104.28485107421875,194.3118133544922,177.33961486816406,185.38748168945312,268.8572082519531,481.2988586425781,189.8848114013672,356.2460021972656,283.0857849121094,117.77131652832031,343.65203857421875,751.8099975585938,332.44403076171875,220.66439819335938,45.76439666748047,492.3299865722656,147.14962768554688,446.6395568847656,91.46820068359375,30.696714401245117,80.2141342163086,68.2478256225586,66.34620666503906,32.442691802978516,198.50357055664062,68.8862075805664,71.72349548339844,155.36502075195312,118.68000030517578,191.52703857421875,170.16233825683594,52.65802764892578,87.22863006591797,303.78192138671875,61.840614318847656,46.118228912353516,288.0372314453125,58.348060607910156,249.3612518310547,397.4080810546875,408.504638671875,128.91244506835938,170.55130004882812,305.89794921875,26.372228622436523,98.56714630126953,65.69364166259766,130.3454132080078,278.5881652832031,474.99664306640625,594.9227294921875,133.22581481933594,690.2581787109375,91.60160827636719,607.2633056640625,153.0146484375,153.9207305908203,506.81024169921875,8137.31005859375,298.01336669921875,104.55000305175781,88.28107452392578,126.87198638916016,137.1802520751953,22.473857879638672,78.760009765625,155.74989318847656,733.8768310546875,34.780113220214844,129.99716186523438,203.97999572753906,162.76976013183594,583.1932373046875,302.8531799316406,341.1580810546875,223.69204711914062,156.51280212402344,34.1359748840332,425.3999938964844,511.3668518066406,80.32527160644531,108.89593505859375,211.61276245117188,28.209768295288086,212.35589599609375,43.9471435546875,138.78858947753906,235.84963989257812,397.098876953125,213.67445373535156,80.2508544921875,47.70833206176758,343.4532470703125,290.6220703125,41.38316345214844,184.977294921875,106.56806182861328,193.87977600097656,112.76819610595703,144.1612548828125
2025-09-18,126.60406494140625,234.71336364746094,323.0400085449219,103.23735809326172,202.61624145507812,188.91799926757812,187.8261260986328,269.953369140625,486.466552734375,185.8506317138672,351.03167724609375,284.8585510253906,121.41157531738281,342.8379821777344,766.469970703125,338.05401611328125,216.2611846923828,46.55208206176758,490.5,148.49563598632812,462.7940979003906,89.69286346435547,30.95260238647461,79.54095458984375,68.05388641357422,67.28673553466797,33.09609603881836,198.03701782226562,69.11245727539062,72.13057708740234,154.1519012451172,115.43000030517578,193.83998107910156,171.50221252441406,52.67698669433594,87.06045532226562,310.96087646484375,62.07026290893555,46.216102600097656,295.5888671875,58.87461471557617,251.83639526367188,399.06976318359375,408.974853515625,129.66233825683594,169.44236755371094,307.3501892089844,26.314184188842773,104.22505187988281,65.12528991699219,130.24737548828125,279.4481201171875,471.17578125,582.4205932617188,134.1709442138672,688.1543579101562,92.57979583740234,617.9306640625,153.25132751464844,155.7101593017578,505.2501525878906,8178.47998046875,293.27734375,103.69000244140625,88.98030853271484,125.57894134521484,136.69459533691406,22.567302703857422,79.65611267089844,152.82591247558594,750.9691162109375,34.75081253051758,128.24940490722656,206.19000244140625,165.59652709960938,596.3511962890625,310.62933349609375,345.01849365234375,224.1270294189453,156.39418029785156,34.0869140625,480.1099853515625,477.25067138671875,80.16006469726562,110.3777847290039,214.8658905029297,27.88507843017578,215.8118896484375,44.62504196166992,138.67958068847656,235.23898315429688,400.6123962402344,216.81309509277344,81.08023834228516,48.28532791137695,335.4967956542969,296.91680908203125,40.877685546875,189.68020629882812,106.77288055419922,196.84796142578125,111.43795013427734,144.3280792236328
2025-09-19,125.31441497802734,234.8603515625,322.6700134277344,103.83869934082031,202.9708709716797,189.25650024414062,186.99996948242188,279.3293151855469,484.6152648925781,186.12020874023438,349.5987243652344,282.61822509765625,123.27149200439453,342.4309997558594,774.530029296875,337.50982666015625,216.32318115234375,46.61116027832031,492.8500061035156,148.0601806640625,462.37786865234375,90.31037902832031,30.03731346130371,79.18974304199219,67.99571228027344,66.82626342773438,32.65059280395508,198.65245056152344,65.84668731689453,72.61520385742188,151.5995330810547,113.79000091552734,191.8744659423828,170.0531768798828,52.733848571777344,86.86258697509766,308.9322204589844,62.242496490478516,46.56845474243164,299.6184387207031,58.596435546875,254.74070739746094,400.3036193847656,407.2213134765625,129.2084503173828,168.0957794189453,308.8710632324219,26.227113723754883,104.03785705566406,65.09589385986328,124.80692291259766,280.6440734863281,474.1552734375,580.5422973632812,134.4764404296875,696.3108520507812,92.08586120605469,616.10791015625,154.43475341796875,156.3653106689453,514.6705322265625,8094.7001953125,305.1816711425781,103.93000030517578,87.808349609375,124.51577758789062,137.69505310058594,22.455169677734375,79.58793640136719,151.5824432373047,750.94921875,34.858245849609375,126.65787506103516,205.9499969482422,164.3358154296875,589.6575927734375,309.1156311035156,344.2860107421875,224.35440063476562,156.443603515625,33.782737731933594,495.5,476.6492004394531,80.85979461669922,110.6507568359375,219.41830444335938,27.70363426208496,214.67974853515625,44.53788375854492,138.53091430664062,234.58889770507812,404.6833190917969,217.05906677246094,80.13644409179688,48.4776611328125,338.89959716796875,296.1312561035156,40.699832916259766,188.01625061035156,107.40687561035156,195.4969940185547,110.35222625732422,143.1310577392578
2025-09-22,125.32433319091797,235.14450073242188,324.3900146484375,103.82901000976562,203.38462829589844,199.6302490234375,187.57728576660156,279.90673828125,489.4067687988281,186.02395629882812,351.7282409667969,280.02728271484375,123.02284240722656,336.9019470214844,775.9199829101562,337.371337890625,216.827392578125,46.93607711791992,493.7099914550781,145.9521026611328,467.8882751464844,90.96646881103516,30.22430419921875,77.42390441894531,68.30601501464844,66.37560272216797,32.86840057373047,201.0942840576172,67.04676055908203,72.81874084472656,151.44424438476562,113.22000122070312,189.06520080566406,168.96144104003906,51.425926208496094,86.33824157714844,313.048583984375,62.47213363647461,46.118228912353516,299.4990234375,58.49708557128906,252.38531494140625,405.2190856933594,403.6064758300781,128.97164916992188,168.4423065185547,306.5749816894531,25.104890823364258,106.6706314086914,64.88031768798828,119.50370788574219,281.0196228027344,472.9179382324219,580.8702392578125,134.84877014160156,695.0045776367188,91.64035034179688,617.3629760742188,151.7326202392578,157.14756774902344,511.21240234375,7925.22998046875,324.4519958496094,103.44999694824219,87.97577667236328,124.89888763427734,136.98599243164062,22.464513778686523,80.074951171875,148.6973114013672,755.1925048828125,34.858245849609375,126.51142120361328,205.92999267578125,167.16256713867188,593.3331298828125,304.36688232421875,341.8509826660156,223.68215942382812,157.62008666992188,33.282325744628906,514.7899780273438,475.1548156738281,80.05314636230469,110.47526550292969,227.4519805908203,27.61768913269043,217.08306884765625,43.956825256347656,138.1642303466797,233.86988830566406,405.72845458984375,222.21473693847656,80.29851531982422,47.59292984008789,341.6277770996094,297.2251281738281,40.400299072265625,197.24270629882812,107.15327453613281,193.9290771484375,109.56971740722656,141.92422485351562
2025-09-23,124.93743896484375,230.74513244628906,324.8599853515625,104.88619995117188,204.63571166992188,199.97869873046875,185.81546020507812,280.699462890625,489.1790771484375,187.0541534423828,351.34014892578125,269.40045166015625,124.7236099243164,337.0511474609375,777.5800170898438,337.8561706542969,218.8891143798828,48.17668151855469,494.1000061035156,153.0284881591797,467.0557556152344,91.03401184082031,30.22430419921875,78.19463348388672,69.32420349121094,66.16986083984375,33.72970962524414,199.10906982421875,66.56476593017578,74.14659118652344,152.7738037109375,112.02999877929688,188.3306121826172,167.820068359375,52.449520111083984,86.78343963623047,318.79962158203125,62.845306396484375,46.9697380065918,304.08575439453125,58.199039459228516,251.8463592529297,407.41815185546875,402.5386962890625,130.05702209472656,166.4323272705078,306.8693542480469,25.636980056762695,106.66565704345703,65.37027740478516,120.81725311279297,282.867919921875,475.0758361816406,566.440185546875,134.7246551513672,739.187744140625,91.96963500976562,612.9406127929688,154.12901306152344,157.19644165039062,506.0252380371094,7980.10986328125,310.2933654785156,103.7300033569336,87.76895904541016,123.84529113769531,137.83102416992188,22.548616409301758,80.26001739501953,148.14358520507812,755.4111328125,35.46379852294922,129.15745544433594,204.02999877929688,166.97543334960938,565.652587890625,307.3348083496094,339.2477111816406,224.9376678466797,158.7174835205078,33.84161376953125,490.32000732421875,466.8748474121094,83.62964630126953,110.11454772949219,226.26181030273438,27.49354362487793,218.14569091796875,44.25703811645508,138.471435546875,235.88905334472656,403.26995849609375,224.3104248046875,80.4701156616211,47.45829391479492,336.0127258300781,295.9323425292969,40.578147888183594,193.80520629882812,109.0064697265625,197.597412109375,111.4574966430664,139.92266845703125
2025-09-24,123.38984680175781,234.25286865234375,323.5199890136719,105.60393524169922,206.2906951904297,200.54617309570312,185.30783081054688,273.27117919921875,486.9615478515625,185.7543487548828,352.0068664550781,265.2121276855469,122.46585083007812,337.4190673828125,698.02001953125,336.87664794921875,219.5478973388672,49.10220718383789,497.0899963378906,152.98892211914062,465.5989074707031,90.41650390625,29.88968276977539,79.15071105957031,69.48905944824219,65.9543228149414,33.48220443725586,198.5631103515625,67.24349212646484,74.03028106689453,154.4818572998047,111.2300033569336,184.5485382080078,166.03359985351562,52.165191650390625,84.41896057128906,321.4092712402344,62.34774398803711,46.529300689697266,298.7826232910156,59.53031921386719,247.34518432617188,414.55255126953125,401.42193603515625,130.09649658203125,166.39273071289062,307.53662109375,25.39512062072754,106.41372680664062,65.11549377441406,123.20909881591797,280.703369140625,469.32470703125,565.287353515625,134.06591796875,758.402587890625,92.72506713867188,604.384765625,152.46238708496094,154.3802947998047,506.9394226074219,8036.6298828125,304.9838562011719,103.47000122070312,87.38487243652344,122.85875701904297,138.09329223632812,22.5112361907959,79.71455383300781,148.0658721923828,744.0725708007812,35.64937210083008,133.36569213867188,203.60000610351562,170.9348602294922,574.7067260742188,308.6803283691406,339.000244140625,224.80917358398438,159.54795837402344,33.95935821533203,468.0899963378906,461.217041015625,84.82504272460938,110.12431335449219,221.86807250976562,27.044708251953125,214.07395935058594,44.441036224365234,139.1850128173828,234.81544494628906,402.2049560546875,226.65213012695312,79.98391723632812,47.2948112487793,335.9928894042969,292.17340087890625,40.41902160644531,191.61317443847656,109.26004791259766,197.60726928710938,112.05416107177734,139.00038146972656
2025-09-25,120.91967010498047,227.864501953125,320.1700134277344,104.6146240234375,206.694580078125,198.71434020996094,183.5360870361328,265.4024353027344,487.02093505859375,186.50535583496094,349.9172058105469,258.8808288574219,121.67018127441406,334.2269592285156,712.1500244140625,336.57977294921875,221.5397186279297,49.32866668701172,494.9599914550781,147.42677307128906,459.5830383300781,90.6770248413086,29.997941970825195,77.75560760498047,68.82965850830078,66.47356414794922,33.442604064941406,200.55828857421875,65.58110046386719,72.31474304199219,155.97642517089844,105.83000183105469,180.13111877441406,164.3463592529297,51.22689437866211,83.09326171875,311.876708984375,61.64464569091797,46.832706451416016,295.6784362792969,60.19596481323242,246.08766174316406,412.8311462402344,399.14923095703125,129.82020568847656,165.6303253173828,307.5660705566406,24.911401748657227,105.46078491210938,64.65493774414062,121.57205963134766,285.8825378417969,468.9782409667969,563.7866821289062,132.4525146484375,734.4114990234375,91.33041381835938,605.6398315429688,150.9141082763672,155.4265594482422,503.83905029296875,7906.68994140625,288.0469055175781,104.58000183105469,88.0841064453125,121.34539794921875,135.90780639648438,22.0533504486084,79.38338470458984,147.80357360839844,740.4155883789062,35.317291259765625,135.79693603515625,202.7100067138672,167.1231689453125,553.3214111328125,299.65765380859375,336.57513427734375,224.2753143310547,158.68783569335938,33.93973159790039,487.20001220703125,455.7659606933594,84.05726623535156,111.37217712402344,218.0496063232422,27.025606155395508,212.99147033691406,44.295772552490234,140.19590759277344,234.36236572265625,404.5041809082031,228.26573181152344,78.72553253173828,47.15056228637695,332.2726135253906,293.1181335449219,40.578147888183594,193.81517028808594,108.499267578125,198.3172607421875,113.0616226196289,138.47055053710938
2025-09-26,122.4077377319336,234.14508056640625,322.8800048828125,105.85610961914062,209.5907745361328,203.01516723632812,185.51687622070312,267.1640930175781,494.2873840332031,187.0445098876953,354.3354187011719,259.8548889160156,121.93871307373047,332.66571044921875,708.8400268554688,338.0638732910156,220.4379119873047,49.74220657348633,500.0299987792969,152.1278839111328,461.6048278808594,91.96027374267578,30.135730743408203,77.6482925415039,69.6635971069336,65.85635375976562,33.67030715942383,202.7321319580078,65.88603210449219,73.43904876708984,155.43295288085938,105.7699966430664,183.8105010986328,166.7283477783203,52.13675308227539,85.73475646972656,313.75762939453125,62.40867614746094,47.664642333984375,293.4895935058594,60.841739654541016,246.6964569091797,417.0003356933594,401.73541259765625,131.3397216796875,166.07586669921875,310.12701416015625,24.89188003540039,105.97758483886719,64.35115051269531,123.55218505859375,290.1523742675781,469.6018981933594,561.6301879882812,133.24490356445312,758.3726806640625,91.9452133178711,611.2971801757812,150.69712829589844,156.5608673095703,508.2411804199219,8032.77978515625,280.265625,106.0999984741211,89.00985717773438,122.80128479003906,136.41290283203125,22.202865600585938,80.47430419921875,148.14358520507812,746.020263671875,35.86424255371094,136.16796875,202.9600067138672,166.650390625,561.6783447265625,309.5738525390625,340.0890808105469,225.6099395751953,161.49559020996094,34.85224914550781,487.760009765625,457.8712158203125,86.09819030761719,112.8052749633789,215.72877502441406,27.03515625,215.5437469482422,44.566932678222656,141.81134033203125,233.8994140625,413.29296875,231.4142303466797,79.81231689453125,47.54484176635742,334.6932678222656,297.62286376953125,40.82152557373047,195.95738220214844,110.0696029663086,198.55393981933594,114.65599060058594,140.7958984375
2025-09-29,122.7648696899414,242.01295471191406,322.0299987792969,106.47686004638672,208.13284301757812,204.0406036376953,186.00460815429688,268.1330261230469,494.5843505859375,187.31410217285156,352.882568359375,263.4588317871094,120.35728454589844,326.0726318359375,716.02001953125,338.6872253417969,216.73521423339844,49.7717399597168,499.25,152.97903442382812,467.4026184082031,92.8093490600586,28.935022354125977,78.43852996826172,70.56542205810547,66.34620666503906,35.472129821777344,202.40455627441406,65.98440551757812,73.24520111083984,151.49278259277344,103.27999877929688,185.02369689941406,165.38848876953125,52.34526443481445,88.17838287353516,314.8211669921875,62.01215362548828,47.831024169921875,292.50335693359375,60.72251510620117,243.88197326660156,418.8312072753906,398.51239013671875,130.4911651611328,166.3333282470703,309.7640075683594,25.057828903198242,105.96165466308594,64.71372985839844,125.15982055664062,293.5030212402344,471.6607666015625,564.6215209960938,132.3284149169922,759.6390380859375,91.70124816894531,618.77734375,151.94956970214844,157.5876007080078,511.3613586425781,8095.14013671875,279.5735168457031,107.55000305175781,89.90606689453125,123.10778045654297,136.15065002441406,22.286964416503906,80.32819366455078,149.1441650390625,748.8524169921875,36.21585464477539,134.32257080078125,203.83999633789062,162.80918884277344,558.5407104492188,306.26947021484375,341.0294189453125,226.4502410888672,161.77243041992188,34.44995880126953,481.6099853515625,461.78094482421875,87.17697143554688,114.30661010742188,227.26351928710938,26.80596160888672,216.27865600585938,44.470088958740234,142.2375030517578,234.38206481933594,412.4469299316406,232.37844848632812,80.555908203125,47.11209487915039,337.4611511230469,301.33209228515625,40.48454666137695,196.86407470703125,111.40585327148438,189.31407165527344,111.72160339355469,140.3641815185547
2025-09-30,127.58393859863281,241.62103271484375,317.6700134277344,109.1150131225586,211.45262145996094,203.83154296875,187.12936401367188,276.18768310546875,486.32794189453125,186.79933166503906,354.83294677734375,265.64068603515625,123.08251190185547,328.0714416503906,717.6400146484375,328.6446838378906,214.5284423828125,47.96991729736328,502.739990234375,155.34442138671875,472.8932189941406,93.09879302978516,28.452774047851562,77.98975372314453,71.04058837890625,67.03199768066406,35.15531921386719,203.7445831298828,65.97455596923828,73.07073974609375,150.7066650390625,101.37000274658203,197.15574645996094,165.57705688476562,52.39265060424805,87.1791763305664,318.19891357421875,62.60210418701172,47.997413635253906,299.665771484375,60.57349395751953,243.07357788085938,424.08502197265625,396.93524169921875,131.61599731445312,166.8184814453125,309.50885009765625,24.901643753051758,107.40251922607422,64.98809814453125,123.55218505859375,301.86480712890625,470.1858825683594,565.287353515625,133.3976593017578,770.3283081054688,92.9405746459961,627.7714233398438,153.03436279296875,155.4363555908203,514.6903686523438,8034.66015625,278.0706481933594,107.80999755859375,90.0439453125,121.4124526977539,136.41290283203125,23.810142517089844,80.75677490234375,149.26072692871094,753.40380859375,36.29399108886719,132.80917358398438,203.02000427246094,163.8531951904297,560.0547485351562,311.15167236328125,345.9786071777344,226.865478515625,165.43040466308594,33.7238655090332,493.3900146484375,457.429443359375,87.44910430908203,113.09774780273438,234.86485290527344,26.968307495117188,218.01658630371094,44.276405334472656,143.2483673095703,235.78070068359375,419.9915771484375,232.56539916992188,79.63117980957031,46.97602081298828,338.6714782714844,305.906494140625,41.13978576660156,199.7436065673828,111.76673126220703,192.73585510253906,110.28375244140625,143.56275939941406
2025-10-01,137.7528839111328,238.7893829345703,315.7300109863281,109.35749053955078,207.54176330566406,216.7738494873047,186.5719757080078,292.1404113769531,481.72454833984375,187.77061462402344,358.3655700683594,263.4542236328125,123.98760223388672,331.5320739746094,711.3400268554688,325.082763671875,212.5930633544922,47.615455627441406,498.20001220703125,156.81495666503906,476.53045654296875,92.3462142944336,27.911474227905273,77.08244323730469,70.17754364013672,67.35530853271484,34.65041732788086,202.13653564453125,65.44338989257812,74.50521850585938,150.01763916015625,101.18000030517578,211.6943359375,165.15028381347656,53.340423583984375,85.2796630859375,327.5936279296875,61.99280548095703,46.705474853515625,299.72552490234375,60.94108581542969,245.05966186523438,423.9556579589844,388.9316711425781,131.13250732421875,161.03607177734375,304.87750244140625,24.989498138427734,112.40819549560547,65.43887329101562,125.67935943603516,296.982177734375,462.07891845703125,570.2167358398438,131.74606323242188,762.8897705078125,92.52096557617188,617.5919799804688,153.84303283691406,153.41224670410156,516.439208984375,8036.47998046875,285.7530822753906,105.68000030517578,90.9598388671875,118.7784652709961,139.0354766845703,25.4267635345459,80.88339233398438,148.80413818359375,750.4920654296875,35.73727798461914,131.4129180908203,202.4199981689453,163.98126220703125,597.5762939453125,314.9820251464844,345.770751953125,224.70040893554688,165.3018798828125,34.43033218383789,488.7799987792969,452.69268798828125,87.37568664550781,111.33995056152344,255.53965759277344,26.30937957763672,220.1616973876953,44.13113784790039,143.0303497314453,229.75271606445312,423.4255065917969,230.96163940429688,80.44151306152344,46.53862380981445,345.07025146484375,299.9598388671875,41.027462005615234,197.84051513671875,110.20616149902344,192.58795166015625,109.54036712646484,144.18089294433594
2025-10-02,137.87216186523438,239.4066619873047,320.9100036621094,110.04613494873047,206.88174438476562,222.59788513183594,185.2680206298828,291.0638122558594,485.7438659667969,185.6823272705078,358.962646484375,265.3171081542969,122.9134292602539,336.29534912109375,720.530029296875,326.9824523925781,215.5328826904297,47.654842376708984,495.9200134277344,157.3412322998047,486.1934814453125,92.1050033569336,28.39372444152832,76.3995132446289,69.65390014648438,66.92424011230469,35.214725494384766,201.41192626953125,65.90570068359375,75.06736755371094,148.84335327148438,103.80000305175781,209.1585235595703,165.49766540527344,51.6439208984375,87.82222747802734,335.05816650390625,61.3931884765625,47.145904541015625,298.301025390625,58.97396469116211,245.9479217529297,424.57257080078125,386.962646484375,131.1719970703125,159.39244079589844,301.77679443359375,25.126157760620117,113.44278717041016,64.77252197265625,125.79698944091797,292.66290283203125,464.72186279296875,573.754638671875,130.08489990234375,756.5279541015625,93.17478942871094,625.3709106445312,156.6043243408203,151.85748291015625,512.4942626953125,8071.60986328125,285.5256652832031,104.97000122070312,90.84165954589844,118.21334838867188,138.22927856445312,25.305282592773438,82.07170867919922,147.70643615722656,753.3938598632812,35.55170440673828,131.75465393066406,203.02000427246094,166.30567932128906,597.6360473632812,319.9039306640625,345.14715576171875,220.64093017578125,164.73837280273438,33.468753814697266,471.1499938964844,447.95587158203125,87.39525604248047,113.04864501953125,253.45028686523438,25.793697357177734,219.585693359375,43.927772521972656,141.21670532226562,226.67962646484375,421.55426025390625,230.7451934814453,81.57596588134766,46.56778335571289,343.2052001953125,301.6801452636719,40.62495422363281,197.15301513671875,109.26980590820312,193.41629028320312,108.8556900024414,143.72955322265625
2025-10-03,140.79461669921875,240.36688232421875,318.8999938964844,110.6280746459961,207.6796875,216.5647735595703,182.8990478515625,291.5434265136719,487.0704040527344,184.74989318847656,362.02752685546875,266.170166015625,121.56076049804688,336.4842834472656,715.510009765625,326.7449951171875,215.27462768554688,47.753299713134766,498.75,153.3694610595703,493.40850830078125,92.09535217285156,28.118148803710938,76.09707641601562,70.14845275878906,66.9439468383789,35.650333404541016,201.11415100097656,66.55492401123047,75.10614013671875,149.01805114746094,103.05000305175781,213.79257202148438,165.3586883544922,52.40213394165039,87.08023834228516,345.1618957519531,61.21910858154297,46.8620719909668,295.8604431152344,59.738956451416016,245.9678955078125,427.4084777832031,387.0116271972656,131.68507385253906,161.01626586914062,304.21026611328125,25.223773956298828,109.68778991699219,65.31147766113281,127.50264739990234,293.93792724609375,461.99969482421875,576.8553466796875,130.5049591064453,735.9470825195312,95.34119415283203,632.2435302734375,156.46624755859375,154.0967254638672,514.0940551757812,8178.0,282.9154357910156,104.79000091552734,90.15226745605469,119.35314178466797,137.90875244140625,25.576278686523438,82.05223083496094,147.920166015625,758.4519653320312,35.84471130371094,129.87020874023438,203.0,166.63070678710938,597.6360473632812,319.3382873535156,345.8499450683594,222.20721435546875,164.6889190673828,33.615936279296875,469.1700134277344,450.944580078125,89.5096664428711,114.28597259521484,251.5101318359375,25.841445922851562,219.31756591796875,44.08271789550781,140.06707763671875,226.8076934814453,422.1116638183594,232.9884796142578,82.7294921875,46.723297119140625,347.0643310546875,303.00274658203125,40.877685546875,199.35501098632812,110.49877166748047,196.6605987548828,110.78260040283203,143.660888671875
2025-10-06,140.76478576660156,243.15933227539062,323.42999267578125,112.17993927001953,205.7193145751953,222.91647338867188,182.14256286621094,287.8537292480469,488.8622741699219,180.2430877685547,363.9082946777344,265.6603088378906,122.7343978881836,333.6203308105469,721.5900268554688,328.4764709472656,215.34693908691406,48.324378967285156,500.0199890136719,154.0943145751953,490.9606018066406,90.6866683959961,28.629926681518555,75.56049346923828,71.00178527832031,67.91973114013672,35.887935638427734,197.5705108642578,66.69263458251953,74.47612762451172,149.4741668701172,102.04000091552734,210.5308380126953,165.26939392089844,51.93772506713867,87.71340942382812,344.6104736328125,60.17461013793945,46.764198303222656,297.07574462890625,57.81157302856445,251.0179901123047,431.3985290527344,381.3983459472656,130.7772979736328,157.49139404296875,304.8511047363281,24.696651458740234,113.48759460449219,64.77252197265625,123.89527130126953,299.49267578125,463.8012390136719,575.2255249023438,129.83668518066406,739.167724609375,96.0535659790039,633.5781860351562,153.77398681640625,154.5856475830078,525.2435302734375,8068.75,288.30401611328125,103.30000305175781,89.45303344726562,119.12327575683594,135.69412231445312,24.69788360595703,81.99378204345703,146.11328125,758.66064453125,36.28422164916992,129.78231811523438,205.0,166.0791473388672,583.1732788085938,318.6337890625,345.0284118652344,221.24562072753906,166.88372802734375,33.93973159790039,478.2200012207031,449.5724182128906,90.50812530517578,114.79661560058594,241.6005859375,24.705034255981445,221.42295837402344,43.89872360229492,141.83116149902344,221.57754516601562,422.7884521484375,233.5886688232422,82.57696533203125,46.38310623168945,346.5087585449219,302.9729309082031,38.790279388427734,200.55067443847656,111.72772216796875,193.4261474609375,111.70203399658203,142.62086486816406
2025-10-07,137.7329864501953,246.1575469970703,314.19000244140625,114.6047134399414,208.6352081298828,210.62127685546875,180.579833984375,289.2434997558594,492.8023986816406,181.60289001464844,365.1322326660156,265.6014709472656,123.85830688476562,334.5351867675781,714.5999755859375,324.4990234375,208.27964782714844,47.83207321166992,502.29998779296875,155.54400634765625,482.3678894042969,91.79624938964844,28.255935668945312,77.18000030517578,71.52543640136719,67.99857330322266,35.630531311035156,197.6995391845703,66.83036041259766,74.74752044677734,150.33790588378906,97.9800033569336,207.60720825195312,163.3538818359375,51.666351318359375,91.69048309326172,352.04547119140625,60.4163932800293,46.44121170043945,300.58221435546875,56.88761901855469,246.64657592773438,435.39862060546875,378.9296875,132.03041076660156,160.38259887695312,303.3819885253906,24.725934982299805,108.01390838623047,65.44866943359375,119.72915649414062,297.9309997558594,465.6028137207031,576.2491455078125,130.04672241210938,747.9825439453125,95.95597839355469,627.1039428710938,153.1822967529297,152.51263427734375,520.682373046875,7840.10986328125,281.03680419921875,101.8499984741211,89.02955627441406,121.66148376464844,136.75286865234375,24.548368453979492,81.39962768554688,148.18243408203125,745.98046875,36.616302490234375,129.2453155517578,202.25999450683594,162.96676635742188,580.942138671875,322.2755432128906,340.7225646972656,220.8193359375,167.34837341308594,33.76311492919922,477.8299865722656,452.2697448730469,92.0254135131836,114.78679656982422,223.87078857421875,24.981975555419922,220.53909301757812,43.772823333740234,141.3851776123047,224.25662231445312,421.1361999511719,228.1280059814453,81.96682739257812,46.16926956176758,349.6239013671875,299.2239074707031,38.752838134765625,197.08328247070312,112.36170196533203,186.4346160888672,111.76072692871094,140.0796661376953
2025-10-08,139.9695587158203,247.87220764160156,311.4100036621094,114.6338119506836,209.1868896484375,216.5448760986328,182.34164428710938,288.3430480957031,485.2587890625,180.26251220703125,363.58984375,263.3365478515625,125.11150360107422,343.5745849609375,727.4099731445312,320.3929748535156,203.87844848632812,47.113304138183594,499.8399963378906,156.65609741210938,497.64044189453125,93.03125762939453,28.462615966796875,76.09707641601562,70.97270965576172,69.31932067871094,35.5909309387207,197.34219360351562,67.28284454345703,74.56336975097656,149.2024383544922,101.58000183105469,203.81845092773438,163.51268005371094,51.454647064208984,94.73760223388672,356.82159423828125,60.28099822998047,46.53908920288086,301.3990783691406,56.0332145690918,244.97984313964844,424.1546936035156,375.9712219238281,131.24105834960938,157.79832458496094,299.77325439453125,24.969974517822266,105.80830383300781,64.79212188720703,117.74903869628906,303.19915771484375,463.0885314941406,572.8701782226562,129.69351196289062,753.5863647460938,95.50708770751953,633.77734375,153.84303283691406,152.19970703125,521.5468139648438,7756.830078125,285.3773498535156,100.76000213623047,89.86666870117188,121.2496109008789,134.85879516601562,23.997034072875977,79.64636993408203,146.3852996826172,748.6239013671875,36.420955657958984,128.20059204101562,203.42999267578125,165.24195861816406,561.6384887695312,326.5028381347656,344.5730285644531,223.39682006835938,166.65634155273438,33.331390380859375,489.3599853515625,453.4069519042969,91.38912200927734,114.59039306640625,223.21414184570312,25.067920684814453,222.8828125,42.74629211425781,139.45262145996094,223.1731719970703,424.3810119628906,228.90528869628906,82.22422790527344,45.673561096191406,348.572265625,302.7342529296875,38.677947998046875,198.74722290039062,111.76673126220703,188.4561309814453,111.5259780883789,140.78610229492188
2025-10-09,139.27374267578125,246.95118713378906,310.32000732421875,113.39232635498047,205.87693786621094,219.32249450683594,182.46109008789062,289.13580322265625,486.4566345214844,180.00027465820312,358.6541748046875,257.5811767578125,125.56903076171875,343.0972595214844,734.0399780273438,321.0063781738281,206.2902374267578,47.1526985168457,496.739990234375,156.1000518798828,495.8961181640625,93.22423553466797,28.000049591064453,75.91171264648438,71.05997467041016,68.95463562011719,35.6899299621582,190.33432006835938,67.48941040039062,74.37921142578125,147.16439819335938,98.8499984741211,203.34109497070312,161.08106994628906,51.06972122192383,92.96671295166016,352.67572021484375,59.932830810546875,45.71694564819336,298.201416015625,55.556331634521484,241.7362060546875,416.7913818359375,369.9954833984375,128.39938354492188,157.72901916503906,301.2522277832031,25.233535766601562,104.90017700195312,65.03710174560547,115.5826644897461,294.738525390625,453.5165710449219,561.79443359375,128.7960968017578,755.7900390625,94.17015838623047,631.2872924804688,150.76617431640625,152.8059844970703,519.1123046875,7619.240234375,294.12298583984375,99.72000122070312,88.35986328125,119.9278335571289,140.5604705810547,23.58587074279785,80.54248809814453,146.2784423828125,734.1152954101562,36.07911682128906,127.99552917480469,201.72000122070312,163.16375732421875,567.6547241210938,320.4496765136719,339.3169860839844,219.76852416992188,160.3388671875,32.50718307495117,484.4100036621094,458.27532958984375,89.70543670654297,115.12067413330078,220.57754516601562,24.92467498779297,220.92640686035156,42.852821350097656,137.3218231201172,222.80874633789062,416.68707275390625,227.81314086914062,81.29949951171875,45.78047180175781,344.28656005859375,301.2127380371094,38.21928405761719,194.9111785888672,111.07422637939453,186.66140747070312,110.44026184082031,140.68798828125
2025-10-10,135.8045654296875,236.07530212402344,303.5,113.51841735839844,202.6063995361328,209.01841735839844,178.4497528076172,283.9486999511719,474.6263732910156,181.32122802734375,358.3854675292969,252.06106567382812,121.04356384277344,322.82086181640625,703.030029296875,313.7058410644531,205.2174530029297,44.3465690612793,489.1300048828125,155.77236938476562,486.91693115234375,94.1504898071289,27.2520694732666,76.05805969238281,71.84544372558594,66.96366119384766,35.13552474975586,186.5723114013672,64.72531127929688,75.50353240966797,144.50527954101562,95.06999969482422,201.33236694335938,160.23745727539062,50.1555290222168,86.71418762207031,347.8601989746094,59.6426887512207,44.80672073364258,290.37152099609375,54.99004364013672,237.02542114257812,413.07989501953125,368.0950012207031,127.30412292480469,155.94676208496094,296.6772155761719,25.20425033569336,97.85816955566406,65.69364166259766,116.92147827148438,288.946533203125,449.2205810546875,554.7589721679688,128.45242309570312,761.364013671875,93.14551544189453,629.8629760742188,146.69326782226562,148.4937286376953,507.74432373046875,7450.89990234375,290.16119384765625,102.1500015258789,88.10380554199219,120.25350189208984,145.7764892578125,23.156017303466797,77.35740661621094,145.4138641357422,712.1734619140625,36.36235809326172,123.76774597167969,196.89999389648438,151.275634765625,562.4053955078125,307.04345703125,330.35894775390625,223.2084503173828,155.9097137451172,31.123685836791992,438.9200134277344,456.8561706542969,88.29583740234375,109.00276947021484,213.2946319580078,24.97100830078125,213.09078979492188,40.97407531738281,139.12554931640625,225.3499298095703,412.20806884765625,221.8211669921875,79.00199127197266,44.0114631652832,340.9234619140625,299.7509460449219,37.94315719604492,190.33779907226562,112.29342651367188,178.93028259277344,108.30793762207031,138.45094299316406
2025-10-13,137.40496826171875,238.6424102783203,307.9700012207031,113.28563690185547,202.57684326171875,218.50611877441406,181.3960418701172,286.17034912109375,476.9825439453125,177.9411163330078,351.62872314453125,255.76727294921875,123.24165344238281,354.712158203125,710.0,320.51043701171875,208.75050354003906,44.78964614868164,491.92999267578125,153.22052001953125,500.25689697265625,92.72250366210938,27.645742416381836,75.10196685791016,71.3218002319336,66.49056243896484,35.214725494384766,186.55245971679688,65.25647735595703,76.02691650390625,147.45556640625,98.30999755859375,203.9974365234375,159.94964599609375,51.62786102294922,91.74983978271484,346.06793212890625,59.97151184082031,41.4300651550293,296.3883972167969,55.25828552246094,244.1614227294922,408.6420593261719,371.6412353515625,127.0278549194336,157.1844482421875,303.6580505371094,25.789941787719727,102.06524658203125,65.45846557617188,116.18315887451172,290.0140075683594,452.0119934082031,556.5103759765625,128.44285583496094,767.287109375,93.27237701416016,636.0681762695312,149.0107879638672,151.69126892089844,510.81488037109375,7584.89990234375,305.06744384765625,102.87999725341797,87.82804870605469,122.04460144042969,144.62060546875,23.10929298400879,77.60091400146484,143.27670288085938,724.0984497070312,36.56746292114258,126.7262191772461,202.47999572753906,159.3422088623047,555.5325927734375,314.7934875488281,335.75360107421875,221.10682678222656,157.04669189453125,31.663347244262695,448.0,450.5028381347656,89.245361328125,112.13538360595703,218.3986358642578,24.70073890686035,217.8676300048828,41.593868255615234,140.12652587890625,221.67601013183594,416.8065185546875,222.21473693847656,79.29751586914062,44.86680603027344,340.5762023925781,301.0636291503906,37.84794235229492,192.83871459960938,112.13737487792969,187.36154174804688,109.78490447998047,139.57925415039062
2025-10-14,137.21609497070312,239.2694854736328,306.5899963378906,114.8180923461914,206.3990478515625,217.2218475341797,184.91966247558594,287.5894775390625,481.64532470703125,181.15609741210938,358.74371337890625,256.8850402832031,121.97850036621094,342.2121887207031,704.6699829101562,330.1618347167969,209.79507446289062,44.139808654785156,495.9700012207031,153.1013641357422,522.7642211914062,93.87068176269531,28.501983642578125,76.4873275756836,72.0975570678711,67.67332458496094,35.769134521484375,186.84031677246094,66.1712875366211,77.20938110351562,147.89227294921875,99.27999877929688,205.00180053710938,161.32919311523438,53.95664596557617,93.9857177734375,345.1422424316406,60.251983642578125,41.84113693237305,298.9285888671875,56.77833557128906,245.70840454101562,416.32373046875,379.8211364746094,129.43539428710938,156.7091827392578,297.85052490234375,26.053504943847656,102.13595581054688,66.15421295166016,120.32763671875,296.50775146484375,454.59552001953125,565.1480102539062,127.69819641113281,779.6615600585938,94.20919799804688,654.2355346679688,150.42100524902344,151.89659118652344,510.3379211425781,7737.009765625,296.1435241699219,103.05000305175781,89.44318389892578,123.16524505615234,147.19461059570312,22.913057327270508,79.17884063720703,144.89898681640625,731.8694458007812,36.97768020629883,127.75143432617188,202.05999755859375,159.3028106689453,570.343994140625,315.47821044921875,340.5147399902344,222.5343475341797,157.59043884277344,31.957704544067383,443.760009765625,457.4106750488281,89.40199279785156,113.32360076904297,210.5585479736328,25.221973419189453,219.1288604736328,42.54292297363281,142.81231689453125,225.970458984375,422.0618896484375,223.4249267578125,80.12691497802734,45.770755767822266,345.61590576171875,307.3484191894531,38.60966491699219,195.289794921875,113.61991882324219,188.84071350097656,109.83381652832031,140.75665283203125
2025-10-15,138.81646728515625,234.87014770507812,305.0799865722656,114.96357727050781,197.43460083007812,226.5701904296875,184.91966247558594,290.9855651855469,476.44793701171875,184.57505798339844,354.0567626953125,252.38462829589844,124.92253112792969,349.3720397949219,644.989990234375,327.9895324707031,201.87710571289062,43.78534698486328,496.3900146484375,154.5709228515625,529.2855834960938,94.61361694335938,28.383882522583008,75.73609161376953,73.02847290039062,68.52095794677734,35.87803649902344,186.06607055664062,65.6597900390625,78.18831634521484,147.62054443359375,96.44000244140625,204.95208740234375,161.43836975097656,54.60139465332031,94.2528305053711,344.16729736328125,60.04888916015625,41.34197998046875,298.9684143066406,57.42410659790039,251.2176055908203,418.16455078125,380.3893127441406,126.94891357421875,155.90716552734375,301.40997314453125,26.28778076171875,108.23993682861328,65.73284149169922,120.53437805175781,286.3569641113281,446.8448791503906,560.06298828125,127.46162414550781,789.662841796875,93.03816223144531,636.615966796875,151.34800720214844,159.04454040527344,510.19879150390625,7645.22021484375,300.7193908691406,102.12000274658203,90.08333587646484,122.14038848876953,146.8255157470703,22.791576385498047,78.7989730834961,143.20870971679688,733.2407836914062,37.085113525390625,126.51142120361328,202.8000030517578,160.51426696777344,574.1489868164062,315.99420166015625,348.5126037597656,219.11427307128906,155.21768188476562,31.957704544067383,435.8999938964844,453.82989501953125,90.34171295166016,114.61003112792969,218.26930236816406,25.164058685302734,221.15481567382812,41.89407730102539,143.86285400390625,223.2421112060547,420.47930908203125,222.08682250976562,80.1650390625,45.148681640625,342.947265625,301.4116516113281,38.44779968261719,196.41571044921875,114.39046478271484,187.42071533203125,109.16868591308594,139.44187927246094
2025-10-16,140.25782775878906,229.29502868652344,299.82000732421875,113.99366760253906,191.9771270751953,226.70956420898438,183.6356201171875,289.5076904296875,463.04364013671875,185.97372436523438,341.43890380859375,248.23721313476562,126.67303466796875,352.1763610839844,652.1699829101562,320.51043701171875,196.7694549560547,43.952728271484375,488.80999755859375,152.1878662109375,536.1339721679688,94.61361694335938,27.76384162902832,76.17513275146484,72.48544311523438,68.09713745117188,35.630531311035156,182.99888610839844,64.40069580078125,78.86677551269531,147.2323455810547,99.05999755859375,209.7452392578125,164.88230895996094,54.582149505615234,95.7665023803711,342.87725830078125,59.47827911376953,41.067935943603516,298.68951416015625,56.96710205078125,251.3872833251953,417.5177917480469,379.4978942871094,122.34101867675781,151.8475799560547,294.360107421875,27.05893898010254,109.4139404296875,66.23259735107422,120.95768737792969,280.9899597167969,439.7376403808594,547.196044921875,126.91122436523438,773.2200927734375,92.74541473388672,621.6558227539062,149.31649780273438,156.47286987304688,508.3902587890625,7605.8798828125,310.0097961425781,101.16999816894531,89.29546356201172,121.15383911132812,148.29220581054688,22.642059326171875,76.35416412353516,145.32643127441406,721.6140747070312,36.440494537353516,125.3299789428711,201.99000549316406,161.60755920410156,566.9275512695312,320.67791748046875,344.48394775390625,216.33853149414062,155.26712036132812,32.30112075805664,440.20001220703125,443.65142822265625,89.21599578857422,110.91767883300781,224.88563537597656,25.289541244506836,222.64447021484375,39.792598724365234,141.2761688232422,223.04510498046875,413.9797668457031,220.43385314941406,81.6427001953125,44.371097564697266,332.7389221191406,294.5799560546875,38.42875671386719,192.90846252441406,113.32731628417969,184.89627075195312,108.21990203857422,140.56040954589844
2025-10-17,141.07293701171875,233.57679748535156,303.6600036621094,113.99366760253906,192.95237731933594,223.99168395996094,184.611083984375,292.4438171386719,465.538330078125,185.7988739013672,344.90185546875,248.2568359375,124.9722671508789,347.3832092285156,670.6799926757812,343.82061767578125,201.44639587402344,44.484413146972656,492.4200134277344,155.3057098388672,522.3777465820312,94.05401611328125,27.862260818481445,77.70728302001953,72.51453399658203,69.12218475341797,36.23443603515625,186.71127319335938,65.000732421875,79.98139953613281,148.56190490722656,99.81999969482422,207.89559936523438,165.24952697753906,54.524410247802734,99.7040023803711,343.4582824707031,60.164939880371094,41.55730056762695,298.9884033203125,58.00033950805664,253.2935333251953,424.04522705078125,383.9159851074219,122.80477142333984,152.08523559570312,293.3938293457031,27.361547470092773,110.19661712646484,67.0655288696289,123.86177062988281,280.5748596191406,446.3202819824219,558.23193359375,128.13755798339844,783.7498168945312,93.46754455566406,622.9107666015625,150.52947998046875,155.1527862548828,510.3478698730469,7639.06005859375,288.5269775390625,101.5999984741211,89.90606689453125,121.22088623046875,149.30239868164062,22.903711318969727,76.58792114257812,147.0749969482422,728.99755859375,36.56746292114258,126.218505859375,202.86000061035156,160.98704528808594,575.7725219726562,325.24261474609375,344.12762451171875,217.9147491455078,156.15689086914062,32.016578674316406,447.6400146484375,444.72283935546875,89.36282348632812,109.36611938476562,224.25880432128906,25.4246768951416,221.44281005859375,41.254920959472656,142.5546417236328,225.88180541992188,413.8802490234375,222.40167236328125,82.37676239013672,44.409976959228516,339.17742919921875,293.704833984375,38.60966491699219,193.44650268554688,113.96129608154297,183.43167114257812,109.78490447998047,141.34535217285156
2025-10-20,142.146484375,237.29026794433594,307.95001220703125,114.27494049072266,190.90333557128906,227.1177520751953,186.52220153808594,296.86749267578125,467.9440002441406,187.53750610351562,342.4240417480469,249.2471160888672,126.98136138916016,347.2936706542969,683.1300048828125,346.6575622558594,204.30162048339844,45.567474365234375,494.0799865722656,156.15963745117188,527.95361328125,95.39515686035156,28.403566360473633,77.34387969970703,72.81513214111328,69.63472747802734,36.30373764038086,190.9100341796875,65.61060333251953,79.942626953125,149.9205780029297,100.19000244140625,207.22933959960938,167.65135192871094,55.47710037231445,101.42542266845703,348.6775817871094,60.30033493041992,42.07603454589844,301.51861572265625,57.62281036376953,256.5172119140625,431.0005187988281,380.9673156738281,122.20287322998047,153.75856018066406,298.1265869140625,27.08822250366211,114.80001068115234,67.0655288696289,123.89129638671875,287.18719482421875,446.98345947265625,563.5956420898438,128.321044921875,785.5646362304688,93.60416412353516,624.593994140625,152.639892578125,158.379638671875,513.5376586914062,7681.080078125,274.5319519042969,100.97000122070312,90.12272644042969,121.2496109008789,149.23440551757812,23.071914672851562,76.9190902709961,147.6190185546875,735.3773803710938,36.7921028137207,127.26322937011719,205.8699951171875,164.52294921875,574.4976196289062,330.4423522949219,349.20550537109375,218.22206115722656,158.8855743408203,32.80154037475586,453.3500061035156,448.8581237792969,90.76264190673828,113.21558380126953,213.3144989013672,25.193016052246094,224.40228271484375,42.07807922363281,142.04920959472656,226.63038635253906,416.4183349609375,223.64138793945312,82.85342407226562,45.78047180175781,341.6773986816406,293.82415771484375,38.84770202636719,195.40936279296875,114.60504150390625,187.85516357421875,110.2348403930664,142.3264923095703
2025-10-21,144.81048583984375,245.45208740234375,310.57000732421875,113.89668273925781,190.85409545898438,224.9971923828125,187.42799377441406,294.7241516113281,474.55706787109375,186.84786987304688,341.7474060058594,249.7373504638672,123.76879119873047,340.7503967285156,707.0399780273438,352.3511657714844,210.0279083251953,46.03024673461914,491.2900085449219,157.55966186523438,521.46337890625,95.1828842163086,29.496007919311523,77.21620178222656,72.28180694580078,69.70372009277344,35.37312698364258,195.0393524169922,67.64679718017578,80.48540496826172,149.25096130371094,102.95999908447266,219.54037475585938,171.7404022216797,56.160335540771484,97.48792266845703,344.42333984375,60.754886627197266,42.39902114868164,305.4534606933594,66.18675231933594,250.84832763671875,429.8662109375,382.9363708496094,123.4362564086914,155.24374389648438,292.9303894042969,27.0101318359375,114.25631713867188,69.7896957397461,126.24411010742188,288.9069519042969,445.5184326171875,569.2379760742188,128.81349182128906,785.0361328125,93.51634216308594,629.514404296875,164.33590698242188,155.7003631591797,514.4021606445312,7792.1298828125,272.5213623046875,101.30999755859375,91.29468536376953,122.1595458984375,148.78758239746094,23.2214298248291,77.32818603515625,147.28871154785156,753.0857543945312,36.645599365234375,125.56431579589844,204.5500030517578,166.28598022460938,577.0574951171875,332.40716552734375,350.56158447265625,219.02503967285156,171.07557678222656,32.88984298706055,459.0400085449219,454.6851501464844,90.34171295166016,112.30232238769531,213.48365783691406,25.144752502441406,226.6466827392578,42.44607925415039,142.62400817871094,225.63555908203125,422.2211608886719,222.89361572265625,83.94973754882812,46.276187896728516,344.4552001953125,295.9124755859375,38.37162399291992,197.28256225585938,113.70771789550781,188.92393493652344,110.24462890625,143.3370819091797
2025-10-22,144.99935913085938,244.10975646972656,308.1499938964844,113.74149322509766,191.88845825195312,219.5813446044922,184.0835418701172,289.6741027832031,468.0133056640625,185.70176696777344,341.41900634765625,248.20779418945312,128.2345733642578,338.4035339355469,701.0900268554688,349.15716552734375,207.82630920410156,46.57177734375,491.80999755859375,158.39373779296875,510.78857421875,94.26627349853516,29.52553367614746,78.43406677246094,72.88302612304688,69.64458465576172,35.56122970581055,192.11109924316406,67.24349212646484,79.48709106445312,150.97842407226562,100.88999938964844,216.88525390625,166.3511962890625,55.890892028808594,97.57695770263672,339.9524841308594,61.64464569091797,41.69432067871094,296.74700927734375,66.87226867675781,252.03599548339844,439.0006408691406,381.0456848144531,123.21917724609375,155.40219116210938,289.9920959472656,26.73680877685547,110.95936584472656,69.38792419433594,125.16122436523438,285.61566162109375,445.3600769042969,568.5712280273438,129.740478515625,793.34228515625,93.58464813232422,620.022216796875,164.91775512695312,154.61497497558594,517.2640380859375,7697.16015625,270.05517578125,101.20999908447266,90.03409576416016,121.26878356933594,148.64187622070312,23.099946975708008,77.08467864990234,147.85214233398438,736.7487182617188,36.8702392578125,128.29820251464844,203.02999877929688,166.71934509277344,582.4361572265625,329.5691223144531,346.7408142089844,221.34475708007812,175.95950317382812,34.24390411376953,454.29998779296875,450.8787841796875,90.11656951904297,111.18283081054688,213.9612274169922,24.662128448486328,227.5206298828125,42.22334289550781,141.78160095214844,223.98081970214844,406.5943908691406,221.61456298828125,83.01548767089844,46.00403594970703,342.619873046875,292.0341796875,37.89554977416992,192.72911071777344,114.50750732421875,186.03431701660156,112.20088195800781,144.33786010742188
2025-10-23,146.5798797607422,244.76622009277344,309.8399963378906,112.68428802490234,191.56336975097656,227.4562530517578,188.3238067626953,286.64996337890625,473.3591613769531,184.83731079101562,339.6775817871094,249.95303344726562,134.5801544189453,342.3713073730469,716.3900146484375,352.0635070800781,202.3781280517578,48.13729476928711,490.1600036621094,158.03628540039062,517.3385620117188,94.81623840332031,28.97439193725586,77.03942108154297,72.30120086669922,69.26017761230469,35.17512130737305,190.91998291015625,66.91888427734375,79.21836853027344,151.93919372558594,102.54000091552734,221.4894561767578,179.85897827148438,55.11141586303711,98.42777252197266,341.0062255859375,61.24812316894531,42.07603454589844,305.2143859863281,66.41525268554688,253.233642578125,437.9757385253906,377.1859436035156,123.58426666259766,155.89724731445312,290.4161071777344,26.892993927001953,115.40841674804688,68.53541564941406,125.35810852050781,289.8756408691406,445.5184326171875,570.969482421875,129.80807495117188,790.6998901367188,91.9354476928711,616.8848266601562,169.2273406982422,155.77857971191406,517.2838745117188,7679.41015625,277.3944091796875,98.2699966430664,91.56060028076172,119.48723602294922,147.16546630859375,23.053224563598633,77.37689208984375,147.8618621826172,761.4033813476562,36.48932647705078,132.60411071777344,204.6699981689453,167.4678955078125,573.421875,333.70709228515625,353.5310974121094,221.17623901367188,177.40293884277344,35.333038330078125,456.0899963378906,453.6607360839844,89.8718490600586,112.54782104492188,225.2637176513672,23.764448165893555,232.47621154785156,42.23302459716797,141.1274871826172,216.6822509765625,413.91009521484375,216.4982452392578,82.96781921386719,46.48030471801758,343.215087890625,290.4331359863281,36.56254196166992,196.2363739013672,113.0542221069336,186.07388305664062,113.44310760498047,143.63143920898438
2025-10-24,147.14646911621094,242.6498260498047,312.8800048828125,112.49031066894531,190.31228637695312,227.73500061035156,186.27334594726562,285.5439758300781,474.3788757324219,186.0222930908203,336.0753173828125,249.93344116210938,133.09820556640625,352.156494140625,735.9500122070312,354.6722717285156,204.47166442871094,46.57177734375,492.1000061035156,160.74700927734375,519.5550537109375,95.02851104736328,28.935022354125977,76.6072769165039,72.48544311523438,69.61500549316406,35.769134521484375,189.42112731933594,66.75165557861328,80.05873107910156,150.96871948242188,86.94000244140625,221.7678985595703,176.09744262695312,55.631065368652344,101.06927490234375,337.1360778808594,61.33516311645508,41.95858383178711,302.70404052734375,69.20698547363281,260.0003967285156,444.8216247558594,378.80230712890625,123.44612121582031,156.09527587890625,296.2334899902344,26.51229476928711,117.78031158447266,68.31002044677734,125.58452606201172,289.79656982421875,441.47979736328125,570.8699951171875,129.3832244873047,799.3749389648438,91.40848541259766,618.75732421875,166.17019653320312,160.2277374267578,520.3146362304688,7430.919921875,280.62322998046875,97.2699966430664,90.5560531616211,119.34356689453125,147.20433044433594,23.1373291015625,77.55221557617188,149.1697540283203,767.1671142578125,36.479557037353516,131.79368591308594,204.80999755859375,166.39431762695312,575.6729736328125,333.0918884277344,352.8580017089844,221.15640258789062,176.62188720703125,35.15642547607422,464.17999267578125,460.0046081542969,90.82137298583984,114.03065490722656,232.93467712402344,24.266376495361328,234.02545166015625,42.794715881347656,140.6418914794922,214.49562072753906,423.8833312988281,213.1234588623047,83.1489486694336,46.90797424316406,344.6238708496094,291.1093444824219,36.96244812011719,196.9138946533203,112.97618865966797,187.12286376953125,112.86601257324219,143.18991088867188
2025-10-27,145.71505737304688,245.7068328857422,313.5299987792969,112.88796997070312,190.3221435546875,230.3035430908203,185.88516235351562,284.956787109375,479.7742919921875,184.28366088867188,335.2195129394531,250.766845703125,135.1769256591797,360.0323486328125,749.0,358.7491149902344,208.7723388671875,45.88255310058594,488.07000732421875,162.6435089111328,523.86865234375,94.16978454589844,28.954708099365234,76.44031524658203,72.33028411865234,70.36408233642578,35.64042663574219,187.28697204589844,66.93856048583984,80.56684875488281,150.6969757080078,90.47000122070312,219.77903747558594,176.62347412109375,54.76498794555664,99.38741302490234,337.2738952636719,61.228782653808594,41.63560485839844,311.6396179199219,68.92879486083984,269.4019470214844,465.53826904296875,377.4210510253906,123.3079833984375,158.26368713378906,299.89154052734375,28.532928466796875,120.99760437011719,68.65299224853516,126.71663665771484,287.7604675292969,440.311767578125,569.5662841796875,128.43690490722656,809.116943359375,91.85737609863281,614.3848876953125,166.07156372070312,162.33985900878906,528.1749877929688,7438.330078125,278.711669921875,95.79000091552734,90.65454864501953,119.73628234863281,148.25335693359375,23.146671295166016,77.50350952148438,148.4361114501953,769.3333740234375,36.586997985839844,132.22332763671875,203.27999877929688,184.8519287109375,583.00390625,334.977294921875,357.856689453125,219.12417602539062,177.2052001953125,35.48021697998047,465.4100036621094,466.7620849609375,91.20313262939453,114.92427062988281,229.1539306640625,24.642824172973633,235.1079559326172,43.220821380615234,141.98974609375,217.36187744140625,426.2821044921875,214.71739196777344,85.05560302734375,46.46086502075195,345.06036376953125,290.3834533691406,37.35282516479492,199.61407470703125,113.80525207519531,190.85365295410156,113.40397644042969,144.7499542236328
2025-10-28,144.97947692871094,248.2347412109375,311.0799865722656,111.64649200439453,188.0071563720703,226.62991333007812,184.2427978515625,285.8669738769531,479.6851501464844,177.4748992919922,328.3433837890625,249.4628143310547,136.54946899414062,370.8914794921875,755.0,358.1142578125,203.45489501953125,47.1231575012207,481.44000244140625,161.64064025878906,521.284423828125,91.25593566894531,27.41938018798828,75.76262664794922,71.21512603759766,71.57640838623047,35.32362365722656,188.48805236816406,66.71231079101562,80.32255554199219,149.5809326171875,87.61000061035156,215.69192504882812,178.3603057861328,53.93739700317383,97.70557403564453,334.2309875488281,59.43959045410156,40.95676040649414,308.6013488769531,69.41561889648438,267.9049072265625,464.1452331542969,377.89129638671875,121.05831146240234,155.7190399169922,301.0845947265625,28.161991119384766,120.09246063232422,68.75099182128906,126.22441864013672,284.04412841796875,438.2330627441406,563.1676635742188,126.21598815917969,802.28662109375,90.97911834716797,614.3848876953125,164.52328491210938,161.54782104492188,538.6585083007812,7461.330078125,278.1470947265625,96.30000305175781,89.9159164428711,118.8167724609375,145.8153076171875,22.894367218017578,80.0652084350586,148.0741424560547,762.2083129882812,36.0498161315918,130.5048828125,202.4600067138672,178.30213928222656,651.9013671875,328.65618896484375,358.3021240234375,215.8428497314453,176.64166259765625,35.185855865478516,456.8299865722656,463.98016357421875,90.59622955322266,116.54458618164062,221.8709716796875,24.806917190551758,234.90933227539062,42.9302978515625,142.74293518066406,216.6822509765625,424.3710632324219,214.08766174316406,91.86233520507812,45.94571304321289,344.14764404296875,290.9601745605469,37.43851852416992,197.27259826660156,112.38121795654297,197.55322265625,112.51387786865234,142.66990661621094
2025-10-29,142.34530639648438,242.74781799316406,297.0799865722656,118.43585968017578,187.1697998046875,234.7039337158203,183.33700561523438,285.55377197265625,473.74530029296875,173.93939208984375,324.4724426269531,243.49171447753906,138.9962158203125,383.8289794921875,759.4400024414062,355.3269348144531,201.67843627929688,47.57607650756836,475.760009765625,163.3087921142578,581.933837890625,89.07536315917969,27.429222106933594,74.37781524658203,70.0999755859375,70.30494689941406,34.947418212890625,182.5422821044922,70.51911163330078,78.75910186767578,150.52230834960938,83.83999633789062,212.81802368164062,179.44212341308594,53.302276611328125,96.32051086425781,331.23724365234375,56.97342300415039,40.42549133300781,313.0741271972656,68.680419921875,274.6317138671875,466.0755920410156,370.3383483886719,120.73269653320312,149.13461303710938,301.2325134277344,26.502532958984375,123.00405883789062,66.97733306884766,122.24728393554688,283.5400085449219,427.631591796875,551.8731079101562,121.93828582763672,805.31787109375,89.51533508300781,614.4644775390625,162.3537139892578,160.3939666748047,538.1417846679688,7333.31005859375,272.669921875,94.5199966430664,91.9643783569336,112.44731903076172,141.96888732910156,22.698131561279297,80.28923034667969,145.53074645996094,770.1781005859375,35.62983322143555,134.74241638183594,197.86000061035156,175.9777069091797,650.337646484375,325.06396484375,364.409423828125,208.675537109375,174.35789489746094,36.13762283325195,455.3399963378906,444.59124755859375,90.25361633300781,114.6493148803711,264.27520751953125,24.266376495361328,239.10023498535156,42.52355194091797,140.42385864257812,211.77713012695312,425.48583984375,212.88731384277344,92.85379791259766,45.3333625793457,338.57220458984375,293.32696533203125,38.28593063354492,200.8197021484375,111.7569808959961,193.45628356933594,113.90281677246094,141.2276153564453
2025-10-30,142.5043487548828,244.217529296875,300.7699890136719,118.22248077392578,189.0218048095703,231.5181427001953,197.40158081054688,285.7789001464844,449.56005859375,174.29876708984375,326.58209228515625,239.88356018066406,138.3596649169922,374.3719787597656,738.8800048828125,355.9815979003906,201.85128784179688,47.83207321166992,478.5199890136719,188.49966430664062,579.6080322265625,88.11050415039062,27.88194465637207,75.14388275146484,70.99209594726562,71.86224365234375,35.284027099609375,182.62168884277344,71.01094055175781,74.93840789794922,148.9889373779297,80.88999938964844,213.85223388671875,178.78709411621094,53.54285430908203,96.5678482055664,317.0467224121094,58.3274040222168,40.8780517578125,309.5576171875,68.22341918945312,281.3485412597656,464.4835205078125,371.81756591796875,121.81806182861328,147.05532836914062,305.10748291015625,27.019895553588867,120.92591857910156,67.59468841552734,122.19806671142578,292.4651794433594,425.5528869628906,550.9774780273438,124.38130187988281,823.1666870117188,88.77367401123047,610.580078125,164.14854431152344,161.5966796875,522.4512329101562,7245.7099609375,254.4358367919922,95.1500015258789,91.0878677368164,112.28448486328125,143.31903076171875,22.698131561279297,80.5911865234375,146.32313537597656,769.5023193359375,35.9619140625,133.83438110351562,197.3800048828125,174.5889434814453,651.463134765625,320.4000549316406,361.9447326660156,208.10055541992188,175.40585327148438,35.63720703125,442.92999267578125,461.9971008300781,90.4885482788086,113.1468505859375,266.9814147949219,23.822362899780273,241.7716827392578,42.939979553222656,141.01849365234375,207.482666015625,444.2877197265625,215.3077392578125,90.62301635742188,45.52775955200195,342.29248046875,288.3846435546875,37.09574508666992,202.4039306640625,109.82576751708984,196.21725463867188,112.18132019042969,141.3845977783203
2025-10-31,145.48643493652344,245.0503692626953,301.3399963378906,116.64153289794922,188.66717529296875,232.06570434570312,201.1740264892578,292.0718994140625,448.23345947265625,173.84225463867188,339.0108642578125,237.8539581298828,138.58840942382812,367.5700988769531,732.22998046875,357.81671142578125,201.75314331054688,47.66468811035156,477.5400085449219,189.42311096191406,573.7537841796875,87.0491714477539,28.374040603637695,75.67424011230469,71.3218002319336,72.05936431884766,35.66023254394531,181.9169464111328,71.68966674804688,76.36506652832031,153.06495666503906,81.5,214.18040466308594,180.09718322753906,53.29265594482422,95.65767669677734,312.3691101074219,57.48599624633789,40.48452377319336,307.76458740234375,68.64068603515625,281.2687072753906,457.39886474609375,371.8567810058594,122.52849578857422,144.84732055664062,306.7639465332031,26.51229476928711,120.36132049560547,67.51628875732422,121.84367370605469,285.744140625,414.060546875,549.2957763671875,123.82123565673828,809.0172729492188,88.51019287109375,610.6597290039062,164.19786071777344,161.34091186523438,514.5512084960938,7210.81982421875,260.1011657714844,94.44000244140625,91.3537826538086,112.09292602539062,141.90089416503906,23.03453826904297,81.85741424560547,147.09591674804688,767.9918823242188,35.668907165527344,132.9263153076172,198.5399932861328,178.17408752441406,649.2319946289062,317.204833984375,364.6172790527344,206.43511962890625,176.47360229492188,35.38209915161133,453.82000732421875,457.8993835449219,89.99910736083984,113.57892608642578,254.58450317382812,23.88992691040039,245.30714416503906,43.220821380615234,138.8876953125,206.8917236328125,446.55706787109375,216.82293701171875,91.91954040527344,45.37224197387695,338.0365295410156,287.8874206542969,37.83842086791992,203.69921875,108.97720336914062,192.3182373046875,111.8585433959961,141.86703491210938
2025-11-03,143.82640075683594,243.4238739013672,303.6400146484375,116.31175231933594,188.4011993408203,236.65524291992188,197.78976440429688,289.98724365234375,447.847412109375,171.56942749023438,338.17498779296875,234.68701171875,140.78651428222656,360.529541015625,724.0999755859375,358.699462890625,199.87814331054688,47.89114761352539,475.67999267578125,188.8769989013672,567.1243286132812,86.37376403808594,28.255935668945312,73.64119720458984,70.29390716552734,73.38011169433594,35.472129821777344,180.69601440429688,71.54212188720703,76.64844512939453,149.4935760498047,81.12000274658203,212.86773681640625,176.82196044921875,52.339969635009766,92.25439453125,308.4201354980469,57.13783645629883,40.376304626464844,307.4358215332031,67.77635192871094,283.564208984375,459.2695617675781,370.64202880859375,122.6172866821289,144.15420532226562,305.0187683105469,26.004695892333984,121.39690399169922,66.60497283935547,118.7131576538086,285.24005126953125,408.0025939941406,541.4144897460938,123.2032470703125,817.9415893554688,88.02227020263672,616.8350219726562,159.9474334716797,160.99658203125,513.776123046875,7072.31982421875,255.38665771484375,91.69999694824219,88.80303955078125,110.25392150878906,139.48228454589844,23.043882369995117,80.86390686035156,144.79708862304688,767.0477905273438,35.56147003173828,134.66432189941406,196.36000061035156,177.99681091308594,639.7195434570312,312.5310363769531,360.83612060546875,203.5007781982422,175.03018188476562,36.32405471801758,445.7200012207031,467.1192321777344,90.6255874633789,114.59039306640625,264.2055358886719,23.677576065063477,245.16810607910156,42.82376480102539,139.15530395507812,200.2628936767578,444.2279968261719,215.2978973388672,89.69828796386719,45.31392288208008,334.22698974609375,286.94268798828125,37.58134460449219,204.17747497558594,107.88479614257812,190.6161346435547,111.27166748046875,142.12303161621094
2025-11-04,145.20811462402344,237.9957275390625,300.8599853515625,116.68032836914062,192.3514404296875,229.16860961914062,197.14279174804688,290.3787536621094,447.47119140625,175.17294311523438,342.5235595703125,236.0695037841797,135.96266174316406,349.9786682128906,706.1300048828125,357.5785827636719,198.33688354492188,45.477298736572266,487.6600036621094,193.9608154296875,544.2540893554688,87.1456527709961,25.697057723999023,75.18316650390625,70.73027801513672,71.28072357177734,35.48202896118164,182.750732421875,71.62080383300781,76.29666137695312,148.8627471923828,79.54000091552734,212.6390380859375,176.9013671875,53.60059356689453,91.88834381103516,311.79791259765625,57.42797088623047,40.63209915161133,303.0328063964844,66.43512725830078,277.51605224609375,469.3393249511719,375.2756652832031,126.23848724365234,145.53050231933594,304.920166015625,25.82898712158203,118.84278106689453,67.28112030029297,119.75666809082031,287.7406921386719,413.7042236328125,550.0520629882812,124.65167236328125,839.2604370117188,88.23695373535156,622.7713012695312,158.36956787109375,161.3507537841797,511.0931701660156,7146.02978515625,245.79913330078125,93.83000183105469,89.32499694824219,110.28266143798828,138.8023681640625,22.70747184753418,79.92884063720703,143.96559143066406,764.1758422851562,35.40519332885742,132.5455322265625,192.02999877929688,170.2355499267578,625.5258178710938,306.9144592285156,356.19378662109375,205.93943786621094,173.61642456054688,35.44096755981445,416.3500061035156,469.1774597167969,90.5277099609375,114.06011199951172,249.1123504638672,23.5907039642334,241.87100219726562,42.349239349365234,140.7806396484375,203.188232421875,430.9701232910156,217.354248046875,88.89749908447266,45.129249572753906,337.60003662109375,290.6320495605469,37.43851852416992,203.7191619873047,109.11375427246094,191.97189331054688,111.64334869384766,122.53987121582031
2025-11-05,145.89398193359375,242.81640625,300.9599914550781,116.15657043457031,191.84906005859375,239.8211212158203,197.14279174804688,313.0453186035156,454.47039794921875,174.2793426513672,340.02587890625,232.9221649169922,138.12094116210938,356.97943115234375,639.530029296875,362.845703125,195.134033203125,46.535831451416016,488.7699890136719,195.4005889892578,565.6930541992188,86.6728744506836,26.474563598632812,75.5367431640625,70.3714828491211,71.06388092041016,34.967220306396484,184.4381866455078,73.44060516357422,76.75593566894531,148.15431213378906,81.80999755859375,211.02804565429688,178.30075073242188,54.63988494873047,90.11746215820312,313.23565673828125,57.80514907836914,41.005950927734375,303.93927001953125,68.32276916503906,284.1929626464844,470.851806640625,366.2239074707031,126.52462768554688,144.7681121826172,307.3161315917969,26.082788467407227,122.18952941894531,67.13412475585938,119.29398345947266,283.7673645019531,413.99127197265625,550.6093139648438,124.08196258544922,841.843017578125,88.2174301147461,608.1796264648438,162.04798889160156,162.5017852783203,503.96826171875,7181.8701171875,247.91868591308594,94.94000244140625,89.85681915283203,111.58528137207031,138.7635040283203,22.997161865234375,79.0522232055664,142.61563110351562,769.3036499023438,35.522396087646484,132.7212677001953,189.97000122070312,177.0118865966797,641.6519165039062,314.46600341796875,358.91583251953125,204.6407928466797,172.02468872070312,35.86288070678711,409.1099853515625,467.19439697265625,90.43961334228516,114.79661560058594,274.373779296875,23.706531524658203,247.28341674804688,42.668819427490234,142.4158935546875,201.66156005859375,434.1253356933594,213.8810577392578,88.57337188720703,45.430564880371094,337.3420715332031,283.51190185546875,37.79081344604492,205.27349853515625,109.09424591064453,196.89019775390625,111.19341278076172,118.6311264038086
2025-11-06,146.6096954345703,236.46722412109375,294.8599853515625,115.93348693847656,195.06048583984375,232.49378967285156,196.33653259277344,308.8663024902344,452.93585205078125,172.97779846191406,338.3341979980469,253.7377166748047,137.36505126953125,353.60833740234375,587.1400146484375,362.77630615234375,194.6532745361328,46.78315353393555,493.1499938964844,196.59213256835938,566.3192749023438,84.72386169433594,25.952945709228516,75.89030456542969,70.15814971923828,70.01911926269531,34.80881881713867,183.52496337890625,71.64048767089844,76.86341857910156,148.42604064941406,79.80999755859375,209.49661254882812,177.2288818359375,54.42818069458008,86.84280395507812,309.6510925292969,56.770328521728516,40.11066818237305,304.09869384765625,68.3923110961914,284.7818298339844,469.02093505859375,361.5511169433594,126.23848724365234,146.065185546875,309.0317687988281,25.731372833251953,120.12831115722656,67.6730728149414,118.45720672607422,281.7115173339844,411.1107482910156,550.5795288085938,122.67216491699219,856.1519165039062,87.8856430053711,605.9087524414062,161.58450317382812,160.77032470703125,493.9715576171875,7195.0498046875,241.47088623046875,95.0,89.7681884765625,108.0605239868164,137.52020263671875,23.2214298248291,80.2989730834961,142.94822692871094,828.9280395507812,35.64937210083008,134.93768310546875,173.92999267578125,170.59011840820312,644.3214111328125,312.62030029296875,368.7152404785156,202.45986938476562,173.1122283935547,35.67646026611328,396.1400146484375,460.5215759277344,90.82137298583984,115.15995025634766,277.06011962890625,23.880277633666992,240.8282470703125,42.62039566040039,142.4852752685547,197.9876251220703,433.5679626464844,214.4812469482422,89.23116302490234,45.5374755859375,334.2864990234375,284.7052307128906,37.91459274291992,203.0316619873047,108.05060577392578,189.8739471435547,111.99547576904297,117.71546936035156
2025-11-07,145.8641815185547,240.79798889160156,297.17999267578125,117.77632141113281,199.2767333984375,229.04916381835938,195.38096618652344,313.37811279296875,456.80670166015625,172.84181213378906,344.62322998046875,254.6691436767578,138.3397674560547,347.482666015625,602.510009765625,365.5636291503906,196.28033447265625,47.35693359375,499.05999755859375,202.23202514648438,559.6798095703125,86.39306640625,26.3072509765625,77.35370635986328,71.54847717285156,70.04869079589844,34.98702621459961,183.7036590576172,72.00444793701172,77.18587493896484,150.4446563720703,81.7699966430664,208.77069091796875,178.9756622314453,54.89008712768555,86.81311798095703,312.94024658203125,57.74712371826172,40.18937301635742,306.0909729003906,70.28988647460938,279.1528625488281,474.2448425292969,363.5495300292969,127.68893432617188,147.5305938720703,309.8106994628906,25.340911865234375,118.83082580566406,69.13316345214844,119.6582260131836,287.2860412597656,416.2481689453125,549.27587890625,125.19242095947266,849.5509033203125,89.97398376464844,608.20947265625,162.560791015625,159.72750854492188,493.6933288574219,7251.240234375,236.9742431640625,97.08999633789062,89.64015197753906,108.27328491210938,138.85092163085938,23.230937957763672,80.70806121826172,143.77972412109375,840.5401000976562,35.727508544921875,134.69358825683594,176.11000061035156,168.31492614746094,654.939453125,322.18621826171875,369.6951599121094,203.80807495117188,174.9609832763672,35.97081756591797,393.42999267578125,466.5553283691406,91.74153137207031,116.18124389648438,277.9356689453125,23.96714973449707,240.74879455566406,43.32734680175781,143.31776428222656,203.88755798339844,432.47308349609375,217.91506958007812,91.47146606445312,45.99431228637695,333.3539733886719,285.69964599609375,38.11454772949219,205.56243896484375,110.08911895751953,194.9010772705078,114.65599060058594,118.3849868774414
2025-11-10,145.48643493652344,239.6124267578125,298.7200012207031,119.80964660644531,200.85292053222656,234.0369110107422,197.093017578125,316.7643737792969,456.28021240234375,174.56101989746094,343.1803283691406,253.38470458984375,143.0740966796875,356.39276123046875,584.6900024414062,364.908935546875,197.01141357421875,48.2769660949707,496.9800109863281,203.97958374023438,567.3826904296875,88.60257720947266,26.4647216796875,77.06887817382812,72.35941314697266,71.05402374267578,34.769222259521484,183.88232421875,71.68966674804688,75.76899719238281,151.05606079101562,79.83999633789062,209.9938507080078,180.72244262695312,55.17877960205078,88.67304229736328,299.1534729003906,57.55369567871094,40.6812858581543,310.74310302734375,70.58793640136719,290.02154541015625,457.020751953125,362.8833923339844,129.11965942382812,148.02566528320312,312.45318603515625,25.49709701538086,121.27840423583984,69.10375213623047,121.29238891601562,293.55242919921875,416.40655517578125,550.2610473632812,125.09586334228516,856.9097290039062,90.42288208007812,614.3150634765625,165.35166931152344,162.3739013671875,502.8155517578125,7336.81005859375,238.5292510986328,98.0999984741211,88.89167785644531,107.80908966064453,138.53038024902344,23.192901611328125,81.40937042236328,142.3319549560547,837.1739501953125,35.9814453125,135.37705993652344,177.49000549316406,168.98468017578125,652.160400390625,332.1391906738281,387.26483154296875,202.35081481933594,176.99758911132812,36.21611785888672,400.7699890136719,464.1305236816406,90.97799682617188,117.53641510009766,292.5015563964844,23.96714973449707,246.05197143554688,43.69534683227539,145.40890502929688,202.77455139160156,431.4777526855469,220.2764434814453,88.71636962890625,46.24702835083008,332.1932373046875,291.7063293457031,37.94315719604492,209.2390899658203,109.65019989013672,192.62501525878906,115.63410949707031,117.94192504882812
2025-11-11,148.52816772460938,237.66259765625,301.8599853515625,119.97583770751953,204.27120971679688,227.6553497314453,196.72471618652344,331.2392578125,461.8831481933594,179.48545837402344,348.2155456542969,257.1105651855469,142.69613647460938,349.9985656738281,572.1799926757812,367.1705322265625,200.67677307128906,48.42536163330078,497.07000732421875,203.3639678955078,564.48046875,90.9182357788086,26.366304397583008,78.051025390625,73.12150573730469,70.67948913574219,34.630619049072266,184.38853454589844,71.93558502197266,78.04578399658203,151.62864685058594,82.70999908447266,214.58811950683594,182.5883331298828,55.688804626464844,89.87012481689453,310.44879150390625,58.50148391723633,40.59273910522461,309.5278015136719,70.7568359375,291.1692810058594,460.0158386230469,366.6157531738281,129.42552185058594,150.49110412597656,311.200927734375,26.092546463012695,118.58487701416016,70.17186737060547,123.48768615722656,298.1781005859375,422.3258972167969,555.6246948242188,127.04641723632812,853.9881591796875,93.09671783447266,617.9306640625,166.33782958984375,163.80038452148438,505.47869873046875,7301.2099609375,233.8939666748047,99.22000122070312,88.95076751708984,107.96381378173828,140.91986083984375,24.257930755615234,82.18859100341797,145.30575561523438,854.40283203125,36.000980377197266,137.525146484375,178.0,171.35836791992188,671.892333984375,331.21636962890625,388.0962829589844,205.33473205566406,177.1854248046875,36.902957916259766,395.6000061035156,467.7865295410156,91.55553436279297,117.28109741210938,286.5419006347656,24.30498504638672,245.45611572265625,43.87935256958008,144.85391235351562,208.7926788330078,419.673095703125,221.18162536621094,90.59441375732422,46.28590774536133,336.2309875488281,293.95758056640625,38.75248718261719,207.18655395507812,109.72823333740234,189.49789428710938,117.15998077392578,118.26683807373047
2025-11-12,150.6156463623047,241.5524444580078,301.739990234375,119.92696380615234,206.09365844726562,229.70620727539062,195.87864685058594,329.115478515625,467.4463195800781,178.08682250976562,348.3946533203125,256.44378662109375,141.1544952392578,353.2403869628906,569.510009765625,369.7593994140625,205.64059448242188,47.02057647705078,502.3999938964844,202.87744140625,569.53955078125,90.3779067993164,26.700925827026367,77.15727233886719,73.23875427246094,72.89715576171875,35.036521911621094,183.91207885742188,72.98811340332031,78.42687225341797,148.79483032226562,84.38999938964844,218.17800903320312,182.24095153808594,56.545257568359375,91.02763366699219,322.6402282714844,57.66007995605469,40.30743408203125,307.83428955078125,71.37279510498047,286.86773681640625,471.2597351074219,363.5691223144531,130.90557861328125,152.53079223632812,315.92388916015625,26.258495330810547,119.38846588134766,70.0738754272461,122.19806671142578,296.75482177734375,424.61248779296875,558.4906005859375,126.97881317138672,838.3430786132812,93.49681854248047,612.3629150390625,168.7145233154297,167.16494750976562,507.9232177734375,7287.3798828125,224.82147216796875,98.08999633789062,89.60076141357422,107.4222640991211,140.2496337890625,24.600261688232422,83.04573822021484,144.78729248046875,850.8076782226562,36.0205192565918,134.76194763183594,178.16000366210938,174.0078582763672,679.0339965820312,337.5969543457031,390.53131103515625,203.3719024658203,175.6728057861328,35.391910552978516,398.80999755859375,466.01019287109375,90.51791381835938,118.93086242675781,281.8258972167969,24.758651733398438,244.62191772460938,44.19893264770508,146.31077575683594,209.48216247558594,419.7825622558594,219.95175170898438,91.69073486328125,46.548343658447266,336.8572082519531,293.9476013183594,38.84770202636719,209.14178466796875,109.34783172607422,189.89373779296875,115.53629302978516,119.37940216064453
2025-11-13,146.0132598876953,242.5714569091797,297.1700134277344,118.75389862060547,208.01461791992188,222.23947143554688,193.25088500976562,328.8414306640625,456.3994445800781,175.9305419921875,349.2206115722656,257.8949279785156,134.52047729492188,338.0853271484375,557.2899780273438,361.78436279296875,201.66851806640625,47.000789642333984,513.1099853515625,204.6051483154297,550.1878051757812,87.42545318603516,25.726581573486328,77.38316345214844,72.2323989868164,76.26800537109375,34.531620025634766,186.52268981933594,72.35855865478516,77.43016052246094,150.98812866210938,83.0999984741211,219.96798706054688,180.6033477783203,56.85319900512695,88.95994567871094,323.28033447265625,57.33125686645508,40.09099197387695,303.0028991699219,71.42247772216797,278.573974609375,470.931396484375,360.57147216796875,131.9021453857422,151.19410705566406,305.14697265625,26.356109619140625,115.67925262451172,69.64270782470703,119.3530502319336,285.0226135253906,424.2958068847656,552.8582763671875,126.06148529052734,843.8173217773438,93.81885528564453,599.7333984375,168.2608642578125,162.9248046875,500.12261962890625,7255.56982421875,215.49147033691406,98.3499984741211,89.2166748046875,108.1185531616211,140.86158752441406,24.524188995361328,82.42236328125,144.73838806152344,838.4785766601562,35.698204040527344,136.20700073242188,174.57000732421875,171.87054443359375,692.2518310546875,330.214111328125,375.8321838378906,204.234375,171.9851531982422,35.62739562988281,393.92999267578125,472.7018737792969,90.27320098876953,116.15177917480469,261.2306823730469,24.855178833007812,234.65110778808594,43.89872360229492,145.51065063476562,211.34376525878906,412.9147644042969,217.91506958007812,91.49054718017578,45.984596252441406,334.0738830566406,282.9902038574219,39.14286804199219,203.77484130859375,108.98694610595703,184.5301055908203,116.19163513183594,119.2907943725586
2025-11-14,145.94369506835938,240.25909423828125,299.3900146484375,118.57793426513672,211.1078338623047,225.00714111328125,192.46453857421875,329.565673828125,454.98876953125,178.31991577148438,348.4145812988281,254.27696228027344,133.0186309814453,340.5514831542969,554.3699951171875,354.2953186035156,200.57186889648438,48.20771408081055,508.94000244140625,203.92001342773438,550.6649780273438,88.45784759521484,25.60848045349121,76.65637969970703,72.24217224121094,76.87909698486328,34.55141830444336,185.786376953125,71.43392181396484,76.03282165527344,152.96792602539062,82.81999969482422,219.97793579101562,181.74468994140625,56.49714279174805,87.238525390625,320.8676452636719,57.46665573120117,39.79584503173828,303.6504211425781,70.06138610839844,276.43817138671875,470.30450439453125,354.977783203125,132.06988525390625,150.57032775878906,299.35906982421875,26.483007431030273,112.95088195800781,69.73090362548828,119.2250747680664,286.0307922363281,419.0989990234375,543.0662841796875,126.43807220458984,839.6793212890625,93.55537414550781,594.0660400390625,165.97303771972656,161.2031707763672,506.96923828125,7271.89013671875,220.7210235595703,98.80000305175781,87.83147430419922,108.4086685180664,141.66778564453125,23.83001708984375,82.27625274658203,144.45469665527344,828.5296020507812,35.90331268310547,138.96044921875,179.61000061035156,171.35836791992188,690.7677001953125,328.9340515136719,373.2982177734375,207.98159790039062,173.57687377929688,36.24555206298828,389.8299865722656,464.1869201660156,90.0578384399414,114.73768615722656,256.9026794433594,24.70073890686035,235.69387817382812,43.94770431518555,145.19261169433594,212.83103942871094,416.2093200683594,219.4302978515625,91.50006866455078,45.78047180175781,328.0500793457031,279.4937438964844,39.09526062011719,203.42568969726562,109.10789489746094,180.3441162109375,117.70126342773438,118.95603942871094
2025-11-17,143.6574249267578,236.4574432373047,291.9599914550781,120.94361877441406,206.09365844726562,227.69517517089844,190.30459594726562,334.4298095703125,437.90185546875,175.28948974609375,348.3050842285156,248.1489715576172,131.61622619628906,340.74041748046875,543.22998046875,338.4940185546875,190.87705993652344,47.36682891845703,503.260009765625,204.72430419921875,548.6968994140625,87.3675765991211,24.958921432495117,77.4028091430664,72.75022888183594,76.66226196289062,33.67030715942383,182.84117126464844,70.0075912475586,76.61913299560547,150.2505645751953,80.72000122070312,219.21221923828125,178.69776916503906,55.58294677734375,85.17084503173828,325.87030029296875,57.10881423950195,39.0579719543457,298.9784240722656,67.46836853027344,285.04132080078125,474.732421875,350.7359924316406,130.30369567871094,148.8474884033203,296.1644592285156,26.31706428527832,113.07855224609375,69.26054382324219,112.32417297363281,285.5345153808594,413.6150817871094,534.2296752929688,125.7911148071289,852.7815551757812,93.9554672241211,587.6217651367188,163.8040313720703,156.8646697998047,504.296142578125,7156.64013671875,217.75958251953125,99.55999755859375,87.13887786865234,106.8420181274414,143.59100341796875,23.849035263061523,78.90611267089844,142.64498901367188,817.5947265625,35.942378997802734,134.558837890625,174.2100067138672,164.23731994628906,701.5350952148438,321.6106872558594,367.68505859375,207.9915008544922,173.63619995117188,35.126983642578125,390.239990234375,459.5346984863281,90.25361633300781,110.8096694946289,260.0566711425781,24.58490753173828,232.59539794921875,43.026817321777344,144.29806518554688,212.5946502685547,411.8497619628906,217.4427947998047,91.35458374023438,44.196144104003906,323.8055725097656,278.9956970214844,39.04765319824219,199.09620666503906,110.012451171875,179.4337158203125,116.11270141601562,116.96720123291016
2025-11-18,142.98146057128906,235.154296875,292.2300109863281,120.73833465576172,206.83250427246094,224.12110900878906,189.02056884765625,336.6612243652344,439.8986511230469,176.3385009765625,346.8323669433594,247.2371368408203,131.72564697265625,338.6024169921875,533.77001953125,337.9087829589844,190.0426788330078,47.544898986816406,504.3699951171875,205.50872802734375,543.558349609375,87.8403549194336,25.35259437561035,77.91352844238281,72.56459045410156,76.2581558227539,33.650508880615234,182.99041748046875,70.88689422607422,76.15985870361328,150.75103759765625,83.7699966430664,224.2539825439453,178.42979431152344,56.218074798583984,87.11980438232422,319.5874328613281,57.23454666137695,39.31376266479492,294.8742370605469,67.48822784423828,284.4025573730469,475.76727294921875,329.62506103515625,131.34959411621094,151.2733154296875,295.2179260253906,26.766096115112305,112.02027893066406,69.7896957397461,114.16507720947266,283.3013610839844,410.5168151855469,525.0049438476562,125.94560241699219,858.2858276367188,98.36634063720703,590.8189697265625,164.2001953125,157.23854064941406,490.6824035644531,7147.1298828125,218.38356018066406,98.33000183105469,86.77278900146484,106.3391342163086,144.50404357910156,24.200876235961914,80.05546569824219,143.78952026367188,813.9398803710938,35.63960266113281,136.2919158935547,173.07000732421875,162.57276916503906,722.4822387695312,325.73876953125,363.6217346191406,212.1055450439453,172.7365264892578,35.36247253417969,383.82000732421875,460.78472900390625,89.6662826538086,111.1631851196289,252.57473754882812,24.710391998291016,229.94378662109375,43.43827819824219,144.69564819335938,209.8761444091797,405.1412048339844,217.26568603515625,90.0355224609375,44.6335334777832,319.2628479003906,280.77880859375,39.49515914916992,197.1309814453125,109.7273178100586,178.86962890625,117.4447250366211,116.3173828125
2025-11-19,143.5381317138672,236.2124786376953,291.19000244140625,118.97872161865234,206.8029327392578,234.08670043945312,190.68283081054688,335.1050720214844,446.8426818847656,175.31863403320312,342.4837951660156,248.30584716796875,135.92288208007812,352.4448547363281,531.0900268554688,341.8565979003906,186.37771606445312,47.96039581298828,501.260009765625,206.0548553466797,549.75048828125,87.8499984741211,25.667531967163086,77.06887817382812,71.27490234375,77.26349639892578,33.62080383300781,182.55262756347656,71.42039489746094,74.80160522460938,148.8668975830078,83.01000213623047,221.17123413085938,178.2908477783203,55.33274841308594,84.99276733398438,311.5517272949219,57.00243377685547,38.910396575927734,299.665771484375,68.05451965332031,292.4168395996094,478.67279052734375,327.6853942871094,130.42208862304688,152.13473510742188,299.0238342285156,26.24873161315918,116.44587707519531,69.6819076538086,113.36767578125,283.11279296875,409.0122375488281,527.7713012695312,125.36624145507812,850.0294799804688,97.91744232177734,594.4445190429688,164.98263549804688,159.65863037109375,484.0543518066406,7119.89990234375,223.37542724609375,98.69999694824219,85.66463470458984,105.94263458251953,142.89163208007812,23.658851623535156,80.95156860351562,143.78952026367188,817.2959594726562,34.72150802612305,132.43190002441406,171.94000244140625,163.60696411132812,699.9812622070312,328.338623046875,370.049560546875,215.58511352539062,171.79730224609375,35.185855865478516,386.29998779296875,461.27337646484375,89.09852600097656,111.94879150390625,257.8280029296875,24.39185905456543,231.43345642089844,43.74197769165039,144.9242401123047,208.09336853027344,404.9321594238281,217.6100616455078,89.628173828125,45.4888801574707,322.1853332519531,283.1296691894531,39.21903610229492,197.44021606445312,108.31148529052734,172.8033905029297,115.78709411621094,115.27374267578125
2025-11-20,144.19419860839844,235.92832946777344,286.95001220703125,118.18690490722656,208.58599853515625,219.6825714111328,189.13999938964844,328.90997314453125,438.7264099121094,173.9782257080078,344.1953430175781,246.18801879882812,129.6568603515625,344.8871765136719,519.6099853515625,341.0234069824219,182.09970092773438,47.55479049682617,501.1199951171875,206.43215942382812,542.8129272460938,86.95267486572266,24.919551849365234,77.45191955566406,71.8122787475586,74.35588836669922,33.34360122680664,182.28396606445312,71.47967529296875,74.30326080322266,147.50283813476562,81.4800033569336,220.94252014160156,176.69293212890625,55.890892028808594,85.68528747558594,309.20794677734375,57.21520233154297,38.516868591308594,289.5048828125,67.59751892089844,289.41278076171875,473.91650390625,325.60858154296875,132.9776611328125,150.1643524169922,294.20233154296875,26.56110191345215,109.96158599853516,69.77989959716797,114.44070434570312,282.0905456542969,404.3697814941406,525.303466796875,126.37047576904297,847.0281372070312,96.95135498046875,594.6238403320312,163.03152465820312,156.12684631347656,476.308837890625,7163.330078125,208.6772003173828,99.01000213623047,85.9416732788086,104.8885269165039,141.91061401367188,23.202409744262695,80.22105407714844,144.96337890625,816.03125,34.71174621582031,129.9701690673828,170.42999267578125,157.18521118164062,735.0166625976562,324.4487609863281,366.294189453125,216.5367889404297,170.76910400390625,34.52845001220703,385.6000061035156,461.37677001953125,88.7950668334961,111.26139068603516,239.28236389160156,24.63317108154297,213.01133728027344,43.4970588684082,147.1705322265625,207.34478759765625,398.1937255859375,217.64942932128906,88.13452911376953,45.187564849853516,321.8373718261719,284.8629150390625,38.80961227416992,195.66453552246094,108.79326629638672,170.7549285888672,115.46148681640625,114.10209655761719
2025-11-21,150.34725952148438,246.76502990722656,290.79998779296875,118.12824249267578,211.12754821777344,223.4531707763672,194.1168670654297,332.704833984375,444.6174011230469,174.4055938720703,344.81231689453125,252.34539794921875,130.89016723632812,338.3041076660156,521.989990234375,350.03997802734375,189.44627380371094,48.356109619140625,504.0400085449219,208.00099182128906,547.0867919921875,86.84654998779297,26.13994026184082,79.4849624633789,72.33988189697266,75.00640106201172,33.9376106262207,184.8709716796875,75.0660171508789,76.247802734375,147.17901611328125,85.12999725341797,226.12351989746094,182.2012481689453,56.37204360961914,88.94017028808594,316.830078125,58.55950927734375,39.26457595825195,286.33709716796875,69.87262725830078,299.0638122558594,488.5634460449219,336.3257141113281,134.63531494140625,152.90704345703125,293.84735107421875,27.078462600708008,109.4299545288086,71.48495483398438,121.2431640625,275.6987609863281,408.556884765625,537.7623901367188,129.0162811279297,863.5507202148438,98.75668334960938,600.7792358398438,166.4781494140625,155.60545349121094,470.0268249511719,7388.81982421875,196.86114501953125,100.43000030517578,87.12898254394531,107.78974914550781,142.13400268554688,23.810998916625977,82.1009292602539,147.63394165039062,836.1182861328125,35.278228759765625,131.67369079589844,172.1199951171875,160.83932495117188,753.8658447265625,337.26953125,376.2587585449219,217.1018524169922,168.41673278808594,35.5096549987793,388.3599853515625,463.90496826171875,90.54728698730469,112.30232238769531,236.28761291503906,25.0289249420166,217.4207305908203,44.55509567260742,150.51010131835938,206.33026123046875,408.1869201660156,222.57876586914062,91.81044006347656,46.44142150878906,326.02227783203125,286.7156982421875,39.25712203979492,199.73464965820312,109.27503967285156,176.07894897460938,115.52069091796875,120.1769027709961
2025-11-24,152.6832275390625,238.70120239257812,289.8500061035156,119.30131530761719,209.2065887451172,230.33604431152344,194.31593322753906,329.51123046875,443.1173095703125,174.4153289794922,343.01116943359375,251.57083129882812,137.1363067626953,375.8536376953125,524.5999755859375,353.055419921875,193.71240234375,48.83096694946289,507.80999755859375,209.7088623046875,556.2011108398438,85.89134216308594,24.368408203125,77.76620483398438,72.59390258789062,75.1443862915039,34.0465087890625,181.24917602539062,74.01876068115234,76.12078094482422,146.95330810546875,83.12999725341797,225.71578979492188,181.66529846191406,56.94942855834961,92.39289855957031,324.58026123046875,58.55950927734375,38.94975280761719,292.9217224121094,70.53826904296875,317.8470153808594,498.5536193847656,329.7229919433594,134.82276916503906,151.3921356201172,293.8276672363281,26.7075252532959,113.38077545166016,71.1321792602539,121.04627990722656,273.33660888671875,403.538330078125,535.2247314453125,128.72659301757812,867.7188110351562,100.7083969116211,602.18359375,167.93405151367188,160.18988037109375,471.89849853515625,7263.52001953125,198.36663818359375,99.0,86.04061126708984,106.29078674316406,141.3278045654297,23.98216438293457,82.36392211914062,143.77972412109375,836.5664672851562,35.62983322143555,131.16163635253906,170.16000366210938,162.57276916503906,759.4009399414062,347.2919616699219,381.8619384765625,213.29513549804688,171.9204864501953,35.03867721557617,404.6300048828125,459.8072509765625,91.92752075195312,113.02899932861328,252.09716796875,24.72969627380371,218.71176147460938,44.57468795776367,147.95571899414062,204.22244262695312,408.02764892578125,220.88645935058594,90.74354553222656,46.412261962890625,327.3343811035156,286.07818603515625,38.28593063354492,199.52516174316406,109.15705108642578,171.9226531982422,114.42547607421875,120.97441864013672
2025-11-25,156.26173400878906,244.1979217529297,294.42999267578125,118.85163879394531,209.48240661621094,241.85733032226562,196.30667114257812,336.2236633300781,449.84283447265625,174.599853515625,349.240478515625,253.8749542236328,137.06668090820312,382.8842468261719,528.8900146484375,359.7112731933594,194.93896484375,48.900211334228516,508.57000732421875,212.2209930419922,563.16845703125,86.25798797607422,25.31322479248047,78.394775390625,73.09219360351562,75.2232437133789,34.55141830444336,182.75161743164062,75.53034973144531,76.67774963378906,145.75608825683594,85.47000122070312,229.48468017578125,184.62294006347656,56.29505920410156,90.95838928222656,331.14862060546875,59.0914306640625,39.44166564941406,292.3140869140625,72.30669403076172,323.00689697265625,513.2901000976562,343.9178161621094,135.74041748046875,154.42196655273438,298.7576599121094,26.404916763305664,114.29441833496094,71.15178680419922,129.03988647460938,274.2596130371094,403.7164611816406,543.8026733398438,130.41641235351562,886.734130859375,102.8064956665039,615.470458984375,169.8950653076172,162.74771118164062,474.8752136230469,7453.3798828125,195.14768981933594,101.37999725341797,87.50496673583984,108.41834259033203,141.92031860351562,24.457622528076172,82.49054718017578,145.25685119628906,848.5369873046875,35.56147003173828,132.07740783691406,173.44000244140625,160.83932495117188,785.2012939453125,361.7004089355469,388.7467041015625,215.20840454101562,170.8683624267578,35.22510528564453,401.6099853515625,465.3726806640625,90.51791381835938,114.00118255615234,260.5640869140625,24.96135902404785,220.72776794433594,45.378013610839844,151.4642791748047,203.78904724121094,416.8662414550781,225.4419403076172,91.69405364990234,47.53976821899414,332.5331726074219,291.5867919921875,38.64775085449219,205.58045959472656,109.35369873046875,177.7117919921875,112.98491668701172,125.91695404052734
2025-11-26,153.4486083984375,242.84579467773438,301.3800048828125,119.96605682373047,210.6842498779297,249.34866333007812,195.3710174560547,339.63409423828125,450.488525390625,176.03738403320312,350.88238525390625,253.9043731689453,137.9717559814453,395.3543701171875,533.1699829101562,361.030517578125,195.161865234375,48.999141693115234,511.2300109863281,211.63516235351562,570.2452392578125,87.3675765991211,25.02781105041504,78.61084747314453,73.54163360595703,74.9768295288086,34.947418212890625,183.67698669433594,76.1231460571289,78.0360107421875,146.71778869628906,87.19000244140625,227.18756103515625,184.79165649414062,56.8820686340332,92.69959259033203,333.3643493652344,59.5556526184082,39.64826583862305,295.48187255859375,72.33649444580078,319.6534423828125,512.2055053710938,348.2281494140625,135.56280517578125,154.74868774414062,303.33270263671875,27.019895553588867,115.60902404785156,71.41636657714844,129.23678588867188,274.0710754394531,403.7659606933594,542.2702026367188,130.85093688964844,881.1801147460938,102.48445129394531,620.022216796875,169.16217041015625,165.21702575683594,483.3475341796875,7566.669921875,203.00193786621094,101.51000213623047,87.63359069824219,107.74139404296875,143.7366943359375,24.4481143951416,82.40287780761719,145.02207946777344,857.9481811523438,35.85447311401367,132.89471435546875,173.4600067138672,162.65158081054688,782.49853515625,368.3688049316406,391.41912841796875,215.48597717285156,171.90061950683594,34.9896125793457,409.67999267578125,466.7098693847656,91.81005096435547,115.5429458618164,270.9014892578125,24.922746658325195,223.1807403564453,45.29964065551758,152.1997833251953,204.63043212890625,417.68243408203125,226.9473114013672,92.79003143310547,47.578651428222656,331.7975769042969,293.9376220703125,38.92387390136719,207.24639892578125,110.35658264160156,179.23577880859375,113.241455078125,125.72004699707031
2025-11-28,152.58383178710938,244.952392578125,303.3399963378906,120.99250030517578,209.80751037597656,251.62298583984375,196.9735565185547,340.5113525390625,452.74359130859375,176.06651306152344,352.1860046386719,255.95355224609375,140.13999938964844,400.7143249511719,540.1400146484375,362.32000732421875,195.27468872070312,49.661964416503906,513.8099975585938,210.76136779785156,572.2630004882812,88.0718994140625,25.372276306152344,78.95459747314453,73.70773315429688,75.83433532714844,35.13622283935547,185.08987426757812,76.77519989013672,78.52458190917969,148.3075408935547,88.02999877929688,225.51690673828125,184.4034881591797,56.67035675048828,93.4145736694336,333.1083679199219,59.720062255859375,39.74665451049805,297.30487060546875,73.0418701171875,319.4937744140625,505.7676696777344,349.64862060546875,135.20761108398438,155.74874877929688,308.6965026855469,27.234647750854492,117.24480438232422,71.65154266357422,129.25648498535156,276.6019592285156,406.16143798828125,547.8429565429688,131.21788024902344,878.5975341796875,102.78697967529297,620.7593383789062,170.40017700195312,166.90916442871094,489.82867431640625,7507.2900390625,200.02069091796875,101.69999694824219,87.91062927246094,108.01216888427734,144.4748992919922,24.476640701293945,82.61717224121094,144.9340362548828,858.1573486328125,36.0400505065918,134.86410522460938,175.42999267578125,165.55712890625,778.0904541015625,364.5086669921875,393.2769470214844,215.1786651611328,173.60781860351562,35.5587158203125,418.010009765625,469.7420959472656,92.72041320800781,116.87846374511719,275.2891540527344,25.11579704284668,224.59095764160156,45.554351806640625,150.99713134765625,206.8872833251953,419.5138244628906,228.09848022460938,92.90642547607422,47.675846099853516,332.4437255859375,296.0892639160156,39.14286804199219,208.04446411132812,110.18943786621094,178.13731384277344,114.37614440917969,126.20247650146484
2025-12-01,149.20413208007812,252.23236083984375,305.1199951171875,117.80564880371094,207.84779357910156,254.1167755126953,194.70411682128906,332.655517578125,451.9190673828125,171.21005249023438,349.449462890625,255.76727294921875,138.4690704345703,383.92840576171875,533.2100219726562,357.4000549316406,194.36561584472656,49.62238693237305,508.54998779296875,206.5314483642578,564.6096801757812,85.38961791992188,25.51990509033203,78.51263427734375,71.48008728027344,74.947265625,34.62944793701172,184.50282287597656,76.49856567382812,77.2933578491211,149.69119262695312,92.0199966430664,222.89161682128906,184.0153350830078,55.93900680541992,94.05010986328125,324.6590270996094,59.420249938964844,39.50069046020508,287.3432312011719,72.47557830810547,314.5035400390625,500.50390625,350.0502624511719,134.2859344482422,155.3922882080078,304.5947570800781,27.49820899963379,115.42051696777344,71.00025177001953,128.203125,270.2796936035156,403.013671875,541.3148803710938,130.71575927734375,855.2327880859375,100.84500885009766,613.6183471679688,168.84521484375,165.7384490966797,484.5820007324219,7517.08984375,199.02032470703125,101.23999786376953,87.21803283691406,106.90003967285156,145.2228240966797,24.02971076965332,82.25676727294922,144.22972106933594,852.6002807617188,34.96568298339844,137.62124633789062,174.8800048828125,165.50787353515625,748.0913696289062,363.06982421875,387.4154357910156,212.214599609375,166.7691192626953,35.91194534301758,438.2900085449219,466.3896789550781,89.56838989257812,115.99466705322266,268.7325134277344,24.893789291381836,224.1937255859375,45.6229248046875,150.21192932128906,204.5314483642578,408.24664306640625,227.6360321044922,92.35357666015625,48.025760650634766,328.41790771484375,290.72015380859375,38.79057312011719,208.1442108154297,107.50524139404297,180.5420379638672,115.0766830444336,125.2868423461914
2025-12-02,147.92181396484375,255.7498779296875,310.25,116.55438232421875,206.7689666748047,264.67047119140625,196.37632751464844,333.5130615234375,453.7867431640625,170.76324462890625,344.00628662109375,251.75711059570312,140.72683715820312,379.4435729980469,537.75,357.78692626953125,204.03102111816406,48.94967269897461,506.6499938964844,203.6817169189453,578.93212890625,85.17735290527344,25.43132781982422,77.41263580322266,70.97201538085938,75.76533508300781,34.748687744140625,183.26902770996094,76.75543975830078,75.84717559814453,147.4439697265625,91.7699966430664,225.3279571533203,186.59307861328125,54.9863166809082,98.94576263427734,325.880126953125,59.942501068115234,39.81551742553711,288.2098693847656,73.18096923828125,315.40179443359375,497.8272705078125,346.8174743652344,133.88951110839844,153.82786560058594,303.5693359375,27.45916175842285,118.68011474609375,69.73715209960938,127.71090698242188,271.9173278808594,404.6469421386719,543.2454223632812,130.6095428466797,828.0953369140625,99.566650390625,606.3775634765625,169.9148712158203,166.34837341308594,487.82757568359375,7601.10009765625,199.17881774902344,99.83999633789062,86.3176498413086,107.13213348388672,144.3486328125,23.915599822998047,82.1301498413086,142.6841278076172,855.40869140625,34.399200439453125,135.4647674560547,176.47999572753906,168.12779235839844,740.0032348632812,353.1565856933594,388.64739990234375,210.8267059326172,167.54330444335938,35.67646026611328,449.3500061035156,462.5664367675781,89.02999877929688,116.87846374511719,265.51885986328125,24.63317108154297,227.967529296875,45.53475570678711,149.1086883544922,207.9958953857422,409.3016662597656,228.50189208984375,92.70274353027344,48.28819274902344,327.6524658203125,288.71795654296875,38.66679382324219,207.8748779296875,106.2762222290039,176.20761108398438,113.84333038330078,122.52018737792969
2025-12-03,148.36911010742188,267.3410339355469,307.239990234375,115.41062927246094,206.48193359375,267.9622802734375,198.2974090576172,340.4719543457031,467.0191345214844,171.1226348876953,342.7624206542969,255.26724243164062,137.90213012695312,378.4889221191406,543.5499877929688,365.1568908691406,200.5400848388672,49.9488525390625,503.6000061035156,198.29998779296875,587.8973388671875,85.22559356689453,25.628164291381836,76.80369567871094,70.53235626220703,76.6326904296875,35.72248840332031,183.7864227294922,78.28678894042969,73.2870101928711,148.75894165039062,94.97000122070312,227.18756103515625,189.36990356445312,55.140289306640625,101.3191146850586,325.7127380371094,59.9908561706543,40.55339050292969,287.3830261230469,74.20426940917969,319.9927978515625,484.35443115234375,350.61846923828125,131.8479766845703,155.30319213867188,307.75982666015625,27.654394149780273,120.86348724365234,69.87529754638672,131.05799865722656,275.6590576171875,406.494873046875,551.0272216796875,129.89498901367188,803.8123779296875,99.50810241699219,614.2366943359375,171.43019104003906,170.9033203125,475.6119689941406,7679.419921875,205.74546813964844,98.61000061035156,86.02082824707031,109.65618896484375,143.81439208984375,24.314985275268555,84.49976348876953,143.51560974121094,865.62646484375,33.998756408691406,137.7098846435547,177.3699951171875,172.4319610595703,721.7225952148438,355.3992004394531,397.7575378417969,213.50331115722656,167.19590759277344,37.135162353515625,466.44000244140625,470.7308654785156,88.81465148925781,118.72463989257812,257.3603820800781,24.440120697021484,229.20889282226562,46.45563888549805,149.14842224121094,206.39234924316406,407.1617126464844,231.44374084472656,95.25357055664062,49.503177642822266,327.64251708984375,291.457275390625,38.72391891479492,212.9325714111328,105.4896469116211,176.4846954345703,116.2311019897461,120.67903900146484
2025-12-04,147.4347381591797,263.9018859863281,305.8500061035156,115.3910903930664,204.2550048828125,268.770263671875,198.2974090576172,335.2872619628906,470.9928283691406,173.69654846191406,346.0064392089844,256.512451171875,138.70777893066406,378.90655517578125,550.6099853515625,368.1524963378906,199.74502563476562,50.067569732666016,503.2300109863281,197.78366088867188,595.5108642578125,85.49575805664062,25.411643981933594,76.21440887451172,70.05360412597656,76.64254760742188,35.95103073120117,183.1098175048828,79.23524475097656,74.99703979492188,149.4164276123047,96.25,225.86495971679688,189.73812866210938,55.380863189697266,103.09664154052734,328.4110107421875,59.58466339111328,41.0748176574707,290.7401428222656,74.80036163330078,317.7671813964844,485.2400207519531,346.2408142089844,130.6785430908203,157.5408935546875,311.67425537109375,27.89842987060547,120.4974365234375,69.52005004882812,124.77729034423828,278.4083251953125,401.1100769042969,539.6630249023438,128.29205322265625,812.6053466796875,99.5276107788086,617.1390380859375,167.6468505859375,172.05435180664062,478.70819091796875,7519.669921875,212.2824249267578,99.51000213623047,85.99114227294922,108.08953094482422,142.6973876953125,24.4386043548584,84.48992919921875,142.1950225830078,870.068115234375,33.3639030456543,137.2864532470703,178.5,172.60025024414062,720.8549194335938,354.2282409667969,401.25457763671875,213.25547790527344,170.0346221923828,37.6988639831543,463.739990234375,468.0093688964844,88.1685791015625,119.67719268798828,264.28515625,24.507688522338867,231.80091857910156,46.573204040527344,149.38697814941406,205.89743041992188,403.4590759277344,233.4705810546875,91.90743255615234,49.930850982666016,325.1475524902344,292.51318359375,39.28568649291992,213.52114868164062,104.49659729003906,174.8221893310547,115.57989501953125,118.55236053466797
2025-12-05,144.62164306640625,261.2074279785156,306.739990234375,114.90230560302734,200.197021484375,267.3338317871094,199.18466186523438,325.1644287109375,473.9234619140625,173.7257080078125,343.50872802734375,255.6005859375,138.6083221435547,388.0652160644531,550.9500122070312,367.3589782714844,206.88836669921875,48.67267608642578,504.3399963378906,197.42620849609375,599.5064086914062,86.14219665527344,25.460853576660156,76.67601776123047,69.45761108398438,76.84953308105469,36.07027053833008,185.81622314453125,79.74899291992188,73.90261840820312,147.19863891601562,99.69999694824219,224.98985290527344,190.18600463867188,55.9005126953125,104.39751434326172,327.3914489746094,59.05274200439453,40.82886505126953,282.85052490234375,75.70626068115234,321.4599304199219,484.2848205566406,349.6324768066406,128.2703094482422,156.2636260986328,310.62908935546875,28.005807876586914,121.1337890625,69.07598876953125,121.98149871826172,276.41339111328125,396.9770202636719,542.8573608398438,127.14298248291016,807.05615234375,98.91282653808594,622.714111328125,165.87399291992188,173.64808654785156,481.01788330078125,7538.080078125,215.50137329101562,98.88999938964844,85.53600311279297,108.36998748779297,142.2393341064453,24.752408981323242,86.05328369140625,140.3265838623047,876.382080078125,33.070899963378906,137.2273712158203,173.52000427246094,173.0556182861328,716.4268188476562,365.59033203125,401.6519775390625,214.6532440185547,169.82618713378906,38.03510665893555,466.760009765625,469.4501647949219,88.74613189697266,121.3858871459961,277.3785095214844,24.401512145996094,232.74435424804688,46.56340408325195,152.34886169433594,207.5009765625,399.5573425292969,232.87680053710938,92.01412200927734,49.82392883300781,329.2627868652344,293.72845458984375,39.69511032104492,214.42893981933594,103.9361572265625,177.49407958984375,114.98788452148438,116.81951141357422
2025-12-08,141.58982849121094,261.1192626953125,301.3900146484375,113.13292694091797,198.81137084960938,267.4934387207031,198.6463165283203,316.62847900390625,473.59564208984375,177.9411163330078,341.7076110839844,231.441650390625,139.30453491210938,398.8647155761719,553.1199951171875,359.3541564941406,206.10609436035156,46.882080078125,497.2300109863281,197.47586059570312,592.876953125,87.6280746459961,25.5986385345459,74.75102233886719,68.90070343017578,77.72673797607422,36.11995315551758,182.0650634765625,79.7391128540039,74.78205871582031,145.9327392578125,101.20999908447266,223.22972106933594,190.37510681152344,53.918155670166016,102.06388854980469,327.2528381347656,58.60786437988281,40.14017868041992,286.0880432128906,75.36779022216797,314.0396423339844,482.74249267578125,344.99847412109375,128.56761169433594,155.4813995361328,310.79669189453125,28.308414459228516,122.1441879272461,69.32269287109375,118.83129119873047,279.5397644042969,386.8531799316406,537.8021850585938,126.49600219726562,796.3867797851562,98.81523895263672,620.5499267578125,162.38775634765625,173.962890625,488.8430480957031,7438.35986328125,218.43309020996094,98.11000061035156,85.2094955444336,108.74713897705078,142.837646484375,24.505168914794922,85.42401123046875,135.32785034179688,876.0534057617188,33.13926696777344,136.9319610595703,174.41000366210938,173.5506134033203,701.3675537109375,353.70233154296875,399.595458984375,209.60739135742188,170.24305725097656,37.817543029785156,465.75,463.404541015625,86.29890441894531,121.83760833740234,283.9649963378906,23.9768009185791,232.36697387695312,46.72994613647461,152.78619384765625,202.3636932373047,395.416748046875,233.0054473876953,92.67364501953125,49.969730377197266,324.8890686035156,294.63494873046875,39.32377243041992,211.68560791015625,103.00210571289062,177.58316040039062,114.43534851074219,116.33708190917969
2025-12-09,139.8005828857422,264.08807373046875,300.75,113.46529388427734,198.98953247070312,266.4759826660156,195.36647033691406,309.35418701171875,475.0658874511719,174.39590454101562,344.493896484375,226.25489807128906,137.83251953125,404.0257873535156,546.6500244140625,360.97100830078125,206.83738708496094,47.178863525390625,491.42999267578125,196.60205078125,590.7499389648438,87.02986145019531,25.10654640197754,75.6054916381836,68.8127670288086,78.36740112304688,36.139827728271484,182.23422241210938,79.97622680664062,76.4530029296875,145.7168426513672,100.80999755859375,221.98667907714844,189.1807861328125,54.495540618896484,101.92486572265625,326.46099853515625,58.07594299316406,39.687618255615234,284.21527099609375,76.81124114990234,317.3353271484375,486.0758361816406,340.423583984375,128.87484741210938,156.4517364501953,296.30255126953125,28.36698341369629,122.24592590332031,69.16480255126953,115.36608123779297,275.2918395996094,387.8466491699219,534.9262084960938,126.02285766601562,793.4724731445312,97.21483612060547,610.3869018554688,163.5069122314453,175.93045043945312,489.8385925292969,7318.2900390625,219.41363525390625,94.25,86.16923522949219,109.02759552001953,141.86660766601562,24.08676528930664,86.73171997070312,136.5897674560547,859.3822631835938,33.01229476928711,137.7394256591797,173.1699981689453,174.2336883544922,690.7162475585938,352.79931640625,397.9959716796875,207.50576782226562,170.64999389648438,37.87687683105469,465.8500061035156,462.1143798828125,86.45552825927734,123.88999938964844,281.4278869628906,23.65826988220215,234.5716552734375,46.945472717285156,152.74644470214844,199.30508422851562,397.1387023925781,229.1655731201172,94.0509033203125,50.125247955322266,324.55108642578125,289.9132995605469,38.21928024291992,209.1118621826172,102.88411712646484,178.60243225097656,116.67510986328125,113.9642562866211
2025-12-10,142.6136932373047,266.7237548828125,300.1000061035156,111.59815979003906,199.1280975341797,274.4660339355469,200.04200744628906,310.86224365234375,493.9906311035156,175.0854949951172,338.3839416503906,232.08876037597656,137.9319610595703,410.6685485839844,568.3900146484375,372.53680419921875,210.0794219970703,47.52511215209961,490.42999267578125,196.8105926513672,611.6124267578125,87.45440673828125,25.864368438720703,76.3715591430664,68.40242004394531,79.09676361083984,36.85527038574219,184.6122589111328,82.21891784667969,77.16632843017578,148.58230590820312,100.70999908447266,229.1366424560547,194.77420043945312,55.32312774658203,106.53253173828125,337.5769958496094,58.67556381225586,40.2680778503418,282.5118103027344,80.43478393554688,320.5810852050781,466.4039611816406,346.2013244628906,129.0730743408203,158.79837036132812,305.76806640625,28.825777053833008,123.572509765625,69.28321838378906,118.16187286376953,283.7976379394531,390.1317443847656,536.2297973632812,127.36505126953125,811.5274658203125,98.33706665039062,621.7567138671875,164.07144165039062,176.79620361328125,476.43829345703125,7504.3701171875,220.87948608398438,93.62999725341797,86.92120361328125,109.1629867553711,146.82960510253906,24.514678955078125,88.7178726196289,136.775634765625,885.5940551757812,32.7493896484375,141.60926818847656,175.66000366210938,180.38136291503906,724.2557983398438,354.9526672363281,407.55322265625,205.76100158691406,173.4192352294922,39.488868713378906,475.8299865722656,462.6700134277344,87.18968963623047,126.600341796875,297.4065856933594,23.542436599731445,242.44700622558594,48.5521240234375,154.72434997558594,193.33631896972656,397.2780456542969,233.02525329589844,96.64051818847656,52.05949783325195,323.78570556640625,295.62109375,38.00980758666992,215.0574188232422,101.92056274414062,185.153564453125,117.94792938232422,116.24846649169922
2025-12-11,142.0172576904297,264.9111022949219,300.92999267578125,111.69591522216797,204.7003936767578,269.4385681152344,203.2122039794922,312.8336181640625,495.3317565917969,176.493896484375,345.69793701171875,238.97171020507812,138.3397674560547,404.1053161621094,581.030029296875,381.78155517578125,210.1781463623047,46.95132827758789,495.8500061035156,196.9197998046875,621.8101196289062,88.61222076416016,27.399694442749023,75.87066650390625,68.13861083984375,78.13084411621094,36.91489028930664,187.8858184814453,82.81169891357422,78.98385620117188,147.90518188476562,101.36000061035156,231.07577514648438,200.3278045654297,55.746543884277344,104.82451629638672,356.56219482421875,58.636878967285156,41.0748176574707,287.3133544921875,80.48455810546875,313.2906188964844,479.9563903808594,352.4424743652344,134.0778045654297,161.49154663085938,312.9363098144531,28.76720428466797,124.2976303100586,68.19773864746094,117.29557037353516,287.6882629394531,400.6828308105469,560.6201782226562,128.3886260986328,813.962646484375,97.3416976928711,630.4037475585938,166.98326110839844,177.36679077148438,481.3265075683594,7511.16015625,196.95030212402344,93.95999908447266,86.80247497558594,110.85536193847656,146.1822509765625,24.5336971282959,90.00591278076172,137.69515991210938,895.4334716796875,32.946319580078125,141.23507690429688,178.0,179.45079040527344,744.7903442382812,364.79644775390625,410.3547668457031,209.34962463378906,176.09912109375,39.89434051513672,477.260009765625,468.546142578125,87.72708129882812,127.26811218261719,306.2913818359375,23.455564498901367,242.60589599609375,48.689273834228516,154.63490295410156,193.34622192382812,401.4982604980469,233.6784210205078,97.45523834228516,52.07893753051758,343.56689453125,298.1114196777344,38.29545593261719,217.2421112060547,101.74358367919922,187.31088256835938,117.94792938232422,115.84478759765625
2025-12-12,138.8463134765625,266.0770568847656,297.6400146484375,111.5688247680664,205.05670166015625,258.565673828125,201.11868286132812,313.1884460449219,490.384521484375,175.5128631591797,352.056640625,238.25596618652344,128.54290771484375,357.92413330078125,564.280029296875,379.4703369140625,211.05233764648438,46.35776138305664,499.5199890136719,196.78077697753906,594.2584838867188,87.7631607055664,27.183177947998047,76.94120025634766,68.23632049560547,76.68197631835938,37.15337371826172,186.59231567382812,82.93025207519531,77.6060562133789,147.1888427734375,101.18000030517578,225.06942749023438,198.1780242919922,56.112220764160156,103.37469482421875,355.42388916015625,58.94636154174805,41.33061218261719,298.6596374511719,80.52437591552734,310.11474609375,482.3643493652344,354.60174560546875,134.08773803710938,161.60047912597656,314.06036376953125,28.80625343322754,119.08506774902344,69.58912658691406,117.51215362548828,284.8000793457031,413.5388488769531,569.138427734375,127.56785583496094,812.22607421875,97.45880126953125,626.5838623046875,167.28038024902344,175.5172576904297,476.4084167480469,7517.81005859375,188.15513610839844,94.11000061035156,87.20813751220703,111.64836120605469,147.76138305664062,24.58124351501465,88.43273162841797,139.72987365722656,881.2320556640625,33.46818923950195,139.27554321289062,176.0,176.50070190429688,739.295166015625,367.3764953613281,402.5361633300781,211.7982177734375,177.32989501953125,39.0141716003418,452.95001220703125,471.8138122558594,87.2537841796875,125.3728256225586,286.1837158203125,23.72583770751953,228.5733184814453,48.87541198730469,155.1914825439453,193.1779327392578,389.3651428222656,237.4688262939453,97.88198852539062,51.92341232299805,345.7537536621094,294.7943420410156,38.93339157104492,213.89024353027344,102.1368637084961,185.6384735107422,117.23751831054688,116.82936096191406
2025-12-15,139.76083374023438,269.1144714355469,294.30999755859375,113.1720199584961,209.76792907714844,260.62054443359375,202.56422424316406,320.6500244140625,488.258544921875,175.0854949951172,352.3651428222656,240.22671508789062,129.1993408203125,337.916259765625,551.7899780273438,379.48028564453125,217.26492309570312,46.38743591308594,506.3800048828125,198.54823303222656,586.1779174804688,87.36581420898438,28.147676467895508,78.0117416381836,69.13519287109375,77.1255111694336,36.9447021484375,187.50772094726562,83.03893280029297,77.8698959350586,147.00238037109375,103.98999786376953,227.2571563720703,200.34771728515625,56.86281967163086,100.32608032226562,357.0076599121094,59.0914306640625,41.891395568847656,299.82513427734375,81.60945129394531,308.91632080078125,475.3190002441406,351.9790954589844,137.42752075195312,159.8083038330078,315.53936767578125,28.532928466796875,122.19605255126953,70.03318786621094,117.8665542602539,286.36822509765625,414.28399658203125,566.3521118164062,128.13755798339844,821.4182739257812,96.190185546875,632.1989135742188,164.11106872558594,174.90731811523438,472.7148742675781,7632.35009765625,183.15338134765625,95.13999938964844,87.63359069824219,111.58065795898438,148.32046508789062,25.132776260375977,89.11116027832031,141.97000122070312,879.8377685546875,33.734039306640625,139.34446716308594,175.07000732421875,177.46096801757812,750.5946655273438,368.8451232910156,399.0291748046875,213.4636688232422,180.75421142578125,38.47024917602539,454.6700134277344,470.49542236328125,87.35238647460938,126.62979125976562,284.1341247558594,23.465219497680664,229.1095733642578,48.72846603393555,155.75804138183594,194.16778564453125,393.0279541015625,237.9834442138672,97.05757904052734,52.205291748046875,344.81939697265625,295.5314636230469,38.84770202636719,214.85791015625,103.49370574951172,183.50094604492188,116.19164276123047,119.11357116699219
2025-12-16,138.35923767089844,266.5473937988281,293.9800109863281,111.99895477294922,207.36280822753906,258.19659423828125,201.15855407714844,322.05950927734375,483.4007568359375,173.98794555664062,350.0763854980469,237.52061462402344,128.68115234375,339.39794921875,555.0599975585938,377.67498779296875,216.43809509277344,44.53748321533203,499.8399963378906,196.49282836914062,585.3529663085938,85.81355285644531,27.75400161743164,77.5403060913086,68.3047103881836,76.4355697631836,36.567108154296875,186.68185424804688,82.62398529052734,76.50186920166016,144.00933837890625,104.19999694824219,223.448486328125,195.67990112304688,56.12184143066406,103.66266632080078,348.32666015625,58.73359298706055,41.65528106689453,297.5837707519531,81.39044189453125,307.3283996582031,468.1540222167969,347.72955322265625,136.5355987548828,158.94432067871094,311.1319580078125,27.908191680908203,122.02249908447266,69.44110870361328,115.74016571044922,280.7308044433594,420.7616882324219,563.25732421875,128.6107177734375,808.3934936523438,95.36071014404297,627.8206176757812,161.63504028320312,173.64808654785156,474.2779235839844,7530.240234375,186.8477325439453,92.9000015258789,87.03003692626953,111.42593383789062,147.48675537109375,24.276948928833008,88.0394287109375,142.04827880859375,870.8947143554688,33.458335876464844,129.76336669921875,174.27999877929688,174.35247802734375,744.3515014648438,366.4734802246094,398.462890625,212.15509033203125,178.59043884277344,37.19449996948242,463.3399963378906,470.7120361328125,86.68189239501953,124.86219024658203,286.6712341308594,23.233558654785156,225.34571838378906,48.69906997680664,154.1478729248047,195.98910522460938,394.1128845214844,233.44090270996094,97.09637451171875,51.97201919555664,343.0500183105469,290.8795471191406,38.80009460449219,213.21189880371094,102.726806640625,183.58009338378906,113.15265655517578,121.328857421875
2025-12-17,135.84432983398438,268.21307373046875,292.9700012207031,112.13581085205078,206.93722534179688,247.6528778076172,199.2843475341797,321.3399963378906,484.2948303222656,173.36631774902344,350.3052673339844,241.56997680664062,126.07025909423828,324.2030944824219,550.0,372.57647705078125,212.61843872070312,44.804588317871094,504.2699890136719,197.0389404296875,558.4772338867188,86.1552505493164,27.586692810058594,78.30638885498047,68.64666748046875,74.9078369140625,36.269004821777344,186.43312072753906,82.62398529052734,76.10122680664062,146.72760009765625,102.38999938964844,221.39002990722656,195.22207641601562,57.295860290527344,104.56633758544922,342.4469909667969,59.942501068115234,41.19287872314453,291.0589294433594,80.1460952758789,297.6710205078125,470.20684814453125,351.742431640625,137.12030029296875,159.74871826171875,310.5699157714844,27.38106918334961,116.90070343017578,69.73715209960938,110.48328399658203,276.6317443847656,419.5992736816406,562.7099609375,132.37661743164062,804.960205078125,95.92670440673828,617.368408203125,160.6149139404297,171.9658203125,474.00909423828125,7472.5498046875,176.75509643554688,92.8499984741211,88.05904388427734,112.85719299316406,147.2023162841797,23.810998916625977,87.87228393554688,144.59165954589844,859.6411743164062,33.81281280517578,129.9701690673828,175.30999755859375,170.61041259765625,747.7722778320312,362.9110412597656,386.9981994628906,212.86886596679688,175.88076782226562,38.104331970214844,453.07000732421875,480.81634521484375,85.56767272949219,125.06840515136719,276.2442932128906,23.51348114013672,221.1945343017578,49.130123138427734,154.71441650390625,197.35508728027344,380.5166015625,234.29202270507812,97.92078399658203,52.23445510864258,342.35418701171875,284.3050842285156,38.92387390136719,211.56590270996094,103.00210571289062,183.7582244873047,115.84630584716797,120.36397552490234
2025-12-18,136.0828857421875,264.5093688964844,299.239990234375,112.98628997802734,202.82974243164062,252.869873046875,201.3380126953125,319.77276611328125,484.4835510253906,169.28688049316406,351.2904052734375,238.99131774902344,129.15948486328125,328.0415954589844,563.280029296875,372.48724365234375,212.79718017578125,43.993377685546875,503.3900146484375,197.69430541992188,562.3932495117188,84.83729553222656,27.891788482666016,76.34209442138672,68.98863983154297,75.84418487548828,36.37831115722656,188.94052124023438,82.75242614746094,76.0132827758789,144.93179321289062,100.55000305175781,223.10044860839844,195.14247131347656,57.90211486816406,107.18793487548828,341.100830078125,60.04888916015625,41.65528106689453,300.53240966796875,80.80310821533203,303.3536071777344,464.9352722167969,350.0071716308594,137.68519592285156,158.9641876220703,308.61767578125,27.42987632751465,121.92475128173828,69.43123626708984,106.64398193359375,280.60174560546875,416.27099609375,563.4463500976562,131.62342834472656,808.9923706054688,96.10235595703125,625.7161865234375,160.20884704589844,170.15565490722656,481.8342590332031,7561.6201171875,178.3101043701172,91.79000091552734,86.4264907836914,110.47820281982422,146.50592041015625,23.810998916625977,87.84278106689453,142.3515167236328,864.3816528320312,34.21651840209961,127.1539306640625,175.89999389648438,172.44186401367188,746.6952514648438,367.21771240234375,389.0646057128906,211.60987854003906,176.96263122558594,37.70875549316406,458.1300048828125,477.1625671386719,86.0311050415039,125.07823944091797,290.5216064453125,23.41695785522461,224.41220092773438,48.92439270019531,153.9391632080078,198.23605346679688,383.4230041503906,231.99600219726562,99.00707244873047,52.36081314086914,343.94464111328125,287.2237548828125,38.47636413574219,213.0822296142578,103.48387908935547,187.3900604248047,114.98788452148438,120.86610412597656
2025-12-19,136.42086791992188,266.7531433105469,300.0799865722656,111.92073822021484,202.89903259277344,255.7726593017578,202.6638946533203,322.69036865234375,485.9538269042969,167.46084594726562,348.32501220703125,235.2753143310547,134.81973266601562,338.4631652832031,594.2000122070312,373.4692687988281,214.71875,44.230804443359375,494.5299987792969,201.51708984375,572.7201538085938,84.05628204345703,30.627822875976562,76.96084594726562,67.58169555664062,77.29306030273438,36.269004821777344,186.6321258544922,84.38257598876953,75.94489288330078,144.99066162109375,99.47000122070312,223.58770751953125,195.28179931640625,57.83475112915039,107.24752044677734,337.23052978515625,59.35255432128906,41.66511535644531,306.03125,81.97777557373047,308.2072448730469,471.3329162597656,340.1573791503906,137.7644805908203,159.1925811767578,312.7686767578125,27.224884033203125,124.24677276611328,69.13520050048828,106.30926513671875,285.2963562011719,418.6951599121094,569.4369506835938,129.61495971679688,818.66357421875,96.24873352050781,632.2587890625,160.4069366455078,174.11045837402344,483.7656555175781,7399.7099609375,190.1360321044922,91.0,86.13955688476562,108.5827407836914,145.3191375732422,23.953638076782227,87.45932006835938,141.31459045410156,871.2134399414062,33.763580322265625,126.91759490966797,178.1699981689453,173.4912109375,765.8934326171875,359.74554443359375,393.2868957519531,211.2926483154297,180.65493774414062,37.65930938720703,463.7300109863281,482.7091369628906,85.7254409790039,126.18789672851562,294.85955810546875,23.310779571533203,228.39454650878906,49.061546325683594,153.66085815429688,194.73199462890625,388.02142333984375,231.80796813964844,98.85188293457031,52.6426887512207,347.1653137207031,290.7400817871094,37.91459274291992,215.61605834960938,102.19586181640625,188.89425659179688,115.1358871459961,120.35413360595703
2025-12-22,137.6932373046875,265.205078125,300.4700012207031,112.04783630371094,206.1454315185547,258.3661804199219,205.5948486328125,326.6429138183594,492.65948486328125,167.577392578125,353.71844482421875,240.00120544433594,134.67025756835938,340.19683837890625,600.1900024414062,377.774169921875,215.24623107910156,45.071693420410156,499.95001220703125,203.75123596191406,578.8724975585938,84.37844848632812,31.69074058532715,77.62870788574219,68.16792297363281,76.98751831054688,36.30875015258789,191.030029296875,84.18497467041016,76.57026672363281,147.00238037109375,101.91000366210938,226.7400665283203,198.566162109375,58.34477615356445,107.89299011230469,340.7741394042969,60.242313385009766,41.0748176574707,313.52239990234375,82.65470123291016,310.9236755371094,470.38623046875,341.52789306640625,138.2996368408203,160.3346405029297,318.56634521484375,27.566537857055664,126.24063110351562,69.28321838378906,105.3248291015625,292.8890075683594,420.7616882324219,572.8900756835938,131.980712890625,816.8171997070312,95.35094451904297,630.8325805664062,158.46571350097656,176.8453826904297,482.7701110839844,7397.06982421875,196.48480224609375,91.75,86.3176498413086,111.09712982177734,144.23040771484375,23.972652435302734,87.74446105957031,139.5831298828125,882.8255004882812,34.14759063720703,127.01607513427734,179.05999755859375,172.47154235839844,777.2627563476562,364.4788818359375,395.99908447265625,211.07455444335938,184.29762268066406,37.90654754638672,481.239990234375,491.4668273925781,86.85936737060547,128.5152587890625,281.41796875,23.455564498901367,231.90020751953125,49.53178787231445,155.62881469726562,193.77183532714844,388.04132080078125,232.1840362548828,97.69771575927734,53.33279800415039,349.98834228515625,290.7500305175781,38.06693649291992,221.1725616455078,103.11026000976562,189.10205078125,116.5764389038086,121.870361328125
2025-12-23,137.53419494628906,265.3030090332031,297.5799865722656,112.5659408569336,207.4024200439453,259.5831604003906,207.9176788330078,326.7414855957031,495.103271484375,169.5005645751953,354.1264343261719,239.9914093017578,136.64337158203125,348.0379333496094,591.02001953125,379.10333251953125,216.53125,44.70565414428711,500.510009765625,205.90589904785156,578.8824462890625,85.3449478149414,31.15928077697754,78.50281524658203,68.41217803955078,76.8988037109375,36.35843276977539,189.7066650390625,84.15533447265625,76.25757598876953,147.6990966796875,100.68000030517578,229.5443572998047,199.00408935546875,57.796260833740234,106.89002990722656,339.7348327636719,60.28099822998047,41.04530334472656,314.3193359375,82.37596893310547,315.2680358886719,472.3892517089844,340.1278076171875,137.83384704589844,160.83119201660156,321.3666076660156,27.234647750854492,126.54883575439453,68.94771575927734,103.10984802246094,295.5985412597656,422.34136962890625,573.5368041992188,131.55584716796875,824.1329956054688,95.11674499511719,637.0859375,158.61427307128906,176.58961486816406,484.6915283203125,7338.0498046875,193.4738311767578,92.06999969482422,86.90142059326172,110.34281158447266,140.92503356933594,23.658851623535156,88.01976013183594,140.0624542236328,883.4927368164062,34.27560043334961,127.1440658569336,176.02000427246094,172.99623107910156,783.0570678710938,359.95391845703125,396.2375183105469,211.2133331298828,184.3770294189453,37.77798080444336,475.4700012207031,494.51788330078125,87.44112396240234,128.34829711914062,281.3681945800781,23.610004425048828,231.0858612060547,49.46321105957031,154.9728240966797,195.66244506835938,391.9032287597656,231.72879028320312,97.17396545410156,52.963443756103516,351.2706298828125,291.7063293457031,38.00980758666992,219.01779174804688,103.25773620605469,186.15304565429688,117.82952117919922,121.63407135009766
2025-12-24,137.4944305419922,264.52899169921875,298.2099914550781,112.72234344482422,206.90753173828125,260.13177490234375,207.6385498046875,329.17608642578125,497.6762390136719,169.78225708007812,354.9026184082031,241.04051208496094,137.4605255126953,348.93463134765625,591.1500244140625,380.0158996582031,216.8194580078125,44.81447982788086,501.3399963378906,206.07469177246094,580.21435546875,85.76473999023438,30.755765914916992,78.81710052490234,68.5001220703125,76.8988037109375,36.54723358154297,190.22406005859375,84.39244842529297,77.31291198730469,147.68930053710938,100.94999694824219,230.1807861328125,198.61593627929688,57.83475112915039,106.73114013671875,339.8139953613281,60.6678466796875,41.153526306152344,315.5346374511719,82.50537872314453,315.258056640625,472.4091796875,342.46453857421875,138.46810913085938,161.50650024414062,324.5612487792969,27.33226203918457,127.37071228027344,69.18453979492188,103.45439910888672,295.90625,422.1426696777344,576.6217041015625,132.714599609375,824.8316650390625,94.92156982421875,641.4343872070312,158.80245971679688,178.70472717285156,485.8563232421875,7385.2900390625,195.60328674316406,92.4000015258789,86.9706802368164,110.8070068359375,140.98388671875,23.801490783691406,88.08859252929688,141.34396362304688,884.1101684570312,34.43313980102539,126.4449462890625,176.47000122070312,173.0160369873047,781.6010131835938,358.7432861328125,395.62158203125,211.3521270751953,184.99241638183594,37.5505256652832,475.75,495.0828857421875,87.59889221191406,129.84095764160156,284.5703125,23.803054809570312,230.3013153076172,49.708126068115234,156.33450317382812,196.99874877929688,391.3458251953125,232.61949157714844,97.62982177734375,53.40083312988281,353.0201721191406,292.50323486328125,38.39066696166992,219.22726440429688,103.77884674072266,187.49891662597656,117.63219451904297,123.55399322509766
2025-12-26,137.5640106201172,265.6165771484375,300.7099914550781,113.07426452636719,205.67034912109375,261.24896240234375,207.80801391601562,328.1608581542969,498.53057861328125,171.34603881835938,354.9026184082031,242.5896759033203,136.95230102539062,350.8376159667969,583.8400268554688,377.9725646972656,216.56588745117188,44.765018463134766,498.29998779296875,206.81939697265625,579.458984375,86.18453979492188,30.21446418762207,78.30638885498047,68.35356140136719,77.03679656982422,36.38824462890625,190.18426513671875,84.54064178466797,77.79171752929688,147.21827697753906,103.08999633789062,229.35426330566406,199.20314025878906,57.266990661621094,106.89996337890625,346.32720947265625,61.01601028442383,40.88789367675781,313.93084716796875,82.68456268310547,314.5489501953125,475.46844482421875,344.87030029296875,137.42752075195312,162.3903350830078,323.3188781738281,27.42987632751465,127.63105010986328,68.94771575927734,103.26736450195312,294.5464782714844,422.01348876953125,576.77099609375,133.0622100830078,826.6581420898438,94.88224792480469,643.2994384765625,160.52577209472656,178.92115783691406,485.5476989746094,7382.16015625,196.09852600097656,92.25,86.69364166259766,110.42984771728516,141.02310180664062,23.858543395996094,87.88211059570312,141.5885009765625,884.4288940429688,34.54145431518555,125.79503631591797,176.58999633789062,173.0556182861328,782.8576049804688,356.2591857910156,397.18133544921875,211.52064514160156,183.7914276123047,37.37251281738281,477.1400146484375,498.5765686035156,87.37210845947266,129.89987182617188,285.51800537109375,23.79340362548828,230.8872528076172,49.58076858520508,156.15560913085938,198.95863342285156,390.7585754394531,231.02613830566406,97.51343536376953,53.449440002441406,352.8809814453125,293.06109619140625,38.54301452636719,218.7783660888672,103.72968292236328,186.62806701660156,117.5236587524414,124.28257751464844
2025-12-29,137.10675048828125,265.86151123046875,301.2300109863281,113.1720199584961,206.5215301513672,262.3961486816406,208.0472869873047,324.90814208984375,494.5072021484375,172.44447326660156,354.98223876953125,243.01126098632812,136.42413330078125,348.1076965332031,580.5499877929688,372.288818359375,216.61325073242188,44.89362335205078,501.04998779296875,205.91583251953125,575.0955810546875,86.55552673339844,30.234146118164062,78.26710510253906,68.51966094970703,76.672119140625,36.487613677978516,190.0847625732422,83.97750854492188,78.19235229492188,148.17015075683594,103.70999908447266,229.6629638671875,198.0884552001953,57.83475112915039,105.95657348632812,344.8424377441406,61.19976043701172,40.622257232666016,310.73944091796875,82.5551528930664,313.979736328125,472.3692626953125,342.572998046875,137.56626892089844,162.84716796875,319.2171325683594,27.488447189331055,125.7149887084961,69.23387908935547,102.3026123046875,293.7127685546875,423.7720031738281,575.079345703125,134.394775390625,828.8139038085938,94.51852416992188,635.5799560546875,160.1692352294922,177.0224609375,484.9404296875,7355.259765625,193.51345825195312,91.77999877929688,87.0201416015625,110.24610137939453,141.4742889404297,23.77296257019043,87.54780578613281,141.4221954345703,886.888671875,34.67930221557617,126.62218475341797,175.58999633789062,171.68946838378906,778.399658203125,355.0455322265625,393.8929138183594,212.66067504882812,183.04701232910156,37.481300354003906,478.9700012207031,499.1886901855469,87.66792297363281,129.32049560546875,280.6100769042969,23.90923500061035,230.20201110839844,49.002769470214844,155.51950073242188,201.08677673339844,392.35113525390625,232.1048583984375,96.67931365966797,52.97315979003906,352.4933166503906,290.8894958496094,38.54301452636719,216.63357543945312,103.95582580566406,185.19314575195312,118.92474365234375,124.03643798828125
2025-12-30,136.79861450195312,264.5485534667969,299.5400085449219,113.38709259033203,206.95703125,259.32379150390625,206.3923797607422,323.9815673828125,491.218994140625,173.3173370361328,354.743408203125,243.96234130859375,135.7265625,348.56597900390625,572.1099853515625,370.3744201660156,216.04876708984375,45.596012115478516,503.7099914550781,205.74703979492188,573.8829956054688,86.98507690429688,30.332565307617188,78.0903091430664,68.8030014038086,76.2975845336914,36.189510345458984,189.39822387695312,83.12785339355469,78.02623748779297,149.4654998779297,105.02999877929688,229.7028045654297,196.8443603515625,58.07532501220703,105.1025619506836,345.2581787109375,61.412532806396484,40.20904541015625,310.9488830566406,81.9578628540039,314.1394958496094,471.6119384765625,341.48846435546875,137.59600830078125,162.0328369140625,318.89178466796875,27.478683471679688,124.04528045654297,69.14507293701172,102.27307891845703,293.2562255859375,425.5801696777344,574.6016235351562,135.09967041015625,825.7299194335938,95.0198745727539,629.7454223632812,159.62451171875,176.17642211914062,485.3187255859375,7327.2001953125,195.32598876953125,91.47000122070312,87.07951354980469,109.65618896484375,141.3958282470703,23.763452529907227,87.41015625,140.9135284423828,885.1658325195312,34.78761291503906,127.57734680175781,175.41000366210938,171.9072723388672,771.8572998046875,356.8063659667969,391.1112060546875,212.82920837402344,182.64004516601562,38.124114990234375,474.489990234375,496.919189453125,87.84539794921875,127.99478912353516,279.3930358886719,23.947843551635742,228.7917938232422,48.5521240234375,154.4062957763672,201.73019409179688,389.8826904296875,230.65005493164062,96.64051818847656,52.78848648071289,351.50921630859375,287.76165771484375,38.75248718261719,216.16473388671875,104.30977630615234,179.5128631591797,119.37861633300781,124.45980072021484
2025-12-31,135.2578582763672,262.8829040527344,296.010009765625,112.72234344482422,206.01675415039062,256.3511962890625,204.6776885986328,322.621337890625,487.1161193847656,172.18946838378906,351.1510925292969,242.19749450683594,134.67025756835938,344.82977294921875,567.9299926757812,366.96221923828125,213.18968200683594,45.05190658569336,502.6499938964844,204.04910278320312,569.3905029296875,86.76053619384766,30.056997299194336,77.60906219482422,68.32424926757812,75.92304229736328,36.02058792114258,187.129638671875,82.0015640258789,77.54742431640625,149.56362915039062,103.66999816894531,227.9601287841797,194.31637573242188,57.75776672363281,103.99037170410156,346.9903869628906,60.967655181884766,39.48101806640625,307.1990051269531,80.95243072509766,313.3904724121094,465.2342224121094,339.27001953125,136.56532287597656,160.84112548828125,317.70855712890625,27.342023849487305,121.19564056396484,68.9871826171875,101.20004272460938,291.3704528808594,423.6230163574219,568.0935668945312,134.13406372070312,818.7035522460938,94.4300537109375,621.0086669921875,158.5647735595703,174.65155029296875,481.4758605957031,7292.77001953125,193.04794311523438,91.20999908447266,86.4264907836914,108.48603820800781,140.7681121826172,23.67786979675293,86.73171997070312,140.1896514892578,875.346435546875,34.48237228393555,127.06529235839844,174.2100067138672,169.3333740234375,769.7928466796875,351.782470703125,386.5312805175781,210.09312438964844,182.03460693359375,37.95599365234375,469.7200012207031,492.1165771484375,87.05657958984375,126.688720703125,274.7145690917969,23.9768009185791,225.9415740966797,48.2092399597168,152.67686462402344,200.9779052734375,387.3844299316406,228.92807006835938,96.20407104492188,52.36648941040039,348.6165771484375,284.1158142089844,38.78104782104492,212.9325714111328,103.69035339355469,176.7321014404297,118.73727416992188,123.87889099121094
2026-01-02,137.12661743164062,254.70150756835938,286.7300109863281,113.21112823486328,201.7311553955078,268.20166015625,208.49588012695312,322.9466247558594,490.5235595703125,171.43431091308594,342.583251953125,247.3726806640625,139.224365234375,346.3441467285156,563.4500122070312,370.54107666015625,211.91062927246094,46.63475799560547,496.8500061035156,204.77674865722656,594.7752685546875,86.59456634521484,30.430984497070312,76.30281066894531,68.8030014038086,75.34831237792969,36.040462493896484,183.95558166503906,80.30225372314453,78.29983520507812,152.9884490966797,106.79000091552734,229.4339141845703,194.823974609375,58.63346481323242,106.01615905761719,350.65283203125,60.65766525268555,39.78600311279297,319.88470458984375,80.61396789550781,314.90850830078125,468.751953125,340.96588134765625,135.8815155029297,158.88473510742188,320.92291259765625,27.29281234741211,127.1193618774414,68.20761108398438,102.59794616699219,302.19873046875,426.3253173828125,560.3814086914062,134.34649658203125,821.8474731445312,94.42021942138672,632.7574462890625,160.26828002929688,178.95068359375,470.84320068359375,7278.8701171875,193.84031677246094,90.33999633789062,87.40602111816406,105.02391815185547,139.50282287597656,23.944128036499023,87.92144012451172,138.70272827148438,890.3046264648438,34.57099151611328,128.5718994140625,170.10000610351562,171.24398803710938,774.220947265625,360.6563720703125,395.94940185546875,208.9944610595703,185.85595703125,39.75588607788086,480.4200134277344,482.765625,88.45674133300781,127.57832336425781,286.83477783203125,23.706531524658203,231.61221313476562,48.72846603393555,153.34278869628906,197.5530548095703,396.14337158203125,229.511962890625,97.9789810180664,52.92587661743164,344.411865234375,291.5170593261719,38.58110046386719,215.75572204589844,104.68340301513672,185.89576721191406,121.01651000976562,123.97735595703125
2026-01-05,142.076904296875,258.6501159667969,288.6600036621094,111.51016998291016,203.4632110595703,283.6132507324219,210.65921020507812,316.1257629394531,504.55078125,172.8563690185547,349.56890869140625,250.7010040283203,139.39378356933594,342.15960693359375,591.1599731445312,377.5695495605469,213.66897583007812,48.544071197509766,498.5199890136719,204.50799560546875,612.35791015625,86.32121276855469,30.99197006225586,75.55638122558594,67.87480926513672,74.89250183105469,35.682735443115234,184.5326690673828,80.64804077148438,78.58322143554688,160.7899932861328,108.0999984741211,234.3731231689453,201.31312561035156,58.33515167236328,107.40641021728516,359.8188171386719,59.57222366333008,40.48452377319336,323.4450988769531,82.77416229248047,316.9058837890625,476.166015625,339.2601623535156,136.51577758789062,164.475830078125,329.36309814453125,26.8892765045166,134.89730834960938,67.04318237304688,103.75958251953125,309.04705810546875,430.2894592285156,565.7948608398438,132.627685546875,823.3245849609375,95.70799255371094,640.29736328125,161.981689453125,183.51544189453125,470.7536315917969,7321.2099609375,190.75010681152344,90.58000183105469,88.23714447021484,105.87495422363281,137.23712158203125,23.934616088867188,88.99317932128906,137.31365966796875,903.1614990234375,34.246055603027344,137.837890625,173.11000061035156,174.5405731201172,761.1760864257812,356.6671142578125,402.089111328125,211.61932373046875,186.85841369628906,43.31611633300781,494.19000244140625,501.82537841796875,86.31705474853516,131.4727783203125,289.119140625,23.851320266723633,229.8047637939453,49.45341110229492,152.90545654296875,198.82005310058594,389.1461486816406,229.57135009765625,98.92948150634766,54.45683288574219,351.6881408691406,295.521484375,38.30497741699219,216.4839324951172,103.64119720458984,189.76507568359375,123.69041442871094,127.3741226196289
2026-01-06,146.98126220703125,270.35882568359375,293.1700134277344,112.45841217041016,205.7891082763672,295.27423095703125,213.5004425048828,325.4403991699219,506.8852844238281,172.43466186523438,347.95684814453125,255.1650848388672,140.88858032226562,342.50830078125,626.6500244140625,381.30743408203125,212.9134063720703,48.85074996948242,499.04998779296875,207.5240936279297,619.3054809570312,85.06182861328125,31.78915786743164,75.8215560913086,68.763916015625,74.54568481445312,35.84172821044922,186.44308471679688,83.6020736694336,78.85681915283203,153.6165008544922,107.45999908447266,235.5979766845703,202.5373077392578,58.22929763793945,107.79368591308594,367.5989990234375,61.029258728027344,40.86821365356445,326.6563720703125,81.80854797363281,314.1394958496094,481.9159240722656,344.3871765136719,135.70310974121094,164.86314392089844,331.41326904296875,26.90896224975586,139.14137268066406,66.94450378417969,104.70463562011719,312.1138916015625,434.3230895996094,577.5073852539062,133.4194793701172,824.9114990234375,98.60794067382812,644.526123046875,164.61618041992188,184.70584106445312,476.3885192871094,7239.72998046875,191.89903259277344,90.38999938964844,88.93963623046875,107.55764770507812,136.2955322265625,24.18185806274414,90.26155853271484,136.86366271972656,924.941650390625,34.3543701171875,134.558837890625,175.00999450683594,180.61895751953125,774.4502563476562,361.3428039550781,410.6627502441406,209.7202606201172,188.98248291015625,43.14799499511719,508.7699890136719,508.1817932128906,86.47482299804688,132.76763916015625,329.609619140625,23.494176864624023,229.7153778076172,50.13917922973633,152.98497009277344,196.5830078125,379.3221740722656,231.2042694091797,102.05255126953125,55.035850524902344,355.42572021484375,298.6891784667969,38.37162399291992,220.40443420410156,104.17212677001953,194.9505615234375,119.43782806396484,127.35444641113281
2026-01-07,147.1903839111328,268.4482421875,293.7900085449219,111.14847564697266,205.14578247070312,291.47369384765625,210.52960205078125,336.74609375,494.7655334472656,166.17750549316406,348.2055969238281,258.6317138671875,138.42715454101562,342.2392883300781,620.9099731445312,375.99884033203125,216.78802490234375,48.3165397644043,496.1199951171875,206.24002075195312,592.8968505859375,83.07025146484375,31.60216522216797,75.7135238647461,67.9627456665039,74.04032135009766,34.82817840576172,185.7664794921875,83.09820556640625,77.96760559082031,152.30152893066406,103.04000091552734,234.58226013183594,198.43679809570312,57.08486557006836,104.53653717041016,362.96649169921875,60.56965637207031,39.95325469970703,322.76690673828125,81.5397720336914,322.00921630859375,469.0110168457031,344.1603698730469,134.68234252929688,160.8013916015625,323.8660583496094,26.82037925720215,135.61944580078125,66.6484603881836,102.31245422363281,307.4391784667969,431.32269287109375,577.0894165039062,130.33917236328125,822.3564453125,98.07709503173828,623.3823852539062,161.3478240966797,181.79380798339844,481.3265075683594,7146.4501953125,190.99771118164062,90.8499984741211,87.48517608642578,107.95413970947266,134.38291931152344,24.03921890258789,89.35697174072266,135.0343780517578,904.6553955078125,33.91127395629883,135.77003479003906,174.57000732421875,178.3816375732422,810.0841674804688,359.0746154785156,406.66900634765625,207.88088989257812,184.3472442626953,41.901912689208984,519.7000122070312,506.15716552734375,85.1535415649414,130.91925048828125,307.50396728515625,23.137033462524414,228.0072479248047,49.5513801574707,153.104248046875,195.2863006591797,374.6739807128906,222.15878295898438,102.23683166503906,53.84837341308594,353.7557373046875,290.9891052246094,38.20976257324219,216.09487915039062,103.27739715576172,189.84425354003906,116.91191101074219,123.73121643066406
2026-01-08,145.1489715576172,276.1299133300781,276.5799865722656,113.32843780517578,208.9365234375,280.93994140625,209.3931121826172,325.3812561035156,500.1598205566406,167.0503692626953,350.24554443359375,257.98974609375,135.77639770507812,331.2597351074219,612.97998046875,380.7308654785156,216.7593536376953,49.661964416503906,499.7699890136719,201.5615692138672,604.4363403320312,82.51377868652344,31.188806533813477,79.42603302001953,68.24608612060547,73.2872314453125,35.096473693847656,189.30865478515625,84.73823547363281,78.75910186767578,156.27589416503906,107.36000061035156,234.01463317871094,201.03443908691406,58.20781326293945,109.50170135498047,370.9644470214844,61.47908020019531,41.12400817871094,313.59173583984375,84.74520874023438,325.58453369140625,477.3518981933594,354.51300048828125,136.67433166503906,160.86097717285156,326.63934326171875,27.174705505371094,132.11947631835938,68.45430755615234,107.8449935913086,323.2994384765625,436.836669921875,577.2387084960938,133.7767791748047,813.0545043945312,97.01542663574219,636.417724609375,163.6554718017578,181.68560791015625,475.9902648925781,7385.580078125,187.83819580078125,91.62999725341797,89.4343490600586,110.48786926269531,136.69766235351562,24.048730850219727,90.19273376464844,138.44837951660156,902.7432250976562,34.13774490356445,142.01300048828125,173.57000732421875,180.04476928710938,798.8544311523438,363.1832580566406,401.02606201171875,210.6449432373047,185.7765350341797,43.93915557861328,514.489990234375,509.9803771972656,86.80020904541016,131.26522827148438,283.7723083496094,23.33008575439453,226.45799255371094,49.913856506347656,157.28868103027344,195.9000244140625,376.5949401855469,227.4732666015625,103.74987030029297,54.49608612060547,350.1275329589844,297.97198486328125,38.62870407104492,221.90078735351562,103.46421813964844,195.7521514892578,121.2730484008789,124.89300537109375
2026-01-09,147.89739990234375,275.0031433105469,276.0199890136719,114.28644561767578,210.03515625,300.43133544921875,209.99127197265625,321.4287109375,504.4216003417969,165.26541137695312,349.0812683105469,260.4588317871094,139.6728057861328,343.7038879394531,631.6900024414062,373.40411376953125,218.63475036621094,49.43442916870117,499.1000061035156,200.18789672851562,613.8687133789062,81.68396759033203,31.621849060058594,80.025146484375,68.38287353515625,73.20795440673828,34.977230072021484,192.15435791015625,84.234375,78.46595764160156,159.08248901367188,103.76000213623047,237.37049865722656,200.93490600585938,59.555355072021484,112.9375991821289,369.04412841796875,59.102840423583984,41.30109786987305,320.7224426269531,82.49542999267578,328.7104797363281,470.42608642578125,369.38134765625,135.03912353515625,164.83334350585938,326.0450744628906,27.35186767578125,139.64010620117188,69.57926177978516,117.3940200805664,333.2543029785156,441.19818115234375,573.591064453125,131.2275390625,814.481689453125,95.87510681152344,664.9019165039062,163.6554718017578,183.29904174804688,477.15509033203125,7581.669921875,197.14321899414062,93.80000305175781,89.31561279296875,110.02367401123047,137.22732543945312,24.22940444946289,88.77686309814453,138.78099060058594,917.2035522460938,34.05897521972656,139.98452758789062,171.52000427246094,175.99581909179688,794.4064331054688,367.89874267578125,407.8512268066406,211.0028839111328,187.0966339111328,44.70064926147461,525.1799926757812,510.3382263183594,87.57917022705078,131.0378875732422,303.2643737792969,23.156341552734375,230.00338745117188,49.5905647277832,156.85134887695312,198.52310180664062,379.9194030761719,226.0778350830078,104.80705261230469,54.182044982910156,347.68218994140625,310.4136047363281,38.52396774291992,223.8759765625,102.8939437866211,196.9693603515625,122.95040893554688,125.20806884765625
2026-01-12,147.36962890625,275.2872619628906,277.8900146484375,113.95407104492188,206.5215301513672,306.4762878417969,209.11398315429688,320.876708984375,506.80584716796875,168.22726440429688,348.7727966308594,263.73779296875,144.6055908203125,350.9173278808594,631.72998046875,357.4782409667969,214.63037109375,47.43607711791992,498.6700134277344,201.59144592285156,625.9448852539062,82.9726333618164,31.11007308959961,80.46710205078125,68.24608612060547,73.33678436279297,34.99710464477539,192.0648193359375,84.2047348022461,78.52458190917969,159.3081817626953,101.80999755859375,237.9978790283203,202.4775848388672,58.57887649536133,112.2325439453125,371.1624450683594,58.926822662353516,41.025630950927734,323.2955017089844,82.5252914428711,332.2957763671875,472.66827392578125,369.6771240234375,134.02825927734375,165.1014862060547,321.3899841308594,27.263286590576172,142.44984436035156,69.56939697265625,119.0183334350586,338.1274719238281,440.7510986328125,564.3624877929688,129.61495971679688,824.023193359375,95.3049545288086,661.9498901367188,166.32958984375,183.5449676513672,475.06439208984375,7591.75,203.26048278808594,95.5999984741211,88.54386138916016,108.979248046875,138.64952087402344,24.02971076965332,88.68836975097656,140.33636474609375,925.120849609375,34.265750885009766,136.7251739501953,171.42999267578125,167.57122802734375,765.9332885742188,361.3726501464844,411.4277648925781,209.64073181152344,192.4068145751953,44.65120315551758,533.4199829101562,512.7301635742188,87.85525512695312,131.55184936523438,320.6915283203125,23.183683395385742,233.7771759033203,49.120323181152344,156.1456756591797,195.50405883789062,383.67181396484375,227.1268768310547,104.7779541015625,53.37731170654297,341.15142822265625,308.4213562011719,38.59177780151367,225.9309844970703,103.23807525634766,204.11422729492188,122.37812805175781,123.38660430908203
2026-01-13,145.70663452148438,271.2112731933594,270.6300048828125,114.0029525756836,195.62437438964844,304.1121826171875,211.07791137695312,319.65447998046875,492.1130676269531,170.6104736328125,342.9017333984375,262.888427734375,148.45217895507812,353.3085021972656,641.510009765625,355.8975830078125,211.57264709472656,48.44514083862305,495.239990234375,207.30511474609375,632.663818359375,84.74942779541016,30.4998779296875,81.47871398925781,68.93978118896484,74.78349304199219,35.404510498046875,191.75636291503906,83.4538803100586,78.8372802734375,160.80960083007812,101.70999908447266,234.57228088378906,203.43304443359375,59.25264358520508,114.56616973876953,366.9159851074219,58.85837173461914,41.73398208618164,326.34722900390625,82.8637466430664,335.9909362792969,477.6508483886719,374.4097595214844,130.66864013671875,165.5384521484375,307.9298095703125,27.282970428466797,143.81134033203125,70.29962921142578,121.40067291259766,338.68328857421875,440.0258483886719,543.1445922851562,129.8177490234375,822.3864135742188,94.78394317626953,663.944580078125,167.79539489746094,179.79673767089844,468.5832824707031,7673.31982421875,200.88705444335938,94.62999725341797,88.83079528808594,106.04901885986328,140.72886657714844,23.915599822998047,87.52814483642578,141.09938049316406,934.4921264648438,34.44298553466797,135.5927734375,169.3699951171875,163.63116455078125,756.8677368164062,364.2178649902344,414.1598205566406,208.44760131835938,192.63510131835938,45.39291763305664,511.79998779296875,510.5453796386719,89.02863311767578,131.27508544921875,317.65899658203125,22.75399398803711,234.96893310546875,48.679473876953125,157.17933654785156,187.7436981201172,389.255615234375,226.91903686523438,103.37161254882812,53.04364013671875,325.9228820800781,309.83587646484375,37.78778076171875,226.92857360839844,104.18196105957031,205.91531372070312,124.85469818115234,122.69741821289062
2026-01-14,145.3083038330078,282.7142639160156,261.2799987792969,115.45951080322266,194.01107788085938,301.13958740234375,210.46978759765625,324.2575988769531,504.1235656738281,174.06268310546875,344.3048095703125,263.9451904296875,146.23989868164062,338.642578125,629.219970703125,356.15606689453125,206.4894561767578,49.44431686401367,493.1499938964844,212.580810546875,634.870361328125,86.56527709960938,29.702688217163086,83.04032897949219,69.29151916503906,73.73313903808594,35.95103073120117,193.25880432128906,85.65705108642578,77.51811981201172,164.11666870117188,101.4000015258789,236.9522705078125,203.37332153320312,60.1705322265625,116.09544372558594,369.0540466308594,59.846031188964844,41.73398208618164,318.0197448730469,80.86283874511719,335.87109375,477.1724853515625,370.6729736328125,130.74790954589844,171.74526977539062,304.9287414550781,27.676664352416992,143.0812225341797,70.49699401855469,119.50071716308594,340.28125,437.12481689453125,544.9683227539062,131.58482360839844,832.5466918945312,97.0645751953125,635.021484375,168.3599395751953,177.84884643554688,457.34332275390625,7580.759765625,192.2672576904297,95.0199966430664,88.9990005493164,106.65827178955078,143.1220703125,24.324493408203125,89.68144989013672,143.1634521484375,932.3610229492188,34.98453903198242,139.226318359375,166.52999877929688,162.88868713378906,752.110595703125,360.9846496582031,414.4876403808594,209.7699737548828,197.35964965820312,46.45109558105469,505.3399963378906,513.2198486328125,90.04425048828125,133.1630096435547,311.51409912109375,23.056730270385742,235.66409301757812,48.81663131713867,154.1876220703125,190.06983947753906,384.04010009765625,224.79129028320312,104.16692352294922,52.503883361816406,327.2051696777344,297.3244934082031,38.58209228515625,226.2202911376953,105.2733383178711,204.5001678466797,128.4659423828125,123.8985824584961
2026-01-15,144.22288513183594,281.95977783203125,262.260009765625,116.72056579589844,193.46670532226562,318.2868347167969,214.35780334472656,325.3023986816406,504.7593994140625,178.0543212890625,343.1504821777344,262.6908874511719,153.68392944335938,341.76104736328125,637.1900024414062,355.2712707519531,206.7299041748047,51.44266891479492,492.6199951171875,212.4812774658203,643.2490844726562,88.26398468017578,28.97439193725586,82.83406829833984,69.64324951171875,74.56549835205078,36.07027053833008,194.60206604003906,83.79966735839844,79.50174713134766,163.05685424804688,103.06999969482422,238.88414001464844,204.88613891601562,60.0728874206543,114.84422302246094,378.0517578125,59.81669235229492,42.82603073120117,319.0768737792969,80.5442886352539,332.7252197265625,482.1152038574219,373.837890625,129.6478729248047,172.08291625976562,306.30548095703125,27.460132598876953,154.0988311767578,69.5496597290039,120.34732818603516,337.8694763183594,437.1844177246094,540.8125610351562,132.2684326171875,842.4974365234375,97.3201675415039,639.240234375,169.45928955078125,188.12939453125,454.6353759765625,7623.009765625,188.53335571289062,93.63999938964844,89.39476776123047,106.87102508544922,143.75962829589844,24.619277954101562,89.4552993774414,141.48089599609375,940.6965942382812,35.16177749633789,137.86741638183594,166.88999938964844,159.7703094482422,739.9234619140625,367.24212646484375,418.382080078125,209.58106994628906,198.34228515625,46.055511474609375,508.19000244140625,513.6246948242188,90.29075622558594,134.71487426757812,319.53436279296875,23.17391586303711,240.2522430419922,49.257476806640625,155.2113800048828,188.7236328125,385.4634094238281,228.1264190673828,105.3501968383789,52.94550704956055,325.79364013671875,300.5419616699219,38.12681579589844,227.96604919433594,106.34505462646484,207.81532287597656,127.41021728515625,123.34722137451172
2026-01-16,139.0546417236328,280.4312744140625,265.69000244140625,117.26799774169922,190.3094024658203,326.1971435546875,214.98583984375,325.6769714355469,505.97137451171875,180.0354461669922,342.1752624511719,264.2217102050781,153.8533477783203,350.4191589355469,636.0399780273438,362.647705078125,203.65866088867188,51.19534683227539,493.2900085449219,211.4759063720703,642.9609375,88.71306610107422,28.462615966796875,83.01084899902344,70.03406524658203,74.50604248046875,36.02058792114258,194.44285583496094,83.72062683105469,76.8047866821289,163.15496826171875,100.69000244140625,235.00050354003906,205.63258361816406,60.922420501708984,114.24840545654297,371.0634460449219,60.66744613647461,43.03263854980469,324.2428894042969,80.45469665527344,329.9089050292969,467.65576171875,374.833740234375,128.4288787841797,172.778076171875,309.48480224609375,26.97785758972168,156.3789520263672,69.51019287109375,116.74429321289062,343.86419677734375,436.1114196777344,537.6631469726562,133.87977600097656,838.8345336914062,95.11817169189453,649.9317626953125,166.19093322753906,186.02410888671875,457.8211669921875,7561.5400390625,189.76473999023438,94.69999694824219,89.206787109375,107.51896667480469,143.51441955566406,24.39105796813965,86.99720001220703,141.38307189941406,940.3878784179688,36.26458740234375,136.16390991210938,166.75,157.82008361816406,731.0673217773438,361.1736755371094,412.80865478515625,209.75010681152344,200.41673278808594,46.2137451171875,516.3099975585938,514.4910278320312,91.25706481933594,126.54046630859375,325.4299011230469,22.93954086303711,239.3485107421875,48.9733772277832,156.42396545410156,184.427734375,387.712890625,227.1169891357422,103.69168090820312,53.38712692260742,326.34033203125,304.7854919433594,37.690914154052734,229.04344177246094,106.76782989501953,209.96951293945312,128.1600799560547,122.7269515991211
2026-01-20,135.26060485839844,267.203857421875,253.8699951171875,116.54460144042969,191.56639099121094,317.4389953613281,212.48358154296875,326.25848388671875,489.3414001464844,174.32749938964844,337.8366394042969,254.98733520507812,151.80050659179688,331.3793029785156,620.52001953125,350.1217041015625,200.11924743652344,50.71059799194336,485.3900146484375,209.40542602539062,626.6422729492188,84.74942779541016,27.57685089111328,83.9144287109375,69.71163940429688,72.68277740478516,35.28527069091797,192.77127075195312,81.22106170654297,78.26074981689453,162.21290588378906,97.9800033569336,233.34744262695312,200.31785583496094,58.500755310058594,113.66251373291016,363.332763671875,59.67000961303711,41.93075180053711,311.4974060058594,77.45829772949219,321.73956298828125,462.76287841796875,369.8447265625,127.64596557617188,169.76901245117188,299.8477478027344,27.50934600830078,148.23594665527344,70.80289459228516,113.36767578125,339.7651062011719,430.339111328125,529.9393920898438,131.27230834960938,820.2506103515625,96.92695617675781,629.2268676757812,154.6229248046875,179.1474609375,452.5048828125,7536.27978515625,178.67221069335938,95.23999786376953,87.20813751220703,103.88277435302734,144.82872009277344,24.267440795898438,87.05619049072266,143.79928588867188,925.6686401367188,36.34335708618164,136.3509979248047,161.11000061035156,152.52378845214844,731.805419921875,358.3583068847656,401.36383056640625,209.41204833984375,194.8981170654297,45.93684005737305,510.9700012207031,488.7735900878906,87.19461822509766,123.86177062988281,325.1904602050781,22.900480270385742,231.66188049316406,48.14065933227539,155.13186645507812,181.7848358154297,385.5231018066406,219.39764404296875,103.33281707763672,53.36750030517578,323.87518310546875,295.0035095214844,37.8555908203125,227.00836181640625,107.22994232177734,204.3904571533203,128.72250366210938,121.85681915283203
2026-01-21,139.18408203125,275.0521240234375,257.44000244140625,116.30998992919922,191.67526245117188,324.4315185546875,219.74114990234375,338.67803955078125,500.43798828125,174.73941040039062,331.1296691894531,259.8563537597656,154.06260681152344,327.5932312011719,610.25,357.49810791015625,205.5575408935547,53.015628814697266,483.8299865722656,207.51416015625,642.9609375,85.10088348388672,27.803211212158203,83.72667694091797,70.0438461303711,73.01969146728516,36.29881286621094,194.43292236328125,83.01917266845703,79.62876892089844,163.61619567871094,101.94000244140625,241.03509521484375,207.56341552734375,58.99876022338867,117.04875183105469,366.1241149902344,59.99271011352539,43.88856506347656,317.6407775878906,80.56419372558594,327.95147705078125,463.8191833496094,379.2409973144531,128.39915466308594,170.7124481201172,299.15447998046875,27.263286590576172,151.60923767089844,71.05946350097656,116.1634750366211,345.2041015625,436.4988708496094,525.7835083007812,132.2098388671875,821.6577758789062,98.5882797241211,639.439697265625,154.38523864746094,180.34767150878906,442.1410217285156,7796.75,172.67410278320312,98.77999877929688,88.53397369384766,103.66035461425781,143.92636108398438,24.619277954101562,89.5634536743164,142.8797607421875,941.4036254882812,36.609214782714844,139.47247314453125,161.32000732421875,154.80067443847656,747.3135375976562,367.669921875,417.5574645996094,213.06100463867188,196.02963256835938,47.983970642089844,521.9500122070312,500.1868591308594,84.77885437011719,125.44328308105469,343.3757629394531,22.94930648803711,229.40753173828125,49.002769470214844,154.90325927734375,181.7353515625,393.48577880859375,227.0180206298828,105.21441650390625,54.43720626831055,323.33837890625,297.8524169921875,38.01057815551758,232.4351806640625,107.6822280883789,213.97015380859375,131.83055114746094,123.67617797851562
2026-01-22,138.0488739013672,279.3338928222656,269.7699890136719,114.55038452148438,193.27867126464844,317.9975891113281,221.23654174804688,342.0982971191406,504.72955322265625,173.5428924560547,334.3139953613281,260.7748718261719,151.96990966796875,324.2953796386719,607.2899780273438,365.85870361328125,205.0515594482422,53.87630081176758,484.489990234375,205.94139099121094,645.9794921875,84.14414978027344,28.039417266845703,84.79389190673828,69.34037017822266,73.65386962890625,35.553558349609375,192.10462951660156,83.59220123291016,81.4563217163086,163.54750061035156,101.62000274658203,239.07334899902344,208.43923950195312,59.31123733520508,118.65746307373047,368.46014404296875,59.6113395690918,44.055816650390625,294.20416259765625,80.77324676513672,330.4082336425781,464.7160339355469,375.681640625,128.78564453125,173.14553833007812,300.729248046875,27.115650177001953,149.6143798828125,70.92131042480469,112.9246826171875,353.0845947265625,442.74810791015625,531.0556640625,131.50669860839844,815.4697875976562,99.62045288085938,650.3406982421875,159.08969116210938,180.08204650878906,449.1398620605469,7762.31005859375,176.9442596435547,98.87999725341797,89.31561279296875,103.66035461425781,141.63121032714844,24.818971633911133,90.6056900024414,146.6654815673828,935.4083862304688,36.067657470703125,139.75802612304688,164.7100067138672,156.21633911132812,753.4769287109375,361.9197998046875,422.54473876953125,214.51263427734375,194.87826538085938,48.77513122558594,509.4700012207031,508.32305908203125,84.55206298828125,126.97537994384766,345.6800842285156,23.02743148803711,229.75511169433594,49.27707290649414,152.48800659179688,183.5071563720703,388.31005859375,228.9775390625,106.00973510742188,55.13398361206055,324.41192626953125,302.095947265625,38.24305725097656,233.1334991455078,107.51507568359375,208.47052001953125,131.8601531982422,123.0038070678711
2026-01-23,134.48387145996094,275.39508056640625,270.0,114.0127182006836,191.6653594970703,321.57867431640625,220.06016540527344,339.8115234375,493.3349914550781,175.30824279785156,337.0306091308594,258.1181640625,150.4651641845703,318.8753662109375,613.1400146484375,359.56591796875,202.965576171875,53.34208679199219,478.9700012207031,207.3748016357422,624.271240234375,84.54441833496094,28.098466873168945,85.63382720947266,69.0765609741211,73.9114990234375,36.408119201660156,191.99517822265625,83.16736602783203,81.78144836425781,163.60638427734375,99.9800033569336,234.02459716796875,205.73211669921875,59.34053039550781,116.87001037597656,367.2921447753906,60.71634292602539,43.18021011352539,293.07720947265625,79.3198471069336,328.00140380859375,469.240234375,378.3831787109375,127.46757507324219,171.73532104492188,294.875732421875,27.32234001159668,150.88909912109375,71.91797637939453,110.09934997558594,352.072265625,448.63958740234375,522.963134765625,132.61021423339844,818.6436767578125,99.16825866699219,647.7575073242188,161.12002563476562,176.09771728515625,463.8841857910156,7645.14990234375,175.9313507080078,99.2300033569336,90.01811218261719,103.11878204345703,141.80776977539062,24.799633026123047,89.68144989013672,147.92355346679688,924.1747436523438,35.65410232543945,139.37400817871094,162.13999938964844,154.2562255859375,751.5221557617188,365.4713439941406,415.113525390625,216.36195373535156,194.4713134765625,48.60701370239258,501.3900146484375,502.4939880371094,84.73941040039062,124.63275909423828,345.2511291503906,23.037199020385742,222.29689025878906,48.561920166015625,152.3091278076172,184.1406707763672,384.4183044433594,227.2753143310547,104.7294692993164,54.43720626831055,324.2330017089844,298.9083557128906,38.28180694580078,229.55218505859375,107.26927185058594,203.01058959960938,133.1724395751953,122.6577377319336
2026-01-26,135.08135986328125,275.0423278808594,272.3399963378906,115.37152862548828,194.01107788085938,318.6659240722656,219.12307739257812,344.6807861328125,497.2391662597656,176.00457763671875,337.2097473144531,259.3724060058594,155.019287109375,323.6577453613281,605.0700073242188,361.11676025390625,203.31509399414062,55.68668746948242,483.4700012207031,209.96286010742188,633.5363159179688,85.17898559570312,28.216567993164062,84.19110870361328,69.88751220703125,76.30948638916016,37.23286819458008,192.9205322265625,84.58016967773438,82.62871551513672,164.371826171875,101.30000305175781,235.71746826171875,206.71743774414062,60.1900634765625,115.57906341552734,373.1025085449219,60.74567413330078,43.022796630859375,294.2640075683594,79.07097625732422,333.1546630859375,470.7350158691406,381.1044616699219,129.56858825683594,173.89035034179688,298.1640319824219,27.263286590576172,153.9063262939453,71.6021957397461,108.85896301269531,351.5462341308594,452.0771484375,525.57421875,131.7996826171875,825.0213012695312,98.96183013916016,650.0714111328125,157.99034118652344,178.93101501464844,468.19500732421875,7664.47998046875,181.1747283935547,100.23999786376953,89.62234497070312,102.69328308105469,143.07302856445312,25.022008895874023,91.44145202636719,147.2733612060547,929.2139892578125,35.93965148925781,138.24160766601562,165.77000427246094,152.96925354003906,760.5977172851562,358.4577941894531,417.6568298339844,217.82354736328125,192.68472290039062,49.150936126708984,503.010009765625,504.0195007324219,85.48878479003906,126.11542510986328,357.4112548828125,22.900480270385742,223.93551635742188,49.1693115234375,149.16830444335938,186.0510711669922,392.3212890625,228.50250244140625,103.74987030029297,54.790504455566406,326.5292053222656,299.2370300292969,38.37866973876953,231.13833618164062,107.85919952392578,203.17933654785156,133.04415893554688,122.52919006347656
2026-01-27,135.38009643554688,270.2314453125,268.0899963378906,116.74988555908203,192.77389526367188,331.88299560546875,219.88072204589844,346.2874450683594,495.0535888671875,176.6028289794922,329.1295166015625,255.91571044921875,165.672119140625,331.568603515625,610.219970703125,357.33905029296875,205.1514892578125,55.894439697265625,474.6700134277344,213.05860900878906,636.51513671875,84.69085693359375,28.236251831054688,84.7444839477539,70.38579559326172,77.96429443359375,37.43159866333008,190.25393676757812,83.6317138671875,70.93438720703125,165.89288330078125,100.16000366210938,234.76150512695312,206.27951049804688,61.156776428222656,115.62871551513672,319.6409606933594,60.7750129699707,43.23924255371094,296.66748046875,85.98955535888672,334.56280517578125,504.0784912109375,375.02105712890625,129.14242553710938,172.08291625976562,297.44097900390625,27.15502166748047,161.21746826171875,72.57913970947266,108.35689544677734,357.83868408203125,450.0901184082031,518.6477661132812,131.57505798339844,832.566650390625,98.98149108886719,647.5281982421875,156.534423828125,179.69837951660156,478.4493103027344,7499.759765625,173.68701171875,100.62000274658203,89.59265899658203,101.48444366455078,145.92724609375,25.621456146240234,90.68435668945312,146.14039611816406,922.1630859375,36.15627670288086,137.86741638183594,164.6300048828125,151.5041046142578,769.1744995117188,355.9408874511719,417.0110778808594,215.94436645507812,199.781494140625,50.10032653808594,502.70001220703125,495.9586486816406,85.89305877685547,126.14508819580078,370.84820556640625,22.46102523803711,229.18902587890625,49.855072021484375,147.1108856201172,182.61630249023438,390.4699401855469,230.1453399658203,103.97294616699219,55.47746658325195,323.3185119628906,297.5137939453125,38.088069915771484,231.15829467773438,108.49829864501953,206.73326110839844,135.0076446533203,123.5575180053711
2026-01-28,133.30880737304688,264.9698791503906,268.3299865722656,116.44685363769531,195.30764770507812,335.9129333496094,221.80479431152344,337.3177795410156,496.38482666015625,174.0921173095703,331.3684997558594,252.7256622314453,145.45265197753906,332.0169372558594,549.8599853515625,354.89349365234375,202.43692016601562,56.02304458618164,473.489990234375,209.4253387451172,640.8687744140625,82.87500762939453,28.265777587890625,83.99348449707031,70.15131378173828,78.24174499511719,37.14344024658203,188.21417236328125,82.29795837402344,72.9343490600586,166.7564239501953,97.62000274658203,223.59848022460938,205.02548217773438,60.78571319580078,113.82139587402344,338.3787536621094,59.41576385498047,42.914573669433594,291.69097900390625,84.51625061035156,335.8411560058594,489.5193786621094,370.0320739746094,129.49920654296875,171.24871826171875,297.89654541015625,26.288894653320312,162.30169677734375,72.09559631347656,109.06568145751953,357.6004943847656,448.5700378417969,519.6045532226562,129.35821533203125,825.0213012695312,99.07979583740234,648.5055541992188,154.4446563720703,179.38356018066406,479.49468994140625,7626.080078125,171.60159301757812,101.37000274658203,87.66327667236328,100.106689453125,145.65261840820312,25.00267219543457,92.4738540649414,145.1552276611328,912.5029907226562,36.13658142089844,139.90576171875,161.91000366210938,151.16751098632812,749.1087036132812,351.1656494140625,412.1927185058594,216.35202026367188,197.9750518798828,48.33010482788086,511.3500061035156,497.3241271972656,85.56767272949219,126.54046630859375,441.8436584472656,23.505949020385742,220.24114990234375,49.286869049072266,146.8922119140625,184.3584442138672,392.361083984375,225.3553924560547,100.57830047607422,54.702178955078125,325.02825927734375,298.5696716308594,38.17525100708008,228.3351593017578,108.1935043334961,204.22169494628906,135.74766540527344,120.56153106689453
2026-01-29,132.71133422851562,255.94586181640625,255.67999267578125,116.53482818603516,196.35678100585938,340.49151611328125,225.9220428466797,338.0274658203125,517.9321899414062,177.84835815429688,341.2697448730469,252.85403442382812,149.06005859375,329.51617431640625,509.5799865722656,356.3946228027344,203.55555725097656,56.121971130371094,476.7900085449219,210.26148986816406,662.7463989257812,84.85681915283203,30.657346725463867,84.23063659667969,69.27198028564453,77.71656799316406,37.630332946777344,188.7017059326172,81.45817565917969,73.3382797241211,167.99290466308594,99.9000015258789,218.69912719726562,201.57188415527344,60.70759582519531,114.40727996826172,343.4566650390625,60.49142837524414,42.855220794677734,298.0537414550781,85.87010192871094,338.2180480957031,480.8496398925781,366.591064453125,131.18397521972656,173.89035034179688,303.49261474609375,26.397159576416016,168.0378875732422,72.4607162475586,109.49884796142578,353.3525695800781,452.0473327636719,541.8887939453125,130.5496368408203,820.7095947265625,99.2862319946289,651.5973510742188,154.8804473876953,179.4425811767578,431.57806396484375,7623.759765625,167.83787536621094,98.8499984741211,86.2385025024414,99.8917236328125,145.83897399902344,25.234716415405273,93.17195129394531,147.67726135253906,944.5009155273438,35.752567291259766,141.87515258789062,153.47999572753906,150.6923370361328,747.4232788085938,353.25482177734375,423.945556640625,213.5183563232422,198.39190673828125,47.91474533081055,480.0,497.80438232421875,85.8832015991211,129.91104125976562,445.4747314453125,24.541109085083008,224.7101287841797,50.276329040527344,146.57415771484375,187.35765075683594,424.0824279785156,231.16468811035156,102.79936981201172,55.28119659423828,329.8194580078125,298.3106689453125,38.56271743774414,232.06610107421875,108.55729675292969,204.16213989257812,138.63864135742188,120.35388946533203
2026-01-30,133.28890991210938,258.3170166015625,252.8699951171875,117.09203338623047,196.9506378173828,321.518798828125,223.29017639160156,336.982666015625,523.723876953125,175.82803344726562,347.9269714355469,269.1302490234375,143.5791778564453,330.08404541015625,483.5799865722656,350.1018371582031,199.11764526367188,55.439369201660156,480.5299987792969,213.89476013183594,654.89599609375,84.74942779541016,29.54521942138672,89.22084045410156,69.84842681884766,77.6075668334961,37.52103042602539,190.43301391601562,81.07286834716797,73.4170913696289,173.59625244140625,119.33999633789062,217.97218322753906,200.53680419921875,60.81501007080078,114.47679901123047,342.2292175292969,60.941253662109375,42.89479064941406,305.9623718261719,83.62031555175781,338.0882263183594,486.56964111328125,369.33203125,133.84986877441406,172.57945251464844,302.9676818847656,27.00738525390625,142.42691040039062,73.82249450683594,107.6480941772461,340.28125,454.0045471191406,536.9655151367188,131.15512084960938,829.6024169921875,101.21297454833984,650.2210083007812,151.69131469726562,180.82748413085938,428.38232421875,7635.72998046875,163.43858337402344,98.41000366210938,84.51689147949219,100.77113342285156,150.6842498779297,25.563444137573242,93.13262176513672,149.51954650878906,931.9925537109375,35.69348907470703,141.36309814453125,156.1300048828125,150.06866455078125,739.4547729492188,351.5835266113281,418.898681640625,213.85641479492188,199.43409729003906,47.84552001953125,465.1199951171875,497.0133361816406,85.79446411132812,129.34762573242188,406.6900939941406,25.595800399780273,221.2441864013672,50.374290466308594,148.8999481201172,195.20712280273438,418.61798095703125,232.66897583007812,103.02244567871094,55.06528854370117,319.90899658203125,299.37652587890625,43.125152587890625,229.58212280273438,108.81292724609375,203.15948486328125,139.51678466796875,123.4190902709961
2026-02-02,134.82244873046875,261.4034118652344,255.57000732421875,115.6745834350586,198.70248413085938,327.5837097167969,227.0186767578125,339.7425231933594,528.6810302734375,170.35546875,347.8970947265625,267.638916015625,144.4262237548828,329.8947448730469,459.989990234375,350.7579345703125,203.91104125976562,55.844974517822266,487.2900085449219,217.92617797851562,688.3201904296875,82.9433364868164,31.936786651611328,90.80189514160156,68.93001556396484,79.9064712524414,38.14704132080078,189.95542907714844,81.91265106201172,74.30377197265625,170.77984619140625,116.25,222.48318481445312,206.33924865722656,59.32099914550781,117.93255615234375,338.3589172363281,60.2469596862793,44.31934356689453,307.877197265625,83.88909149169922,344.44989013671875,495.11981201171875,372.8124694824219,135.9409637451172,171.98361206054688,305.1961669921875,27.03691291809082,140.68240356445312,74.33563995361328,107.1066665649414,337.6907958984375,457.1738586425781,553.4893798828125,129.21173095703125,844.8728637695312,100.96721649169922,652.5947265625,151.95872497558594,183.1026611328125,421.49298095703125,7718.3798828125,158.94993591308594,98.01000213623047,85.23918151855469,100.12622833251953,152.22413635253906,25.77614974975586,94.39117431640625,150.91848754882812,948.0860595703125,35.27009201049805,140.0633087158203,156.9199981689453,151.0883331298828,752.98828125,354.69732666015625,426.3497619628906,214.49273681640625,199.59291076660156,47.519161224365234,457.8900146484375,496.89093017578125,85.0155029296875,131.04776000976562,431.8881530761719,25.683691024780273,225.56419372558594,51.58907699584961,149.2577667236328,193.00967407226562,423.10699462890625,232.79762268066406,106.95052337646484,56.292015075683594,331.8472900390625,304.7356872558594,43.21232986450195,233.12351989746094,107.9968490600586,212.47116088867188,136.55673217773438,123.53775024414062
2026-02-03,131.58607482910156,236.33987426757812,240.7899932861328,117.9620590209961,199.70216369628906,317.8778991699219,228.21498107910156,333.7397766113281,526.5650634765625,169.79644775390625,345.14068603515625,274.522705078125,146.548828125,319.154296875,451.2900085449219,347.57672119140625,184.89791870117188,57.378360748291016,493.739990234375,217.0004425048828,700.2553100585938,82.40640258789062,31.434852600097656,92.04698181152344,70.15131378173828,82.35399627685547,38.9022331237793,189.7763214111328,73.60381317138672,75.69290924072266,174.7149658203125,113.33999633789062,215.69180297851562,210.65870666503906,60.0338249206543,115.45989990234375,335.2112121582031,60.422977447509766,45.84281921386719,309.0938720703125,85.32258605957031,340.2554016113281,497.4715576171875,375.75067138671875,137.1995849609375,161.94346618652344,311.8420715332031,27.529027938842773,135.2055206298828,75.87503814697266,110.77860260009766,348.9359130859375,460.56170654296875,548.8551635742188,129.1042938232422,849.473876953125,101.42924499511719,661.26171875,154.18714904785156,180.936279296875,409.3868713378906,7770.85986328125,153.59732055664062,97.0999984741211,86.2385025024414,94.92791748046875,159.7274627685547,24.91565704345703,93.69306945800781,153.01690673828125,960.3654174804688,34.95500564575195,145.8237762451172,149.25,145.70291137695312,757.1370239257812,352.2102355957031,427.5021667480469,212.7229461669922,201.98497009277344,49.210269927978516,419.1400146484375,440.9075927734375,85.78459930419922,128.58651733398438,443.35992431640625,26.20127296447754,224.78958129882812,52.931217193603516,151.14622497558594,195.67233276367188,433.3290710449219,238.99290466308594,108.48296356201172,57.597251892089844,326.96661376953125,309.8059997558594,44.80094528198242,235.697265625,110.37625122070312,214.45660400390625,141.8157501220703,121.03614044189453
2026-02-04,132.42254638671875,236.77096557617188,243.41000366210938,117.28754425048828,204.997314453125,296.8602600097656,227.1283416748047,360.95428466796875,541.9134521484375,173.15060424804688,348.4941711425781,283.0459899902344,129.54812622070312,306.9194030761719,430.6499938964844,351.593017578125,183.40469360351562,58.53582000732422,503.8299865722656,205.90158081054688,689.2268676757812,84.06604766845703,31.582481384277344,93.25253295898438,69.95590209960938,80.42174530029297,39.597801208496094,191.6469268798828,75.7872314453125,74.12643432617188,177.84539794921875,112.25,218.6094970703125,218.97915649414062,61.96725082397461,118.7766342163086,337.1414489746094,61.6844367980957,47.762001037597656,307.5081787109375,85.89997100830078,332.90496826171875,491.9209899902344,381.7650451660156,139.597900390625,163.71116638183594,314.23895263671875,28.001462936401367,130.38595581054688,76.32896423339844,113.982421875,336.5295715332031,470.25836181640625,551.6456909179688,131.88755798339844,820.4102783203125,100.11196899414062,669.3900146484375,162.21937561035156,178.13681030273438,412.3536682128906,8025.83984375,145.65280151367188,96.73999786376953,89.41456604003906,96.22750091552734,162.99359130859375,25.892173767089844,94.78446960449219,154.54391479492188,964.0103149414062,34.59068298339844,152.32278442382812,151.33999633789062,147.395751953125,772.9742431640625,352.8668518066406,427.03521728515625,216.94857788085938,195.27529907226562,50.7827033996582,418.9800109863281,438.36505126953125,85.41976928710938,130.50411987304688,417.603271484375,26.58213233947754,214.3023681640625,53.989253997802734,153.00486755371094,199.7406005859375,439.141845703125,247.17738342285156,113.22576141357422,58.313655853271484,327.9804992675781,310.28411865234375,45.537132263183594,240.206298828125,111.42829132080078,214.258056640625,145.6243438720703,125.27798461914062
2026-02-05,129.0965576171875,228.86392211914062,238.05999755859375,117.90341186523438,212.984619140625,303.234375,229.08229064941406,362.5313415527344,531.5023803710938,168.1880340576172,341.677734375,279.9942321777344,127.18635559082031,309.3703918457031,399.6499938964844,352.53741455078125,176.8875732421875,56.74522018432617,503.8900146484375,226.1383514404297,675.7674560546875,76.509765625,30.95260238647461,93.75648498535156,71.18696594238281,81.6108169555664,39.61767578125,193.13941955566406,75.91565704345703,75.20030975341797,175.8827362060547,111.16999816894531,214.84535217285156,216.52084350585938,62.21137237548828,95.98653411865234,328.876220703125,60.403419494628906,46.82219696044922,305.5434875488281,82.9234848022461,330.8975830078125,511.9709167480469,377.0028076171875,141.02499389648438,167.1273956298828,307.1968688964844,27.568397521972656,132.7608184814453,77.47366333007812,114.08130645751953,339.6559753417969,456.7068786621094,550.021240234375,127.65895080566406,955.9475708007812,101.20314025878906,669.1705932617188,163.49700927734375,173.94256591796875,391.9246520996094,8044.7900390625,135.53347778320312,92.86000061035156,90.27536010742188,95.9245834350586,164.31771850585938,25.611787796020508,93.89955139160156,156.25811767578125,963.641845703125,35.12239074707031,152.06674194335938,153.94000244140625,134.93211364746094,764.5669555664062,336.90972900390625,404.0462341308594,217.46559143066406,194.5110321044922,48.96303176879883,410.44000244140625,425.3697509765625,85.44934844970703,127.22248840332031,404.4555969238281,26.670024871826172,207.25132751464844,54.01864242553711,154.45599365234375,199.8098907470703,434.1153869628906,248.8498992919922,113.0414810180664,58.00943374633789,327.1654052734375,309.55694580078125,45.62431335449219,239.5379180908203,110.0616226196289,210.94239807128906,144.1344757080078,125.30765533447266
2026-02-06,129.03680419921875,235.7617645263672,240.39999389648438,118.08914947509766,205.4229278564453,321.7083740234375,231.19577026367188,378.814697265625,539.419921875,167.97225952148438,340.36419677734375,279.6189270019531,135.7564697265625,331.6981506347656,414.20001220703125,357.0408020019531,177.43495178222656,58.28849792480469,508.0899963378906,225.28231811523438,723.4779052734375,78.9601821899414,33.452430725097656,93.29206085205078,71.16742706298828,84.04844665527344,40.35299301147461,194.890625,76.15277862548828,77.1904067993164,177.48231506347656,115.44999694824219,215.70175170898438,222.6019287109375,62.50431442260742,98.77694702148438,335.53790283203125,62.47651290893555,47.21790313720703,320.134033203125,83.8592300415039,322.6783752441406,499.9429626464844,379.7438049316406,141.2826690673828,167.83248901367188,319.3199462890625,27.96209144592285,143.92405700683594,77.9867935180664,112.74638366699219,347.04022216796875,445.3311767578125,546.8818359375,129.03594970703125,946.84521484375,101.15399169921875,688.1701049804688,170.99441528320312,178.0181121826172,399.3615417480469,8009.83984375,141.8295135498047,94.22000122070312,88.90005493164062,96.2763442993164,167.22096252441406,26.317584991455078,95.70870971679688,156.80979919433594,974.2877807617188,35.368553161621094,155.38519287109375,155.72000122070312,135.961669921875,783.3961791992188,341.1178894042969,412.31195068359375,218.67860412597656,197.18099975585938,50.139888763427734,426.8800048828125,413.6645812988281,86.13957214355469,130.82041931152344,428.2670593261719,26.49424171447754,214.4215545654297,54.67502212524414,154.91319274902344,195.3852996826172,452.6385803222656,250.00779724121094,113.80769348144531,59.56001281738281,329.60076904296875,322.4667663574219,44.859066009521484,245.72291564941406,109.55033874511719,219.06280517578125,147.06491088867188,125.98990631103516
2026-02-09,126.96552276611328,231.97970581054688,242.52999877929688,118.38241577148438,197.89089965820312,329.7483215332031,232.69114685058594,370.4364929199219,537.1482543945312,170.3652801513672,308.8194885253906,282.8287353515625,143.69876098632812,342.67767333984375,433.7699890136719,357.5478210449219,168.67221069335938,58.91175079345703,498.0799865722656,224.724853515625,739.3382568359375,81.10796356201172,32.29109191894531,93.0450210571289,71.14788818359375,85.99061584472656,40.46229934692383,193.78616333007812,73.70260620117188,74.64859771728516,179.1898193359375,114.5,215.75155639648438,223.92564392089844,62.28948974609375,98.32015228271484,324.1744689941406,63.239261627197266,46.02088928222656,315.885498046875,80.31532287597656,323.9766540527344,495.8074035644531,375.6520690917969,138.1311798095703,168.3091583251953,319.0228271484375,28.060516357421875,143.64578247070312,76.9407958984375,112.80570983886719,347.97320556640625,453.3786315917969,533.5172729492188,130.4519805908203,960.4588623046875,99.92520141601562,693.8848876953125,168.64715576171875,180.38232421875,411.76629638671875,7882.25,155.50401306152344,92.72000122070312,88.35587310791016,95.8464126586914,163.27804565429688,26.153221130371094,94.32234191894531,154.99710083007812,976.6624755859375,35.132240295410156,155.08978271484375,159.74000549316406,137.53570556640625,778.1802978515625,346.3506774902344,407.9803771972656,222.7948455810547,194.72938537597656,49.98165512084961,438.8999938964844,418.2882385253906,86.25789642333984,132.7281036376953,423.9576416015625,26.474712371826172,224.89881896972656,53.66596221923828,155.2908935546875,195.65255737304688,457.6451416015625,251.7100067138672,114.3702392578125,59.226341247558594,323.6365966796875,326.0528259277344,45.54682159423828,244.14674377441406,109.4520263671875,215.9853973388672,149.19613647460938,125.87125396728516
2026-02-10,128.459228515625,235.99693298339844,243.5800018310547,119.44652557373047,199.0885009765625,328.2520446777344,232.39207458496094,359.4264831542969,503.8000793457031,175.07284545898438,316.3623962402344,287.17431640625,143.63897705078125,339.1905212402344,446.9700012207031,361.0670471191406,170.42739868164062,58.51603698730469,500.29998779296875,219.2600555419922,739.5873413085938,82.53330993652344,32.82255554199219,92.81774139404297,72.05653381347656,85.50507354736328,40.64116287231445,198.31341552734375,73.6729736328125,74.57962799072266,178.8561553955078,115.51000213623047,218.82858276367188,228.39439392089844,63.920204162597656,100.6041259765625,322.3333435058594,64.11934661865234,46.159385681152344,315.4765930175781,79.90717315673828,318.2142028808594,500.3016662597656,384.2102355957031,140.3610076904297,163.6714324951172,315.2392883300781,28.257362365722656,142.71617126464844,75.79609680175781,118.06629180908203,342.4945373535156,457.5216064453125,538.5601196289062,133.25477600097656,933.4013061523438,99.69910430908203,706.2320556640625,171.76693725585938,175.970458984375,411.437744140625,8094.27978515625,158.7811279296875,93.44000244140625,89.10783386230469,96.7649154663086,163.76846313476562,26.694656372070312,92.07072448730469,156.7211456298828,989.3338012695312,35.51625061035156,154.90269470214844,162.72000122070312,138.68406677246094,752.8784790039062,354.33917236328125,409.9077453613281,221.79066467285156,193.73683166503906,49.76408386230469,437.45001220703125,377.6921081542969,88.4468765258789,130.70179748535156,395.2582092285156,26.767681121826172,224.2235107421875,53.97945785522461,152.35879516601562,197.40457153320312,459.2276916503906,258.61785888671875,115.12675476074219,59.4226188659668,326.8838195800781,329.09100341796875,45.90522766113281,245.85256958007812,111.02517700195312,215.20114135742188,149.57107543945312,126.69194793701172
2026-02-11,128.35964965820312,225.77749633789062,232.58999633789062,120.45152282714844,202.63180541992188,339.0351867675781,234.5653533935547,361.3288269042969,484.1916809082031,177.0049285888672,308.4513244628906,289.5150451660156,143.53932189941406,341.50201416015625,434.45001220703125,351.9309997558594,171.6734161376953,60.593528747558594,500.0199890136719,223.2218017578125,772.0950317382812,84.02699279785156,32.56666564941406,94.181396484375,72.80885314941406,84.76189422607422,41.07837677001953,199.35818481445312,70.05699920654297,75.88008880615234,182.3496856689453,115.36000061035156,219.0576171875,231.96742248535156,65.4825668334961,104.65570831298828,326.89654541015625,63.219703674316406,46.51552200317383,312.8836364746094,79.45921325683594,310.9236755371094,529.6192016601562,385.1961975097656,140.7475128173828,150.94000244140625,307.8505554199219,29.418758392333984,147.56964111328125,77.56246948242188,119.63851928710938,337.7404479980469,464.4761657714844,535.6400756835938,132.8446044921875,951.3464965820312,99.36487579345703,659.8953247070312,171.1925048828125,174.77349853515625,402.57720947265625,8097.25,156.07005310058594,94.11000061035156,88.47460174560547,92.67074584960938,165.9066619873047,26.810678482055664,91.25463104248047,157.62750244140625,993.584228515625,35.44732666015625,159.028564453125,155.60000610351562,139.62452697753906,776.8737182617188,357.6520080566406,404.1157531738281,224.6740264892578,195.04701232910156,51.291080474853516,438.2099914550781,367.9739074707031,89.90620422363281,130.08895874023438,406.25115966796875,27.802839279174805,226.88504028320312,52.94101333618164,149.83424377441406,207.41188049316406,470.33563232421875,260.0924377441406,116.38762664794922,57.862220764160156,327.9495849609375,318.54205322265625,47.43572998046875,253.8032684326172,111.23165130615234,211.6074981689453,153.4882049560547,127.22588348388672
2026-02-12,124.35650634765625,217.56671142578125,223.49000549316406,124.57003021240234,204.44305419921875,327.57373046875,227.98568725585938,360.95428466796875,465.5995788574219,184.56646728515625,312.9491882324219,287.8952941894531,143.23040771484375,329.9545593261719,435.80999755859375,340.8663635253906,165.56910705566406,60.73202896118164,500.010009765625,214.0739288330078,755.4476318359375,85.72569274902344,32.08441162109375,95.03121185302734,73.01403045654297,74.3177719116211,40.44242858886719,195.11947631835938,65.0381088256836,76.77662658691406,178.99354553222656,116.0199966430664,214.03875732421875,229.479248046875,67.4550552368164,105.67852783203125,332.62774658203125,61.65509796142578,45.0514030456543,312.0458984375,79.56871795654297,308.96624755859375,533.356201171875,384.7426452636719,140.61866760253906,148.794921875,299.7487487792969,29.438444137573242,144.7120361328125,77.95719146728516,119.48031616210938,337.3533630371094,469.7914123535156,525.6738891601562,130.3152618408203,914.2283935546875,99.16825866699219,658.3195190429688,172.9356231689453,166.24652099609375,400.05841064453125,8096.16015625,155.394775390625,95.20999908447266,90.77996826171875,90.3549575805664,163.99404907226562,26.559295654296875,88.99317932128906,158.81956481933594,979.9949340820312,36.0479621887207,153.86875915527344,150.7899932861328,137.08033752441406,781.5411987304688,361.1836242675781,379.5074157714844,219.60325622558594,199.6425323486328,50.375877380371094,423.3500061035156,374.03839111328125,91.49371337890625,124.85021209716797,430.1125183105469,28.125106811523438,223.88584899902344,51.011077880859375,153.67665100097656,212.49969482421875,458.30206298828125,259.0632019042969,114.5157241821289,56.753265380859375,322.9094543457031,320.67376708984375,47.910369873046875,253.17478942871094,112.11654663085938,205.2838897705078,148.91920471191406,124.22988891601562
2026-02-13,125.28260803222656,219.7026824951172,231.22000122070312,128.0283966064453,205.38331604003906,354.0278015136719,229.05238342285156,366.4229736328125,471.9464111328125,188.40118408203125,320.1238708496094,276.2807312011719,146.2100067138672,323.9765625,429.6700134277344,335.5179748535156,164.8326416015625,60.544063568115234,497.54998779296875,219.77764892578125,771.2980346679688,88.23468780517578,31.412076950073242,95.5252914428711,74.97787475585938,76.15093994140625,40.61134719848633,192.91546630859375,65.74945068359375,77.31848907470703,180.30853271484375,115.7300033569336,211.6886444091797,230.5342254638672,69.77906799316406,107.48584747314453,343.2784729003906,62.447181701660156,45.91206359863281,314.5591125488281,80.7135238647461,305.6206359863281,538.408447265625,385.5610046386719,139.98440551757812,151.22799682617188,299.6595764160156,29.221912384033203,146.03660583496094,77.64141845703125,120.91411590576172,342.911376953125,477.87860107421875,516.6046752929688,132.3758544921875,932.942138671875,97.80184936523438,677.0596313476562,170.93597412109375,169.3031768798828,399.5407409667969,7507.43017578125,159.02938842773438,96.66000366210938,89.28900146484375,92.22126770019531,162.75820922851562,26.665651321411133,88.87519073486328,157.6964874267578,999.4908447265625,37.23938751220703,157.32504272460938,156.77000427246094,139.28794860839844,801.0086059570312,367.2720031738281,391.7966613769531,221.89007568359375,198.57057189941406,50.12717819213867,437.0899963378906,385.65875244140625,93.4559097290039,126.49103546142578,424.9451904296875,28.01768684387207,234.56173706054688,51.357421875,153.95574951171875,217.27073669433594,463.09954833984375,257.98443603515625,115.65049743652344,56.615867614746094,312.8489990234375,326.3815612792969,47.47446823120117,255.4392852783203,114.80650329589844,213.0072479248047,147.44918823242188,125.22855377197266
2026-02-17,123.35073852539062,215.4503173828125,225.32000732421875,128.323974609375,210.14402770996094,358.2373352050781,232.61138916015625,370.56170654296875,467.0741882324219,189.37213134765625,324.36297607421875,274.256103515625,148.0535888671875,331.31951904296875,431.94000244140625,342.5066833496094,164.8147430419922,59.44182205200195,503.4100036621094,224.5457000732422,761.8934326171875,89.6795654296875,32.311824798583984,94.51737213134766,74.84991455078125,76.15093994140625,40.77033615112305,194.39144897460938,64.39592742919922,77.0426254272461,178.91131591796875,117.3499984741211,205.49472045898438,232.1465606689453,69.7400131225586,111.35867309570312,341.27899169921875,62.075584411621094,45.199790954589844,326.1976013183594,80.8528823852539,302.4248046875,532.917724609375,377.6634521484375,142.2439727783203,152.37998962402344,304.1958312988281,28.670740127563477,146.8315887451172,78.50979614257812,120.08350372314453,343.99322509765625,479.0906982421875,520.1626586914062,131.26255798339844,944.6394653320312,94.77411651611328,664.7623901367188,166.757568359375,169.68896484375,395.1004943847656,7421.0,152.9021759033203,92.5999984741211,91.88328552246094,91.13665771484375,158.81529235839844,26.462614059448242,90.43854522705078,157.18417358398438,1007.6524047851562,36.99322509765625,155.73968505859375,153.07000732421875,141.19859313964844,791.3946533203125,368.5851745605469,385.9351806640625,219.9214324951172,201.98497009277344,49.580047607421875,421.95001220703125,386.5157165527344,91.6416244506836,126.52069091796875,414.91986083984375,28.00792121887207,234.2737274169922,51.65428161621094,156.45755004882812,217.37962341308594,468.2255554199219,260.08251953125,113.59515380859375,57.08693313598633,318.247802734375,301.0500183105469,47.39698028564453,259.37451171875,114.46939086914062,210.27728271484375,145.20443725585938,124.1507797241211
2026-02-18,126.40787506103516,219.09521484375,229.74000549316406,125.39766693115234,207.28363037109375,368.38201904296875,233.58837890625,376.88397216796875,476.0514221191406,183.02670288085938,321.3976135253906,278.8979797363281,147.21649169921875,332.28594970703125,430.1199951171875,344.20660400390625,169.98353576660156,61.110084533691406,499.07000732421875,223.95840454101562,749.1513061523438,85.3547134399414,32.17340087890625,94.44820404052734,73.9344711303711,77.46884155273438,41.09825134277344,195.87741088867188,66.34220123291016,76.59929656982422,182.20118713378906,118.88999938964844,207.6855010986328,230.9821014404297,68.06047058105469,110.82243347167969,342.7241516113281,62.18315505981445,45.48667907714844,328.69085693359375,83.29180908203125,303.5433654785156,533.1568603515625,378.1366882324219,139.9943084716797,154.11788940429688,305.8300476074219,28.68058204650879,147.84130859375,78.44071960449219,119.905517578125,349.4817810058594,482.1308288574219,526.192138671875,131.95591735839844,945.1384887695312,96.81881713867188,659.9750366210938,163.3253173828125,174.68447875976562,397.828369140625,7523.1201171875,155.0869140625,92.75,92.21129608154297,92.13333129882812,161.2379150390625,26.462614059448242,90.90066528320312,154.53407287597656,995.2504272460938,36.24489212036133,154.99130249023438,155.5,141.80247497558594,790.0282592773438,376.1260070800781,393.8730163574219,215.59637451171875,203.28521728515625,51.3209228515625,442.30999755859375,394.92498779296875,90.44852447509766,128.1812744140625,423.0997619628906,27.226665496826172,234.00559997558594,52.13916015625,156.71669006347656,211.08421325683594,457.2967224121094,262.2597961425781,114.19503784179688,57.66594696044922,319.0446472167969,298.2010803222656,46.544551849365234,259.0149230957031,112.75408935546875,212.4016876220703,149.66415405273438,127.68071746826172
2026-02-19,125.81038665771484,210.61004638671875,229.10000610351562,126.53074645996094,201.13729858398438,369.37078857421875,232.03317260742188,372.6856689453125,470.7109069824219,181.23193359375,322.71112060546875,277.2486267089844,150.67442321777344,332.76416015625,441.1199951171875,340.6376953125,159.5321044921875,62.12295913696289,496.94000244140625,221.73861694335938,757.6793212890625,84.4175033569336,31.19455337524414,92.86714935302734,74.66288757324219,77.84539031982422,41.416221618652344,197.4331817626953,64.53494262695312,76.17565155029297,183.10292053222656,118.06999969482422,210.36422729492188,231.42002868652344,70.95084381103516,110.96146392822266,344.6444396972656,61.65509796142578,45.714210510253906,333.8369445800781,81.10175323486328,303.163818359375,526.8190307617188,373.2660217285156,139.05282592773438,153.04534912109375,305.10699462890625,28.641212463378906,146.80264282226562,77.8683853149414,114.82292938232422,356.01251220703125,486.9294738769531,518.498291015625,131.90708923339844,935.3275756835938,95.92426300048828,673.6088256835938,164.2008056640625,172.48843383789062,397.5988464355469,7526.14013671875,155.454345703125,94.16999816894531,92.47967529296875,90.2279281616211,161.43409729003906,25.969520568847656,90.6056900024414,156.20884704589844,1010.15673828125,36.402435302734375,153.03176879882812,154.39999389648438,139.85223388671875,780.2745971679688,374.8924255371094,392.80010986328125,220.35891723632812,203.88075256347656,51.271183013916016,442.44000244140625,392.3730163574219,91.67119598388672,126.3921890258789,407.9669494628906,27.226665496826172,230.7978515625,51.238670349121094,155.99903869628906,213.1134033203125,461.52691650390625,260.25079345703125,113.62464904785156,56.8121452331543,317.67999267578125,301.6775817871094,47.116065979003906,261.56182861328125,113.24983978271484,209.28456115722656,149.95220947265625,125.85147857666016
2026-02-20,122.38480377197266,211.00198364257812,226.97999572753906,127.46676635742188,204.2550048828125,374.9139099121094,232.79083251953125,371.9412841796875,469.9736022949219,183.7034149169922,323.47735595703125,277.7029113769531,150.51498413085938,331.4291076660156,433.9100036621094,344.1470031738281,162.29244995117188,61.7754020690918,498.20001220703125,223.4109344482422,756.8922119140625,85.92094421386719,31.629596710205078,93.96399688720703,74.67273712158203,78.47956085205078,42.042236328125,199.4776153564453,64.57466125488281,75.55497741699219,182.26063537597656,118.69000244140625,208.62156677246094,232.20626831054688,72.00543212890625,113.43412017822266,339.44775390625,61.21505355834961,45.72410583496094,342.2940979003906,81.1415786743164,314.4890441894531,530.4462890625,376.884521484375,140.91600036621094,152.946044921875,307.82086181640625,29.074277877807617,149.40931701660156,78.78610229492188,115.15912628173828,353.4716796875,493.2879638671875,524.62744140625,130.34457397460938,945.6475219726562,95.21647644042969,684.1209106445312,166.20045471191406,173.5172119140625,396.37152099609375,7580.60009765625,147.0530242919922,93.5,92.11190032958984,89.15309143066406,161.7773895263672,25.766483306884766,94.15518951416016,158.39593505859375,1019.9246215820312,36.86521911621094,153.36654663085938,155.16000366210938,141.44607543945312,778.5072021484375,383.0400695800781,396.1878356933594,218.2411346435547,204.0699462890625,50.584781646728516,439.94000244140625,393.13580322265625,92.24309539794922,126.46138000488281,410.1016845703125,27.324323654174805,233.82615661621094,51.77302932739258,157.7134246826172,213.2717742919922,464.94091796875,263.3484191894531,114.79492950439453,57.56781005859375,319.6921081542969,304.1081237792969,47.70695114135742,264.45831298828125,113.36882019042969,213.2951202392578,146.28707885742188,127.33464813232422
2026-02-23,123.67935180664062,197.11807250976562,218.63999938964844,130.08763122558594,204.0471649169922,373.086181640625,230.7371826171875,376.5763244628906,452.1287841796875,186.39065551757812,313.7651672363281,279.747314453125,147.3061981201172,329.1275939941406,423.44000244140625,319.35345458984375,154.09341430664062,63.22520065307617,494.0899963378906,223.7891845703125,753.6344604492188,85.61830139160156,30.077285766601562,95.9501953125,75.10584259033203,77.03284454345703,41.70438766479492,197.79220581054688,60.70197296142578,75.86038970947266,183.23175048828125,118.16999816894531,210.0355987548828,229.6384735107422,72.89403533935547,112.2325439453125,332.4594421386719,61.91912841796875,44.56665802001953,338.0754699707031,79.29993438720703,311.2832336425781,534.103515625,371.6983642578125,139.28076171875,153.03543090820312,294.8262023925781,29.30065155029297,148.5763702392578,79.49659729003906,114.90203094482422,352.4791564941406,494.95703125,494.350341796875,130.2078399658203,947.4141235351562,96.93678283691406,681.787109375,165.48416137695312,165.00013732910156,383.6390686035156,7456.830078125,140.32997131347656,95.3499984741211,90.00466918945312,85.39115142822266,165.0925750732422,26.16288948059082,91.13664245605469,162.72085571289062,1006.6945190429688,36.687984466552734,153.73390197753906,150.8800048828125,139.00086975097656,785.8662109375,363.1534118652344,386.43792724609375,219.9214324951172,201.0823974609375,50.972747802734375,420.82000732421875,381.1763610839844,92.29239654541016,123.68385314941406,406.40081787109375,27.85167121887207,230.3894500732422,49.566341400146484,157.17520141601562,217.71617126464844,457.7944030761719,261.0326232910156,113.11326599121094,54.7708740234375,305.31866455078125,309.58685302734375,48.12348175048828,262.6105651855469,114.81642150878906,200.40966796875,149.74362182617188,124.37820434570312
2026-02-24,123.8785171508789,192.75791931152344,220.91000366210938,130.4423370361328,207.66964721679688,377.46075439453125,236.11058044433594,380.00042724609375,464.5434265136719,186.52796936035156,317.76544189453125,276.0140686035156,150.97340393066406,324.2953796386719,442.510009765625,318.597900390625,161.96482849121094,64.26786804199219,494.510009765625,224.9339141845703,765.3504028320312,86.53599548339844,31.25387954711914,96.9482421875,75.57833099365234,77.42920684814453,42.20122528076172,198.0115966796875,60.63246154785156,73.0821304321289,183.6578369140625,120.94000244140625,208.3128662109375,230.25555419921875,73.47015380859375,114.48673248291016,323.818115234375,62.1538200378418,44.97225570678711,344.7075500488281,80.92256927490234,310.5142517089844,524.6865234375,379.083251953125,139.28076171875,154.28671264648438,294.459716796875,30.540786743164062,150.4729461669922,79.65448760986328,115.09980010986328,351.61566162109375,500.7293395996094,496.3136901855469,130.95004272460938,955.5084228515625,95.10834503173828,695.001953125,165.60354614257812,166.9686279296875,388.1593017578125,7504.7900390625,145.12648010253906,94.33000183105469,89.36852264404297,86.45622253417969,166.28916931152344,26.240238189697266,93.26044464111328,162.8292236328125,1020.712890625,37.5347785949707,153.24742126464844,153.57000732421875,143.32699584960938,771.0383911132812,372.1964416503906,404.0535583496094,219.47401428222656,197.6367645263672,51.57956314086914,440.7200012207031,393.8797302246094,92.6572265625,125.75959014892578,395.0487060546875,27.685653686523438,240.5103302001953,49.14083480834961,157.14529418945312,219.7255401611328,461.5667419433594,263.90264892578125,113.45747375488281,54.005393981933594,306.0158996582031,316.65936279296875,48.29784393310547,264.148681640625,114.91557312011719,207.44802856445312,148.25372314453125,127.21600341796875
2026-02-25,124.19717407226562,187.63352966308594,224.80999755859375,130.51132202148438,207.18466186523438,394.4596252441406,232.30235290527344,381.4494934082031,476.5097351074219,178.96641540527344,323.0693664550781,276.83380126953125,152.1094207763672,331.0903625488281,520.1799926757812,325.1690979003906,165.724365234375,64.35723876953125,493.989990234375,225.1429443359375,763.7364501953125,83.99771118164062,31.342866897583008,95.5252914428711,75.39130401611328,78.4002914428711,41.95280838012695,196.24639892578125,60.90057373046875,75.06238555908203,182.54800415039062,119.41999816894531,208.6414794921875,225.65740966796875,73.43109130859375,112.13323974609375,327.1539001464844,61.99736022949219,44.15116882324219,341.9649658203125,82.05741119384766,312.6214904785156,538.6875610351562,370.29827880859375,139.79611206054688,159.22238159179688,300.40240478515625,29.674659729003906,154.47084045410156,79.40779113769531,109.49313354492188,338.49468994140625,504.97161865234375,507.6651306152344,130.91099548339844,961.3770751953125,95.01004028320312,671.50439453125,164.68826293945312,171.85533142089844,399.7342224121094,7283.14013671875,146.8643341064453,91.44000244140625,88.89141082763672,89.14332580566406,165.92626953125,26.191896438598633,93.09329223632812,160.9672393798828,1009.5181884765625,37.69232177734375,150.81507873535156,154.11000061035156,144.3565673828125,783.1103515625,375.1212158203125,401.142578125,220.3191375732422,195.1670379638672,51.39055633544922,449.1700134277344,399.8356018066406,93.17982482910156,130.09884643554688,420.81536865234375,27.216903686523438,241.4666290283203,50.041324615478516,155.31130981445312,216.43927001953125,457.8740234375,261.5175476074219,111.9626693725586,55.00640106201172,311.7633056640625,304.34716796875,47.68758010864258,262.4906921386719,114.43964385986328,207.69619750976562,148.05508422851562,127.50273132324219
2026-02-26,120.46289825439453,203.19290161132812,233.4499969482422,130.1566162109375,210.5795135498047,375.2535095214844,236.230224609375,376.4869689941406,485.2079772949219,181.44769287109375,328.65185546875,272.81414794921875,147.9539337158203,320.519287109375,550.1900024414062,333.35076904296875,169.19810485839844,64.44661712646484,502.6700134277344,226.08859252929688,750.1077270507812,84.34915924072266,32.331600189208984,96.3948745727539,75.84410858154297,77.38957214355469,42.380088806152344,197.74232482910156,64.51508331298828,76.8554458618164,182.48855590820312,119.41000366210938,208.48214721679688,226.06546020507812,72.6206283569336,111.12034606933594,319.7696228027344,62.70143127441406,45.18989944458008,339.9205017089844,80.4248275756836,306.7491760253906,524.0487060546875,369.82501220703125,139.8060302734375,161.7646942138672,303.20538330078125,29.85181999206543,152.2366943359375,79.43739318847656,110.74894714355469,352.4990234375,495.27496337890625,513.0269165039062,132.6883544921875,972.5653686523438,95.38359069824219,676.6607666015625,165.31503295898438,175.5747833251953,400.851806640625,7434.14013671875,149.26756286621094,91.33000183105469,90.90918731689453,92.31898498535156,164.36676025390625,26.201562881469727,95.86603546142578,161.3218994140625,1012.6810302734375,38.007408142089844,151.36111450195312,157.19000244140625,144.12887573242188,769.6404418945312,376.8920593261719,410.0351257324219,223.3019256591797,196.81019592285156,51.22144317626953,426.0,412.9366149902344,93.87004089355469,130.7413330078125,408.6652526855469,26.816509246826172,234.882080078125,50.96160125732422,158.17193603515625,210.98521423339844,455.00750732421875,262.7051696777344,114.69657897949219,56.19387435913086,315.45880126953125,307.7937927246094,47.35823440551758,263.0899963378906,114.80650329589844,209.84046936035156,147.53857421875,128.3036346435547
2026-02-27,120.87117767333984,204.505859375,245.8699951171875,131.85130310058594,212.3214874267578,371.8377380371094,238.48324584960938,385.25079345703125,468.4093322753906,188.1658172607422,333.8263854980469,272.2610778808594,145.55230712890625,318.377197265625,542.4000244140625,307.0859069824219,168.7637939453125,64.8041000366211,504.95001220703125,228.17897033691406,740.045654296875,87.41463470458984,31.19455337524414,97.9660415649414,76.84814453125,78.73719787597656,42.559532165527344,200.58460998535156,63.97886657714844,78.71747589111328,185.06495666503906,117.2699966430664,209.75677490234375,224.94821166992188,72.98191833496094,109.0483627319336,316.7506408691406,61.811561584472656,45.54603958129883,341.336669921875,78.35423278808594,311.0235595703125,527.8554077148438,375.3760070800781,139.56817626953125,162.99612426757812,297.4310607910156,29.802610397338867,152.2606658935547,80.4833984375,113.08258819580078,361.8087463378906,504.7828674316406,515.4586791992188,130.72543334960938,985.4603881835938,96.0029067993164,674.7757568359375,164.46942138671875,164.71324157714844,391.8912048339844,7517.7900390625,144.3916015625,93.87999725341797,92.00255584716797,91.50797271728516,166.4853515625,26.73332977294922,93.82089233398438,164.72073364257812,1006.9041137695312,38.38157653808594,153.21763610839844,156.58999633789062,140.93128967285156,780.5042114257812,360.72601318359375,406.1969909667969,227.6866455078125,201.7794952392578,51.072227478027344,414.0,417.0802001953125,94.92509460449219,127.1335220336914,406.8396911621094,27.353620529174805,229.2637939453125,48.794498443603516,161.13223266601562,215.91845703125,460.1632995605469,263.6104431152344,114.03768920898438,53.64228439331055,318.8852844238281,308.7998962402344,48.569068908691406,263.62933349609375,115.96656799316406,204.15220642089844,151.47189331054688,129.6286163330078
2026-03-02,117.67462921142578,201.7721710205078,246.94000244140625,131.3291015625,211.64503479003906,371.7178955078125,240.71636962890625,382.8092346191406,473.600341796875,186.5377655029297,336.14495849609375,273.01165771484375,134.69020080566406,317.6498718261719,572.02001953125,305.6245422363281,166.39234924316406,64.3770980834961,480.1700134277344,228.82598876953125,749.5000610351562,87.40486907958984,28.811704635620117,96.14783477783203,76.85798645019531,78.69756317138672,43.03806686401367,201.05332946777344,63.05537796020508,80.45143127441406,187.87918090820312,114.51000213623047,205.13624572753906,225.84600830078125,72.66944122314453,99.80410766601562,291.08392333984375,61.733333587646484,45.83292770385742,344.8072814941406,77.40852355957031,305.9601745605469,531.0641479492188,365.6050720214844,141.19049072265625,163.6416473388672,294.7172546386719,29.497495651245117,153.29933166503906,79.16109466552734,109.37447357177734,375.644287109375,506.0346984863281,519.2357788085938,130.96957397460938,989.8555297851562,96.43544006347656,664.4005126953125,160.6292724609375,165.1979522705078,397.6886291503906,7415.75,148.21490478515625,95.02999877929688,93.05618286132812,92.09424591064453,164.072509765625,26.356258392333984,94.2240219116211,161.08546447753906,1009.1290283203125,38.13541793823242,159.0254669189453,158.1199951171875,139.61463928222656,789.630615234375,352.2997741699219,410.88250732421875,229.0487823486328,211.27992248535156,51.00259017944336,424.6600036621094,418.2128601074219,94.3334732055664,127.96381378173828,378.58917236328125,27.353620529174805,211.16375732421875,49.031986236572266,159.4178466796875,214.94375610351562,463.995361328125,265.59014892578125,112.5232162475586,53.61284637451172,319.25384521484375,305.0146179199219,48.41408157348633,263.34967041015625,115.62945556640625,199.87359619140625,153.1802978515625,127.51264190673828
2026-03-03,118.5409927368164,205.6522216796875,253.39999389648438,129.979248046875,212.49058532714844,350.8837890625,234.52548217773438,374.1744384765625,463.9854736328125,186.58680725097656,337.40875244140625,269.66357421875,129.1295928955078,312.68817138671875,579.0900268554688,306.01226806640625,165.3609161376953,62.10309982299805,481.3599853515625,225.3121795654297,719.4730224609375,88.11754608154297,28.20857810974121,94.3790283203125,76.5823745727539,78.24174499511719,42.529624938964844,201.0034637451172,63.88949203491211,79.29873657226562,187.0567169189453,109.86000061035156,203.15457153320312,220.2198028564453,72.12261962890625,98.32980346679688,281.1458740234375,61.33240509033203,45.73400115966797,333.2386169433594,76.92073822021484,303.163818359375,539.9132690429688,361.76971435546875,140.41416931152344,163.6416473388672,297.3914489746094,29.103803634643555,143.95126342773438,78.2927017211914,107.19905090332031,365.2427978515625,498.4244079589844,522.5445556640625,130.44223022460938,994.5902709960938,95.06902313232422,655.8428344726562,157.6645965576172,164.15928649902344,403.0570068359375,7361.10009765625,147.97657775878906,93.87000274658203,91.83358764648438,93.37428283691406,161.7479705810547,25.698802947998047,92.1002197265625,157.35165405273438,986.4403076171875,37.662784576416016,158.62835693359375,163.10000610351562,136.74374389648438,765.5166015625,359.014892578125,397.2745056152344,230.93788146972656,205.66331481933594,48.326622009277344,424.32000732421875,419.0718078613281,94.02781677246094,124.45484161376953,356.7428894042969,27.998153686523438,203.52330017089844,48.78459930419922,159.18861389160156,217.35069274902344,443.7502136230469,264.4659729003906,111.35295104980469,52.984764099121094,319.57257080078125,298.8385925292969,49.27619552612305,260.5130920410156,115.13370513916016,198.12640380859375,150.80641174316406,124.51663208007812
2026-03-04,120.03469848632812,205.75999450683594,257.8900146484375,131.55572509765625,213.05760192871094,357.3157958984375,234.0270233154297,376.4273986816406,467.2037353515625,187.126220703125,339.5084228515625,270.8092346191406,132.28857421875,316.3645935058594,569.8099975585938,309.3823547363281,169.33026123046875,60.45469665527344,487.4800109863281,222.1566925048828,729.226318359375,88.98641967773438,27.69443702697754,94.15174865722656,76.8973617553711,80.1343765258789,42.64925765991211,199.57733154296875,64.6640396118164,79.37755584716797,184.34158325195312,108.73999786376953,203.87155151367188,221.2971649169922,72.15190887451172,98.82787322998047,288.49053955078125,61.39107131958008,45.931854248046875,338.8932800292969,78.2447280883789,303.05401611328125,542.5140991210938,363.928955078125,141.4990234375,165.14120483398438,296.52978515625,28.414840698242188,147.40286254882812,77.0690689086914,105.34004211425781,365.9871826171875,495.9505615234375,521.1492919921875,130.6472930908203,977.6290893554688,93.97785949707031,659.6572875976562,160.06219482421875,165.77169799804688,404.32427978515625,7251.27001953125,151.31326293945312,94.2699966430664,90.6010513305664,93.5990219116211,160.7769317626953,25.737478256225586,91.93306732177734,155.95272827148438,985.5623168945312,37.99756622314453,163.53274536132812,162.97000122070312,138.10987854003906,786.3255615234375,357.950439453125,382.17108154296875,230.24191284179688,207.9537811279297,47.640220642089844,430.9800109863281,420.4970397949219,94.05738830566406,125.07756042480469,374.09027099609375,28.30088996887207,208.2151641845703,48.596588134765625,161.20199584960938,218.5243377685547,442.9738464355469,265.3215637207031,108.66819763183594,53.328243255615234,319.2139892578125,294.83416748046875,49.59585952758789,260.4731750488281,116.55155944824219,194.91000366210938,148.80996704101562,124.54629516601562
2026-03-05,117.6148910522461,209.6792449951172,264.1199951171875,130.0974884033203,210.51101684570312,346.0997314453125,226.14138793945312,364.8448791503906,471.16925048828125,184.02706909179688,337.1101989746094,272.9326477050781,135.7664337158203,331.54864501953125,570.489990234375,305.4058532714844,183.64952087402344,59.76951217651367,500.3999938964844,215.029541015625,703.4334106445312,87.97109985351562,26.854013442993164,91.5726547241211,75.99175262451172,79.28219604492188,41.02424240112305,203.9753875732422,65.31941223144531,77.52538299560547,188.17645263671875,107.58000183105469,201.15301513671875,215.052490234375,69.54471588134766,95.50074768066406,283.5710144042969,61.713775634765625,46.792518615722656,326.10784912109375,75.8555679321289,300.5173034667969,532.6087646484375,356.6032409667969,139.02076721191406,162.86703491210938,290.74554443359375,27.60776710510254,142.75379943847656,76.01319885253906,103.13496398925781,357.4020080566406,486.8797912597656,522.8833618164062,131.26255798339844,930.3213500976562,91.43180084228516,632.0267944335938,155.40628051757812,160.7959747314453,409.79241943359375,7074.83984375,153.71649169921875,94.36000061035156,90.09412384033203,96.12977600097656,157.61866760253906,25.727807998657227,91.93306732177734,151.70663452148438,963.2427368164062,37.377235412597656,165.2403564453125,164.25,136.49586486816406,763.7891845703125,351.5934753417969,377.33599853515625,230.34132385253906,203.0143585205078,47.15277862548828,442.29998779296875,425.7922058105469,92.62764739990234,123.69374084472656,366.43902587890625,28.29112434387207,209.74923706054688,47.97317123413086,160.4046173095703,219.34983825683594,434.32440185546875,258.85516357421875,102.34479522705078,52.90625,318.5466003417969,286.1180419921875,49.57648468017578,251.27435302734375,115.10395050048828,192.18003845214844,149.74362182617188,120.85816192626953
2026-03-06,114.58763122558594,210.6590576171875,260.989990234375,129.92999267578125,211.2073516845703,324.3367919921875,221.29635620117188,366.7604064941406,463.1983642578125,184.95877075195312,338.9312744140625,268.814208984375,131.41160583496094,329.26708984375,574.010009765625,299.2322998046875,181.56076049804688,59.39216995239258,498.9800109863281,216.78146362304688,678.3477783203125,88.28350830078125,25.499446868896484,92.45211791992188,75.95238494873047,77.9246597290039,39.82790756225586,203.05787658691406,65.79605102539062,76.76677703857422,188.21609497070312,104.25,194.68026733398438,207.91000366210938,70.07201385498047,92.36287689208984,286.69891357421875,61.33240509033203,45.96152877807617,322.2383117675781,75.04732513427734,297.91070556640625,530.95458984375,352.89605712890625,138.59280395507812,165.04190063476562,286.7144470214844,27.804615020751953,134.2836151123047,76.02306365966797,100.0399169921875,365.13067626953125,481.5943298339844,520.5712890625,129.68048095703125,918.2446899414062,89.35760498046875,609.1195678710938,152.6206817626953,158.54058837890625,408.0761413574219,6958.830078125,151.89918518066406,94.5999984741211,88.68267822265625,98.54328918457031,157.77008056640625,26.153221130371094,90.71385192871094,151.3519744873047,921.6367797851562,37.95817947387695,164.76382446289062,162.7100067138672,135.190673828125,758.7267456054688,336.61126708984375,368.6926574707031,229.7248992919922,208.88987731933594,46.6553840637207,437.4100036621094,426.9720458984375,91.33594512939453,119.64112854003906,351.9346923828125,27.968856811523438,205.057373046875,46.00397872924805,158.80984497070312,220.37429809570312,422.1719970703125,252.79661560058594,100.66313934326172,51.394920349121094,316.1161804199219,273.9254150390625,49.51836395263672,244.38272094726562,114.78667449951172,185.16152954101562,150.1905975341797,120.067138671875
2026-03-09,116.15104675292969,205.13291931152344,260.75,129.92015075683594,206.6016082763672,338.5191650390625,224.37684631347656,374.1446533203125,459.80078125,183.0463104248047,331.20928955078125,271.0067443847656,135.58706665039062,344.4810485839844,559.0599975585938,303.58660888671875,177.1821746826172,59.68014144897461,497.20001220703125,221.26083374023438,702.1781005859375,87.6001205444336,26.09268569946289,91.89875793457031,76.03113555908203,75.51676177978516,40.475921630859375,200.2255859375,64.19732666015625,77.10174560546875,187.7206268310547,104.31999969482422,197.9664306640625,210.4836883544922,69.06624603271484,92.2732162475586,277.8892517089844,60.80434799194336,46.297882080078125,321.5292053222656,74.52845001220703,305.8259582519531,543.231689453125,348.59722900390625,137.29893493652344,164.6545867919922,287.1502685546875,27.745561599731445,142.7278289794922,76.77304077148438,98.82366180419922,369.7619323730469,480.4815673828125,515.9668579101562,129.0457000732422,941.119384765625,89.7901382446289,611.6459350585938,150.849853515625,158.71864318847656,408.5251770019531,6872.02978515625,150.50889587402344,94.61000061035156,87.04261016845703,96.0516128540039,159.8482208251953,25.92117691040039,89.09149932861328,152.9183807373047,930.0677490234375,37.721866607666016,161.8251495361328,163.4199981689453,137.60177612304688,780.434326171875,342.3415222167969,374.3950500488281,228.82009887695312,207.36622619628906,46.943870544433594,437.2200012207031,420.2893981933594,92.20365142822266,120.52084350585938,373.4118957519531,26.884870529174805,205.4458770751953,46.26125717163086,157.62371826171875,216.3262481689453,426.55206298828125,252.29920959472656,98.28326416015625,51.159393310546875,314.73162841796875,273.7856750488281,48.86935806274414,246.69992065429688,114.60820007324219,186.92857360839844,149.42578125,120.9866943359375
2026-03-10,114.94612121582031,197.5590057373047,253.85000610351562,130.363525390625,206.41261291503906,345.4505615234375,225.60305786132812,372.6161804199219,454.5001220703125,182.53631591796875,319.3874816894531,271.71783447265625,136.26470947265625,341.3226623535156,529.969970703125,301.36968994140625,174.4322967529297,58.925453186035156,494.1400146484375,216.0448455810547,713.99365234375,86.41883850097656,25.914714813232422,91.39479064941406,75.23381042480469,76.99320983886719,40.78497314453125,195.7477569580078,62.53901672363281,75.1904525756836,184.59921264648438,105.26000213623047,194.4014434814453,209.74549865722656,69.40801239013672,93.90689849853516,281.534423828125,60.119834899902344,45.803245544433594,326.1134948730469,74.76792907714844,306.7453918457031,535.7677612304688,352.1368408203125,136.60223388671875,159.06349182128906,285.97161865234375,27.59792709350586,145.10879516601562,76.85197448730469,97.6172866821289,360.2604064941406,474.8384704589844,512.97705078125,127.08277893066406,927.664306640625,88.36474609375,606.6730346679688,154.4512176513672,159.01541137695312,404.8830871582031,6783.240234375,148.36386108398438,94.70999908447266,85.57152557373047,92.94435119628906,159.1060333251953,26.25957489013672,88.22624969482422,153.69667053222656,948.2467041015625,37.53833770751953,161.32875061035156,159.52000427246094,134.70248413085938,770.878662109375,344.3809509277344,372.91961669921875,222.2480010986328,206.14132690429688,47.859073638916016,432.6499938964844,411.00164794921875,91.67119598388672,121.13367462158203,383.34747314453125,27.060649871826172,202.1685333251953,46.16230392456055,159.00918579101562,217.59934997558594,432.6881408691406,248.91677856445312,99.24700927734375,50.98274612426758,313.1976318359375,271.4603271484375,49.12120819091797,246.45021057128906,113.5274658203125,187.01791381835938,147.13136291503906,119.13768768310547
2026-03-11,114.9361572265625,197.4120330810547,251.8300018310547,129.32896423339844,204.5126190185547,350.6341247558594,223.6092071533203,374.8096618652344,449.0500183105469,179.3292999267578,315.3473815917969,274.256103515625,134.0723419189453,340.3163757324219,517.5700073242188,304.1929931640625,172.46324157714844,58.55803680419922,493.57000732421875,214.43228149414062,704.937744140625,85.48162841796875,25.677419662475586,88.54888916015625,74.65303802490234,77.38957214355469,40.21671676635742,197.8021697998047,61.99287033081055,74.5993423461914,190.04930114746094,102.72000122070312,194.24209594726562,209.82530212402344,69.84742736816406,91.18742370605469,288.6156311035156,58.829036712646484,46.09013366699219,324.7452087402344,74.62823486328125,308.2344970703125,535.4090576171875,345.9154052734375,134.32305908203125,155.9352569580078,284.77313232421875,27.214073181152344,146.31326293945312,76.60527038574219,95.49130249023438,362.7901916503906,480.0320129394531,502.2933654785156,124.92452239990234,933.258056640625,87.46035766601562,596.7372436523438,154.3716278076172,159.15390014648438,404.0049743652344,6610.91015625,161.98870849609375,94.38999938964844,84.09049987792969,91.84996032714844,158.4825897216797,26.394933700561523,87.50202178955078,151.04656982421875,938.3590087890625,37.33993148803711,168.27828979492188,159.1300048828125,133.62644958496094,773.5046997070312,337.1982421875,372.1021423339844,222.5065155029297,206.40023803710938,47.918758392333984,432.9800109863281,404.8853454589844,91.49371337890625,124.5438003540039,385.0233459472656,26.52353858947754,204.35009765625,45.172760009765625,157.3645782470703,212.2881622314453,431.44097900390625,249.81211853027344,99.1290054321289,51.257530212402344,307.74908447265625,266.071044921875,49.09214782714844,245.67117309570312,112.33765411376953,184.4169921875,150.55809020996094,118.44554138183594
2026-03-12,111.16204833984375,192.09165954589844,249.88999938964844,130.27484130859375,203.95555114746094,336.8512268066406,214.90611267089844,365.0334777832031,438.6878662109375,176.39686584472656,314.3622131347656,286.8879089355469,131.0130157470703,334.7369384765625,499.3999938964844,300.1170959472656,168.28533935546875,55.50948715209961,491.8900146484375,218.08546447753906,698.0635986328125,84.06604766845703,23.650514602661133,86.90855407714844,75.57833099365234,77.03284454345703,39.10013961791992,192.73594665527344,60.75162124633789,74.94416046142578,195.1822967529297,100.69000244140625,185.47900390625,203.3013153076172,69.29083251953125,83.96534729003906,286.72332763671875,58.936607360839844,44.76451110839844,306.31817626953125,73.29113006591797,303.0276184082031,530.7254028320312,336.40673828125,133.77565002441406,157.51426696777344,280.1874084472656,26.50542640686035,140.77732849121094,76.58554077148438,91.50631713867188,356.4359130859375,488.8641052246094,495.6260070800781,124.75850677490234,943.3169555664062,85.89733123779297,586.5317993164062,148.33287048339844,152.70423889160156,400.9914855957031,6439.0,158.05618286132812,92.9800033569336,82.13236236572266,89.57325744628906,157.20602416992188,25.969520568847656,85.5079345703125,148.26837158203125,900.1354370117188,37.76650619506836,172.835205078125,157.4600067138672,130.66737365722656,745.4965209960938,333.3581848144531,357.09844970703125,224.485107421875,202.19773864746094,44.32759094238281,418.7200012207031,396.14501953125,91.88813018798828,121.78604125976562,373.0627746582031,26.74814796447754,197.07821655273438,43.9061393737793,155.28138732910156,213.213134765625,420.8649597167969,242.83836364746094,96.26724243164062,50.52149200439453,305.2987365722656,263.28656005859375,49.04372024536133,240.06797790527344,114.07279205322266,177.99412536621094,152.4949493408203,114.16413879394531
2026-03-13,111.04254913330078,192.67953491210938,251.1699981689453,131.6444091796875,205.08956909179688,341.10595703125,213.82943725585938,363.4653015136719,440.4713439941406,180.85926818847656,319.83526611328125,284.4188537597656,133.45449829101562,320.9776306152344,496.17999267578125,298.1983947753906,169.22499084472656,53.88093948364258,490.0299987792969,216.0846710205078,691.388671875,86.46109771728516,23.719724655151367,87.78800964355469,76.61190032958984,77.61747741699219,39.179893493652344,193.753173828125,59.94729232788086,75.00326538085938,195.03366088867188,100.77999877929688,186.53456115722656,203.4309844970703,70.042724609375,87.54151153564453,290.44818115234375,58.66279983520508,44.97225570678711,299.31689453125,72.2334213256836,301.2786865234375,531.1139526367188,336.5059814453125,132.30262756347656,158.10018920898438,280.7321472167969,26.97785758972168,141.68316650390625,76.8438720703125,93.89928436279297,357.51153564453125,492.3630676269531,496.3037109375,123.36199188232422,939.8707885742188,85.66140747070312,582.9169921875,150.1833038330078,153.1988525390625,394.69512939453125,6466.56005859375,154.03427124023438,91.54000091552734,82.68899536132812,90.49176025390625,158.2154083251953,25.698802947998047,85.15078735351562,148.41615295410156,887.8531494140625,38.20299530029297,171.4949493408203,155.88999938964844,129.34228515625,744.6577758789062,329.0207214355469,359.8200378417969,222.9936981201172,203.67161560058594,44.48675537109375,412.6300048828125,398.7784423828125,93.78129577636719,119.93765258789062,382.7688903808594,27.070415496826172,198.6421661376953,43.371788024902344,154.9225616455078,216.2168426513672,421.4436340332031,241.1869354248047,95.5985107421875,50.05043029785156,305.9362487792969,264.8934020996094,49.77021789550781,236.47235107421875,116.35325622558594,178.67909240722656,155.06747436523438,114.32234954833984
2026-03-16,111.36121368408203,195.2858428955078,249.77999877929688,132.17645263671875,206.72097778320312,345.7501525878906,214.18887329101562,363.5050048828125,437.4224853515625,181.1534881591797,325.1491394042969,285.5842590332031,136.32449340820312,323.7275085449219,489.6400146484375,296.4487609863281,171.29017639160156,54.804443359375,492.2099914550781,216.5923309326172,697.156982421875,86.51051330566406,24.441499710083008,89.23072814941406,77.04500579833984,78.18229675292969,39.65842819213867,192.2173614501953,60.62253189086914,74.71755981445312,195.053466796875,101.70999908447266,190.58749389648438,206.91244506835938,71.25354766845703,88.41812896728516,290.8863830566406,58.73125076293945,45.18989944458008,303.62152099609375,72.7922134399414,304.2369079589844,523.361083984375,340.029541015625,134.11404418945312,160.37437438964844,283.4261474609375,27.115650177001953,143.6406707763672,77.32079315185547,94.87821960449219,364.7322998046875,495.842041015625,506.77813720703125,123.41082000732422,942.2081909179688,86.74273681640625,584.4747924804688,149.17848205566406,154.0198974609375,399.08563232421875,6565.93994140625,154.88832092285156,90.45999908447266,83.10646057128906,90.97054290771484,156.07789611816406,25.727807998657227,85.765869140625,149.86434936523438,892.6224365234375,38.43116760253906,172.22959899902344,155.94000244140625,128.9138641357422,755.7811279296875,337.4867248535156,362.930419921875,222.84457397460938,205.20521545410156,44.725502014160156,425.8800048828125,402.6483459472656,94.5997085571289,118.83060455322266,397.80194091796875,27.080183029174805,202.66661071777344,44.05457305908203,155.51065063476562,213.6607208251953,420.5456848144531,240.9581298828125,95.78536987304688,50.20745086669922,308.8945617675781,265.4223327636719,49.37306594848633,238.90939331054688,116.8985824584961,181.03182983398438,156.1699981689453,116.8239517211914
2026-03-17,112.27735137939453,194.6489715576172,252.9199981689453,131.6542510986328,206.18382263183594,352.0223693847656,215.2373046875,358.4233703613281,436.346435546875,181.50656127929688,319.6064147949219,282.6114501953125,134.65032958984375,320.1307373046875,506.57000732421875,298.506591796875,177.24761962890625,56.60179901123047,492.5799865722656,215.3679656982422,699.36865234375,86.9157943725586,24.807334899902344,88.87499237060547,77.064697265625,78.5489273071289,40.18680953979492,192.31707763671875,60.89064025878906,73.70279693603516,196.1732177734375,104.70999908447266,194.39149475097656,213.2967987060547,71.20472717285156,88.56755065917969,294.55145263671875,59.67000961303711,45.437217712402344,301.7138977050781,73.8798599243164,309.2239074707031,508.8501892089844,338.88812255859375,134.69129943847656,160.2249298095703,284.1492004394531,27.13533592224121,147.9461669921875,77.08233642578125,95.94615936279297,367.37158203125,492.49261474609375,504.8646240234375,125.0710220336914,940.8497314453125,86.9393539428711,581.6687622070312,148.29306030273438,156.12692260742188,398.5467834472656,6596.75,153.6171875,89.38999938964844,83.63327026367188,90.31587982177734,154.87059020996094,26.539960861206055,87.03575134277344,149.2338409423828,891.29541015625,38.12363815307617,171.4651641845703,154.1199951171875,131.1057586669922,757.91796875,347.4051818847656,356.2909240722656,223.48089599609375,202.48655700683594,45.889400482177734,429.2900085449219,408.6419677734375,94.5997085571289,120.15510559082031,420.0572204589844,27.197370529174805,203.5531768798828,44.12384033203125,154.87274169921875,212.1986541748047,424.3969421386719,241.06756591796875,96.14923095703125,50.61963653564453,307.25103759765625,264.93328857421875,48.937164306640625,237.6908721923828,116.29376220703125,180.84320068359375,157.73934936523438,120.3143310546875
2026-03-18,111.0325927734375,191.20982360839844,248.47999572753906,129.04322814941406,203.3089599609375,349.0361022949219,212.45147705078125,348.845703125,430.9660949707031,177.2108917236328,316.32257080078125,277.9399719238281,127.36573791503906,314.7704772949219,508.4100036621094,292.6611633300781,174.81613159179688,57.07844924926758,484.4700012207031,210.8985595703125,691.0200805664062,83.93062591552734,23.8878116607666,86.483642578125,76.26737976074219,76.89411926269531,39.518856048583984,184.93714904785156,59.867855072021484,71.93929290771484,196.80740356445312,104.54000091552734,190.69703674316406,211.71067810058594,70.95084381103516,85.68867492675781,293.7547302246094,58.52589416503906,44.596336364746094,300.5852966308594,73.37095642089844,306.1157531738281,501.0458068847656,328.4662780761719,132.08367919921875,156.57847595214844,284.9910583496094,26.643218994140625,148.0470428466797,75.48265838623047,93.69163513183594,366.8935546875,487.0299072265625,486.8159484863281,122.85416412353516,919.33349609375,85.73021697998047,567.1095581054688,144.3335418701172,157.21502685546875,390.9432678222656,6482.81982421875,151.83958435058594,87.72000122070312,78.05705261230469,88.56681823730469,151.94140625,26.414268493652344,85.99405670166016,144.53457641601562,910.3424072265625,37.746665954589844,171.4949493408203,150.11000061035156,129.98988342285156,743.01025390625,339.85443115234375,354.0179138183594,220.7168426513672,203.71144104003906,45.08362579345703,428.6700134277344,402.695556640625,93.7122802734375,119.69054412841797,405.7723083496094,26.767681121826172,195.4943389892578,43.39157485961914,152.3709259033203,205.5049591064453,425.7339172363281,235.34727478027344,95.2346420288086,50.364471435546875,297.8480529785156,257.3483581542969,48.03630447387695,237.5010986328125,114.86599731445312,182.7591552734375,156.52757263183594,116.03292846679688
2026-03-19,111.28154754638672,199.4402313232422,247.64999389648438,126.82633972167969,203.00059509277344,356.7664794921875,211.18338012695312,347.29742431640625,432.48052978515625,179.24102783203125,315.4369201660156,280.6361999511719,130.19586181640625,318.6661376953125,502.17999267578125,293.1979675292969,171.3408660888672,60.28588104248047,481.4800109863281,209.95291137695312,686.0687255859375,84.08877563476562,24.65902328491211,84.48756408691406,76.23783874511719,77.79584503173828,38.372371673583984,181.33694458007812,61.1190299987793,70.79646301269531,199.61172485351562,104.91000366210938,189.3128662109375,210.97250366210938,70.1989517211914,85.27029418945312,289.9700927734375,57.99784469604492,44.01266860961914,291.2469482421875,73.63040161132812,305.5461120605469,498.6506042480469,325.76654052734375,130.7400360107422,157.91351318359375,285.2188415527344,26.721956253051758,150.95932006835938,75.06536102294922,92.67314147949219,362.2324523925781,488.2560119628906,489.4769287109375,121.5943832397461,897.9571533203125,85.39599609375,566.6602172851562,141.97573852539062,156.8391571044922,388.1792297363281,6417.89990234375,154.44143676757812,87.91000366210938,79.74681854248047,89.61234283447266,151.14974975585938,26.501285552978516,85.22023010253906,142.69229125976562,897.9802856445312,37.349857330322266,177.05458068847656,150.6699981689453,130.79690551757812,736.3502197265625,338.4516906738281,354.63604736328125,221.74093627929688,199.89732360839844,47.57058334350586,428.25,402.2236022949219,94.5741195678711,119.55216217041016,433.5340881347656,27.089948654174805,197.6260986328125,43.4212646484375,154.17501831054688,205.47512817382812,422.0722351074219,232.96961975097656,94.95928955078125,50.344844818115234,298.53533935546875,256.5100402832031,47.92974853515625,236.85189819335938,114.65777587890625,181.25022888183594,157.09373474121094,114.68818664550781
2026-03-20,110.83343505859375,195.95211791992188,247.99000549316406,123.81135559082031,204.54244995117188,356.6166687011719,209.0565643310547,345.1932678222656,437.3427734375,173.38597106933594,324.03460693359375,277.5350341796875,126.29945373535156,309.3703918457031,496.2699890136719,293.7646179199219,172.5278778076172,59.92839431762695,480.94000244140625,206.87709045410156,678.3278198242188,81.4100341796875,23.8482608795166,84.112060546875,73.25526428222656,76.94366455078125,38.0533447265625,178.8536834716797,61.63539123535156,70.42208862304688,199.89907836914062,100.43000030517578,188.55606079101562,208.85768127441406,68.10929870605469,85.58906555175781,290.2987976074219,56.697265625,43.29050064086914,286.4329528808594,72.65251159667969,298.61029052734375,492.8921813964844,318.3620910644531,132.02394104003906,157.84376525878906,283.8223571777344,26.170785903930664,149.67596435546875,74.2704849243164,89.5385513305664,351.42620849609375,486.6112365722656,494.6393737792969,118.93807220458984,884.8616333007812,84.69804382324219,559.889892578125,140.4735107421875,159.72764587402344,381.0447082519531,6369.3798828125,148.6419219970703,87.30000305175781,79.06097412109375,90.43313598632812,148.47784423828125,26.07587242126465,84.39679718017578,142.14060974121094,892.3928833007812,36.25862121582031,174.20526123046875,149.80999755859375,129.42198181152344,731.7770385742188,328.1651611328125,354.0179138183594,218.0422821044922,197.33799743652344,46.38679122924805,420.32000732421875,400.6095886230469,91.06916809082031,120.56037902832031,410.2214050292969,27.646589279174805,195.08590698242188,43.698333740234375,154.4740447998047,207.34498596191406,409.430908203125,233.70579528808594,94.2708969116211,50.2957763671875,300.4378662109375,257.8872985839844,48.41408157348633,235.77320861816406,111.22716522216797,177.1205291748047,158.5935516357422,114.37178039550781
2026-03-23,111.5504150390625,195.98150634765625,247.44000244140625,126.0381088256836,206.67123413085938,361.3407897949219,212.4914093017578,347.14849853515625,441.29833984375,173.1015625,324.3729553222656,275.2140808105469,130.47315979003906,322.0003967285156,507.2799987792969,300.136962890625,175.43057250976562,62.09316635131836,479.9800109863281,205.45364379882812,699.0697631835938,80.39192199707031,25.163278579711914,84.14170837402344,73.45214080810547,78.10302734375,38.82099533081055,180.7186279296875,61.50629806518555,70.23490142822266,203.34750366210938,102.44999694824219,189.2033233642578,211.77052307128906,69.00765228271484,78.98460388183594,288.0678405761719,57.11775207519531,43.97309875488281,291.17706298828125,75.55622100830078,298.84014892578125,493.59075927734375,328.4365234375,134.7908172607422,156.5884246826172,287.14031982421875,26.13141632080078,150.95034790039062,74.62818145751953,92.4160385131836,344.0859680175781,476.5430603027344,498.68560791015625,119.52401733398438,876.0413818359375,85.6908950805664,576.7658081054688,145.80592346191406,162.54689025878906,382.1722717285156,6530.68994140625,153.2696075439453,88.69999694824219,78.5639877319336,91.36140441894531,149.30911254882812,25.882505416870117,85.8650894165039,141.85491943359375,904.0166625976562,36.6058349609375,175.4859619140625,149.22999572753906,127.87769317626953,735.4315795898438,337.3573913574219,356.72955322265625,215.4870147705078,194.01185607910156,48.993125915527344,432.4800109863281,404.8003845214844,92.79682159423828,121.80582427978516,403.0290832519531,28.08604621887207,200.016845703125,44.39101791381836,155.98907470703125,207.63340759277344,423.9779052734375,237.13796997070312,96.05088806152344,50.56074905395508,303.246826171875,263.2266845703125,48.99528503417969,241.38636779785156,111.09827423095703,182.38192749023438,160.04371643066406,113.93672943115234
2026-03-24,113.72126770019531,189.63232421875,239.38999938964844,126.90515899658203,206.22360229492188,373.525634765625,216.65516662597656,345.81854248046875,446.5392150878906,167.0797882080078,325.4277648925781,282.7102355957031,127.76724243164062,317.78704833984375,456.6000061035156,300.2264404296875,171.1956329345703,63.04646301269531,479.3299865722656,206.2798309326172,713.9437866210938,77.68351745605469,25.18305206298828,83.52904510498047,74.1608657836914,80.12446594238281,38.7512092590332,177.64697265625,59.818206787109375,71.7225570678711,204.9131622314453,101.38999938964844,189.3029022216797,215.052490234375,69.60330200195312,71.2046890258789,289.1534118652344,57.37200164794922,44.40837478637695,290.2681884765625,76.40438079833984,289.02606201171875,484.74847412109375,328.4464416503906,134.77093505859375,155.24343872070312,289.6065368652344,25.796775817871094,156.4193572998047,74.19100189208984,91.34809875488281,350.0019836425781,478.3274230957031,497.24053955078125,118.95759582519531,880.9659423828125,85.11091613769531,575.3577880859375,145.9153594970703,164.08013916015625,371.9344177246094,6499.93017578125,146.06988525390625,87.98999786376953,77.52030944824219,88.53750610351562,149.02212524414062,26.066204071044922,87.02582550048828,141.03721618652344,922.494873046875,36.76456069946289,182.79290771484375,142.9600067138672,128.19650268554688,740.5838623046875,341.7247009277344,360.109130859375,214.03538513183594,193.19525146484375,50.246551513671875,415.6199951171875,388.1220703125,94.32588958740234,124.82056427001953,423.917724609375,28.19346809387207,205.5753631591797,44.84620666503906,157.86294555664062,210.1199188232422,429.10626220703125,238.43124389648438,96.8081283569336,51.16920471191406,302.5694885253906,266.17083740234375,49.314945220947266,245.3215789794922,112.11952209472656,179.7710723876953,164.2650604248047,114.62886047363281
2026-03-25,112.50639343261719,188.40756225585938,235.4199981689453,126.41251373291016,203.63723754882812,368.88140869140625,215.0076446533203,351.27734375,450.24566650390625,164.04928588867188,319.8750915527344,286.50274658203125,128.53607177734375,318.30621337890625,460.1499938964844,298.4767761230469,169.08493041992188,62.18253707885742,476.19000244140625,210.3411102294922,716.3447265625,76.07231903076172,25.440122604370117,84.4776840209961,74.25930786132812,81.08563995361328,39.44906997680664,176.37045288085938,59.37135696411133,71.11173248291016,203.2880401611328,100.05000305175781,186.3652801513672,214.63351440429688,69.51541900634766,72.82840728759766,294.89007568359375,57.166648864746094,44.88322448730469,296.1907958984375,76.44429779052734,289.4158020019531,483.0518798828125,330.0345458984375,133.4671173095703,156.24969482421875,292.59771728515625,25.954254150390625,154.18521118164062,74.76728057861328,91.16023254394531,350.59954833984375,490.78802490234375,501.05755615234375,118.79158020019531,878.7783203125,86.398681640625,588.578857421875,147.28826904296875,163.86251831054688,370.2381286621094,6552.2001953125,145.00730895996094,91.16000366210938,78.22602844238281,91.224609375,150.15025329589844,26.37559700012207,88.01791381835938,141.78594970703125,919.481689453125,36.86376190185547,179.98330688476562,143.55999755859375,129.87033081054688,748.3522338867188,344.14215087890625,359.5408935546875,214.31378173828125,194.19110107421875,51.61935806274414,410.1300048828125,385.5547180175781,94.64362335205078,125.45317077636719,412.9255676269531,28.134872436523438,209.21131896972656,44.91547775268555,159.218505859375,210.21939086914062,433.01739501953125,240.08267211914062,96.73928833007812,50.923858642578125,303.7149658203125,268.9952087402344,48.79186248779297,248.018310546875,111.76258087158203,180.60494995117188,162.1593475341797,115.40011596679688
2026-03-26,113.00430297851562,192.4541778564453,239.8300018310547,126.95442962646484,206.0743865966797,338.129638671875,211.15342712402344,350.51312255859375,446.5192565917969,165.66751098632812,322.1837158203125,289.544677734375,122.94451904296875,308.9310607910156,450.4599914550781,297.63177490234375,168.1277313232422,61.92435836791992,475.2699890136719,206.7476806640625,700.55419921875,77.07067108154297,24.995193481445312,83.14366149902344,75.1353759765625,81.41264343261719,39.42913055419922,168.39215087890625,60.33456039428711,70.12652587890625,205.90408325195312,93.69000244140625,187.26150512695312,208.6980743408203,69.10529327392578,69.4813461303711,293.05755615234375,58.193416595458984,44.626014709472656,284.8848876953125,75.43647766113281,280.5711364746094,479.3592834472656,325.9848937988281,134.2533721923828,155.38291931152344,288.8736267089844,25.855831146240234,144.9280242919922,74.21087646484375,90.09229278564453,347.93035888671875,493.9280700683594,499.0543518066406,119.28964233398438,862.606201171875,86.18241119384766,579.2821655273438,143.24916076660156,161.46864318847656,365.1790771484375,6530.22021484375,141.819580078125,92.2699966430664,76.97362518310547,91.4493408203125,149.25962829589844,26.655981063842773,88.23617553710938,140.30819702148438,899.4270629882812,37.24073028564453,182.68370056152344,144.00999450683594,130.0596160888672,755.6014404296875,331.91571044921875,353.72882080078125,216.02392578125,192.05003356933594,52.037166595458984,401.95001220703125,389.3019104003906,94.862060546875,124.2077407836914,378.5201110839844,28.24229621887207,202.41757202148438,44.49987030029297,157.0555877685547,210.44813537597656,406.2082214355469,237.9537353515625,95.88370513916016,50.62944412231445,304.3325500488281,266.01116943359375,49.150272369384766,245.24168395996094,113.0515365600586,179.24493408203125,164.31471252441406,115.32100677490234
2026-03-27,109.77787780761719,188.71131896972656,229.83999633789062,128.18603515625,201.64772033691406,336.7513732910156,208.92677307128906,346.156005859375,435.22052001953125,166.25596618652344,312.12322998046875,288.5767822265625,123.43378448486328,300.2048645019531,429.94000244140625,290.5535888671875,162.07814025878906,62.77834701538086,468.489990234375,205.6328125,692.7933959960938,77.68351745605469,23.91747283935547,83.2918930053711,75.01725006103516,79.19300842285156,39.548763275146484,165.2606658935547,59.31177520751953,69.04280853271484,209.23358154296875,94.05000305175781,181.14419555664062,206.09446716308594,68.6463623046875,66.97105407714844,285.2294006347656,57.450233459472656,44.46773147583008,282.4579162597656,72.82215118408203,273.5953369140625,470.9062194824219,319.25537109375,131.6955108642578,152.10508728027344,280.13787841796875,26.04448699951172,144.1370391845703,75.22432708740234,89.24189758300781,341.615966796875,489.5718688964844,482.60028076171875,117.74663543701172,859.2099609375,86.36080169677734,570.125244140625,142.3040313720703,156.68087768554688,355.9989318847656,6450.759765625,138.69142150878906,90.11000061035156,75.49259185791016,89.5830307006836,151.4466094970703,26.143552780151367,86.32144927978516,140.59390258789062,886.4364013671875,37.349857330322266,186.9229278564453,137.61000061035156,126.64225006103516,736.6098022460938,327.0206604003906,350.4190368652344,214.59217834472656,188.9230499267578,53.2209587097168,380.4700012207031,383.4404296875,95.19964599609375,121.10401153564453,379.7991943359375,28.41807746887207,201.3616485595703,44.0644645690918,154.61358642578125,209.68231201171875,409.30120849609375,237.5557861328125,93.22846984863281,49.90322494506836,294.36175537109375,260.94122314453125,48.73374557495117,240.81707763671875,113.3886489868164,174.01332092285156,169.8372344970703,112.07781982421875
2026-03-30,111.54045867919922,193.56137084960938,235.67999267578125,129.19102478027344,206.18382263183594,322.71881103515625,208.0580596923828,346.38427734375,436.8346252441406,167.0797882080078,322.4722900390625,287.9545593261719,118.97051239013672,292.94635009765625,415.07000732421875,295.742919921875,164.28738403320312,60.2560920715332,474.6600036621094,205.36404418945312,664.92822265625,78.76094818115234,23.6900634765625,84.71483612060547,76.00160217285156,76.3392105102539,39.648460388183594,168.20265197753906,60.63246154785156,69.10191345214844,208.79759216308594,94.97000122070312,183.50929260253906,202.31373596191406,70.15013122558594,67.71817016601562,283.6358947753906,57.977752685546875,44.63590621948242,272.9098205566406,72.60263061523438,272.9757385253906,466.8942565917969,321.09161376953125,133.80551147460938,156.35928344726562,281.0589904785156,26.26293182373047,138.08175659179688,75.78073120117188,83.93187713623047,338.558349609375,497.68621826171875,492.3272399902344,118.86971282958984,859.2399291992188,84.97332000732422,572.7515258789062,141.78671264648438,156.6610870361328,358.1842041015625,6499.33984375,137.83738708496094,92.11000061035156,75.87030792236328,90.99009704589844,155.18727111816406,26.84935188293457,87.53179168701172,142.57408142089844,859.5371704101562,37.71690368652344,183.4779510498047,139.66000366210938,126.60240173339844,748.1724853515625,325.80364990234375,347.438232421875,220.4086151123047,186.3736572265625,51.261234283447266,383.1400146484375,394.1534423828125,95.89468383789062,121.99361419677734,362.1717529296875,28.10557746887207,197.87513732910156,44.173316955566406,155.28138732910156,212.78546142578125,403.0154724121094,237.99351501464844,93.3759765625,49.93266677856445,298.36602783203125,266.4103698730469,48.724056243896484,237.08160400390625,114.35041046142578,175.55203247070312,170.31399536132812,115.02437591552734
2026-03-31,113.76119232177734,194.28643798828125,239.39999389648438,129.151611328125,206.25344848632812,341.3656311035156,214.03909301757812,349.21295166015625,442.78289794921875,169.25704956054688,321.1985778808594,286.89776611328125,126.15966796875,309.02093505859375,424.69000244140625,300.70361328125,167.990478515625,60.623504638671875,479.20001220703125,210.3411102294922,705.8045043945312,80.37214660644531,25.58843231201172,84.22076416015625,76.36581420898438,76.88420867919922,40.92454528808594,168.6813507080078,60.92042922973633,70.75704956054688,205.02215576171875,100.08999633789062,189.2074737548828,207.93992614746094,71.45861053466797,71.49356079101562,291.5636291503906,58.541893005371094,45.90217590332031,283.4167175292969,74.33885955810547,286.68743896484375,472.2934265136719,326.4414978027344,134.59176635742188,156.69802856445312,291.3497314453125,26.143779754638672,147.05331420898438,75.56214904785156,85.86997985839844,343.75726318359375,494.1972351074219,497.96807861328125,119.26034545898438,864.4042358398438,85.87518310546875,587.8399658203125,144.48277282714844,162.794189453125,369.3699951171875,6589.830078125,146.08975219726562,92.30999755859375,76.61579132080078,90.01296997070312,153.67318725585938,27.14907455444336,89.39691162109375,142.29823303222656,893.2210693359375,37.895469665527344,180.8668975830078,142.49000549316406,128.3061065673828,771.4877319335938,343.1512145996094,357.7763366699219,217.76388549804688,192.0998077392578,51.12196350097656,396.4800109863281,401.4684753417969,96.4804916381836,125.09732818603516,391.4808654785156,28.31065559387207,208.2151641845703,45.48941421508789,159.1786346435547,208.8965606689453,415.79644775390625,241.36599731445312,96.74911499023438,51.568660736083984,301.055419921875,271.75970458984375,48.62718963623047,249.60638427734375,114.78667449951172,181.00204467773438,168.51620483398438,116.8832778930664
2026-04-01,114.32011413574219,193.0812530517578,237.8699951171875,129.73292541503906,203.03042602539062,353.3606872558594,218.30270385742188,350.6322021484375,435.0810546875,167.72708129882812,319.765625,287.6431579589844,127.50762939453125,312.99462890625,423.57000732421875,299.6796875,166.96266174316406,59.9184684753418,478.5,211.55947875976562,727.58251953125,79.89768981933594,26.280546188354492,84.39862823486328,76.70049285888672,77.22112274169922,41.3133544921875,171.573486328125,60.82113265991211,71.4171371459961,195.61830139160156,100.91000366210938,190.39500427246094,206.79275512695312,71.84920501708984,70.4376449584961,297.2903137207031,58.93777847290039,46.12970733642578,292.31561279296875,74.87769317626953,294.7226257324219,473.8004150390625,327.1064758300781,134.01451110839844,157.4950714111328,292.5580749511719,25.5083065032959,151.79025268554688,75.59195709228516,84.48562622070312,352.48193359375,492.2733154296875,489.98516845703125,119.6802749633789,871.3565673828125,85.29045867919922,598.0653076171875,144.50267028808594,164.3769073486328,368.57171630859375,6664.18994140625,144.22279357910156,92.0999984741211,76.98355865478516,88.83065032958984,153.0398406982422,27.603490829467773,89.36714935302734,141.95343017578125,918.6934814453125,38.06411361694336,174.37403869628906,142.52000427246094,126.8116226196289,776.0908203125,352.14923095703125,367.78546142578125,219.384521484375,193.91226196289062,49.76905822753906,396.739990234375,401.30804443359375,96.71879577636719,127.61479949951172,422.8185119628906,27.646589279174805,210.85496520996094,46.221675872802734,161.5010223388672,203.1477508544922,427.1706848144531,241.86341857910156,96.28691101074219,52.30238342285156,297.340087890625,279.5741882324219,47.84256362915039,255.7189483642578,115.18327331542969,179.0563201904297,159.69607543945312,115.97360229492188
2026-04-02,115.25830841064453,197.26504516601562,238.0800018310547,130.7280731201172,205.945068359375,348.0373229980469,217.9632110595703,345.3322448730469,432.3609924316406,170.3848876953125,321.55682373046875,291.7377014160156,127.80718231201172,314.0529479980469,412.80999755859375,299.36053466796875,167.3516845703125,59.958187103271484,477.3500061035156,213.58506774902344,714.5315551757812,83.8021240234375,25.351137161254883,84.13182067871094,77.35015869140625,78.7254867553711,41.09402847290039,173.86724853515625,62.10210037231445,72.40233612060547,197.1641387939453,98.30999755859375,190.7243194580078,204.87745666503906,71.73202514648438,68.85377502441406,299.521240234375,59.6503791809082,45.803245544433594,280.8099670410156,72.38310241699219,294.2828674316406,470.896240234375,319.23553466796875,135.5472412109375,162.37692260742188,291.7855224609375,25.130992889404297,151.4906463623047,76.22785186767578,85.52389526367188,354.5635070800781,501.01568603515625,491.76910400390625,121.95570373535156,883.3033447265625,85.85536193847656,596.3278198242188,143.7266845703125,164.0207977294922,372.6528625488281,6663.14013671875,145.36480712890625,91.41999816894531,77.3910903930664,89.60256958007812,155.37527465820312,27.381118774414062,89.3869857788086,140.997802734375,906.0121459960938,38.33196258544922,174.93994140625,142.64999389648438,126.3333969116211,760.7138061523438,347.17138671875,363.8974304199219,222.54031372070312,195.39608764648438,49.182132720947266,395.95001220703125,406.96185302734375,98.49608612060547,128.16207885742188,429.0540466308594,27.666122436523438,208.26498413085938,46.66697311401367,160.76344299316406,200.31312561035156,426.10308837890625,243.44520568847656,96.55243682861328,52.50068664550781,299.6210632324219,279.3246765136719,47.852256774902344,253.6015167236328,116.58130645751953,178.8577880859375,159.60667419433594,116.6163101196289
2026-04-06,114.6195297241211,194.93310546875,237.72000122070312,130.41278076171875,207.26809692382812,352.1821594238281,218.093017578125,340.00250244140625,428.8338623046875,172.7484893798828,324.5719909667969,292.30419921875,126.29945373535156,313.9331359863281,413.07000732421875,304.8953857421875,175.74818420410156,60.27595520019531,476.3800048828125,212.1581573486328,718.5365600585938,85.57147979736328,25.677419662475586,83.52904510498047,77.10407257080078,80.14019775390625,41.353233337402344,171.2244415283203,61.913429260253906,72.19544219970703,197.0551300048828,101.63999938964844,191.7222442626953,206.97230529785156,71.85896301269531,70.63688659667969,301.3836669921875,59.442535400390625,45.37786102294922,288.3305969238281,73.27117919921875,297.48095703125,482.95208740234375,324.2181396484375,135.77615356445312,165.77430725097656,294.125,25.51823616027832,153.80967712402344,76.72463989257812,87.58065795898438,357.2825012207031,497.8955383300781,499.80181884765625,121.89710998535156,855.82373046875,85.50849151611328,597.6259765625,143.75653076171875,164.75282287597656,372.0741271972656,6715.4501953125,144.53062438964844,92.12999725341797,77.63958740234375,89.74913787841797,155.0981903076172,26.90736198425293,90.38899993896484,140.6529998779297,910.0430297851562,38.41132354736328,176.05186462402344,144.36000061035156,125.267333984375,761.9019775390625,357.71563720703125,366.0508117675781,220.21710205078125,197.5869598388672,49.520362854003906,397.07000732421875,409.7463073730469,97.31453704833984,129.5551300048828,452.9770202636719,27.656356811523438,208.92242431640625,47.14195251464844,161.29171752929688,197.53819274902344,429.9144592285156,244.27090454101562,95.54934692382812,52.98652648925781,302.1411437988281,281.07122802734375,47.61008834838867,253.72137451171875,115.738525390625,181.2899169921875,162.2686004638672,116.9327163696289
2026-04-07,113.661376953125,193.31642150878906,234.9600067138672,130.9645538330078,209.42672729492188,353.8700866699219,217.4240264892578,337.4517517089844,430.4878234863281,170.7281494140625,320.8901062011719,290.58489990234375,128.18661499023438,333.4422607421875,372.8699951171875,306.19183349609375,172.97515869140625,60.82210922241211,478.0799865722656,212.30784606933594,721.7245483398438,83.93062591552734,24.916093826293945,82.14562225341797,77.36000061035156,80.37930297851562,41.29341506958008,169.81825256347656,61.059452056884766,77.06233978271484,199.71080017089844,100.26000213623047,190.6145477294922,207.0321502685547,71.75816345214844,68.90357971191406,310.5662841796875,59.59099197387695,45.150325775146484,288.24072265625,72.60263061523438,303.7471923828125,488.6007385253906,316.3968200683594,135.1192626953125,165.6846466064453,296.0662536621094,25.28986167907715,154.68756103515625,75.42304992675781,84.66361236572266,352.5715637207031,493.0309143066406,496.59271240234375,121.38929748535156,855.6738891601562,85.6472396850586,593.5817260742188,143.6072998046875,166.61253356933594,371.48541259765625,6492.240234375,142.1770782470703,91.36000061035156,77.36127471923828,89.5146255493164,151.61485290527344,26.201562881469727,90.33939361572266,139.2047882080078,910.9110107421875,38.550209045410156,173.44081115722656,143.9199981689453,123.61344146728516,759.1361694335938,348.6777038574219,368.23406982421875,219.73849487304688,197.09898376464844,50.08738708496094,397.8999938964844,405.923583984375,97.76133728027344,130.56015014648438,468.3860168457031,27.382917404174805,210.16761779785156,47.32997131347656,157.0655517578125,199.457763671875,430.87225341796875,244.8379669189453,95.95254516601562,53.24432373046875,301.3642272949219,277.2987060546875,47.0966911315918,255.73890686035156,115.94673919677734,178.61952209472656,162.8049774169922,115.48910522460938
2026-04-08,116.69554138183594,189.92626953125,240.64999389648438,132.7282257080078,210.9586639404297,385.2410888671875,230.14495849609375,347.188232421875,451.4512634277344,172.7877197265625,328.1443786621094,294.77880859375,135.1161651611328,350.0759582519531,391.5299987792969,315.4764099121094,180.54611206054688,62.71876525878906,479.75,214.6627197265625,768.6878662109375,84.53358459472656,27.71421241760254,84.53697204589844,77.5864028930664,83.38804626464844,42.01121520996094,174.11656188964844,60.57288360595703,77.6239013671875,191.13931274414062,106.3499984741211,195.78382873535156,216.15977478027344,73.47774505615234,71.16484069824219,316.94036865234375,60.1749267578125,47.66307830810547,307.6764831542969,76.57401275634766,314.5506896972656,504.10968017578125,333.6573486328125,138.24444580078125,167.16912841796875,306.5888366699219,25.657245635986328,167.02081298828125,76.79419708251953,87.6399917602539,360.5093994140625,498.9023742675781,505.40277099609375,123.13736724853516,870.2177734375,87.8572998046875,623.4690551757812,148.40249633789062,174.12063598632812,373.52099609375,6755.5,142.66368103027344,93.05999755859375,79.07091522216797,87.83396911621094,153.18829345703125,26.559295654296875,93.45454406738281,142.75140380859375,963.871337890625,38.83789825439453,166.7891082763672,144.32000732421875,127.04077911376953,774.3734130859375,374.484619140625,388.7707214355469,215.87974548339844,202.63592529296875,51.60940933227539,410.1600036621094,412.43634033203125,98.17835998535156,135.45578002929688,495.9463806152344,26.709087371826172,222.1712188720703,48.77470397949219,161.1123046875,196.56349182128906,448.4523620605469,247.8224639892578,98.78479766845703,54.890235900878906,307.74908447265625,291.9994812011719,46.53486251831055,269.3323974609375,116.28385162353516,186.16416931152344,155.16680908203125,118.40599060058594
2026-04-09,115.1684799194336,183.81971740722656,225.1300048828125,135.13230895996094,213.3958282470703,397.3160705566406,233.1404571533203,352.9348449707031,451.2519836425781,176.46551513671875,323.80572509765625,295.90185546875,137.47259521484375,354.34918212890625,351.3299865722656,316.9024963378906,176.15716552734375,62.97694778442383,485.20001220703125,215.33126831054688,784.1197509765625,85.57147979736328,27.536239624023438,85.02117156982422,78.68887329101562,82.86002349853516,42.36014938354492,173.67776489257812,58.785484313964844,77.67315673828125,188.6322784423828,109.7699966430664,192.5904541015625,217.78578186035156,74.93050384521484,73.0077133178711,315.58587646484375,59.83842086791992,48.573204040527344,312.6302795410156,76.56404113769531,316.1797180175781,506.175537109375,337.0518798828125,139.73736572265625,161.37066650390625,308.938232421875,26.233142852783203,172.50582885742188,77.67848205566406,87.9366455078125,356.5255432128906,501.7134704589844,502.7272644042969,122.67838287353516,872.46533203125,87.1239242553711,624.607421875,149.7256622314453,176.237548828125,372.26373291015625,6798.75,137.38204956054688,94.4000015258789,80.76067352294922,85.85040283203125,155.8502960205078,26.317584991455078,91.58942413330078,144.48532104492188,980.7731323242188,39.492637634277344,159.9090576171875,139.19000244140625,127.27989959716797,766.704833984375,384.2008972167969,393.685546875,216.3683319091797,202.34713745117188,52.265968322753906,404.9200134277344,400.5057373046875,99.04218292236328,137.80409240722656,500.4131774902344,26.21103858947754,227.74966430664062,49.95226287841797,164.46133422851562,196.4739532470703,459.0682678222656,249.85191345214844,99.955078125,55.85200881958008,307.0817565917969,292.4385986328125,46.28300857543945,270.61083984375,117.77111053466797,189.91664123535156,153.99476623535156,118.64330291748047
2026-04-10,114.839111328125,177.39694213867188,218.4499969482422,134.29483032226562,209.8843231201172,398.9939880371094,234.55833435058594,348.3891296386719,444.7158508300781,175.8378448486328,311.03857421875,296.8658447265625,140.53797912597656,370.9628601074219,345.94000244140625,312.6441650390625,173.02503967285156,62.39107131958008,479.8999938964844,215.05186462402344,787.6963500976562,85.29470825195312,27.66477394104004,83.34129333496094,78.13764190673828,81.91356658935547,42.11091232299805,174.4556427001953,57.51444625854492,78.1559066772461,186.83871459960938,107.86000061035156,189.2174530029297,216.58871459960938,74.83168029785156,72.39009857177734,310.26751708984375,60.51143264770508,48.6424560546875,307.96612548828125,76.25470733642578,315.53009033203125,494.4789733886719,334.8285827636719,136.58233642578125,160.0057373046875,308.4803161621094,26.382081985473633,173.5065460205078,76.97303771972656,87.97618865966797,352.1632080078125,501.5639343261719,497.82550048828125,123.43035125732422,864.6439208984375,86.43017578125,630.6288452148438,149.5465850830078,175.72314453125,370.0684814453125,6750.0400390625,137.6112518310547,93.01000213623047,79.46849822998047,83.61278533935547,155.4247589111328,26.027530670166016,91.07353973388672,143.007568359375,982.0103149414062,39.33391189575195,158.1021728515625,133.44000244140625,127.58875274658203,747.753173828125,378.9437255859375,394.78216552734375,214.03514099121094,200.72389221191406,51.649200439453125,392.239990234375,392.105224609375,98.11878204345703,138.72947692871094,502.7715148925781,26.11038589477539,228.89523315429688,49.08146286010742,161.0724334716797,194.6538543701172,464.65557861328125,249.21522521972656,100.01407623291016,55.18769073486328,303.1671142578125,294.89373779296875,45.268306732177734,266.95526123046875,116.54164123535156,187.7525177001953,151.4818115234375,116.5372085571289
2026-04-13,117.27442932128906,189.66937255859375,227.13999938964844,132.48190307617188,213.96282958984375,395.2386779785156,234.11898803710938,347.1981506347656,453.40411376953125,177.45606994628906,323.80572509765625,296.80621337890625,145.05117797851562,379.1499328613281,359.6300048828125,322.9360046386719,176.80552673339844,62.12295913696289,480.19000244140625,213.7147674560547,788.7622680664062,86.07559967041016,27.437366485595703,82.98556518554688,77.2221908569336,82.04307556152344,42.22057342529297,175.20361328125,60.106170654296875,76.93425750732422,190.03939819335938,108.13999938964844,195.4644775390625,218.7035369873047,71.54074096679688,74.26286315917969,314.78912353515625,60.15513229370117,45.30861282348633,311.5116882324219,76.66382598876953,319.01800537109375,496.42510986328125,338.6201477050781,138.41366577148438,163.70201110839844,312.2732238769531,25.855831146240234,176.6525421142578,75.91984558105469,88.78703308105469,356.5056457519531,507.2658996582031,507.7288818359375,122.94205474853516,863.6151123046875,87.2131118774414,634.3834228515625,152.00387573242188,179.1853790283203,383.539306640625,6781.68994140625,155.08047485351562,94.01000213623047,81.27754211425781,87.27700805664062,154.25704956054688,26.43360710144043,92.8096923828125,141.4509735107422,987.2584838867188,39.18510437011719,159.24388122558594,134.2100067138672,130.75706481933594,745.3468017578125,376.060791015625,406.52593994140625,212.85858154296875,200.57452392578125,51.649200439453125,417.7699890136719,405.9424743652344,95.54716491699219,140.9185791015625,512.914306640625,25.271617889404297,233.42770385742188,49.48717498779297,158.80984497070312,191.39154052734375,471.8692321777344,250.04092407226562,100.32877349853516,56.03047561645508,308.17742919921875,296.5604248046875,44.658695220947266,268.713134765625,115.33200073242188,192.1105499267578,151.61094665527344,118.73229217529297
2026-04-14,120.15888214111328,188.10813903808594,228.58999633789062,133.46719360351562,213.75393676757812,395.1487731933594,234.0091552734375,348.3197021484375,460.30889892578125,174.74197387695312,321.4373779296875,294.7987060546875,148.4959716796875,380.17828369140625,380.8599853515625,326.0674133300781,180.6658172607422,61.0604362487793,477.5400085449219,214.4831085205078,791.2728881835938,85.27493286132812,28.366775512695312,83.1634292602539,77.5864028930664,82.30210876464844,42.38008499145508,175.66236877441406,59.619606018066406,76.47122192382812,185.32260131835938,107.80999755859375,198.19882202148438,217.9453887939453,71.52098083496094,76.12565612792969,312.08013916015625,60.72917175292969,44.141273498535156,317.6040954589844,79.28813171386719,330.38116455078125,497.66259765625,340.1585693359375,138.1150665283203,161.44039916992188,309.7247009277344,25.83597183227539,179.36207580566406,75.4131088256836,87.83776092529297,354.1252746582031,498.0749816894531,512.3012084960938,123.38151550292969,861.8370361328125,87.33204650878906,629.8998413085938,151.76510620117188,181.36163330078125,392.2604064941406,6843.7099609375,162.4348907470703,93.5199966430664,81.4067611694336,86.81775665283203,154.0987091064453,26.211233139038086,93.39501953125,142.2391357421875,982.7786254882812,39.29423141479492,157.61570739746094,133.64999389648438,132.35116577148438,754.3832397460938,372.0904846191406,404.0236511230469,211.11366271972656,201.9687042236328,51.22144317626953,418.79998779296875,401.37408447265625,95.4776611328125,141.07778930664062,533.0599365234375,25.28148651123047,235.9678955078125,49.0121955871582,159.75674438476562,188.9746551513672,469.5046081542969,250.7373046875,101.5088882446289,55.61404037475586,310.149658203125,296.2709655761719,44.71769332885742,267.96405029296875,115.5104751586914,192.42820739746094,148.23387145996094,119.750732421875
2026-04-15,119.54006958007812,191.6950225830078,239.32000732421875,132.4129180908203,217.0863800048828,393.7704772949219,229.7555389404297,345.6101379394531,466.4465026855469,175.31649780273438,326.47259521484375,293.387451171875,146.7585906982422,396.0931091308594,402.17999267578125,328.1617126464844,185.224365234375,59.650352478027344,474.0899963378906,211.36988830566406,767.2830810546875,84.64231872558594,28.495311737060547,82.5013656616211,76.26737976074219,82.05303955078125,41.971336364746094,175.98150634765625,59.9671516418457,73.88013458251953,183.23175048828125,108.87000274658203,197.7297821044922,214.9327850341797,70.512939453125,76.30496215820312,309.9189147949219,60.6697883605957,43.92363357543945,313.5391540527344,77.61176300048828,334.2688293457031,487.6027526855469,336.38690185546875,138.0951690673828,164.45921325683594,304.5579833984375,25.816112518310547,174.58816528320312,74.82688903808594,87.45211791992188,354.48382568359375,496.370361328125,519.08984375,122.76862335205078,862.4663696289062,86.32115936279297,616.0596313476562,150.46185302734375,189.5522918701172,410.3312683105469,6767.2099609375,169.22128295898438,93.5999984741211,80.5121841430664,88.19550323486328,153.23777770996094,26.2885799407959,93.93074798583984,141.2539520263672,961.5865478515625,39.04622268676758,160.27639770507812,136.5800018310547,132.56039428710938,752.8056030273438,368.4593505859375,396.1778564453125,210.25616455078125,197.56704711914062,52.14659118652344,438.45001220703125,406.4143981933594,94.79255676269531,142.0330352783203,519.229736328125,25.123598098754883,233.24839782714844,49.07156753540039,159.70689392089844,189.16363525390625,461.5127258300781,246.748046875,101.85308074951172,55.891666412353516,314.6718444824219,290.672119140625,44.27523422241211,257.06732177734375,113.8744888305664,191.46527099609375,148.0054168701172,119.4046630859375
2026-04-16,118.02298736572266,191.6950225830078,243.16000366210938,132.58042907714844,212.7492218017578,389.4158935546875,229.89532470703125,346.7713928222656,457.30987548828125,176.91127014160156,333.697021484375,295.4049377441406,148.73561096191406,397.8403625488281,393.0799865722656,324.8707275390625,184.09718322753906,60.17665100097656,475.1199951171875,212.6371307373047,769.7637939453125,85.8680191040039,27.002321243286133,82.62982940673828,76.88751983642578,84.18506622314453,42.58944320678711,177.03863525390625,60.106170654296875,75.65349578857422,186.4423370361328,108.33000183105469,193.37881469726562,213.64593505859375,70.760009765625,75.04981231689453,314.5401306152344,59.86811828613281,44.24020004272461,297.91864013671875,77.88118743896484,332.56982421875,482.0039978027344,334.6399841308594,137.62738037109375,163.1440887451172,308.5599670410156,25.855831146240234,173.26385498046875,74.6977310180664,87.80809783935547,351.98394775390625,497.6463317871094,517.6721801757812,121.69109344482422,866.382080078125,84.8841323852539,607.1123657226562,149.77540588378906,185.2987060546875,419.35174560546875,6703.58984375,177.72171020507812,92.70999908447266,80.20404815673828,90.02273559570312,156.73101806640625,26.317584991455078,93.23628997802734,140.9879608154297,954.841796875,39.02638244628906,162.15277099609375,138.27000427246094,133.9751739501953,744.887451171875,368.7985534667969,401.57122802734375,209.04969787597656,195.03758239746094,51.46018981933594,441.1499938964844,412.27587890625,95.11029052734375,141.1971893310547,531.4310913085938,26.051177978515625,235.56942749023438,48.91324234008789,156.96588134765625,196.0562286376953,459.2279052734375,249.7723388671875,103.3183822631836,55.00921630859375,313.86505126953125,285.2129821777344,45.99590301513672,255.18959045410156,115.44107055664062,190.1052703857422,150.9553985595703,117.70396423339844
2026-04-17,121.63603973388672,195.30165100097656,242.02000427246094,131.69366455078125,215.02723693847656,396.4471435546875,235.90631103515625,352.6370544433594,454.53997802734375,180.63571166992188,330.1743469238281,290.0084533691406,150.8324432373047,405.8976135253906,402.8500061035156,330.7845153808594,191.52850341796875,59.36237716674805,474.5799865722656,213.5251922607422,791.67138671875,87.6867904663086,28.890804290771484,84.79389190673828,76.53314971923828,85.92854309082031,43.1876106262207,178.6841583251953,60.87078094482422,76.15595245361328,182.32009887695312,112.5,194.3468017578125,218.53395080566406,69.91998291015625,75.90650177001953,321.7408142089844,62.03559875488281,45.28882598876953,303.7513732910156,81.14411163330078,339.19586181640625,487.02392578125,346.79876708984375,139.1800079345703,160.64337158203125,308.8984375,26.342365264892578,178.91563415527344,75.25413513183594,91.75353240966797,348.9363098144531,490.6783752441406,520.4276123046875,126.47570037841797,865.423095703125,85.41930389404297,621.1323852539062,153.75482177734375,186.7825164794922,421.87628173828125,7000.919921875,174.4530792236328,93.70999908447266,80.93959045410156,89.85662841796875,156.02841186523438,26.646312713623047,95.40895080566406,144.75131225585938,986.570068359375,38.70893478393555,155.24293518066406,139.74000549316406,135.69879150390625,749.4506225585938,385.9366455078125,414.4515075683594,207.05552673339844,195.60520935058594,52.38534164428711,449.5799865722656,417.73150634765625,93.35284423828125,144.70970153808594,547.3597412109375,26.159725189208984,245.19223022460938,50.041324615478516,160.15542602539062,196.60325622558594,475.03204345703125,249.8419647216797,104.67550659179688,56.44691467285156,315.7774963378906,291.1311950683594,45.76975631713867,263.0500183105469,114.88582611083984,198.02880859375,145.45274353027344,121.0064697265625
2026-04-20,120.727783203125,192.74241638183594,245.30999755859375,131.3192596435547,214.0225067138672,391.1337585449219,236.46548461914062,347.5356140136719,454.9285583496094,179.9423370361328,330.3236389160156,294.3216552734375,152.57980346679688,398.9985046386719,403.75,328.969482421875,191.5484619140625,58.75663757324219,472.0799865722656,210.72128295898438,796.921630859375,86.55005645751953,28.683170318603516,83.05386352539062,75.83426666259766,87.38310241699219,43.576416015625,178.20545959472656,59.83806228637695,75.44660949707031,181.58680725097656,111.05999755859375,195.0952606201172,221.3570098876953,69.7519760131836,77.5501480102539,318.0657653808594,62.777889251708984,45.071189880371094,303.2220458984375,80.36579895019531,335.1982727050781,477.1736755371094,348.376953125,138.28427124023438,160.0157012939453,315.5683898925781,26.312576293945312,180.3018798828125,74.99580383300781,93.06867218017578,347.1634826660156,496.5797119140625,515.785400390625,127.98818969726562,858.0911865234375,84.23993682861328,626.4547729492188,150.6210174560547,188.6422119140625,417.1664733886719,7096.97021484375,176.96435546875,92.83000183105469,80.24381256103516,90.96077728271484,155.35549926757812,26.607641220092773,95.42880249023438,142.34750366210938,994.1928100585938,38.42124557495117,154.6273956298828,140.75,137.01394653320312,748.2922973632812,388.5701904296875,412.4277648925781,207.8432159423828,194.97781372070312,51.92774200439453,460.95001220703125,417.8919677734375,92.7173843383789,149.43617248535156,539.3654174804688,25.83408546447754,246.70639038085938,50.308502197265625,159.16867065429688,197.28953552246094,476.15948486328125,250.8765869140625,105.33439636230469,56.516319274902344,312.7095947265625,294.18511962890625,45.66160202026367,263.93896484375,114.16202545166016,201.34771728515625,146.6843719482422,121.87045288085938
2026-04-21,121.8556137084961,192.1100311279297,245.47999572753906,129.94969177246094,215.20628356933594,393.8403625488281,233.1903839111328,342.2752990722656,459.4022216796875,173.10757446289062,333.6771545410156,292.9601135253906,151.7011260986328,401.5345153808594,404.9200134277344,328.88970947265625,190.3813934326172,59.82909393310547,468.5,204.47488403320312,798.9678344726562,83.94050598144531,27.051759719848633,81.34366607666016,74.39710998535156,89.36568450927734,43.237457275390625,175.78204345703125,60.0267333984375,76.21505737304688,184.2920379638672,110.16999816894531,194.13723754882812,219.74098205566406,68.91195678710938,75.56781768798828,326.7803039550781,61.21413040161133,45.209686279296875,286.373046875,78.87902069091797,330.271240234375,470.237548828125,341.3595886230469,138.49327087402344,158.04302978515625,311.5962829589844,26.253002166748047,178.30941772460938,74.2208023071289,93.75096130371094,338.9268493652344,493.2801513671875,510.4942626953125,124.30087280273438,841.3197631835938,81.26676177978516,613.6130981445312,147.7061004638672,187.2672119140625,423.2433166503906,6933.5,180.54190063476562,93.80999755859375,78.39501190185547,91.53728485107422,153.30703735351562,26.404600143432617,94.97244262695312,140.20968627929688,970.4963989257812,37.90538787841797,158.2312469482422,140.92999267578125,135.0611572265625,746.2454223632812,385.826904296875,408.7790222167969,204.702392578125,186.39358520507812,52.49476623535156,467.5799865722656,419.7136535644531,92.48902130126953,152.8094024658203,559.5010986328125,25.538049697875977,242.24362182617188,50.536094665527344,158.7301025390625,194.3355712890625,478.03521728515625,249.95140075683594,104.54766082763672,56.3576774597168,308.7252502441406,290.1431884765625,45.49445343017578,257.3170166015625,112.61528015136719,201.6068572998047,147.35980224609375,117.36187744140625
2026-04-22,120.23873138427734,187.8413543701172,247.57000732421875,129.6836700439453,213.03770446777344,402.9790344238281,230.11500549316406,343.327392578125,466.8052062988281,174.64291381835938,325.258544921875,294.92791748046875,147.9068603515625,421.98211669921875,403.1499938964844,331.9912109375,178.9501190185547,62.10309982299805,465.3999938964844,200.1143798828125,807.3722534179688,85.01793670654297,26.636491775512695,81.8805923461914,73.80650329589844,89.46531677246094,43.048038482666016,174.18638610839844,58.398216247558594,75.298828125,184.6289520263672,107.69000244140625,183.6589813232422,215.6410369873047,68.56605529785156,76.36473846435547,326.8699645996094,61.065677642822266,44.3292350769043,275.946044921875,78.82913208007812,337.5268859863281,470.3972473144531,336.9725036621094,137.4581756591797,158.23233032226562,311.6161804199219,26.352294921875,180.97500610351562,74.15125274658203,93.89012908935547,330.32171630859375,493.0608215332031,509.3062438964844,123.1640396118164,828.3141479492188,82.47586059570312,609.7686157226562,145.02993774414062,188.9884490966797,431.984375,6610.77001953125,186.84996032714844,93.91999816894531,77.41096496582031,91.29299926757812,152.1887969970703,25.911510467529297,96.65898132324219,140.7318115234375,952.277587890625,37.478816986083984,159.49208068847656,140.60000610351562,135.5692901611328,745.4666137695312,374.3749084472656,405.7682800292969,204.69241333007812,180.15956115722656,54.066524505615234,477.260009765625,423.8572692871094,91.72447967529297,151.6451873779297,579.4668579101562,25.636728286743164,220.18887329101562,50.41735076904297,157.95265197753906,187.90048217773438,476.109619140625,248.1109619140625,103.55440521240234,56.119712829589844,310.0699768066406,289.53436279296875,45.209312438964844,261.2022705078125,112.4169692993164,196.63345336914062,148.4921112060547,116.7064437866211
2026-04-23,114.2003402709961,176.1617889404297,231.97999572753906,133.0927734375,215.4251251220703,403.40850830078125,234.648193359375,346.00714111328125,457.9574890136719,177.3173828125,321.9747619628906,301.7753601074219,149.95376586914062,419.27642822265625,392.6400146484375,317.6803894042969,176.30677795410156,64.03947448730469,470.54998779296875,204.27532958984375,833.6934204101562,86.51051330566406,26.34975814819336,83.24278259277344,75.42083740234375,88.25981903076172,46.03886795043945,177.1383514404297,54.71419143676758,78.37478637695312,185.8973388671875,107.70999908447266,178.2003173828125,227.5917205810547,69.5147933959961,76.1057357788086,344.88665771484375,62.00590896606445,44.96236801147461,281.9884948730469,78.35016632080078,337.5468444824219,473.0818786621094,337.6275939941406,138.95111083984375,156.89727783203125,310.29217529296875,28.32822036743164,181.31158447265625,75.7906723022461,93.62173461914062,328.88751220703125,506.4584655761719,501.5392761230469,124.55789947509766,835.176513671875,83.04076385498047,618.0068359375,144.0947723388672,186.6143341064453,414.8514709472656,6669.009765625,175.66885375976562,93.23999786376953,79.01127624511719,88.86972045898438,154.07891845703125,25.785818099975586,96.23239135742188,143.54940795898438,971.6837158203125,38.23276138305664,158.38015747070312,135.8300018310547,133.4570770263672,764.8776245117188,370.23504638671875,407.6524963378906,213.4169464111328,178.5562286376953,54.45449447631836,456.8500061035156,414.3901672363281,93.2436294555664,150.50088500976562,587.2012939453125,26.258405685424805,216.89161682128906,50.862648010253906,157.8330535888672,193.022705078125,484.43072509765625,269.8580017089844,105.93428802490234,56.14945983886719,307.66943359375,292.12921142578125,46.42852783203125,269.1226501464844,114.58837127685547,191.74977111816406,149.51516723632812,115.25655364990234
2026-04-24,115.32817840576172,176.2408447265625,237.44000244140625,132.74790954589844,211.76441955566406,416.5221862792969,232.60125732421875,341.9676208496094,462.43115234375,176.52496337890625,319.5666198730469,299.89703369140625,149.48448181152344,422.09197998046875,397.1199951171875,313.22259521484375,179.79800415039062,68.45838928222656,469.32000732421875,199.41590881347656,829.2516479492188,85.34412384033203,26.863901138305664,84.16748046875,75.07630920410156,88.67826080322266,45.27122116088867,175.4230194091797,54.724124908447266,77.46044921875,183.52902221679688,108.52999877929688,176.88304138183594,224.22998046875,68.05215454101562,77.520263671875,343.36285400390625,61.61991500854492,44.21051788330078,284.2456970214844,77.88118743896484,342.1141052246094,431.5950012207031,333.3893737792969,133.81546020507812,157.8636932373047,306.8974609375,29.013338088989258,193.2533416748047,76.138427734375,93.49250793457031,316.22882080078125,508.69140625,503.3262634277344,124.22179412841797,827.1953735351562,82.57495880126953,614.4219360351562,145.23886108398438,186.0406036376953,423.7023010253906,6503.9501953125,172.67926025390625,93.12999725341797,77.48054504394531,87.76557159423828,153.82162475585938,26.10487937927246,98.55386352539062,147.08203125,972.2723388671875,38.44108581542969,161.67623901367188,137.1699981689453,148.30226135253906,750.4491577148438,370.33477783203125,399.94622802734375,209.17930603027344,173.53712463378906,55.857139587402344,500.82000732421875,412.27587890625,92.53865814208984,149.993408203125,585.832275390625,25.853822708129883,213.84341430664062,50.199649810791016,156.51734924316406,188.77574157714844,485.3187255859375,267.31121826171875,105.24588775634766,55.10837173461914,308.2073059082031,291.4905090332031,45.60260772705078,266.73553466796875,113.6266098022461,189.9158935546875,147.90609741210938,116.06095123291016
2026-04-27,115.39804077148438,174.8673553466797,235.02999877929688,133.0829315185547,213.07749938964844,404.3572998046875,232.62123107910156,337.6304016113281,476.12115478515625,173.64247131347656,322.19366455078125,300.5132141113281,148.4160919189453,417.5391845703125,402.5899963378906,317.9696044921875,177.07484436035156,67.90229797363281,472.80999755859375,201.90049743652344,827.2553100585938,82.47758483886719,26.468408584594727,83.69021606445312,74.8597640991211,87.9310531616211,45.321067810058594,173.56805419921875,54.24748611450195,77.87786102294922,183.10292053222656,106.7699966430664,180.24606323242188,225.67642211914062,67.76555633544922,77.02218627929688,354.686767578125,61.67930221557617,44.794193267822266,284.2057189941406,77.79137420654297,348.31036376953125,444.8783874511719,329.8260803222656,136.06478881835938,156.36924743652344,310.232421875,27.95090675354004,189.7578125,74.95606231689453,92.6972427368164,319.1669006347656,509.1399841308594,505.58245849609375,123.95487976074219,827.4051513671875,82.17853546142578,608.8798828125,145.02000427246094,188.12782287597656,423.9018859863281,6482.52978515625,172.36036682128906,91.97000122070312,77.01338195800781,87.87306213378906,152.49559020996094,25.90184211730957,98.95069885253906,147.30039978027344,972.1427001953125,38.43116760253906,162.91722106933594,136.41000366210938,149.70706176757812,743.3297729492188,369.47686767578125,405.6686096191406,205.51002502441406,172.66079711914062,54.94193649291992,498.5400085449219,412.6817626953125,91.80391693115234,153.25717163085938,595.4354248046875,25.18280601501465,208.71324157714844,50.69442367553711,156.96588134765625,181.76377868652344,484.79986572265625,267.5201416015625,106.44566345214844,55.495059967041016,308.4364013671875,290.74200439453125,46.31053924560547,266.8953552246094,114.14219665527344,191.41090393066406,147.19094848632812,117.05403137207031
2026-04-28,114.64948272705078,175.63809204101562,234.85000610351562,133.5952606201172,215.26596069335938,380.63677978515625,228.6072540283203,337.02496337890625,473.62030029296875,176.71315002441406,320.10394287109375,301.47723388671875,143.50350952148438,399.19818115234375,406.30999755859375,315.0376281738281,172.9452362060547,67.19725799560547,478.1600036621094,205.16339111328125,816.3555908203125,85.17608642578125,26.00370216369629,85.1816635131836,74.7317886352539,86.53627014160156,45.09177017211914,173.74757385253906,54.73405075073242,80.48174285888672,186.6504364013672,106.18000030517578,178.6094512939453,223.59153747558594,67.14295196533203,76.80303955078125,361.2699890136719,64.48020935058594,44.4361572265625,288.8399658203125,78.77923583984375,347.2909851074219,431.0561218261719,326.6101989746094,138.1349639892578,155.72164916992188,310.0532531738281,28.586381912231445,180.66641235351562,77.8473892211914,91.77275848388672,323.569091796875,508.68145751953125,506.7704772949219,128.8877716064453,834.0777587890625,81.16766357421875,613.1637573242188,145.27865600585938,188.30589294433594,428.3222961425781,6442.35986328125,165.3846435546875,91.56999969482422,76.89410400390625,88.90880584716797,154.6627655029297,25.60211753845215,99.26817321777344,148.064697265625,960.0899047851562,38.67917251586914,163.93980407714844,137.11000061035156,149.44801330566406,730.6787109375,365.9754333496094,400.055908203125,207.54408264160156,174.95123291015625,55.35974884033203,483.8900146484375,409.1422119140625,92.24079132080078,151.72479248046875,578.6174926757812,25.71567153930664,203.51333618164062,50.61526107788086,156.68679809570312,185.7123565673828,479.6615295410156,266.3561706542969,102.21694946289062,55.7330207824707,308.0877380371094,290.8817138671875,46.44819641113281,262.8602600097656,114.79658508300781,186.7763671875,149.5449676513672,115.84247589111328
2026-04-29,111.08633422851562,178.11825561523438,235.8699951171875,132.46218872070312,211.21730041503906,382.1149597167969,227.52886962890625,335.486572265625,473.6501770019531,176.50514221191406,320.90997314453125,300.6324768066406,148.156494140625,404.809326171875,400.5400085449219,314.7882995605469,173.54371643066406,68.32929229736328,475.3800048828125,202.37945556640625,808.550048828125,84.87955474853516,25.291812896728516,84.00839233398438,73.56041717529297,89.23616790771484,44.543453216552734,173.47830200195312,54.316993713378906,83.38377380371094,190.47540283203125,101.33999633789062,178.42982482910156,221.70616149902344,67.14295196533203,75.39846801757812,375.10369873046875,64.75733184814453,43.4714469909668,283.21697998046875,76.45427703857422,347.1011047363281,433.9103698730469,320.40673828125,135.9951171875,155.612060546875,307.86309814453125,28.725391387939453,181.38949584960938,78.36405944824219,88.18415069580078,320.1031188964844,503.1190185546875,524.3510131835938,128.22544860839844,821.721435546875,78.66028594970703,611.9754638671875,143.1297607421875,185.061279296875,423.5426330566406,6207.5,163.26202392578125,91.69000244140625,76.13867950439453,91.89881896972656,153.67318725585938,25.38941192626953,98.8415756225586,145.37478637695312,945.3632202148438,38.351802825927734,172.2395477294922,137.5,155.42593383789062,685.3363647460938,358.57354736328125,398.9692687988281,207.70362854003906,172.07322692871094,55.40948486328125,481.2200012207031,408.8779296875,91.98263549804688,149.95359802246094,642.8416137695312,25.409767150878906,204.45968627929688,50.120487213134766,155.56048583984375,197.10057067871094,478.28466796875,263.4114685058594,104.84268951416016,55.693359375,333.5475769042969,295.4925231933594,45.82875442504883,261.0524597167969,113.5373764038086,180.57705688476562,153.62725830078125,113.0419921875
2026-04-30,115.32817840576172,176.58668518066406,237.0,135.09291076660156,216.1214599609375,394.00018310546875,235.14744567871094,343.6549072265625,473.0623474121094,180.98240661621094,310.12310791015625,298.19757080078125,147.04815673828125,416.7703857421875,401.760009765625,322.1680908203125,167.9378204345703,69.18328857421875,473.6000061035156,192.46104431152344,888.4617919921875,87.75598907470703,26.211334228515625,84.8734359741211,75.53895568847656,91.15898132324219,45.291160583496094,174.2362518310547,52.529598236083984,82.77752685546875,191.55551147460938,102.19999694824219,178.5795135498047,225.85598754882812,68.67476654052734,76.41453552246094,374.8945617675781,64.70783996582031,44.684791564941406,289.56903076171875,76.72369384765625,381.71026611328125,433.5810546875,326.3521423339844,136.16432189941406,157.50502014160156,311.82525634765625,29.192066192626953,174.8118896484375,78.25476837158203,89.76473236083984,319.25653076171875,499.560302734375,502.078369140625,127.70149993896484,814.2996215820312,80.24597930908203,618.1865844726562,145.76614379882812,189.5465850830078,406.8987121582031,6315.8701171875,160.83047485351562,99.4000015258789,77.41096496582031,90.51129913330078,156.83987426757812,25.8148250579834,100.1114501953125,146.00010681152344,907.3690795898438,37.14152526855469,177.85873413085938,136.3000030517578,178.91917419433594,706.0054931640625,357.7655334472656,407.6524963378906,208.61097717285156,175.33963012695312,56.58333206176758,482.6000061035156,407.0279235839844,94.4450454711914,152.0830078125,673.1600341796875,25.784746170043945,210.84500122070312,50.96160125732422,156.23826599121094,194.44497680664062,491.42486572265625,268.0871887207031,106.99638366699219,56.179203033447266,328.5472717285156,301.14129638671875,47.22494888305664,269.5621337890625,116.93824768066406,180.6069793701172,153.28955078125,114.17410278320312
2026-05-01,114.3001480102539,177.69337463378906,244.35000610351562,134.89584350585938,215.45497131347656,388.5968933105469,230.1349639892578,327.3480529785156,465.489990234375,179.89280700683594,310.8015441894531,299.2113037109375,142.0856475830078,420.6142883300781,402.30999755859375,318.80731201171875,169.2046356201172,68.63713073730469,473.010009765625,194.81591796875,888.0225830078125,88.23045349121094,26.35964584350586,86.76260375976562,74.84007263183594,91.50767517089844,44.95220184326172,169.1500701904297,52.062889099121094,81.58490753173828,188.89984130859375,100.87999725341797,174.78738403320312,225.2375030517578,69.06018829345703,78.99456787109375,371.1697082519531,64.5,44.66490173339844,286.1533203125,75.60610961914062,382.989501953125,432.2237548828125,321.4687805175781,135.16903686523438,154.17738342285156,311.06866455078125,28.884258270263672,172.4059600830078,78.07592010498047,87.92568969726562,312.1054992675781,506.31890869140625,494.6308288574219,127.0886001586914,813.1209716796875,79.28465270996094,613.6130981445312,141.76681518554688,189.12889099121094,413.5443115234375,6154.14013671875,171.23428344726562,96.66999816894531,76.61579132080078,90.89237976074219,155.7711181640625,25.457090377807617,100.2900161743164,146.16883850097656,880.2403564453125,37.30025100708008,174.92007446289062,136.52999877929688,176.35862731933594,700.3739013671875,361.3267822265625,406.1770324707031,205.95872497558594,173.2682647705078,56.62311935424805,489.0199890136719,402.1480712890625,93.99822998046875,151.24716186523438,726.4120483398438,25.774879455566406,206.63128662109375,50.397560119628906,156.31800842285156,195.001953125,485.3785705566406,264.9435119628906,105.78677368164062,55.82225799560547,326.744384765625,296.7301025390625,47.303611755371094,264.62811279296875,116.46231842041016,179.3910369873047,151.72019958496094,113.36971282958984
2026-05-04,111.96464538574219,177.97991943359375,247.5399932861328,132.678955078125,218.7177734375,390.89404296875,230.0850372314453,321.42279052734375,468.5899963378906,179.16970825195312,314.20379638671875,296.5080871582031,140.8175506591797,415.84185791015625,393.75,318.3385925292969,165.164794921875,68.52790069580078,468.5199890136719,196.6319580078125,873.1602172851562,89.13983917236328,25.38079833984375,84.88337707519531,74.5053939819336,92.2847671508789,44.58333206176758,166.4374542236328,51.49687957763672,81.50540161132812,190.53485107421875,97.6500015258789,173.67967224121094,220.31956481933594,68.19051361083984,81.0167465209961,370.3928527832031,64.56928253173828,44.63506317138672,280.1707458496094,75.53626251220703,379.41168212890625,426.3255615234375,310.0941162109375,133.178466796875,155.8611297607422,306.270263671875,28.665815353393555,171.1136016845703,77.68842315673828,83.85993957519531,307.3746643066406,491.99420166015625,503.8952941894531,127.58287811279297,806.9577026367188,77.599853515625,602.4290771484375,140.83164978027344,186.980712890625,412.72607421875,5932.1201171875,179.66494750976562,93.9800033569336,75.42301177978516,90.36473083496094,152.98046875,25.428083419799805,98.67292022705078,142.3572998046875,865.7930297851562,37.4986572265625,177.1836395263672,138.19000244140625,167.76039123535156,708.15234375,353.4261169433594,399.07891845703125,205.94876098632812,172.18276977539062,55.33985137939453,497.5,400.91162109375,93.71028900146484,147.34658813476562,738.0137329101562,25.755144119262695,204.48956298828125,48.96271896362305,154.13514709472656,193.3708038330078,485.3985290527344,262.0485534667969,94.71343231201172,54.77125549316406,325.5690002441406,287.1491394042969,46.77266311645508,261.90142822265625,115.45098876953125,175.1053466796875,152.65386962890625,111.89995574951172
2026-05-05,117.30437469482422,176.88311767578125,249.42999267578125,135.02392578125,217.36489868164062,410.3099365234375,234.18887329101562,327.1197509765625,474.6499938964844,176.43580627441406,313.8346252441406,302.0536193847656,136.48410034179688,426.6846923828125,380.6000061035156,315.0874938964844,167.20965576171875,67.53156280517578,465.5199890136719,196.5720977783203,902.9150390625,88.07229614257812,25.479673385620117,85.83790588378906,73.75728607177734,93.94854736328125,44.89238357543945,168.79104614257812,51.50680923461914,80.19352722167969,190.89158630371094,98.54000091552734,174.26846313476562,222.92318725585938,68.06204223632812,82.53089141845703,367.5743408203125,65.56890106201172,44.08806610107422,286.3230895996094,75.98529052734375,384.0388488769531,427.932373046875,313.07177734375,133.51686096191406,154.70542907714844,308.0124206542969,28.71546173095703,173.06910705566406,77.9765625,85.68903350830078,301.42877197265625,498.7129821777344,496.24810791015625,128.6702880859375,800.1253051757812,77.09441375732422,605.2350463867188,142.08517456054688,188.21392822265625,410.4909362792969,6004.330078125,184.70741271972656,95.0,75.16458129882812,90.72627258300781,153.42578125,25.57311248779297,100.07176208496094,143.82632446289062,870.721923828125,37.05224609375,178.9607391357422,137.5500030517578,185.863525390625,701.22265625,359.1421203613281,434.5893859863281,203.28652954101562,172.15289306640625,55.70792007446289,502.510009765625,400.08099365234375,93.70036315917969,147.943603515625,770.4606323242188,25.557785034179688,206.14317321777344,49.42780685424805,154.45411682128906,193.2613983154297,476.3690185546875,262.64544677734375,96.44425964355469,55.128196716308594,320.7678527832031,290.9316101074219,46.54651641845703,263.11993408203125,114.24134826660156,179.67010498046875,153.83584594726562,111.76092529296875
2026-05-06,117.46406555175781,172.49588012695312,243.0800018310547,130.60984802246094,216.7779998779297,428.0877990722656,241.01864624023438,328.62835693359375,475.2900085449219,178.45652770996094,307.56890869140625,298.3565979003906,138.26141357421875,424.7677307128906,385.8599853515625,321.021240234375,167.89791870117188,66.42562866210938,469.8299865722656,191.07406616210938,925.213623046875,89.19914245605469,27.209957122802734,87.65747833251953,72.89105987548828,91.29845428466797,45.46063995361328,168.9007568359375,50.9705924987793,86.3255615234375,183.47947692871094,103.91999816894531,174.557861328125,226.6240997314453,67.99286651611328,86.33617401123047,373.19146728515625,65.47982788085938,44.46599197387695,305.4492492675781,78.52977752685547,394.90234375,428.5910339355469,320.64495849609375,132.8599853515625,152.83238220214844,313.4877624511719,28.358007431030273,181.39747619628906,78.72174835205078,90.00331115722656,300.9805908203125,500.2879638671875,491.06683349609375,128.80868530273438,742.8486328125,76.9061050415039,614.6016845703125,145.78602600097656,192.29148864746094,413.0653381347656,6099.7998046875,193.35731506347656,94.77999877929688,76.24801635742188,89.28988647460938,154.33621215820312,25.650461196899414,100.74638366699219,146.80410766601562,900.624267578125,36.585994720458984,170.4822998046875,136.77000427246094,191.8613739013672,719.974609375,371.2425537109375,457.9373779296875,199.1087188720703,176.00685119628906,54.8723030090332,504.4200134277344,399.7978515625,93.00532531738281,150.49093627929688,785.859619140625,25.232145309448242,215.33763122558594,50.268917083740234,154.9425048828125,192.1175994873047,487.07470703125,266.8436584472656,98.23408508300781,55.683448791503906,317.5505065917969,295.1332702636719,46.644840240478516,270.161376953125,112.97222137451172,185.84947204589844,147.6875762939453,110.45006561279297
2026-05-07,118.42222595214844,178.04910278320312,251.0399932861328,129.8216094970703,212.55027770996094,410.1301574707031,234.37860107421875,326.6235046386719,458.8399963378906,178.07020568847656,312.8768005371094,293.1688232421875,136.41419982910156,411.9080810546875,426.8900146484375,317.82000732421875,170.85049438476562,63.297142028808594,475.0799865722656,184.87754821777344,894.031494140625,90.01957702636719,26.69581413269043,86.86203002929688,72.8024673461914,91.81652069091797,44.32412338256836,169.5789031982422,51.576316833496094,86.8224868774414,180.84361267089844,102.72000122070312,175.2963409423828,220.35946655273438,67.76555633544922,84.96149444580078,371.40875244140625,65.18290710449219,44.11790084838867,302.25323486328125,78.24040985107422,395.0622253417969,428.1618957519531,320.238037109375,132.04385375976562,155.5323486328125,304.8964538574219,28.31829071044922,176.10023498535156,77.9268798828125,87.21990203857422,299.9646911621094,492.29327392578125,500.1016845703125,128.8679962158203,753.9263916015625,77.26288604736328,599.6331176757812,143.01039123535156,189.12889099121094,419.8606262207031,6008.85009765625,193.91537475585938,94.58000183105469,77.0034408569336,92.10401916503906,154.6627655029297,25.60211753845215,99.23841094970703,144.9777374267578,884.8499755859375,36.476871490478516,167.0968780517578,147.64999389648438,201.8046417236328,708.0424194335938,352.6878967285156,447.1705627441406,200.9633026123047,176.0466766357422,52.723567962646484,505.19000244140625,404.6210632324219,90.92022705078125,148.04312133789062,765.8939208984375,24.92624282836914,209.25115966796875,49.220001220703125,153.97567749023438,193.15199279785156,468.7463073730469,263.5209045410156,98.44060516357422,54.840660095214844,320.02081298828125,288.3567199707031,46.30070877075195,265.25732421875,111.82206726074219,182.8096160888672,145.591796875,86.70558166503906
2026-05-08,115.39804077148438,178.2763671875,244.5,129.17652893066406,212.03298950195312,434.89935302734375,232.0520782470703,329.2139587402344,465.55999755859375,174.86083984375,312.0786437988281,293.58624267578125,127.8371353149414,429.3205261230469,403.5400085449219,315.1672668457031,165.51390075683594,63.65582275390625,475.94000244140625,183.25108337402344,895.7882080078125,89.52533721923828,26.08279800415039,87.05095672607422,72.0287094116211,96.2100830078125,44.692996978759766,166.51724243164062,51.31814193725586,89.99285888671875,179.9716033935547,100.41999816894531,170.80564880371094,219.29208374023438,68.14109802246094,85.86798095703125,376.5378723144531,64.86619567871094,43.92893600463867,296.7800598144531,78.62956237792969,396.8111877441406,434.3195495605469,315.086669921875,131.3969268798828,155.24343872070312,300.74517822265625,28.6260986328125,186.6807403564453,77.91693878173828,87.85610961914062,298.4309387207031,491.6054382324219,494.65081787109375,127.83001708984375,735.2770385742188,75.46907806396484,589.5375366210938,142.55274963378906,192.03289794921875,414.22283935546875,5974.06982421875,195.27066040039062,92.95999908447266,74.36940002441406,91.78156280517578,153.01016235351562,25.238479614257812,99.7046890258789,145.33506774902344,878.8300170898438,35.62372589111328,170.3234405517578,146.64999389648438,218.2837677001953,713.8238525390625,357.57598876953125,452.4941711425781,199.43775939941406,175.3595428466797,52.99216079711914,516.47998046875,396.54144287109375,90.8805160522461,148.74960327148438,782.0823974609375,24.82756233215332,205.40602111816406,49.11000061035156,152.8593292236328,192.58506774902344,465.11456298828125,263.2821350097656,99.10932922363281,55.05879211425781,317.54058837890625,283.1570739746094,46.42852783203125,265.3871765136719,110.71158599853516,181.4940185546875,143.59535217285156,82.25659942626953
2026-05-11,111.24602508544922,170.30226135253906,236.07000732421875,129.7124481201172,212.67959594726562,443.0691833496094,231.8124542236328,327.1197509765625,463.70001220703125,175.79196166992188,311.3602600097656,302.6201171875,122.28551483154297,427.75299072265625,394.3599853515625,311.4674072265625,157.404296875,64.36322021484375,479.54998779296875,182.1035919189453,925.0738525390625,89.62418365478516,25.153390884399414,86.24556732177734,72.60407257080078,98.3520736694336,44.603271484375,164.2234649658203,48.905155181884766,91.65258026123047,183.06329345703125,96.6500015258789,166.17526245117188,219.43174743652344,69.7519760131836,82.4312744140625,380.20294189453125,65.49961853027344,43.06368637084961,300.3955383300781,75.12715148925781,386.537353515625,425.5171813964844,309.0816955566406,131.4864959716797,157.2360382080078,298.6545715332031,28.506946563720703,184.28378295898438,78.15541076660156,86.5737533569336,301.1299743652344,502.80999755859375,496.9768981933594,128.23532104492188,724.3690795898438,73.87347412109375,585.143798828125,142.6024932861328,190.05380249023438,411.7681579589844,5910.669921875,193.16796875,91.3499984741211,73.55433654785156,91.73270416259766,147.8544158935547,25.36624526977539,99.39714813232422,142.29774475097656,874.3599853515625,35.95109558105469,174.09605407714844,145.9199981689453,236.65591430664062,711.70703125,342.2633972167969,455.2556457519531,197.1544189453125,177.8690948486328,54.64350128173828,516.1900024414062,397.3720703125,92.17129516601562,149.4262237548828,833.415771484375,24.54139518737793,205.32632446289062,47.970001220703125,148.42385864257812,189.820068359375,475.4211730957031,261.9888610839844,98.3422622680664,54.02762222290039,322.5906677246094,282.13909912109375,46.43836212158203,267.80426025390625,111.8121566772461,175.51397705078125,148.6708984375,76.13923645019531
2026-05-12,112.68326568603516,167.75291442871094,234.8699951171875,130.9430694580078,214.34085083007812,430.66461181640625,230.8538818359375,333.7695617675781,470.1199951171875,177.1291961669922,315.63055419921875,301.7256774902344,127.67738342285156,418.6374206542969,393.6600036621094,313.45196533203125,160.15737915039062,65.00086975097656,484.9599914550781,182.1634521484375,910.4510498046875,90.44461059570312,24.570037841796875,86.94158172607422,72.72310638427734,98.9199447631836,44.3939094543457,164.971435546875,47.39579772949219,94.5645523071289,184.26229858398438,94.88999938964844,165.91578674316406,216.1797332763672,70.43387603759766,84.56303405761719,391.7061462402344,65.21260070800781,43.08357620239258,297.0797119140625,76.27466583251953,383.5891418457031,428.83056640625,308.148681640625,132.48178100585938,155.23345947265625,303.5126953125,28.963693618774414,180.9040985107422,79.51661682128906,85.3510513305664,308.22125244140625,502.28167724609375,498.9735412597656,127.74105072021484,733.8785400390625,76.13308715820312,580.3107299804688,142.47317504882812,190.82952880859375,406.8887023925781,5795.66015625,186.18228149414062,91.83999633789062,73.65373229980469,91.56659698486328,150.26901245117188,25.425214767456055,100.04199981689453,142.8436737060547,881.3400268554688,36.06021499633789,174.16554260253906,144.22000122070312,209.5360870361328,722.3311157226562,336.31793212890625,453.68048095703125,201.7908935546875,178.14793395996094,55.349796295166016,513.2100219726562,400.3641662597656,92.74717712402344,149.704833984375,808.2236938476562,24.896636962890625,212.9070281982422,47.790000915527344,149.76943969726562,192.25685119628906,466.6011962890625,264.22723388671875,96.8081283569336,54.017704010009766,325.8147277832031,278.7757568359375,47.12662887573242,268.6931457519531,111.62377166748047,174.80633544921875,149.614501953125,76.4073715209961
2026-05-13,112.52356719970703,157.74325561523438,231.02999877929688,126.98322296142578,214.41046142578125,436.06787109375,231.0735626220703,333.9283752441406,469.17999267578125,172.22598266601562,310.19293212890625,304.30963134765625,124.45223999023438,416.13140869140625,376.82000732421875,308.7647705078125,154.6412353515625,65.17025756835938,485.5199890136719,185.9452362060547,900.6292114257812,88.5863037109375,24.748010635375977,87.36912536621094,72.22711181640625,101.4903335571289,44.26430892944336,163.10650634765625,45.64812088012695,97.50634002685547,184.31185913085938,93.93000030517578,165.6463623046875,214.09483337402344,69.79151153564453,81.81365966796875,398.0204772949219,65.1532211303711,43.53112030029297,294.34307861328125,75.64602661132812,398.79998779296875,426.68487548828125,300.2975769042969,132.00404357910156,154.22720336914062,298.9034729003906,29.102703094482422,184.73521423339844,79.7451400756836,84.46632385253906,303.6995544433594,511.64208984375,489.81890869140625,127.85967254638672,736.3657836914062,75.52853393554688,575.9669189453125,146.34315490722656,192.76885986328125,404.3342590332031,5720.10009765625,189.10211181640625,89.69999694824219,72.79891204833984,88.99339294433594,147.7158660888672,25.5136661529541,99.62532043457031,141.18605041503906,882.3699951171875,35.46500015258789,170.5815887451172,140.80999755859375,212.38555908203125,718.806396484375,330.8113708496094,453.59075927734375,203.07713317871094,177.3711700439453,55.091156005859375,509.2799987792969,383.7330627441406,91.02944946289062,150.82925415039062,816.767578125,24.41311264038086,206.8603973388672,46.540000915527344,146.54998779296875,189.25314331054688,469.95355224609375,263.2821350097656,96.81795501708984,52.2924690246582,319.7160339355469,273.99530029296875,46.41869354248047,264.45831298828125,111.24699401855469,171.48741149902344,150.5481719970703,73.82536315917969
2026-05-14,113.04257202148438,162.0415802001953,233.86000061035156,127.6283187866211,215.31570434570312,440.01300048828125,231.79248046875,333.71002197265625,472.0400085449219,168.8878631591797,314.69268798828125,298.0187072753906,128.99539184570312,439.0950622558594,388.19000244140625,311.9161682128906,154.09262084960938,64.37318420410156,484.05999755859375,193.95779418945312,918.5159912109375,86.30294036865234,24.916093826293945,88.3335952758789,72.67350769042969,115.09941864013672,45.7796630859375,165.5,45.727561950683594,96.55225372314453,184.946044921875,94.97000122070312,164.1993408203125,213.83547973632812,69.90022277832031,80.51866912841797,395.1023254394531,64.3515396118164,43.73997497558594,291.17706298828125,77.58183288574219,396.9311218261719,431.83453369140625,302.08416748046875,133.6263427734375,155.143798828125,298.56500244140625,28.894187927246094,189.05271911621094,79.93392181396484,84.74466705322266,306.37872314453125,510.0371398925781,489.1200866699219,125.7738265991211,746.4046630859375,76.28174591064453,574.4091186523438,144.3733367919922,193.46502685546875,408.5451354980469,5680.60986328125,194.9318389892578,89.68000030517578,72.6199951171875,87.91462707519531,147.1221160888672,25.307275772094727,99.97254943847656,141.65257263183594,880.4299926757812,35.4947624206543,170.2738037109375,139.85000610351562,199.34373474121094,711.8068237304688,333.2354431152344,455.1360168457031,208.07254028320312,174.95123291015625,55.459224700927734,510.0199890136719,381.2506408691406,92.20108032226562,152.99844360351562,804.1865844726562,24.32430076599121,205.89413452148438,47.130001068115234,147.35000610351562,187.17442321777344,480.5794677734375,267.9479064941406,96.7884521484375,52.966697692871094,321.92193603515625,274.544189453125,46.27121353149414,269.1026611328125,111.63999938964844,173.07212829589844,151.75,74.95748138427734
2026-05-15,111.48555755615234,166.81419372558594,236.6199951171875,124.20438385009766,216.2308807373047,436.077880859375,227.55882263183594,326.30999755859375,470.3800048828125,169.01663208007812,316.4985656738281,293.5564270019531,124.81169891357422,424.51812744140625,391.8800048828125,312.6242370605469,153.74349975585938,63.88498306274414,482.70001220703125,194.7760009765625,886.6651611328125,85.66044616699219,24.362403869628906,87.62763977050781,71.06647491455078,117.76942443847656,45.52045822143555,168.30999755859375,46.79999923706055,95.30000305175781,189.36557006835938,93.55999755859375,161.57479858398438,210.25425720214844,68.34864044189453,79.97078704833984,391.0886535644531,63.223262786865234,43.023902893066406,281.17950439453125,74.69808197021484,393.08343505859375,422.1539306640625,295.29510498046875,133.28794860839844,153.78883361816406,296.4743957519531,28.725391387939453,180.20201110839844,80.30155181884766,81.8121566772461,302.1658020019531,504.51458740234375,493.3729553222656,124.2712173461914,759.72998046875,75.46907806396484,557.86279296875,145.46768188476562,191.45606994628906,421.0081481933594,5563.6201171875,192.2810516357422,88.48999786376953,71.01000213623047,90.59669494628906,147.5674285888672,24.89449691772461,99.73445129394531,140.52101135253906,862.719970703125,34.60193634033203,174.9300079345703,141.91000366210938,200.74855041503906,697.2086791992188,326.01312255859375,447.3599853515625,207.71360778808594,170.46990966796875,55.091156005859375,502.4200134277344,380.52386474609375,89.78832244873047,152.09295654296875,794.9031982421875,23.712493896484375,204.32022094726562,46.959999084472656,147.42999267578125,184.220458984375,465.5435791015625,269.1615905761719,97.29000091552734,52.66924285888672,325.1459655761719,267.298583984375,45.5927734375,263.5793762207031,109.16000366210938,168.07879638671875,157.9199981689453,73.7061996459961
2026-05-18,111.894775390625,175.4404754638672,243.49000549316406,126.71526336669922,220.05076599121094,413.0565185546875,225.3221893310547,324.3900146484375,471.17999267578125,175.60374450683594,325.8273010253906,291.49920654296875,121.5366439819336,420.0451965332031,399.3699951171875,311.3876037597656,154.68115234375,65.96731567382812,488.3800048828125,199.33607482910156,862.3502807617188,88.8828353881836,24.780214309692383,89.40744018554688,71.55255126953125,118.43692779541016,46.058807373046875,174.50999450683594,51.400001525878906,95.39938354492188,194.33999633789062,94.61000061035156,163.52076721191406,210.31411743164062,67.6370849609375,79.70182800292969,392.4730224609375,64.75733184814453,43.759864807128906,285.6339416503906,72.94188690185547,392.87353515625,421.9443664550781,297.5779724121094,135.91549682617188,155.4127960205078,299.3813171386719,29.22185516357422,175.64500427246094,80.67910766601562,83.3231430053711,309.9044494628906,509.2496337890625,504.9435729980469,126.78215026855469,775.1129150390625,76.62861633300781,554.9869384765625,151.74520874023438,191.63510131835938,422.6246643066406,5716.77978515625,185.96304321289062,91.73999786376953,71.12999725341797,93.51629638671875,147.508056640625,24.89449691772461,101.58965301513672,141.33493041992188,858.4299926757812,34.65153884887695,179.8000030517578,144.05999755859375,202.890625,628.7409057617188,325.0754089355469,436.3599853515625,213.8955535888672,175.22012329101562,56.851924896240234,498.42999267578125,393.9835510253906,89.5897445678711,152.9785614013672,740.3121948242188,24.107208251953125,199.73793029785156,47.04999923706055,150.25,189.6211395263672,459.3775939941406,273.7079772949219,95.52999877929688,52.99644470214844,332.023193359375,265.8015441894531,45.97623825073242,259.8539123535156,109.55000305175781,168.59707641601562,160.49000549316406,77.18196868896484
2026-05-19,110.35773468017578,174.6993865966797,244.16000366210938,127.94589233398438,223.40310668945312,406.40478515625,220.94873046875,330.75,463.760009765625,181.26966857910156,322.9239196777344,289.96868896484375,119.02043914794922,410.4204406738281,392.3399963378906,308.4656066894531,154.1524658203125,65.23003387451172,480.4599914550781,199.9347686767578,858.5573120117188,91.2749252319336,23.765527725219727,89.50686645507812,72.72310638427734,114.9499740600586,45.93917465209961,172.1999969482422,50.880001068115234,93.60052490234375,197.25,94.2699966430664,166.6941680908203,207.04214477539062,69.8508071899414,75.84673309326172,400.6397705078125,65.06414031982422,43.33221435546875,284.9248352050781,72.472900390625,384.6684875488281,403.88055419921875,300.1883850097656,134.3827667236328,153.5397491455078,294.3738708496094,28.64595603942871,174.05799865722656,81.39449310302734,82.50800323486328,306.9065856933594,504.4747619628906,498.86376953125,126.9996337890625,761.0485229492188,77.87734985351562,531.8899536132812,148.59152221679688,188.54212951660156,416.51788330078125,5773.52001953125,180.83090209960938,91.91999816894531,70.94000244140625,93.50640869140625,148.80441284179688,25.21882438659668,100.3396224975586,140.2530059814453,852.5599975585938,34.96898651123047,182.3800048828125,145.19000244140625,194.8901824951172,629.3599853515625,319.9080505371094,422.2900085449219,214.34423828125,173.7661895751953,56.47390365600586,493.8699951171875,387.3669738769531,90.66207122802734,150.13272094726562,732.8274536132812,24.649940490722656,195.31503295898438,46.77000045776367,150.67999267578125,192.37620544433594,446.99566650390625,270.15643310546875,96.83000183105469,52.84771728515625,329.2982482910156,258.9451904296875,46.939815521240234,254.97984313964844,111.48999786376953,171.18841552734375,162.5500030517578,78.37366485595703
2026-05-20,113.56156921386719,177.0906219482422,243.6300048828125,127.8962631225586,220.8167266845703,426.32000732421875,224.3736114501953,331.57000732421875,457.2699890136719,182.280029296875,320.41961669921875,287.4046325683594,122.86463928222656,417.0998840332031,398.44000244140625,308.9742431640625,156.55642700195312,66.54519653320312,480.8999938964844,198.7972412109375,870.9442749023438,91.57146453857422,25.894380569458008,89.83499145507812,72.3659896850586,113.92381286621094,45.79960250854492,171.36000061035156,51.29999923706055,92.70606231689453,191.3300018310547,98.23999786376953,170.76571655273438,210.4637451171875,68.92182922363281,77.89879608154297,394.6043395996094,65.59858703613281,43.441612243652344,299.79632568359375,75.97531127929688,384.6684875488281,395.8766174316406,308.2677917480469,136.04489135742188,151.1287078857422,300.625732421875,28.487089157104492,182.94700622558594,81.02687072753906,86.79244995117188,307.90252685546875,505.0329895019531,497.20654296875,128.76913452148438,753.8464965820312,77.4511947631836,541.2066040039062,149.0093536376953,196.68728637695312,420.1499938964844,5990.3701171875,187.50767517089844,92.22000122070312,71.2699966430664,93.94186401367188,147.73565673828125,25.346590042114258,101.99640655517578,141.3845672607422,859.4400024414062,35.157470703125,179.33999633789062,147.9600067138672,201.76478576660156,649.760009765625,328.43719482421875,436.2300109863281,211.58230590820312,174.12469482421875,56.98124313354492,498.92999267578125,393.60601806640625,90.8110122680664,153.30691528320312,750.5348510742188,24.600603103637695,200.6145477294922,48.0,159.2100067138672,189.1337890625,450.6673278808594,264.4261779785156,98.87000274658203,54.037532806396484,330.1366882324219,262.7376708984375,47.018470764160156,258.815185546875,110.6500015258789,179.65016174316406,156.27999877929688,79.15819549560547
2026-05-21,114.56963348388672,175.75665283203125,240.19000244140625,128.63067626953125,213.3162384033203,427.3599853515625,222.83590698242188,337.4200134277344,450.57000732421875,182.0422821044922,323.4826354980469,288.3984680175781,124.67191314697266,413.9149169921875,389.8399963378906,308.85455322265625,159.27957153320312,65.55882263183594,479.9800109863281,200.17425537109375,864.3465576171875,90.97838592529297,26.043598175048828,89.92447662353516,73.05046844482422,117.75946044921875,45.759727478027344,172.36000061035156,52.31999969482422,92.74581146240234,191.00999450683594,102.62000274658203,172.97116088867188,207.2615966796875,69.49502563476562,78.60607147216797,388.2402648925781,65.08393859863281,43.29243087768555,301.38433837890625,77.04299926757812,383.2393493652344,391.7748107910156,311.4439697265625,135.3780517578125,150.92945861816406,301.6411437988281,28.576452255249023,184.21800231933594,80.64929962158203,88.3034439086914,305.0939025878906,512.8881225585938,498.78387451171875,128.52200317382812,765.6534423828125,77.4511947631836,537.2022705078125,150.82000732421875,199.4122772216797,419.0899963378906,6047.8701171875,189.11209106445312,92.33999633789062,71.62999725341797,93.27877044677734,147.3002471923828,25.50383949279785,103.09762573242188,142.3374481201172,864.72998046875,35.881649017333984,174.0500030517578,145.83999633789062,212.6246795654297,642.5900268554688,373.98583984375,440.25,207.48426818847656,175.25,56.95140075683594,503.9800109863281,392.3978271484375,90.90037536621094,152.92880249023438,809.882568359375,25.005184173583984,201.79000854492188,47.88999938964844,157.4600067138672,189.8697967529297,446.62652587890625,264.06805419921875,98.25,54.09702682495117,330.5060119628906,261.55999755859375,47.46092987060547,254.85000610351562,112.11000061035156,191.30126953125,155.2899932861328,79.51570129394531
2026-05-22,114.73930358886719,177.1103973388672,240.99000549316406,130.59571838378906,215.4649200439453,432.1600036621094,224.1838836669922,339.29998779296875,452.30999755859375,182.11163330078125,324.0413513183594,287.68292236328125,131.86106872558594,413.485595703125,386.0,310.9288635253906,160.65611267089844,65.81786346435547,486.3800048828125,200.2440948486328,878.2607421875,90.40507507324219,25.84463882446289,90.093505859375,73.93334197998047,119.96123504638672,45.38088607788086,172.92999267578125,52.75,92.68618774414062,191.42999267578125,106.66999816894531,171.64390563964844,209.38638305664062,70.34494018554688,87.97982025146484,393.09051513671875,65.5194091796875,43.700191497802734,302.4629821777344,78.61958312988281,379.1518249511719,393.28179931640625,310.7392578125,135.3780517578125,152.4039764404297,305.0059814453125,28.914047241210938,188.83799743652344,80.95732116699219,88.33326721191406,310.72113037109375,515.948486328125,497.7056884765625,129.63906860351562,765.23388671875,77.89716339111328,535.7144165039062,152.44000244140625,199.92942810058594,418.57000732421875,6036.990234375,191.41407775878906,91.73999786376953,72.7699966430664,96.00043487548828,149.00233459472656,25.454696655273438,103.0281753540039,143.3697509765625,866.9600219726562,36.03045654296875,177.69000244140625,148.22999572753906,237.28359985351562,638.8800048828125,376.85882568359375,452.2900085449219,208.3218231201172,177.00999450683594,56.98124313354492,524.739990234375,394.16290283203125,92.1415023803711,153.1875,812.15087890625,24.92624282836914,202.77999877929688,48.380001068115234,158.27000427246094,190.4367218017578,449.99884033203125,264.50579833984375,101.0199966430664,54.3647346496582,328.2701721191406,260.6499938964844,47.53958511352539,256.4100036621094,113.41000366210938,191.85940551757812,154.9199981689453,80.75704956054688
2026-05-26,114.85907745361328,174.89700317382812,238.22999572753906,129.91091918945312,211.70474243164062,454.8900146484375,229.09652709960938,335.94000244140625,455.5,183.2012176513672,318.5638427734375,287.8121032714844,139.34976196289062,421.3431701660156,385.29998779296875,309.87176513671875,162.8905029296875,66.48541259765625,483.6199951171875,199.9347686767578,906.86767578125,89.59453582763672,26.57083511352539,89.33783721923828,73.6059799194336,117.88898468017578,46.46755599975586,171.08999633789062,51.810001373291016,90.1717529296875,184.7100067138672,111.44000244140625,172.4522247314453,214.8729248046875,70.40423583984375,86.26644897460938,386.2782287597656,65.45012664794922,44.20741271972656,314.09844970703125,79.61742401123047,384.6085205078125,391.6351013183594,308.22808837890625,134.72116088867188,150.0825958251953,305.3643493652344,29.341005325317383,201.13900756835938,79.94385528564453,88.7607192993164,312.2051086425781,513.3466796875,492.1849365234375,129.04592895507812,753.5668334960938,76.9061050415039,560.1295776367188,154.02999877929688,200.6554412841797,416.0299987792969,6032.81982421875,192.3906707763672,89.87000274658203,72.7300033569336,93.82310485839844,144.16323852539062,25.40555763244629,103.8813705444336,141.9007110595703,868.030029296875,35.83205032348633,173.8800048828125,144.8800048828125,247.90438842773438,634.6199951171875,380.8490905761719,456.29998779296875,206.44729614257812,178.97000122070312,57.67759323120117,534.5599975585938,389.3302307128906,90.90037536621094,157.73487854003906,845.1574096679688,24.68941307067871,208.60000610351562,48.68000030517578,158.97000122070312,190.07867431640625,460.3852844238281,269.6988220214844,101.97000122070312,54.751426696777344,325.8746337890625,268.94000244140625,47.677242279052734,261.4700012207031,112.98999786376953,197.71983337402344,149.80999755859375,79.67459869384766
2026-05-27,115.61761474609375,174.2646026611328,237.0,128.5909881591797,207.7555389404297,448.25,226.04110717773438,336.05999755859375,443.1700134277344,183.23094177246094,317.8155517578125,283.96600341796875,140.02874755859375,421.193359375,391.32000732421875,311.6867980957031,167.94778442382812,62.968353271484375,479.9200134277344,199.40591430664062,908.2451171875,89.82188415527344,27.834218978881836,90.7696304321289,73.62582397460938,119.22398376464844,46.995933532714844,169.86000061035156,53.15999984741211,91.50350189208984,182.39999389648438,114.37000274658203,172.77157592773438,212.84788513183594,70.8193130493164,90.84872436523438,389.8835754394531,65.94499206542969,44.57538986206055,316.8150634765625,83.93805694580078,384.5985107421875,391.3656311035156,315.4836730957031,131.0684814453125,149.15603637695312,297.93780517578125,29.887115478515625,195.718994140625,81.09642028808594,90.42081451416016,307.8029479980469,506.2690734863281,494.2115478515625,129.08547973632812,755.6344604492188,75.30059814453125,573.5703735351562,155.1699981689453,200.50625610351562,412.6700134277344,6098.080078125,190.2979736328125,89.0199966430664,71.79000091552734,93.45691680908203,146.20179748535156,25.759366989135742,103.74248504638672,146.39715576171875,856.6799926757812,35.554283142089844,174.6300048828125,142.25999450683594,232.54110717773438,627.739990234375,375.3126220703125,456.0799865722656,205.00152587890625,176.58999633789062,56.2053108215332,525.9199829101562,392.4638977050781,90.61243438720703,157.13784790039062,870.0396118164062,24.56113052368164,208.75,48.459999084472656,157.00999450683594,189.78028869628906,456.6437683105469,277.94598388671875,104.47000122070312,54.225921630859375,327.00250244140625,275.6499938964844,47.431434631347656,260.80999755859375,113.13999938964844,202.5038604736328,147.89999389648438,78.9297866821289
2026-05-28,135.1201171875,176.28036499023438,240.9499969482422,126.79466247558594,206.19375610351562,449.67999267578125,225.11248779296875,336.4800109863281,439.8500061035156,184.91485595703125,317.5760803222656,281.8988342285156,147.45753479003906,425.9059143066406,439.32000732421875,314.259765625,169.3941650390625,64.47281646728516,477.4200134277344,199.41590881347656,886.0263061523438,90.03933715820312,27.7944278717041,91.13752746582031,72.584228515625,118.19782257080078,45.67000198364258,173.05999755859375,53.849998474121094,92.3979721069336,183.02999877929688,114.30999755859375,180.25604248046875,211.989990234375,69.45549774169922,90.52000427246094,391.15838623046875,65.57879638671875,44.515716552734375,320.42059326171875,84.16755676269531,385.88775634765625,383.6211853027344,318.8186340332031,128.36131286621094,147.75125122070312,295.3992614746094,29.82754135131836,192.76300048828125,79.89418029785156,89.21798706054688,313.50982666015625,500.39764404296875,492.9237060546875,129.32273864746094,756.1439208984375,74.8942642211914,574.3192749023438,152.85000610351562,202.67431640625,426.989990234375,6160.5400390625,202.99378967285156,89.2300033569336,71.20999908447266,94.52578735351562,144.7668914794922,25.690570831298828,102.50237274169922,144.828857421875,852.8099975585938,35.0483512878418,176.7100067138672,138.7899932861328,242.39471435546875,621.52001953125,369.86590576171875,454.79998779296875,203.09707641601562,178.9600067138672,54.8325080871582,480.6400146484375,394.2384033203125,89.39115905761719,156.82937622070312,880.0924682617188,24.55126190185547,210.3300018310547,47.79999923706055,154.88999938964844,187.989990234375,451.2360534667969,265.6199951171875,106.66999816894531,53.98796081542969,324.3474426269531,276.75,47.205284118652344,261.20001220703125,111.66999816894531,204.9158172607422,146.9600067138672,77.72815704345703
2026-05-29,135.2698211669922,184.8473663330078,231.30999755859375,125.712890625,205.00999450683594,450.05999755859375,225.51190185546875,336.7900085449219,445.7099914550781,185.19223022460938,315.3411865234375,276.89990234375,148.53590393066406,446.06402587890625,448.7200012207031,315.6060791015625,167.01014709472656,63.64585876464844,474.4800109863281,196.37252807617188,874.2481689453125,90.44461059570312,27.913803100585938,89.61624145507812,71.98902893066406,119.97119140625,45.2599983215332,171.25999450683594,55.7599983215332,90.42021179199219,182.4600067138672,113.8499984741211,182.29180908203125,211.36000061035156,69.11949157714844,88.94999694824219,391.5965881347656,64.7771224975586,43.95877456665039,323.35693359375,83.05995178222656,376.2035827636719,377.7828674316406,314.7789611816406,126.52999877929688,147.30291748046875,297.9676818847656,29.817611694335938,192.17100524902344,78.50315856933594,89.24781036376953,313.908203125,496.12115478515625,493.1533203125,127.5927734375,741.6199951171875,73.14999389648438,580.8099975585938,153.1300048828125,206.8612823486328,450.239990234375,6104.7998046875,224.9972381591797,86.87999725341797,70.83999633789062,95.98064422607422,142.6887664794922,25.729883193969727,102.80000305175781,142.4962615966797,844.6300048828125,35.107872009277344,175.8800048828125,138.72999572753906,250.09628295898438,614.780029296875,363.0126647949219,451.05999755859375,199.85653686523438,179.66000366210938,54.26548385620117,475.6199951171875,401.1352844238281,88.49754333496094,154.869140625,879.173095703125,24.472318649291992,213.41000366210938,48.209999084472656,154.75,187.52999877929688,450.2781982421875,262.6400146484375,106.69000244140625,54.38456344604492,325.75482177734375,282.9200134277344,47.00864028930664,261.1600036621094,111.05000305175781,202.89256286621094,145.25999450683594,77.15218353271484
2026-06-01,135.7189483642578,194.25424194335938,248.16000366210938,122.85465240478516,207.2100067138672,458.1700134277344,223.02561950683594,329.1300048828125,447.1499938964844,185.7568359375,319.6813049316406,277.1682434082031,146.1195526123047,459.2431640625,476.8800048828125,312.68408203125,168.82557678222656,62.73919677734375,470.2900085449219,194.72610473632812,863.7576293945312,89.98003387451172,27.366668701171875,87.92593383789062,70.01496887207031,120.87779998779297,45.86000061035156,172.89999389648438,57.15999984741211,90.06243133544922,185.8300018310547,110.81999969482422,179.4976043701172,207.5399932861328,68.27945709228516,85.58000183105469,401.0282287597656,65.13341522216797,43.74992370605469,324.1958923339844,82.50116729736328,372.35589599609375,370.218017578125,308.3769836425781,126.56999969482422,144.42361450195312,295.2499084472656,29.98641014099121,194.00399780273438,78.13553619384766,89.57585906982422,308.34075927734375,495.842041015625,494.42120361328125,126.66352844238281,734.8200073242188,73.3184814453125,570.9600219726562,150.92999267578125,209.85479736328125,460.5199890136719,6121.31005859375,247.28968811035156,86.63999938964844,69.33999633789062,101.3843765258789,140.0465545654297,25.18933868408203,102.9000015258789,139.24057006835938,823.2999877929688,34.244808197021484,180.24000549316406,145.0800018310547,228.14735412597656,600.6599731445312,365.41680908203125,456.7099914550781,200.2454071044922,174.41000366210938,54.464439392089844,492.2900085449219,405.4493713378906,86.51173400878906,158.9985809326172,920.6035766601562,24.225622177124023,211.08999633789062,46.869998931884766,152.75,186.74000549316406,447.4546203613281,263.5,109.0199966430664,53.09559631347656,322.1714782714844,281.55999755859375,46.92998123168945,256.010009765625,108.5999984741211,201.46731567382812,149.3800048828125,77.02307891845703
2026-06-02,134.79074096679688,184.00746154785156,236.66000366210938,126.14956665039062,210.4600067138672,490.04998779296875,227.3890838623047,328.260009765625,445.3999938964844,183.77574157714844,317.1370849609375,277.5657653808594,148.17645263671875,480.8090515136719,490.1199951171875,310.12109375,166.79071044921875,64.3034439086914,471.510009765625,194.4567108154297,908.1253051757812,88.8828353881836,27.495990753173828,87.766845703125,71.27479553222656,127.52294158935547,46.13999938964844,173.30999755859375,55.13999938964844,88.9493179321289,187.5500030517578,110.79000091552734,175.74539184570312,211.83999633789062,70.0879898071289,83.41000366210938,387.4534606933594,65.52930450439453,44.48588180541992,317.324462890625,81.55323028564453,358.1744384765625,366.6152648925781,309.2007751464844,127.16999816894531,141.85316467285156,299.6102600097656,30.14527702331543,204.52000427246094,77.90701293945312,90.36117553710938,306.876708984375,494.3467712402344,476.8805847167969,127.4840316772461,736.780029296875,73.09053802490234,576.9299926757812,152.89999389648438,213.8030548095703,441.30999755859375,6180.9599609375,243.73207092285156,86.2300033569336,70.33000183105469,99.75138092041016,140.5215606689453,25.110713958740234,103.30999755859375,139.77658081054688,836.3200073242188,34.552337646484375,182.55999755859375,142.33999633789062,239.9537353515625,602.9199829101562,362.6236267089844,463.4100036621094,201.0829620361328,174.25999450683594,56.26499938964844,508.3500061035156,394.9479675292969,88.91456604003906,158.98863220214844,925.9497680664062,24.31443214416504,214.72999572753906,48.119998931884766,153.69000244140625,188.8300018310547,457.8809814453125,264.67999267578125,108.93000030517578,54.13668441772461,316.7315979003906,281.8399963378906,47.067630767822266,264.510009765625,110.2300033569336,203.1616668701172,149.55999755859375,75.86117553710938
2026-06-03,137.13621520996094,175.32188415527344,229.60000610351562,125.3556137084961,209.33999633789062,500.7699890136719,227.88832092285156,338.2200012207031,440.92999267578125,180.51686096191406,314.8822326660156,280.52734375,147.3976287841797,478.4727478027344,481.4800109863281,299.7494812011719,164.36679077148438,64.034423828125,475.3699951171875,195.42459106445312,924.4650268554688,87.59783172607422,27.028440475463867,84.38623046875,69.65784454345703,126.02853393554688,46.439998626708984,174.72000122070312,53.5099983215332,90.80781555175781,189.7100067138672,107.36000061035156,177.71131896972656,213.50999450683594,70.02869415283203,82.05000305175781,389.6843566894531,65.46002960205078,46.20643997192383,314.248291015625,81.52328491210938,355.466064453125,362.5035095214844,310.6400146484375,125.94000244140625,137.9376983642578,299.50079345703125,30.333932876586914,212.51100158691406,78.25476837158203,88.9297103881836,302.2255554199219,505.97003173828125,470.7608337402344,131.02304077148438,739.530029296875,77.25297546386719,583.1500244140625,151.64999389648438,208.98956298828125,427.3399963378906,6119.41015625,229.53146362304688,87.37999725341797,69.91999816894531,97.43548583984375,141.05592346191406,24.904325485229492,101.19000244140625,139.1512451171875,850.760009765625,34.740821838378906,184.67999267578125,139.72000122070312,249.08999633789062,618.9500122070312,358.5535583496094,461.7300109863281,203.6055908203125,172.5500030517578,56.849998474121094,498.0199890136719,390.0567626953125,88.89470672607422,157.09805297851562,940.019775390625,23.238834381103516,218.38999938964844,47.41999816894531,157.89999389648438,181.4499969482422,464.7853088378906,262.1300048828125,108.66999816894531,52.6890754699707,311.8207092285156,285.29998779296875,45.86808395385742,262.7799987792969,110.05000305175781,206.4207763671875,152.52999877929688,77.05286407470703
2026-06-04,138.10435485839844,176.7349090576172,233.63999938964844,126.82443237304688,210.83999633789062,501.70001220703125,228.4175262451172,345.6000061035156,455.0899963378906,192.07650756835938,321.50714111328125,281.1037902832031,146.5489044189453,418.248046875,513.2000122070312,311.67681884765625,167.07000732421875,65.86768341064453,478.6300048828125,201.3018035888672,938.738525390625,92.70819854736328,27.704896926879883,84.61491394042969,69.79672241210938,129.51548767089844,46.22999954223633,179.9600067138672,53.400001525878906,94.23658752441406,188.35000610351562,108.95999908447266,186.25360107421875,213.47000122070312,70.96754455566406,82.9000015258789,407.7807312011719,67.20193481445312,46.90262222290039,327.2420959472656,83.04000091552734,369.0478820800781,361.10626220703125,309.95001220703125,127.33000183105469,141.53433227539062,309.4957580566406,29.84739875793457,213.11000061035156,76.32720947265625,91.33536529541016,308.5299987792969,507.45001220703125,480.9537658691406,135.30348205566406,756.9500122070312,81.1973876953125,580.8599853515625,152.77000427246094,217.07505798339844,428.04998779296875,6177.27001953125,235.5206298828125,88.4000015258789,69.8499984741211,98.45487976074219,140.6699981689453,25.248308181762695,103.51000213623047,139.7368621826172,872.22998046875,34.879703521728516,184.13999938964844,138.7899932861328,242.57000732421875,628.72998046875,365.8258056640625,462.239990234375,207.30479431152344,179.41000366210938,58.0099983215332,494.4800109863281,397.4645080566406,89.6989517211914,161.9439239501953,925.3302001953125,22.46914291381836,220.75,49.18000030517578,158.6300048828125,177.02000427246094,462.71002197265625,263.8999938964844,110.22000122070312,54.98938751220703,319.5862731933594,283.05999755859375,44.117916107177734,262.5199890136719,111.2300033569336,207.39752197265625,152.0399932861328,78.9695053100586
2026-06-05,135.17999267578125,176.1321563720703,229.9600067138672,128.1642303466797,221.00999450683594,453.010009765625,226.21084594726562,349.5799865722656,454.6600036621094,192.28451538085938,327.7828369140625,280.60687255859375,138.60089111328125,385.1204833984375,486.1199951171875,309.8119201660156,165.83999633789062,62.36058807373047,488.1300048828125,205.26318359375,902.6055908203125,93.4001235961914,27.267189025878906,88.07508087158203,71.4632797241211,121.1866455078125,46.9900016784668,179.85000610351562,53.209999084472656,95.33975219726562,187.30999755859375,108.12999725341797,183.91844177246094,214.75999450683594,72.46971893310547,83.48999786376953,413.8460693359375,67.48895263671875,46.53464126586914,327.5916442871094,82.11000061035156,365.5400085449219,371.38568115234375,310.7799987792969,132.13999938964844,140.97640991210938,310.9691162109375,30.314075469970703,192.9199981689453,78.97014617919922,89.95360565185547,307.8299865722656,507.8999938964844,490.2581481933594,135.9658203125,775.6599731445312,80.93971252441406,575.8300170898438,153.75999450683594,210.76976013183594,416.6700134277344,6182.5498046875,212.93917846679688,90.33000183105469,70.33999633789062,99.49405670166016,141.9199981689453,25.5922908782959,105.22000122070312,145.4541778564453,882.3400268554688,35.455081939697266,183.0800018310547,137.0,215.94000244140625,635.4500122070312,365.6562194824219,446.7099914550781,209.4285888671875,180.99000549316406,54.869998931884766,464.8500061035156,401.55157470703125,90.77129364013672,160.94888305664062,846.8661499023438,22.449405670166016,212.64999389648438,49.20000076293945,160.7100067138672,178.10000610351562,456.8399963378906,272.32000732421875,108.54000091552734,55.21743392944336,322.9700012207031,281.3800048828125,44.609535217285156,260.3999938964844,112.94999694824219,204.29786682128906,149.9199981689453,78.89006805419922
2026-06-08,132.43527221679688,172.35752868652344,225.0399932861328,125.8121337890625,215.02000427246094,492.1700134277344,225.6117401123047,345.7300109863281,449.3800048828125,187.31199645996094,325.10894775390625,275.0613098144531,143.38368225097656,395.9732971191406,471.05999755859375,311.44744873046875,162.3000030517578,64.60233306884766,487.0,204.0358428955078,913.9445190429688,90.73126983642578,26.869274139404297,85.57938385009766,70.34232330322266,123.68729400634766,47.11000061035156,173.64999389648438,52.9900016784668,96.48268127441406,189.24000549316406,109.7300033569336,183.15003967285156,216.19000244140625,70.00892639160156,84.63999938964844,416.4554443359375,66.64768981933594,45.74895095825195,321.6390686035156,83.7699966430664,361.1700134277344,360.5973205566406,309.7099914550781,127.58999633789062,138.5354766845703,309.7147521972656,30.53251838684082,210.80599975585938,79.0297622680664,90.20211791992188,302.1000061035156,501.9200134277344,484.85723876953125,135.5802764892578,766.6400146484375,79.9684829711914,553.97998046875,153.85000610351562,211.07806396484375,411.739990234375,6191.10986328125,211.0856475830078,89.0199966430664,69.62999725341797,97.90065002441406,140.67999267578125,25.17951202392578,105.02999877929688,144.0248565673828,883.1400146484375,35.06818771362305,183.4199981689453,136.07000732421875,217.77000427246094,611.3400268554688,371.94085693359375,451.6600036621094,204.33346557617188,178.66000366210938,56.54999923706055,473.4800109863281,394.5979309082031,88.36846923828125,161.00857543945312,876.1453247070312,22.202709197998047,205.61000061035156,48.83000183105469,159.75,178.42999267578125,458.9200134277344,268.6700134277344,107.69999694824219,54.88032150268555,319.0772399902344,269.9800109863281,44.67836380004883,259.6300048828125,111.25,201.816162109375,151.75,78.27435302734375
2026-06-09,135.21990966796875,171.408935546875,224.0800018310547,126.79466247558594,217.17999267578125,499.2099914550781,229.4559783935547,344.57000732421875,449.19000244140625,189.025634765625,330.83587646484375,281.23297119140625,153.83792114257812,391.5403137207031,452.510009765625,317.5108642578125,163.99000549316406,63.31706619262695,487.7699890136719,212.2080535888672,913.0062866210938,91.50227355957031,27.585521697998047,87.29953002929688,72.04854583740234,119.91141510009766,47.279998779296875,179.8699951171875,52.939998626708984,96.46279907226562,186.75999450683594,112.4800033569336,188.0199432373047,220.97000122070312,70.42400360107422,86.55999755859375,422.7099914550781,67.16234588623047,46.32578659057617,330.02862548828125,83.76000213623047,362.2900085449219,374.150146484375,321.3299865722656,128.97000122070312,141.03619384765625,311.2976379394531,31.257354736328125,213.93699645996094,80.81820678710938,92.0113296508789,308.1700134277344,515.5900268554688,494.41119384765625,137.3201446533203,784.22998046875,81.2469482421875,572.25,156.38999938964844,209.0989532470703,403.4100036621094,6406.56982421875,205.0964813232422,89.48999786376953,71.2699966430664,99.24663543701172,142.77999877929688,25.258136749267578,106.66000366210938,147.5684051513672,905.530029296875,35.46500015258789,179.0,136.97000122070312,205.4199981689453,616.1799926757812,390.2062072753906,460.4700012207031,209.56817626953125,181.55999755859375,55.849998474121094,465.2699890136719,401.91107177734375,90.22520446777344,162.4414520263672,845.4072265625,22.40993309020996,210.91000366210938,49.43000030517578,164.8699951171875,179.4600067138672,470.760009765625,271.2799987792969,107.87000274658203,55.54463577270508,324.4472351074219,279.0,45.012664794921875,265.7699890136719,113.0999984741211,212.4606170654297,148.91000366210938,81.63095092773438
2026-06-10,131.36732482910156,168.47422790527344,221.27999877929688,127.558837890625,223.33999633789062,497.010009765625,221.44798278808594,337.7300109863281,450.6199951171875,190.67984008789062,335.5650939941406,274.80291748046875,148.99522399902344,371.51202392578125,447.5899963378906,312.484619140625,160.63999938964844,62.78901290893555,483.67999267578125,215.83016967773438,854.5746459960938,92.30292510986328,25.85458755493164,89.43726348876953,72.87191009521484,118.35723114013672,46.40999984741211,180.39999389648438,51.810001373291016,97.4168930053711,189.8000030517578,111.18000030517578,183.2498321533203,213.75999450683594,70.66118621826172,85.38999938964844,404.55999755859375,66.9149169921875,45.778785705566406,318.3132019042969,79.4000015258789,353.32000732421875,372.59326171875,318.9200134277344,129.25999450683594,139.82070922851562,307.75360107421875,31.475799560546875,213.56399536132812,83.05377197265625,89.31739807128906,303.0,509.1600036621094,488.2615051269531,138.18019104003906,790.4400024414062,79.53240966796875,552.8699951171875,156.85000610351562,205.5286102294922,397.3599853515625,6305.0400390625,200.56224060058594,90.45999908447266,69.66000366210938,100.05818176269531,144.32000732421875,25.15985679626465,109.20999908447266,147.94558715820312,875.5999755859375,35.58000183105469,181.72000122070312,135.0800018310547,191.1999969482422,601.6500244140625,375.5121154785156,440.07000732421875,211.97116088867188,177.41000366210938,55.5099983215332,460.5400085449219,403.3869323730469,90.38406372070312,160.99862670898438,815.4085693359375,22.90332794189453,202.0,49.7599983215332,167.66000366210938,185.5500030517578,449.1199951171875,267.0299987792969,103.26000213623047,56.32793426513672,322.3611145019531,272.6700134277344,46.163055419921875,256.5199890136719,114.01000213623047,206.2513427734375,150.6199951171875,80.72725677490234
2026-06-11,129.30130004882812,165.52964782714844,205.57000732421875,127.50921630859375,219.57000732421875,552.6400146484375,225.87136840820312,354.05999755859375,450.3800048828125,187.52000427246094,334.4077453613281,276.4029846191406,152.2303466796875,384.9607238769531,446.20001220703125,317.62054443359375,163.58999633789062,63.2473258972168,485.7900085449219,220.67962646484375,895.9678955078125,90.97838592529297,27.973491668701172,88.88046264648438,72.26679229736328,121.37593841552734,47.369998931884766,181.8800048828125,51.18000030517578,99.86176300048828,185.82000732421875,114.37000274658203,180.4156951904297,218.52999877929688,71.49132537841797,88.0199966430664,399.17999267578125,65.96479034423828,46.13682174682617,332.3457336425781,80.8499984741211,356.55999755859375,377.7529296875,326.010009765625,128.39999389648438,138.46572875976562,312.0840759277344,31.009122848510742,241.16400146484375,82.00057983398438,94.38716125488281,312.1700134277344,515.4400024414062,485.6958312988281,136.51942443847656,787.1900024414062,79.61170196533203,565.5399780273438,157.91000366210938,211.4957733154297,390.3399963378906,6479.7001953125,183.4617462158203,90.0999984741211,70.12999725341797,98.24703979492188,143.72999572753906,25.720056533813477,109.69000244140625,147.2408447265625,902.3699951171875,35.459999084472656,178.10000610351562,118.38999938964844,202.9600067138672,611.47998046875,392.3409729003906,457.5899963378906,207.4443817138672,184.2100067138672,56.0,456.2900085449219,391.0501403808594,90.89044189453125,164.0335235595703,867.4714965820312,22.696102142333984,207.74000549316406,50.68000030517578,168.33999633789062,185.82000732421875,460.1400146484375,268.2799987792969,108.6500015258789,57.14097595214844,318.4583740234375,280.19000244140625,46.153221130371094,262.0899963378906,113.06999969482422,218.0120849609375,146.60000610351562,80.83649444580078
2026-06-12,129.5907440185547,168.2568359375,198.42999267578125,128.2535400390625,221.6300048828125,567.25,226.7799835205078,355.20001220703125,459.1300048828125,187.17999267578125,334.54742431640625,279.8813781738281,153.5683135986328,381.4662780761719,441.7300109863281,324.55157470703125,164.94000244140625,62.9085693359375,489.25,223.36378479003906,908.8839111328125,91.09700775146484,29.02796745300293,88.94011688232422,72.98102569580078,120.6486587524414,47.56999969482422,176.27999877929688,52.16999816894531,101.33264923095703,187.22000122070312,113.83000183105469,179.72714233398438,217.42999267578125,72.09416961669922,89.68000030517578,404.07000732421875,66.64768981933594,46.31584167480469,334.8825378417969,81.5,358.1600036621094,386.40557861328125,328.3900146484375,129.6199951171875,140.00999450683594,319.28167724609375,31.485727310180664,254.5399932861328,82.09000396728516,89.76473236083984,307.7900085449219,523.5700073242188,489.1600341796875,137.33990478515625,784.0499877929688,79.48285675048828,577.3300170898438,158.32000732421875,212.8682098388672,390.739990234375,6374.93017578125,183.49163818359375,91.0199966430664,70.75,99.59302520751953,144.27000427246094,25.759366989135742,111.12000274658203,148.50143432617188,903.47998046875,35.849998474121094,179.4499969482422,113.68000030517578,211.72000122070312,612.1400146484375,402.9949645996094,459.3399963378906,209.29898071289062,183.52999877929688,56.18000030517578,453.8900146484375,396.31976318359375,91.63512420654297,166.7997589111328,930.3765869140625,23.2684383392334,210.3800048828125,51.65999984741211,168.41000366210938,189.10000610351562,458.25,272.70001220703125,108.0999984741211,58.439857482910156,321.7922058105469,286.4700012207031,47.303611755371094,265.20001220703125,113.44000244140625,222.7960968017578,147.00999450683594,79.0191650390625
2026-06-15,130.33929443359375,163.39529418945312,198.60000610351562,128.33294677734375,221.80999755859375,585.780029296875,230.4499969482422,350.5299987792969,459.8800048828125,185.75999450683594,328.7606201171875,281.2131042480469,158.35110473632812,393.3175048828125,443.2099914550781,334.4644470214844,174.63999938964844,62.23106384277344,495.5199890136719,225.90823364257812,932.20068359375,88.73999786376953,29.963069915771484,90.06368255615234,73.06038665771484,119.72212219238281,47.38999938964844,174.74000549316406,50.81999969482422,100.06053161621094,180.39999389648438,112.5,180.72506713867188,220.6699981689453,71.2936782836914,90.0,401.8900146484375,65.49961853027344,45.84840393066406,341.83392333984375,84.06999969482422,367.1099853515625,389.19000244140625,329.82000732421875,129.82000732421875,140.10000610351562,317.96759033203125,31.545305252075195,256.4200134277344,80.91000366210938,89.21798706054688,304.1700134277344,521.47998046875,489.81890869140625,135.7582244873047,779.780029296875,79.66124725341797,588.8900146484375,158.22999572753906,216.78663635253906,399.760009765625,6335.0,191.97213745117188,90.26000213623047,71.80999755859375,99.86024475097656,146.25,25.552978515625,110.58999633789062,149.3451385498047,918.8599853515625,36.16999816894531,173.25999450683594,114.8499984741211,220.80999755859375,614.97998046875,411.3544921875,463.57000732421875,207.48426818847656,183.63999938964844,53.709999084472656,454.3800048828125,401.2015075683594,91.27767944335938,166.54103088378906,1018.0740966796875,22.982271194458008,216.13999938964844,48.47999954223633,167.3300018310547,188.86000061035156,472.5400085449219,267.32000732421875,108.83000183105469,57.299617767333984,323.21954345703125,292.989990234375,46.281044006347656,268.8900146484375,114.0,222.54693603515625,140.9199981689453,79.39653015136719
2026-06-16,128.09361267089844,163.55340576171875,201.3800048828125,128.76962280273438,223.08999633789062,568.22998046875,231.89999389648438,347.8399963378906,471.3299865722656,184.47000122070312,330.6961975097656,278.7484130859375,158.57077026367188,376.1147155761719,435.3900146484375,339.809814453125,175.72000122070312,61.29450988769531,494.95001220703125,227.22537231445312,943.7093505859375,88.12999725341797,30.73900604248047,90.14322662353516,73.43733978271484,119.12435913085938,46.900001525878906,176.7100067138672,51.04999923706055,100.10028076171875,180.11000061035156,110.16999816894531,180.97454833984375,222.6300048828125,71.21461486816406,87.58000183105469,397.79998779296875,65.71735382080078,45.79867935180664,351.2921142578125,82.51000213623047,371.1000061035156,396.92999267578125,337.0899963378906,131.02000427246094,141.27999877929688,329.6549377441406,31.773677825927734,237.3300018310547,80.27999877929688,89.24781036376953,310.45001220703125,518.1699829101562,500.4909973144531,134.87841796875,785.4299926757812,80.59284210205078,603.5700073242188,161.6300048828125,219.62103271484375,393.8299865722656,6437.580078125,187.6770782470703,90.68000030517578,73.51000213623047,99.24663543701172,146.1199951171875,25.5922908782959,111.16999816894531,151.360107421875,938.510009765625,36.380001068115234,172.0,118.18000030517578,214.07000732421875,614.72998046875,405.7582092285156,466.30999755859375,208.42152404785156,186.77000427246094,53.06999969482422,448.3800048828125,409.886474609375,91.11880493164062,170.44161987304688,1030.6051025390625,22.853988647460938,217.0,49.130001068115234,166.32000732421875,184.36000061035156,475.3399963378906,267.45001220703125,110.0199966430664,58.390281677246094,332.5022888183594,300.8299865722656,45.946739196777344,272.1199951171875,114.66999816894531,226.42398071289062,141.86000061035156,78.78083038330078
2026-06-17,124.09131622314453,154.15638732910156,193.07000732421875,127.30081176757812,221.66000366210938,592.9199829101562,231.27000427246094,341.6600036621094,471.9700012207031,181.08999633789062,325.947021484375,280.01055908203125,160.8673095703125,392.2791442871094,423.010009765625,339.6103820800781,171.6300048828125,59.849822998046875,491.2799987792969,225.7884979248047,954.14990234375,85.7699966430664,29.75416374206543,90.06368255615234,72.72310638427734,116.89270782470703,45.56999969482422,169.63999938964844,48.81999969482422,98.54988861083984,177.5800018310547,105.72000122070312,177.39198303222656,220.7899932861328,70.06822204589844,82.45999908447266,391.2699890136719,63.96554946899414,44.63506317138672,356.58551025390625,79.58000183105469,362.1000061035156,388.1600036621094,327.4800109863281,129.63999938964844,134.58999633789062,331.9645080566406,30.671527862548828,238.72999572753906,79.93000030517578,85.96737670898438,313.1700134277344,515.8499755859375,492.1649475097656,131.58653259277344,779.7999877929688,77.44127655029297,591.0800170898438,159.22999572753906,223.7284393310547,378.9100036621094,6275.93994140625,182.8937225341797,88.4000015258789,72.72000122070312,96.57445526123047,141.58999633789062,25.474353790283203,110.22000122070312,149.44439697265625,945.969970703125,35.33000183105469,167.1699981689453,116.94000244140625,212.97000122070312,607.9299926757812,402.8652648925781,458.69000244140625,206.82618713378906,192.5800018310547,50.33000183105469,461.739990234375,395.4777526855469,89.6095962524414,170.25257873535156,1065.310302734375,22.143503189086914,212.1999969482422,48.16999816894531,164.1300048828125,181.30999755859375,472.510009765625,258.04998779296875,105.12999725341797,57.41859817504883,329.76739501953125,294.82000732421875,45.071659088134766,271.8599853515625,112.54000091552734,220.41404724121094,140.74000549316406,76.72515869140625
2026-06-18,126.81607818603516,126.45942687988281,193.82000732421875,126.72518920898438,221.1699981689453,617.1099853515625,237.4199981689453,337.6000061035156,467.42999267578125,176.0500030517578,317.0173645019531,278.4800720214844,163.7130126953125,410.70001220703125,423.3999938964844,337.0773010253906,171.77999877929688,58.19590759277344,489.4599914550781,221.28829956054688,983.9945678710938,82.05000305175781,30.709163665771484,88.96995544433594,72.79254150390625,119.09447479248047,45.630001068115234,170.85000610351562,43.70000076293945,97.71504974365234,173.6300048828125,109.11000061035156,176.80320739746094,223.57000732421875,71.0466079711914,84.80999755859375,388.5,63.43109893798828,45.639549255371094,357.19476318359375,79.29000091552734,367.4599914550781,375.1700134277344,334.2799987792969,128.25,133.8800048828125,323.761474609375,30.542448043823242,259.55999755859375,79.38999938964844,89.19811248779297,294.82000732421875,512.1500244140625,488.9703369140625,130.98350524902344,750.6300048828125,78.63054656982422,609.1199951171875,160.60000610351562,221.94822692871094,379.3999938964844,6490.93017578125,183.6510772705078,86.83999633789062,73.2699966430664,97.22765350341797,142.02000427246094,24.776559829711914,109.56999969482422,149.26573181152344,953.27001953125,35.380001068115234,166.13999938964844,114.75,226.11000061035156,609.9400024414062,412.0029296875,473.7900085449219,204.34344482421875,185.60000610351562,48.09000015258789,455.510009765625,388.7606506347656,90.04647827148438,167.47637939453125,1069.4674072265625,21.71918296813965,217.63999938964844,48.33000183105469,163.80999755859375,181.6699981689453,483.3999938964844,256.8800048828125,104.86000061035156,57.646644592285156,326.6331787109375,302.8399963378906,44.609535217285156,273.8299865722656,112.16999816894531,226.16485595703125,137.80999755859375,78.16511535644531
2026-06-22,126.2471694946289,123.34685516357422,187.72000122070312,129.3154754638672,222.55999755859375,640.1799926757812,241.5500030517578,344.7200012207031,471.4100036621094,176.42999267578125,312.9167175292969,281.3621520996094,165.7100067138672,392.1300048828125,410.0299987792969,337.1471252441406,167.77000427246094,58.933197021484375,488.69000244140625,222.25619506835938,1020.3870849609375,83.12000274658203,30.032705307006836,88.16456604003906,73.20919036865234,121.07705688476562,46.20000076293945,169.4499969482422,41.83000183105469,100.67671966552734,175.05999755859375,105.56999969482422,177.8210906982422,229.39999389648438,71.35296630859375,84.52999877929688,394.82000732421875,64.06452941894531,45.86829376220703,354.6778869628906,80.43000030517578,348.7799987792969,376.989990234375,326.6199951171875,129.5,131.33999633789062,329.993408203125,30.651670455932617,269.1600036621094,79.52999877929688,86.92168426513672,285.8299865722656,516.7100219726562,483.2798767089844,130.6177520751953,744.8499755859375,78.56117248535156,609.8800048828125,163.22000122070312,225.8467559814453,367.3399963378906,6352.5498046875,174.4630584716797,85.62999725341797,72.4800033569336,94.94145965576172,140.7100067138672,24.64879608154297,111.2300033569336,146.58572387695312,962.1400146484375,35.59000015258789,168.41000366210938,115.0,221.89999389648438,612.5,409.91802978515625,478.0799865722656,203.76512145996094,181.8300018310547,47.95000076293945,464.5799865722656,385.4209899902344,90.96987915039062,172.84963989257812,1093.260498046875,21.807994842529297,212.69000244140625,48.7599983215332,164.1699981689453,180.05999755859375,491.5899963378906,259.9100036621094,107.23999786376953,58.182064056396484,325.994384765625,304.3900146484375,44.59970474243164,276.75,113.04000091552734,225.30772399902344,138.47000122070312,75.36463928222656
2026-06-23,126.42682647705078,125.5009536743164,188.77999877929688,132.72947692871094,231.5500030517578,585.8800048828125,234.0800018310547,347.010009765625,466.1099853515625,179.3800048828125,320.0105285644531,280.7062683105469,158.6999969482422,380.1499938964844,433.0400085449219,336.85791015625,168.94000244140625,58.46492004394531,492.80999755859375,228.41278076171875,982.41748046875,84.33000183105469,28.570363998413086,90.9088363647461,74.72693634033203,120.69847106933594,46.15999984741211,168.8000030517578,40.95000076293945,100.94505310058594,175.97999572753906,103.62999725341797,178.59947204589844,223.5399932861328,72.08429718017578,83.76000213623047,395.1000061035156,65.02455139160156,45.351131439208984,356.0262145996094,78.94999694824219,346.0799865722656,386.9200134277344,324.45001220703125,131.3300018310547,133.0,332.6414794921875,30.651670455932617,244.49000549316406,80.30999755859375,86.83221435546875,293.7699890136719,512.260009765625,487.2532043457031,132.35760498046875,763.9099731445312,79.90901184082031,604.1799926757812,161.83999633789062,224.79257202148438,373.94000244140625,6389.56982421875,164.58740234375,87.54000091552734,71.75,96.98023223876953,142.0500030517578,24.294984817504883,112.36000061035156,149.74217224121094,947.5800170898438,36.290000915527344,170.33999633789062,112.33000183105469,204.1300048828125,618.030029296875,406.017578125,456.3599853515625,208.4913330078125,186.38999938964844,47.790000915527344,461.5,378.5809020996094,91.63512420654297,172.86953735351562,1037.8499755859375,22.50861358642578,203.0500030517578,49.66999816894531,164.35000610351562,184.57000732421875,474.3399963378906,258.6099853515625,105.83000183105469,59.54043960571289,327.87091064453125,299.0899963378906,45.946739196777344,270.260009765625,114.13999938964844,225.387451171875,139.72999572753906,76.30805969238281
2026-06-24,131.37730407714844,127.61551666259766,192.61000061035156,133.9402618408203,233.5399932861328,588.969970703125,235.3800048828125,351.42999267578125,460.95001220703125,174.4600067138672,324.7397766113281,277.00921630859375,162.77999877929688,382.07000732421875,456.7300109863281,341.6248474121094,181.25,56.1733512878418,494.80999755859375,232.50387573242188,992.6085815429688,82.13999938964844,28.759374618530273,91.35626220703125,75.87764739990234,119.28376770019531,46.060001373291016,170.92999267578125,41.439998626708984,101.24320983886719,171.4499969482422,105.69999694824219,188.47897338867188,224.30999755859375,73.34927368164062,83.2699966430664,384.0,65.5392074584961,46.007530212402344,365.42449951171875,78.94999694824219,345.0400085449219,387.760009765625,342.8599853515625,132.32000732421875,130.02000427246094,331.95458984375,31.177921295166016,240.47999572753906,80.5999984741211,92.39901733398438,287.2699890136719,515.72998046875,493.5826110839844,132.88153076171875,766.5499877929688,79.41348266601562,616.6199951171875,165.91000366210938,218.65634155273438,365.4599914550781,6764.830078125,156.98385620117188,87.81999969482422,72.62999725341797,95.30764770507812,142.27000427246094,23.626678466796875,106.69999694824219,150.91342163085938,961.0900268554688,36.91999816894531,168.63999938964844,112.93000030517578,197.41000366210938,623.4299926757812,413.2398986816406,460.3699951171875,212.95828247070312,185.05999755859375,46.61000061035156,463.92999267578125,380.6528015136719,92.07200622558594,168.0336151123047,993.25,22.07442855834961,198.5500030517578,49.790000915527344,165.1699981689453,180.7899932861328,483.1499938964844,259.9599914550781,106.13999938964844,59.59992980957031,331.61395263671875,307.2900085449219,44.91434097290039,272.4800109863281,115.61000061035156,234.8757781982422,136.89999389648438,77.62885284423828
2026-06-25,135.24984741210938,124.32508850097656,189.72999572753906,135.96484375,231.60000610351562,668.0,240.9499969482422,352.82000732421875,453.2900085449219,168.72000122070312,315.2314453125,278.2017822265625,165.14999389648438,378.9100036621094,444.7300109863281,341.5251159667969,177.0500030517578,56.73129653930664,487.80999755859375,234.24009704589844,1055.052734375,79.52999877929688,28.311717987060547,90.54093933105469,76.4827651977539,118.52659606933594,47.439998626708984,169.08999633789062,39.150001525878906,104.01604461669922,172.24000549316406,102.58999633789062,192.80999755859375,230.72999572753906,73.87305450439453,81.5,387.32000732421875,66.47943878173828,46.6639289855957,370.89764404296875,78.52999877929688,342.19000244140625,386.94000244140625,345.0,130.3699951171875,124.48999786376953,333.6170654296875,32.290000915527344,258.79998779296875,80.41999816894531,93.30362701416016,288.5199890136719,522.280029296875,488.101806640625,136.49964904785156,763.8099975585938,79.79999542236328,628.9400024414062,167.97000122070312,219.8298797607422,352.8299865722656,6814.43994140625,151.9314422607422,86.9000015258789,73.62999725341797,95.72332000732422,139.52000427246094,23.263038635253906,105.44000244140625,147.399658203125,989.9099731445312,37.0,171.75999450683594,112.55000305175781,204.89999389648438,620.1400146484375,409.1099853515625,479.3900146484375,212.87852478027344,186.58999633789062,47.41999816894531,455.0199890136719,373.83160400390625,93.43000030517578,168.67044067382812,1025.3599853515625,22.12376594543457,200.07000732421875,50.66999816894531,155.19000244140625,181.57000732421875,503.4599914550781,267.7300109863281,109.30999755859375,60.69059371948242,329.9071044921875,312.9700012207031,45.29780197143555,282.45001220703125,117.06999969482422,239.26112365722656,137.5500030517578,77.28128051757812
2026-06-26,135.74888610839844,127.44754028320312,196.25999450683594,137.64207458496094,239.61000061035156,626.8400268554688,237.52000427246094,358.3299865722656,452.80999755859375,175.58999633789062,327.9424743652344,276.07501220703125,163.72000122070312,365.0199890136719,464.8299865722656,339.43084716796875,181.4600067138672,56.352691650390625,498.6600036621094,237.40321350097656,995.6229858398438,82.62000274658203,28.918540954589844,91.54518127441406,78.1790771484375,113.3459701538086,47.65999984741211,171.89999389648438,40.029998779296875,103.69800567626953,171.05999755859375,104.55999755859375,196.19000244140625,225.9600067138672,74.78226470947266,80.54000091552734,395.17999267578125,67.67699432373047,46.84294509887695,368.5406188964844,78.0999984741211,334.69000244140625,391.67999267578125,348.8599853515625,133.88999938964844,123.86000061035156,327.57427978515625,33.400001525878906,248.63999938964844,82.62999725341797,92.96563720703125,291.25,519.6199951171875,498.18487548828125,139.10943603515625,763.510009765625,80.9800033569336,616.0599975585938,164.00999450683594,210.8692169189453,372.9700012207031,6828.6201171875,148.0150604248047,89.55000305175781,73.19000244140625,98.87055206298828,141.38999938964844,23.872379302978516,107.75,147.9158172607422,968.9199829101562,37.02000045776367,171.64999389648438,115.72000122070312,189.38999938964844,632.9000244140625,411.1600036621094,476.82000732421875,215.76010131835938,187.99000549316406,47.0,454.3399963378906,386.14947509765625,94.2699966430664,167.27737426757812,899.9000244140625,22.419801712036133,197.74000549316406,50.4900016784668,155.42999267578125,182.67999267578125,477.8900146484375,268.3500061035156,108.13999938964844,60.39314270019531,335.6065368652344,311.3500061035156,45.759925842285156,269.5299987792969,118.8499984741211,238.39402770996094,136.5399932861328,75.56324768066406
2026-06-29,132.5749969482422,123.25791931152344,195.24000549316406,136.92752075195312,241.3800048828125,694.6400146484375,237.72000122070312,360.54998779296875,446.7900085449219,168.6699981689453,326.82501220703125,269.6747741699219,166.4199981689453,372.45001220703125,510.6000061035156,339.9494323730469,182.41000366210938,56.103607177734375,496.0,235.7069091796875,1031.27685546875,78.62999725341797,29.03791618347168,91.87330627441406,77.30612182617188,117.2613296508789,48.0099983215332,169.0800018310547,38.7400016784668,102.94268798828125,168.47000122070312,101.27999877929688,192.77999877929688,224.0,74.5747299194336,79.37000274658203,388.0299987792969,68.33999633789062,47.14131164550781,373.2447509765625,77.33999633789062,351.2799987792969,392.3299865722656,350.80999755859375,133.49000549316406,122.91000366210938,327.91278076171875,33.5,278.3900146484375,82.6500015258789,90.31147003173828,289.3800048828125,511.05999755859375,508.787109375,139.04022216796875,747.530029296875,80.93000030517578,581.22998046875,162.42999267578125,210.5609130859375,368.57000732421875,6821.02978515625,147.2477264404297,90.16000366210938,72.91999816894531,98.7814712524414,138.67999267578125,23.951004028320312,108.51000213623047,147.3500213623047,963.7899780273438,36.7400016784668,174.0500030517578,113.88999938964844,188.72000122070312,631.8099975585938,397.6099853515625,482.3299865722656,214.05508422851562,187.3300018310547,46.380001068115234,447.260009765625,386.5279235839844,93.91000366210938,169.3371124267578,968.530029296875,21.531694412231445,198.3000030517578,50.58000183105469,151.22999572753906,173.97000122070312,480.3500061035156,272.70001220703125,108.01000213623047,60.76000213623047,341.0164794921875,303.82000732421875,43.36082077026367,268.29998779296875,118.44000244140625,239.37075805664062,136.05999755859375,72.74291229248047
2026-06-30,132.8300018310547,122.96148681640625,194.4199981689453,135.77627563476562,237.94000244140625,723.0,241.94000244140625,362.1199951171875,458.760009765625,163.57000732421875,330.9356384277344,291.3699951171875,176.32000732421875,377.75,560.6099853515625,337.32659912109375,178.24000549316406,55.296573638916016,500.3900146484375,237.0439910888672,1062.92822265625,75.7300033569336,28.421144485473633,91.15740966796875,75.8875732421875,117.02222442626953,47.529998779296875,170.0800018310547,38.72999954223633,102.81348419189453,165.75999450683594,99.29000091552734,190.47999572753906,224.27999877929688,73.57657623291016,78.94999694824219,386.7300109863281,67.93000030517578,47.76787185668945,373.2647399902344,77.08000183105469,353.3299865722656,389.8900146484375,352.67999267578125,132.52000427246094,123.11000061035156,325.86199951171875,32.72999954223633,301.7099914550781,81.2699966430664,89.95360565185547,290.5899963378906,518.9400024414062,512.740478515625,137.3498077392578,755.5999755859375,78.2300033569336,576.7000122070312,161.91000366210938,207.8955841064453,373.0199890136719,6813.39990234375,146.04193115234375,92.08999633789062,71.5999984741211,97.31672668457031,135.39999389648438,23.66598892211914,107.77999877929688,145.55343627929688,978.1199951171875,36.349998474121094,169.0500030517578,113.61000061035156,184.7899932861328,623.5399780273438,401.4100036621094,495.0799865722656,212.45974731445312,189.72999572753906,46.4900016784668,446.07000732421875,385.2980041503906,92.70999908447266,168.760009765625,965.0,20.42649269104004,201.61000061035156,49.81999969482422,151.5,167.72999572753906,491.1600036621094,272.0,107.5,60.400001525878906,342.45379638671875,295.010009765625,41.63032531738281,269.6000061035156,116.7699966430664,232.3242950439453,136.72000122070312,71.36254119873047
2026-07-01,133.38999938964844,129.57200622558594,199.75999450683594,134.02957153320312,243.1199951171875,650.9099731445312,237.1300048828125,361.3299865722656,479.67999267578125,166.0800018310547,342.7786560058594,306.3999938964844,172.22000122070312,369.3399963378906,593.9600219726562,347.04998779296875,182.63999938964844,53.62273025512695,499.739990234375,237.72000122070312,989.57421875,76.52999877929688,28.37140655517578,92.23125457763672,75.31221008300781,116.57390594482422,48.33000183105469,174.22999572753906,41.06999969482422,104.16511535644531,165.69000244140625,100.33000183105469,193.72000122070312,217.1699981689453,72.6377182006836,82.47000122070312,416.19000244140625,68.62999725341797,47.48939895629883,374.47320556640625,75.5199966430664,357.8900146484375,393.239990234375,350.8399963378906,133.88999938964844,126.7300033569336,332.5718078613281,33.369998931884766,266.19000244140625,81.29000091552734,86.54393005371094,292.2300109863281,533.5499877929688,521.565673828125,138.33836364746094,768.0599975585938,79.19999694824219,579.239990234375,159.9600067138672,210.7001495361328,384.2799987792969,6643.72998046875,142.00596618652344,92.69000244140625,70.63999938964844,101.6515884399414,141.16000366210938,23.46942710876465,108.93000030517578,146.33758544921875,963.8099975585938,35.619998931884766,174.5,119.77999877929688,181.9199981689453,624.719970703125,398.0199890136719,482.82000732421875,214.0850067138672,191.77999877929688,45.09000015258789,454.5299987792969,414.9700012207031,91.37000274658203,169.6699981689453,915.1900024414062,20.20939826965332,201.44000244140625,50.88999938964844,151.35000610351562,173.05999755859375,484.5799865722656,277.7300109863281,109.54000091552734,61.959999084472656,350.4289855957031,295.0299987792969,41.28619384765625,264.0,116.22000122070312,227.39076232910156,136.27999877929688,71.94844818115234
2026-07-02,130.69000244140625,135.71810913085938,207.47999572753906,137.4634246826172,250.3300018310547,603.0399780273438,234.6199951171875,374.1499938964844,489.1600036621094,166.02999877929688,356.64703369140625,314.19000244140625,164.58999633789062,360.45001220703125,597.0399780273438,351.9599914550781,184.55999755859375,52.586544036865234,507.7799987792969,238.94000244140625,961.7459106445312,76.5999984741211,27.764583587646484,94.58773803710938,77.10772705078125,112.27000427246094,48.88999938964844,181.3699951171875,41.9900016784668,104.07567596435547,169.1999969482422,104.69000244140625,197.92999267578125,213.7100067138672,74.77238464355469,83.70999908447266,417.8900146484375,69.83000183105469,48.33475875854492,377.04998779296875,76.0,356.17999267578125,410.5,357.8999938964844,137.85000610351562,132.99000549316406,332.9700012207031,33.29999923706055,235.5500030517578,84.13999938964844,87.68711853027344,302.07000732421875,546.6400146484375,538.4873046875,140.56260681152344,786.2999877929688,83.19000244140625,599.4199829101562,160.44000244140625,212.75880432128906,390.489990234375,6750.7900390625,139.78370666503906,90.25,73.13999938964844,105.25408172607422,144.22000122070312,23.90186309814453,110.87000274658203,150.28810119628906,962.8900146484375,36.88999938964844,176.4199981689453,124.55000305175781,176.25,654.27001953125,398.2200012207031,471.70001220703125,217.33999633789062,199.25,45.130001068115234,437.1600036621094,439.8900146484375,93.05999755859375,170.69000244140625,820.1599731445312,20.30807876586914,197.44000244140625,50.97999954223633,154.25999450683594,177.52000427246094,478.1300048828125,282.25,110.66000366210938,61.72999954223633,361.45849609375,303.19000244140625,41.84663772583008,262.19000244140625,118.83000183105469,226.7728271484375,137.08999633789062,74.28218841552734
2026-07-06,130.60000610351562,135.33273315429688,207.5399932861328,134.95254516601562,248.3699951171875,592.7899780273438,237.13999938964844,366.44000244140625,507.5,162.11000061035156,356.0982971191406,308.8599853515625,166.80999755859375,373.8999938964844,622.3499755859375,356.0299987792969,181.02999877929688,53.0548210144043,506.5799865722656,237.52000427246094,968.1240234375,74.91999816894531,27.366668701171875,92.85765838623047,75.67925262451172,113.9800033569336,48.810001373291016,178.24000549316406,41.369998931884766,101.45191955566406,168.10000610351562,105.66999816894531,193.6199951171875,214.74000549316406,73.96199798583984,84.9000015258789,408.1700134277344,69.93000030517578,48.04634475708008,378.67999267578125,77.8499984741211,364.8999938964844,417.07000732421875,350.6499938964844,137.63999938964844,134.91000366210938,337.7200012207031,31.75,233.30999755859375,82.95999908447266,87.13043975830078,301.2699890136719,540.52001953125,532.2078247070312,139.1588592529297,784.22998046875,83.05999755859375,605.2999877929688,159.14999389648438,220.88409423828125,386.739990234375,6693.66015625,143.2615966796875,84.23999786376953,73.48999786376953,104.3039779663086,143.2899932861328,23.312177658081055,112.55000305175781,148.2036590576172,971.3599853515625,36.11000061035156,177.3300018310547,124.9800033569336,186.47999572753906,649.8099975585938,396.32000732421875,482.8699951171875,214.5800018310547,201.3699951171875,45.720001220703125,442.2699890136719,447.2200012207031,92.94999694824219,175.9600067138672,868.260009765625,20.30807876586914,200.14999389648438,51.41999816894531,151.30999755859375,181.7899932861328,487.239990234375,282.5899963378906,110.0199966430664,62.83000183105469,356.5875549316406,304.8399963378906,41.36484909057617,261.30999755859375,116.62999725341797,223.08514404296875,136.44000244140625,74.89788818359375
2026-07-07,131.13999938964844,140.45118713378906,212.3800048828125,136.49082946777344,251.4600067138672,554.5,231.6999969482422,368.1000061035156,507.8399963378906,165.25,359.0016784667969,305.04998779296875,158.61000061035156,370.7799987792969,640.4600219726562,349.5799865722656,181.9499969482422,54.27035140991211,504.0,239.7100067138672,938.3792114257812,77.22000122070312,26.540992736816406,94.48831176757812,76.40340423583984,111.79000091552734,48.5099983215332,181.8300018310547,43.939998626708984,103.68807220458984,174.00999450683594,106.08000183105469,194.19000244140625,214.0500030517578,75.73999786376953,84.44000244140625,418.8500061035156,70.1500015258789,46.8528938293457,366.9800109863281,76.02999877929688,363.6199951171875,423.1099853515625,345.2099914550781,139.63999938964844,136.4499969482422,339.2200012207031,31.489999771118164,216.47000122070312,84.05000305175781,86.225830078125,295.3999938964844,538.22998046875,530.7303466796875,140.08810424804688,807.3300170898438,83.83000183105469,594.1699829101562,158.00999450683594,220.82440185546875,388.8399963378906,6693.68994140625,141.1090850830078,86.6500015258789,73.43000030517578,107.00584411621094,144.97999572753906,23.656160354614258,112.87999725341797,151.6181640625,957.510009765625,36.38999938964844,178.83999633789062,125.04000091552734,182.97000122070312,676.22998046875,395.30999755859375,468.8999938964844,222.4600067138672,200.85000610351562,46.41999816894531,436.6300048828125,443.4599914550781,94.58999633789062,179.94000244140625,827.6400146484375,20.81134033203125,197.83999633789062,51.36000061035156,154.11000061035156,184.72999572753906,475.739990234375,283.1199951171875,111.95999908447266,62.88999938964844,351.54693603515625,299.8999938964844,41.87613296508789,259.19000244140625,117.68000030517578,221.74960327148438,141.69000244140625,75.76187133789062
2026-07-08,129.07000732421875,135.55999755859375,206.0399932861328,134.87315368652344,251.1699981689453,570.5,231.33999633789062,367.989990234375,490.5799865722656,165.0399932861328,356.6969299316406,296.75,158.22000122070312,388.69000244140625,599.7999877929688,336.3900146484375,174.2899932861328,57.368953704833984,494.7900085449219,237.14999389648438,946.324462890625,76.9000015258789,25.506410598754883,92.50965881347656,75.5800552368164,113.81999969482422,48.689998626708984,180.1699981689453,42.43000030517578,103.82720947265625,175.97000122070312,102.22000122070312,190.77000427246094,211.47000122070312,74.77999877929688,81.80000305175781,416.0799865722656,68.30999755859375,46.25616455078125,356.0299987792969,76.23999786376953,358.7099914550781,410.6099853515625,336.2099914550781,138.74000549316406,137.1699981689453,330.6199951171875,30.969999313354492,221.17999267578125,83.4000015258789,83.09449768066406,293.44000244140625,527.6699829101562,518.989990234375,136.28216552734375,818.6599731445312,82.01000213623047,570.0,154.6999969482422,216.87615966796875,383.3399963378906,6429.1298828125,140.00294494628906,84.9800033569336,72.06999969482422,105.4817123413086,142.50999450683594,23.636505126953125,110.73999786376953,147.30039978027344,939.1300048828125,35.9900016784668,187.80999755859375,122.61000061035156,186.55999755859375,662.8800048828125,380.3599853515625,463.6099853515625,220.4600067138672,194.91000366210938,47.43000030517578,434.5,430.7900085449219,95.33000183105469,177.4199981689453,860.02001953125,20.840944290161133,196.24000549316406,49.689998626708984,152.7899932861328,180.13999938964844,472.2900085449219,280.94000244140625,109.94000244140625,61.0,346.88555908203125,286.5899963378906,41.73847961425781,259.0,116.23999786376953,217.59349060058594,141.1300048828125,74.58010864257812
2026-07-09,133.58999633789062,139.05999755859375,208.5800018310547,132.83865356445312,248.63999938964844,588.6599731445312,232.99000549316406,363.6199951171875,500.1600036621094,165.0,354.7513427734375,295.8500061035156,162.24000549316406,401.1099853515625,582.0,346.7200012207031,175.52000427246094,56.9903450012207,495.45001220703125,233.77000427246094,936.6524047851562,76.68000030517578,26.58078384399414,90.49122619628906,74.39958190917969,118.30999755859375,49.349998474121094,177.69000244140625,43.400001525878906,102.17742156982422,174.0500030517578,104.26000213623047,195.97999572753906,211.57000732421875,74.63999938964844,81.98999786376953,420.3900146484375,68.08999633789062,46.09703826904297,359.0400085449219,76.6500015258789,356.239990234375,409.010009765625,338.7300109863281,138.52000427246094,135.11000061035156,335.4700012207031,30.719999313354492,229.52000427246094,82.62999725341797,83.8499984741211,289.8699951171875,525.5599975585938,523.2000122070312,134.44345092773438,792.8099975585938,82.38999938964844,571.9000244140625,155.33999633789062,220.91392517089844,384.3599853515625,6471.43994140625,143.72000122070312,85.12000274658203,72.0,105.1650161743164,137.86000061035156,23.833066940307617,111.66999816894531,145.7618865966797,949.1699829101562,35.65999984741211,189.82000732421875,123.79000091552734,191.11000061035156,667.9500122070312,387.5799865722656,467.4800109863281,218.69000244140625,195.1999969482422,47.2400016784668,443.3699951171875,432.9599914550781,94.62000274658203,180.16000366210938,890.0900268554688,20.762001037597656,198.91000366210938,51.369998931884766,150.89999389648438,181.47999572753906,472.0,285.0400085449219,110.73999786376953,61.900001525878906,347.5543518066406,288.7300109863281,41.53200149536133,259.7699890136719,114.88999938964844,219.0386505126953,137.4600067138672,74.56024932861328
2026-07-10,134.2899932861328,135.22999572753906,208.4499969482422,134.4066925048828,251.61000061035156,602.5,233.97999572753906,363.3900146484375,506.760009765625,168.58999633789062,356.12823486328125,299.5299987792969,159.05999755859375,399.9700012207031,565.7999877929688,350.5799865722656,178.38999938964844,57.34902572631836,493.7099914550781,235.8000030517578,950.6464233398438,79.66000366210938,26.69021224975586,91.7142105102539,74.79637908935547,121.30999755859375,49.40999984741211,179.63999938964844,42.56999969482422,103.5091781616211,176.39999389648438,105.98999786376953,199.0500030517578,215.3300018310547,75.19999694824219,82.66000366210938,416.2300109863281,68.69000244140625,46.23627853393555,359.2699890136719,77.8499984741211,355.0299987792969,406.5899963378906,343.29998779296875,138.77999877929688,135.25999450683594,336.4700012207031,31.670000076293945,231.52000427246094,83.48999786376953,84.2699966430664,290.7699890136719,529.7899780273438,526.739990234375,133.7020263671875,805.9600219726562,83.87000274658203,577.719970703125,157.52000427246094,221.06309509277344,385.1000061035156,6479.39013671875,140.63999938964844,86.27999877929688,73.08999633789062,106.43182373046875,137.3800048828125,23.75444221496582,112.2300033569336,145.95046997070312,961.27001953125,35.779998779296875,188.36000061035156,124.73999786376953,189.16000366210938,664.52001953125,394.8999938964844,472.1199951171875,219.1999969482422,195.92999267578125,47.7599983215332,445.5,430.5,94.19999694824219,180.22000122070312,910.3400268554688,21.1299991607666,200.36000061035156,51.66999816894531,151.33999633789062,187.61000061035156,479.70001220703125,286.9599914550781,112.47000122070312,62.40999984741211,348.3229064941406,295.25,42.119998931884766,261.2099914550781,114.95999908447266,221.01206970214844,138.8800048828125,75.03691864013672
2026-07-13,134.0399932861328,138.52000427246094,212.22000122070312,134.60519409179688,256.45001220703125,575.3900146484375,232.10000610351562,360.45001220703125,518.22998046875,169.5,366.5145568847656,301.9599914550781,155.99000549316406,384.04998779296875,547.030029296875,354.42999267578125,175.8000030517578,57.44865798950195,496.8500061035156,233.66000366210938,929.7451782226562,79.83999633789062,26.471357345581055,92.6786880493164,75.1435775756836,119.25,49.63999938964844,183.75,44.15999984741211,105.2484130859375,182.1999969482422,107.80000305175781,200.16000366210938,214.27000427246094,75.97000122070312,81.1500015258789,425.1700134277344,69.72000122070312,46.79322052001953,353.4200134277344,76.72000122070312,350.6700134277344,390.739990234375,337.1099853515625,140.77999877929688,137.6699981689453,334.5299987792969,31.25,222.25,84.25,82.83999633789062,288.69000244140625,524.0599975585938,537.7000122070312,134.33470153808594,812.280029296875,83.56999969482422,569.3499755859375,157.6999969482422,219.87960815429688,390.989990234375,6437.990234375,131.5399932861328,87.27999877929688,73.41999816894531,109.6087417602539,138.49000549316406,24.059110641479492,113.61000061035156,147.27061462402344,951.260009765625,36.06999969482422,198.2899932861328,125.41999816894531,183.97999572753906,663.0900268554688,374.489990234375,460.45001220703125,223.3800048828125,196.38999938964844,47.36000061035156,433.82000732421875,437.8399963378906,94.41000366210938,178.1699981689453,860.6599731445312,21.549999237060547,198.17999267578125,51.95000076293945,150.52999877929688,188.41000366210938,479.8999938964844,289.1300048828125,112.88999938964844,62.34000015258789,357.08660888671875,292.7799987792969,42.68000030517578,260.8599853515625,115.87000274658203,215.9290313720703,144.50999450683594,74.86810302734375
2026-07-14,135.1999969482422,134.55999755859375,205.9199981689453,133.92041015625,250.35000610351562,595.7000122070312,233.9600067138672,355.25,518.5999755859375,168.8300018310547,358.07379150390625,299.3999938964844,158.3699951171875,389.1099853515625,547.260009765625,355.05999755859375,174.85000610351562,57.568214416503906,491.0899963378906,230.11000061035156,931.6117553710938,79.05000305175781,26.36193084716797,90.51111602783203,74.47894287109375,117.08999633789062,49.91999816894531,184.3300018310547,43.029998779296875,105.52668762207031,181.75999450683594,106.5999984741211,199.0500030517578,214.14999389648438,76.58000183105469,80.86000061035156,426.7900085449219,68.72000122070312,45.49037170410156,353.7300109863281,76.87000274658203,357.3299865722656,363.6000061035156,337.739990234375,138.14999389648438,137.61000061035156,342.8900146484375,30.260000228881836,230.3699951171875,83.08000183105469,83.70999908447266,290.010009765625,522.5399780273438,538.02001953125,132.14999389648438,803.3699951171875,79.30000305175781,573.75,156.5800018310547,226.423583984375,384.92999267578125,6378.7998046875,127.94000244140625,85.75,72.55999755859375,108.39141082763672,135.4499969482422,23.833066940307617,112.91999816894531,144.99758911132812,964.5499877929688,36.099998474121094,201.4499969482422,122.51000213623047,178.10000610351562,656.1199951171875,368.9700012207031,469.7699890136719,220.02999877929688,193.38999938964844,47.540000915527344,425.8999938964844,438.8699951171875,93.36000061035156,183.64999389648438,878.3099975585938,21.280000686645508,200.97999572753906,51.95000076293945,150.33999633789062,187.1300048828125,483.54998779296875,288.29998779296875,113.66999816894531,62.13999938964844,355.3598327636719,291.8900146484375,42.470001220703125,262.0199890136719,115.05000305175781,219.60675048828125,145.08999633789062,73.55723571777344
2026-07-15,134.7100067138672,137.02000427246094,208.97999572753906,131.49884033203125,239.47999572753906,579.4299926757812,233.52000427246094,358.32000732421875,527.280029296875,168.6300048828125,354.34228515625,293.69000244140625,157.0399932861328,394.2799987792969,541.1199951171875,358.44000244140625,182.8000030517578,57.0401611328125,488.3500061035156,224.94000244140625,912.6069946289062,79.47000122070312,26.451461791992188,90.9486083984375,73.42742156982422,111.7699966430664,49.43000030517578,192.3699951171875,43.18000030517578,105.25835418701172,181.60000610351562,106.52999877929688,200.7899932861328,212.25999450683594,76.68000030517578,82.30999755859375,390.3299865722656,68.26000213623047,45.11244583129883,360.3500061035156,77.63999938964844,370.2099914550781,378.8500061035156,341.44000244140625,134.5,139.83999633789062,346.9100036621094,30.280000686645508,224.5,82.44999694824219,85.29000091552734,286.82000732421875,514.1500244140625,535.2100219726562,131.77000427246094,796.3499755859375,80.47000122070312,569.3200073242188,160.52999877929688,227.2987823486328,395.6300048828125,6497.56982421875,132.49000549316406,82.7300033569336,72.19999694824219,108.86647033691406,135.39999389648438,24.393266677856445,112.95999908447266,146.9530029296875,952.9500122070312,35.709999084472656,196.16000366210938,123.61000061035156,177.97999572753906,664.4500122070312,374.0799865722656,461.9200134277344,217.33999633789062,195.88999938964844,47.54999923706055,425.2799987792969,444.4800109863281,92.77999877929688,186.58999633789062,828.2999877929688,21.43000030517578,201.33999633789062,52.79999923706055,150.97000122070312,187.6199951171875,480.20001220703125,288.3599853515625,112.94000244140625,63.0099983215332,354.4814758300781,289.1099853515625,42.83000183105469,259.7099914550781,112.97000122070312,222.0984344482422,144.50999450683594,74.01405334472656
2026-07-16,136.10000610351562,144.61000061035156,217.05999755859375,132.12408447265625,241.86000061035156,560.9299926757812,237.3000030517578,371.5799865722656,533.2100219726562,168.9199981689453,367.7916259765625,297.2900085449219,153.13999938964844,374.45001220703125,541.75,361.57000732421875,184.61000061035156,56.332763671875,493.1199951171875,228.72000122070312,875.5457763671875,78.7300033569336,26.720056533813477,93.53378295898438,73.79446411132812,109.66000366210938,50.88999938964844,206.25,44.560001373291016,105.84471893310547,183.86000061035156,109.02999877929688,205.00999450683594,217.50999450683594,78.05000305175781,82.83999633789062,372.8500061035156,70.0,46.4152946472168,345.7300109863281,77.72000122070312,353.80999755859375,385.739990234375,348.0199890136719,136.64999389648438,141.75999450683594,343.1499938964844,31.3799991607666,219.3699951171875,84.91999816894531,86.4000015258789,284.42999267578125,520.739990234375,551.5399780273438,134.86000061035156,841.3099975585938,83.55999755859375,576.9299926757812,161.77000427246094,217.17449951171875,401.1000061035156,6701.10009765625,124.20999908447266,86.25,75.0,113.51803588867188,139.42999267578125,24.707763671875,113.12000274658203,150.37742614746094,958.3400268554688,36.380001068115234,201.32000732421875,127.36000061035156,170.61000061035156,678.9400024414062,388.1099853515625,468.6700134277344,224.50999450683594,194.36000061035156,47.08000183105469,417.0299987792969,457.3800048828125,93.1500015258789,185.66000366210938,745.489990234375,21.979999542236328,202.57000732421875,53.25,154.7899932861328,192.85000610351562,475.0,299.4200134277344,117.18000030517578,64.01000213623047,364.4629211425781,293.4700012207031,43.880001068115234,263.8900146484375,114.48999786376953,227.62001037597656,145.9499969482422,76.37757873535156
