Date,A,ABBV,ACN,ADSK,AEE,AEP,AJG,ALL,AMAT,AME,AMGN,AMP,AMT,AON,APD,APH,AVB,AVGO,AXON,AXP,AZO,BDX,BKNG,BKR,BLK,BRK-B,CAH,CARR,CAT,CCI,CCL,CL,CMI,CMS,COR,CSCO,CSX,CTAS,CTSH,CVS,CVX,DASH,DECK,DHR,DOV,ECL,EIX,EL,ELV,EQIX,EQR,FAST,FISV,FTV,GD,GE,GLW,GM,GOOG,GRMN,HAL,HCA,HD,HIG,HUM,IBM,ICE,ITW,JPM,KDP,KLAC,KMI,KO,LEN,LH,LHX,LIN,LMT,MA,MAA,MAR,MCK,MDT,MET,MLM,MMM,MPC,MS,MSFT,MTD,NKE,NVDA,NVR,ORCL,ORLY,OTIS,PAYX,PEP,PFE,PFG,PG,PGR,PH,PM,PPL,PSX,PTC,QCOM,RCL,REGN,RF,RL,ROK,RSG,RTX,SHW,SLB,SNPS,SPGI,SRE,STT,STX,SYK,T,TEL,TFC,TJX,TMUS,TPR,TT,UNH,UNP,UPS,USB,V,VMC,VZ,WAB,WEC,WM,WSM,XOM,ZTS
2025-01-02,131.8096160888672,169.37318420410156,336.9662780761719,293.32000732421875,85.26988983154297,86.85008239746094,271.75726318359375,186.32550048828125,161.84259033203125,176.59201049804688,247.5093536376953,519.8168334960938,171.52464294433594,351.9208679199219,272.5210266113281,68.2448959350586,205.29434204101562,229.05873107910156,596.489990234375,292.8649597167969,3250.0,171.96920776367188,194.62416076660156,40.25404357910156,985.8882446289062,451.1000061035156,116.0222396850586,66.881103515625,352.26519775390625,82.8714370727539,24.61445426940918,86.83360290527344,338.62420654296875,63.07107162475586,222.1262969970703,56.78630447387695,31.452587127685547,179.70887756347656,74.28954315185547,41.43798828125,137.59176635742188,170.64999389648438,204.5399932861328,227.41778564453125,182.71148681640625,227.34815979003906,72.73147583007812,72.19132995605469,355.2409362792969,913.5386962890625,65.72865295410156,34.2523307800293,205.97999572753906,55.70787811279297,252.42759704589844,167.18251037597656,45.68341064453125,50.613670349121094,189.6429443359375,199.63307189941406,26.686519622802734,294.5042724609375,373.69073486328125,106.2685546875,247.3252716064453,210.1200714111328,146.64724731445312,240.91665649414062,231.73416137695312,30.087472915649414,62.9601936340332,26.175771713256836,59.274898529052734,125.90433502197266,224.5045166015625,201.93801879882812,406.01531982421875,462.9548645019531,516.8804931640625,141.29592895507812,270.7382507324219,562.733642578125,76.44755554199219,77.828369140625,506.28118896484375,126.07595825195312,137.20263671875,119.41312408447266,413.672607421875,1220.780029296875,70.87035369873047,138.10374450683594,7989.89013671875,162.82435607910156,79.1806640625,89.65965270996094,129.8668670654297,141.66856384277344,23.596593856811523,73.24955749511719,158.1867218017578,221.53659057617188,620.878173828125,114.9792709350586,30.69096565246582,108.58385467529297,183.00999450683594,148.76792907714844,223.75575256347656,709.3313598632812,21.870521545410156,227.4874725341797,274.5706787109375,196.87176513671875,113.0388412475586,328.6377258300781,36.810394287109375,482.75,463.18145751953125,83.18952178955078,94.00383758544922,84.53765106201172,353.52996826171875,21.091812133789062,137.99053955078125,40.44990921020508,118.9397201538086,213.96224975585938,64.23131561279297,369.42047119140625,485.81109619140625,221.4661865234375,112.41450500488281,44.98390579223633,310.31927490234375,252.70578002929688,35.81977081298828,187.56288146972656,89.369873046875,195.9672088623047,182.820068359375,102.1324234008789,158.00164794921875
2025-01-03,134.04214477539062,171.05331420898438,341.8253173828125,294.05999755859375,85.13574981689453,86.95399475097656,276.1997375488281,185.84014892578125,167.95602416992188,177.81991577148438,249.36129760742188,525.5842895507812,172.97430419921875,350.92950439453125,273.11749267578125,69.32279968261719,207.28041076660156,229.62155151367188,601.0599975585938,298.1275329589844,3268.780029296875,173.4650115966797,193.77699279785156,41.3194694519043,989.2119750976562,453.55999755859375,117.28058624267578,67.7913818359375,356.2013854980469,83.54917907714844,23.994417190551758,86.45001983642578,345.15032958984375,63.14691162109375,226.53440856933594,56.94108581542969,31.628625869750977,183.41973876953125,74.26036071777344,42.89047622680664,138.66091918945312,174.9600067138672,207.25,232.39541625976562,185.06378173828125,228.33267211914062,72.54057312011719,70.41532897949219,360.8050842285156,928.7671508789062,66.50723266601562,34.53170394897461,208.57000732421875,56.823387145996094,254.7099609375,170.52438354492188,46.45604705810547,51.00777816772461,192.12998962402344,202.17056274414062,26.638402938842773,293.4656982421875,374.3833923339844,106.71685028076172,256.9383544921875,212.70909118652344,147.1382293701172,243.09426879882812,234.90118408203125,30.097017288208008,64.97671508789062,26.324764251708984,59.18863296508789,127.3192138671875,225.44898986816406,204.26551818847656,405.3584899902344,462.5420837402344,515.8513793945312,143.69610595703125,271.5569763183594,573.8945922851562,77.14322662353516,78.23760223388672,512.3399047851562,126.24121856689453,138.41476440429688,120.52323150634766,418.38671875,1238.280029296875,70.5240249633789,144.2545623779297,8070.60009765625,163.10874938964844,80.28133392333984,90.29146575927734,130.9639434814453,141.140380859375,23.578859329223633,73.74172973632812,157.37661743164062,222.98190307617188,628.9262084960938,115.85276794433594,30.77680206298828,110.17829895019531,184.5399932861328,152.8250732421875,223.67758178710938,712.2671508789062,22.20901870727539,230.365966796875,276.4279479980469,197.80648803710938,112.90242767333984,331.9718017578125,36.99252700805664,493.7099914550781,466.9859924316406,83.7051010131836,93.73511505126953,87.23847961425781,356.28948974609375,20.94399642944336,139.71737670898438,41.168724060058594,118.52738189697266,213.5529022216797,65.34703063964844,376.6044921875,493.9864196777344,223.76669311523438,112.34190368652344,45.923824310302734,310.8226318359375,254.248291015625,35.864315032958984,189.0318603515625,89.1797103881836,197.05189514160156,187.8401641845703,102.65587615966797,158.68179321289062
2025-01-06,134.77317810058594,169.9961700439453,339.39093017578125,292.510009765625,83.238525390625,85.31976318359375,272.27935791015625,180.46249389648438,175.28421020507812,177.68128967285156,246.85069274902344,520.6505737304688,170.79505920410156,345.46697998046875,272.4729309082031,70.34138488769531,201.23704528808594,233.43295288085938,570.7100219726562,296.9471740722656,3293.4599609375,175.16578674316406,194.0116729736328,41.484134674072266,981.37255859375,451.4100036621094,117.60498809814453,67.2530517578125,356.6028137207031,82.20296478271484,23.748371124267578,83.94715118408203,348.7445373535156,62.01877212524414,226.2181396484375,56.85401153564453,31.296106338500977,182.67953491210938,73.80342864990234,42.93732452392578,138.10757446289062,175.02000427246094,208.47000122070312,235.72044372558594,185.06378173828125,227.7912139892578,71.30429077148438,71.7912368774414,368.660888671875,909.4462890625,64.15274047851562,34.66657638549805,205.6300048828125,57.28755187988281,249.50686645507812,171.01028442382812,47.277587890625,52.74186706542969,196.93499755859375,202.834228515625,26.61915397644043,293.683349609375,374.566162109375,105.88845825195312,258.719970703125,212.72817993164062,143.93702697753906,241.234619140625,233.75596618652344,29.65806007385254,68.26901245117188,25.9150390625,58.28762435913086,126.55088806152344,226.20654296875,198.9482879638672,404.7801208496094,447.3550720214844,506.5210876464844,138.79379272460938,268.9329528808594,576.8662719726562,76.0854263305664,78.02823638916016,513.0341796875,126.64947509765625,136.271728515625,123.10710144042969,422.8339538574219,1252.25,69.26380920410156,149.20713806152344,7988.669921875,162.49090576171875,80.697998046875,89.70826721191406,127.5789794921875,137.9525909423828,23.844884872436523,73.65655517578125,153.059326171875,220.560791015625,632.2006225585938,114.88432312011719,30.26178741455078,109.30516815185547,184.8300018310547,154.7810516357422,223.15977478027344,710.392578125,22.359460830688477,238.68701171875,275.1278381347656,197.7179412841797,111.17776489257812,333.2344970703125,37.15548324584961,501.05999755859375,461.9568786621094,80.6880111694336,94.4645004272461,87.19932556152344,356.1318054199219,20.87932586669922,140.73779296875,41.168724060058594,118.67464447021484,206.99359130859375,66.21806335449219,378.98602294921875,494.631591796875,222.3264617919922,112.72305297851562,45.80162811279297,308.9768981933594,254.49549865722656,35.28528594970703,190.79859924316406,87.591796875,197.1593780517578,195.2679901123047,102.54167175292969,161.19837951660156
2025-01-07,135.74127197265625,169.45814514160156,344.2790222167969,290.82000732421875,84.28296661376953,85.46145629882812,275.5791320800781,180.5886688232422,175.62002563476562,176.948486328125,250.1631622314453,518.70849609375,167.8673095703125,345.43719482421875,275.4454345703125,70.66771697998047,199.77113342285156,225.76077270507812,562.030029296875,297.0848388671875,3259.909912109375,176.2667236328125,189.51918029785156,42.036216735839844,950.383056640625,452.9200134277344,119.34503173828125,66.76364135742188,355.4278259277344,81.20026397705078,23.46295928955078,83.80329895019531,350.6341552734375,62.293704986572266,231.5157928466797,57.00879669189453,31.4819278717041,186.252197265625,73.52146911621094,42.899845123291016,140.2927703857422,170.0,205.10000610351562,236.61106872558594,185.01458740234375,227.85028076171875,71.09114074707031,72.3767318725586,369.7290954589844,909.5140380859375,63.2709846496582,34.83034896850586,203.82000732421875,57.3848762512207,251.11227416992188,170.8714599609375,46.79835891723633,51.214683532714844,195.6914825439453,203.53692626953125,26.705768585205078,304.8502197265625,369.6216125488281,106.24906158447266,261.57843017578125,213.96060180664062,143.799560546875,239.5291290283203,236.0076141357422,29.276363372802734,68.17012023925781,25.89641571044922,58.316383361816406,124.75184631347656,231.3029022216797,197.69203186035156,406.77996826171875,445.3966369628906,505.9966735839844,137.3944549560547,266.13140869140625,581.646728515625,76.11400604248047,78.17098999023438,504.38720703125,129.0601806640625,137.36749267578125,121.42279815673828,417.4181823730469,1254.989990234375,69.35039520263672,139.93099975585938,7897.0,158.90158081054688,79.98133087158203,89.54300689697266,130.57949829101562,137.13206481933594,24.057706832885742,74.11087799072266,153.72645568847656,223.03717041015625,626.5098266601562,115.26409912109375,30.5192928314209,109.32414245605469,183.08999633789062,155.42977905273438,220.15057373046875,724.3175048828125,22.42527961730957,238.25473022460938,274.981201171875,199.78414916992188,111.85983276367188,329.86090087890625,37.740230560302734,487.6199951171875,459.3021240234375,80.42068481445312,93.78309631347656,87.67881774902344,350.04119873046875,20.50977897644043,141.0517578125,41.04737091064453,117.9481430053711,206.95460510253906,65.92444610595703,375.4681091308594,495.19012451171875,222.8387451171875,113.42185974121094,45.7734375,307.62469482421875,249.156005859375,34.670616149902344,187.7316131591797,88.60919952392578,198.75221252441406,190.44281005859375,103.50293731689453,158.856689453125
2025-01-08,135.33624267578125,168.4859161376953,345.573486328125,296.3699951171875,85.50946044921875,87.1523666381836,281.2233581542969,186.17990112304688,174.80027770996094,176.71083068847656,252.21554565429688,524.6917114257812,169.78126525878906,349.4126892089844,274.40655517578125,71.03362274169922,200.8492889404297,226.42234802246094,577.3400268554688,297.90130615234375,3303.35009765625,177.99790954589844,192.53500366210938,42.07495880126953,955.5576782226562,451.8399963378906,120.45590209960938,66.9985580444336,353.5380859375,81.23741149902344,23.79758071899414,83.87042236328125,350.41009521484375,62.85303497314453,235.06405639648438,57.269996643066406,31.491708755493164,190.1308135986328,73.91034698486328,43.11537551879883,140.95864868164062,173.72000122070312,207.52000427246094,235.61160278320312,184.26658630371094,230.9317169189453,63.85157775878906,71.87906646728516,372.1470031738281,920.12744140625,63.33664321899414,35.13380432128906,205.22999572753906,57.459747314453125,252.87240600585938,171.44662475585938,46.680992126464844,50.24911880493164,194.37826538085938,206.3086395263672,26.012863159179688,307.8570861816406,372.4787292480469,106.63888549804688,262.47900390625,213.21539306640625,143.9272003173828,238.58486938476562,235.96881103515625,29.696229934692383,67.86353302001953,26.343387603759766,59.15029525756836,125.12663269042969,230.52565002441406,201.7335205078125,411.7403259277344,450.0910339355469,510.94384765625,138.39529418945312,269.8306579589844,586.6359252929688,78.79185485839844,78.81813049316406,512.9151611328125,130.77099609375,138.01719665527344,122.36064910888672,419.5825500488281,1246.510009765625,68.58080291748047,139.9010467529297,8005.9501953125,159.99012756347656,80.3826675415039,89.22223663330078,131.50782775878906,138.20721435546875,23.81828498840332,74.13926696777344,154.4888916015625,224.24310302734375,632.6937866210938,115.70085144042969,30.681425094604492,110.33016204833984,184.36000061035156,154.03543090820312,221.9971160888672,727.5806274414062,22.397069931030273,238.77542114257812,273.27056884765625,203.63128662109375,112.95113372802734,332.958251953125,37.20341491699219,502.0,463.5179748535156,79.07444763183594,93.79270935058594,86.78833770751953,358.8321228027344,20.491302490234375,140.99288940429688,41.0286979675293,119.43058776855469,210.05393981933594,67.06951904296875,381.5355529785156,505.0794982910156,224.07598876953125,115.0372314453125,45.604251861572266,308.54266357421875,252.4190216064453,34.688438415527344,189.8457794189453,90.09251403808594,201.8695068359375,189.68251037597656,101.770751953125,160.3433380126953
2025-01-10,135.800537109375,165.34274291992188,337.90325927734375,284.9599914550781,84.35961151123047,88.33316040039062,282.71075439453125,175.68666076660156,169.5263214111328,174.43324279785156,250.32545471191406,505.6139831542969,164.35211181640625,346.49798583984375,281.9388427734375,69.42169189453125,199.3361053466797,221.4853057861328,570.0,288.5072937011719,3251.320068359375,177.4208526611328,187.2845916748047,41.90061569213867,926.0411376953125,442.6600036621094,119.51215362548828,65.0997085571289,343.67816162109375,78.2942886352539,23.88615608215332,82.81556701660156,345.6665344238281,61.705928802490234,233.4431610107422,56.82499313354492,31.080947875976562,186.82461547851562,73.22978210449219,44.98954772949219,143.62213134765625,170.1199951171875,207.5,232.62303161621094,180.74305725097656,226.15695190429688,59.71730041503906,71.67414093017578,370.1175231933594,870.5819702148438,62.83010482788086,34.50279998779297,200.50999450683594,56.35921859741211,250.8511962890625,170.25662231445312,46.08440399169922,49.116050720214844,192.16978454589844,204.1322479248047,25.955120086669922,299.5190124511719,375.0664367675781,103.6079330444336,263.36981201171875,209.9385528564453,140.2251739501953,235.97361755371094,232.80479431152344,28.99008560180664,67.55299377441406,26.222333908081055,58.536842346191406,121.39739227294922,228.25296020507812,202.83395385742188,405.9956970214844,449.3230285644531,500.07373046875,137.32957458496094,267.09814453125,578.1682739257812,76.86685943603516,76.37230682373047,504.4466857910156,127.54376983642578,137.95899963378906,118.14031982421875,414.0382995605469,1210.989990234375,68.49420928955078,135.7073211669922,7845.22021484375,151.88937377929688,79.83999633789062,88.23076629638672,130.39198303222656,134.52899169921875,23.694135665893555,72.2557373046875,151.11509704589844,221.07167053222656,621.3910522460938,111.2289047241211,30.26178741455078,108.1282958984375,182.3800048828125,152.0019989013672,221.7333221435547,691.1713256835938,21.682470321655273,233.1658172607422,267.2491455078125,202.97203063964844,112.1618881225586,325.6784362792969,37.02128219604492,492.5400085449219,451.2350158691406,75.16941833496094,90.12660217285156,86.96448516845703,360.3695983886719,20.292957305908203,138.25546264648438,39.93647003173828,117.8696060180664,205.94097900390625,65.71892547607422,372.66168212890625,501.39141845703125,217.68678283691406,111.87906646728516,44.53275680541992,303.7160949707031,248.86924743652344,34.27865219116211,187.46360778808594,88.8183822631836,202.52423095703125,192.0024871826172,101.39956665039062,158.69151306152344
2025-01-13,140.2261199951172,166.8246612548828,337.275390625,284.82000732421875,85.09741973876953,89.3061294555664,281.5286560058594,177.1912384033203,168.74610900878906,174.77984619140625,257.9241027832031,507.6836242675781,167.64939880371094,351.6234436035156,290.2696838378906,67.58231353759766,204.0742950439453,222.4529571533203,568.6799926757812,292.1665344238281,3239.6201171875,179.33421325683594,188.24679565429688,43.42129135131836,925.4306640625,443.9100036621094,118.81417083740234,65.68698120117188,354.9382629394531,79.5940933227539,23.51216697692871,83.52519989013672,351.6958312988281,61.61113357543945,233.3442840576172,56.844337463378906,31.18852424621582,188.1076202392578,74.55204772949219,48.27872085571289,145.6947784423828,168.3699951171875,204.58999633789062,237.38294982910156,183.80398559570312,229.8389434814453,52.61553192138672,73.1866683959961,385.01348876953125,870.4078369140625,64.92194366455078,35.10972213745117,201.52999877929688,56.96562957763672,255.00009155273438,170.1376495361328,45.5562744140625,49.19487380981445,191.2943115234375,203.4295654296875,26.753887176513672,304.8205261230469,374.3833923339844,104.74819946289062,281.3037109375,207.6934814453125,141.29550170898438,240.59866333007812,237.01698303222656,29.37178611755371,68.33726501464844,26.557559967041016,59.092777252197266,123.2901382446289,230.3190460205078,208.3264923095703,413.1323547363281,463.82843017578125,500.3115539550781,139.1830291748047,268.607421875,581.4877319335938,77.94371032714844,77.95210266113281,508.8990783691406,130.83905029296875,142.30325317382812,118.65709686279297,412.2989196777344,1267.219970703125,69.34078979492188,133.0313262939453,7962.0,151.31918334960938,80.6760025024414,88.60987091064453,131.77035522460938,136.28323364257812,23.76507568359375,73.63762664794922,151.38194274902344,221.23117065429688,629.23193359375,111.60869598388672,30.21409797668457,110.07390594482422,182.4199981689453,152.14727783203125,222.0068817138672,711.02734375,22.20901870727539,232.34059143066406,269.3312072753906,203.88706970214844,114.72452545166016,331.5575256347656,38.20036315917969,487.42999267578125,451.1135559082031,73.46037292480469,90.64484405517578,87.023193359375,355.75726318359375,20.17132568359375,138.500732421875,40.25387191772461,117.70269775390625,208.0461883544922,65.32745361328125,372.5233459472656,521.08349609375,219.1850128173828,113.44906616210938,45.4820556640625,302.9363708496094,253.1605987548828,34.559696197509766,190.4114990234375,89.27478790283203,202.79782104492188,190.33558654785156,104.01688385009766,161.60650634765625
2025-01-14,141.6881561279297,165.701416015625,337.13043212890625,286.8699951171875,85.66276550292969,89.26834106445312,284.7792663574219,181.3361053466797,171.50157165527344,177.4040069580078,254.974365234375,516.58984375,169.41175842285156,359.5247497558594,296.2532653808594,69.49091339111328,206.37246704101562,221.87037658691406,579.7999877929688,295.45196533203125,3227.800048828125,179.03811645507812,188.8359832763672,43.65373992919922,933.3379516601562,450.0299987792969,121.93051147460938,66.94961547851562,363.8190612792969,80.46680450439453,24.12236213684082,84.0718002319336,354.7933044433594,62.1515007019043,237.25823974609375,57.39575958251953,31.433029174804688,189.76565551757812,75.02845001220703,48.32557678222656,147.1484375,169.3300018310547,206.13999938964844,235.14646911621094,185.82168579101562,230.27210998535156,53.6812629699707,72.08399200439453,381.7798767089844,868.8985595703125,65.58795928955078,35.51914978027344,204.47000122070312,57.9089469909668,256.4023742675781,175.38348388671875,46.3875846862793,50.189998626708984,190.06072998046875,207.16751098632812,27.138835906982422,302.4566345214844,377.8465576171875,106.60965728759766,276.67340087890625,208.02786254882812,142.6309814453125,243.74948120117188,240.1809539794922,29.715316772460938,69.35293579101562,27.11627960205078,59.466609954833984,126.66332244873047,230.71258544921875,209.27114868164062,418.87701416015625,465.07647705078125,504.38409423828125,140.2765350341797,272.69146728515625,590.0845336914062,81.24100494384766,79.77932739257812,513.3414916992188,133.3761444091797,144.892333984375,119.26000213623047,410.7967529296875,1271.3599853515625,68.46534729003906,131.56349182128906,8143.64013671875,153.66880798339844,80.28866577148438,89.21251678466797,132.87680053710938,136.7076416015625,23.419240951538086,74.62197875976562,152.23971557617188,224.965576171875,638.1280517578125,112.48219299316406,30.50021743774414,111.29821014404297,185.5,154.47117614746094,224.4494171142578,685.2105712890625,22.56631851196289,233.35247802734375,270.7486572265625,203.67062377929688,116.41022491455078,337.0025634765625,38.219539642333984,490.3599853515625,452.870849609375,74.57745361328125,91.59496307373047,89.27387237548828,357.5509338378906,20.3958683013916,140.2079620361328,40.991355895996094,117.06456756591797,208.74790954589844,66.21806335449219,378.1855773925781,523.5870971679688,221.71751403808594,114.20230865478516,46.11179733276367,305.07818603515625,257.1553039550781,34.70475769042969,196.62489318847656,89.93087005615234,202.44602966308594,187.74267578125,104.4261474609375,159.7506103515625
2025-01-15,140.50271606445312,163.2622528076172,337.8453369140625,290.94000244140625,87.31086730957031,89.8540267944336,285.84307861328125,182.52037048339844,176.17308044433594,178.30516052246094,256.7308349609375,526.9673461914062,170.8519287109375,358.0674133300781,295.2335510253906,70.16337585449219,205.33216857910156,225.1288604736328,580.0,307.2165222167969,3206.050048828125,176.600830078125,190.84454345703125,44.28331756591797,981.7989501953125,458.510009765625,122.59901428222656,67.34114074707031,367.06982421875,80.43894958496094,24.545560836791992,84.25401306152344,351.432861328125,63.14691162109375,234.90591430664062,58.024566650390625,31.745986938476562,193.1409149169922,75.62151336669922,48.859718322753906,148.48956298828125,171.19000244140625,203.72999572753906,235.49285888671875,187.73106384277344,232.8810272216797,56.31800842285156,72.71826934814453,378.02191162109375,870.756103515625,65.15644836425781,35.77444076538086,204.25,58.305728912353516,257.3405456542969,178.78482055664062,47.73725891113281,50.93881607055664,195.96002197265625,208.31910705566406,27.822120666503906,302.9115905761719,390.6505126953125,108.40289306640625,273.5995788574219,210.2060546875,145.5670928955078,244.54922485351562,244.91722106933594,29.55309295654297,70.83541107177734,27.414257049560547,59.207801818847656,129.83975219726562,233.4673614501953,208.54074096679688,419.5534362792969,464.6060791015625,517.5925903320312,139.90679931640625,272.3165588378906,579.8677978515625,81.38394927978516,80.82617950439453,526.8374633789062,133.93020629882812,147.34567260742188,124.93495178222656,421.3120422363281,1279.72998046875,68.3691635131836,136.03683471679688,8259.080078125,155.63499450683594,80.26933288574219,89.66937255859375,135.2772216796875,136.5473175048828,23.25075912475586,75.795654296875,152.15391540527344,227.50839233398438,647.310302734375,112.52017211914062,30.624202728271484,112.94011688232422,185.3699951171875,159.19642639160156,227.13621520996094,697.6676635742188,23.224502563476562,232.55673217773438,269.8981628417969,206.38624572753906,116.0399398803711,342.2207946777344,38.957664489746094,507.19000244140625,464.1348876953125,78.69253540039062,95.7505111694336,92.31719207763672,363.27685546875,20.4987850189209,140.76722717285156,42.372982025146484,116.93694305419922,208.76742553710938,66.2082748413086,380.9920349121094,523.2789306640625,223.14805603027344,115.68156433105469,47.841224670410156,312.1748046875,265.184326171875,34.614097595214844,198.79856872558594,90.8722152709961,203.2571258544922,193.52313232421875,106.1297607421875,162.43238830566406
2025-01-16,142.96249389648438,165.50132751464844,340.0863037109375,290.0799865722656,89.93632507324219,91.45991516113281,291.35919189453125,185.5004119873047,184.1728515625,179.09735107421875,257.1986083984375,535.9715576171875,180.08998107910156,364.9377136230469,300.19732666015625,69.08546447753906,206.07928466796875,226.52110290527344,585.8400268554688,306.3902893066406,3193.9599609375,179.41775512695312,192.24179077148438,44.87415313720703,964.879638671875,462.80999755859375,124.87973022460938,68.2612075805664,372.61175537109375,84.16194915771484,24.65382194519043,84.92528533935547,356.81927490234375,64.48360443115234,238.08847045898438,57.86977767944336,32.24477005004883,195.460205078125,75.28124237060547,48.69104766845703,149.47430419921875,170.85000610351562,208.22000122070312,239.38189697265625,191.41204833984375,235.440673828125,56.18938064575195,76.18244171142578,374.1085205078125,889.9898681640625,65.89749908447266,36.015281677246094,206.25999450683594,58.91963577270508,259.9904479980469,178.2394256591797,48.15781021118164,51.07674789428711,193.4033660888672,209.4024658203125,28.1685733795166,306.0668029785156,393.76727294921875,109.61136627197266,269.98736572265625,212.71864318847656,147.5211944580078,246.60157775878906,246.78067016601562,29.84891128540039,73.90222930908203,27.991594314575195,59.66788864135742,131.826171875,234.91360473632812,212.76727294921875,423.974609375,467.3804016113281,518.3755493164062,141.00201416015625,272.2672424316406,591.5357055664062,83.06118774414062,81.73978424072266,526.7778930664062,135.29107666015625,147.10325622558594,129.9687042236328,419.6022644042969,1297.52001953125,68.40763854980469,133.3708038330078,8355.8095703125,156.84420776367188,80.31466674804688,90.59278106689453,137.68702697753906,138.20721435546875,23.490182876586914,76.79893493652344,152.96401977539062,230.38893127441406,649.6181640625,113.7449722290039,31.635149002075195,113.53804016113281,186.97000122070312,156.31089782714844,227.91783142089844,687.5512084960938,23.055255889892578,233.5391387939453,274.63909912109375,208.51148986816406,117.37487030029297,349.3625183105469,39.3890380859375,515.8099975585938,472.21136474609375,80.1915283203125,96.44151306152344,93.03154754638672,376.2662048339844,20.601701736450195,140.98309326171875,41.990234375,119.16551208496094,210.27809143066406,68.14607238769531,384.26287841796875,491.665771484375,227.04344177246094,117.92314910888672,45.14369583129883,313.13226318359375,266.15338134765625,34.7591552734375,197.8656005859375,93.55359649658203,206.19845581054688,194.10800170898438,105.94893646240234,164.5700225830078
2025-01-17,145.5704345703125,163.46234130859375,342.0556335449219,291.45001220703125,90.23335266113281,91.8661117553711,290.4037170410156,183.36485290527344,189.6739501953125,178.96861267089844,259.75689697265625,541.6213989257812,180.39315795898438,363.0144348144531,305.7191467285156,68.65034484863281,206.30628967285156,234.44998168945312,593.8900146484375,307.4526062011719,3228.39990234375,180.23777770996094,194.683837890625,45.07754898071289,973.8335571289062,467.95001220703125,124.13259887695312,68.18290710449219,377.9676208496094,84.54261016845703,25.44116973876953,85.04995727539062,356.8289794921875,64.54048156738281,239.2349853515625,58.26641845703125,32.010047912597656,195.71678161621094,75.65068817138672,49.30952072143555,151.43438720703125,174.47999572753906,209.91000366210938,235.8787841796875,192.00259399414062,233.73751831054688,57.60423278808594,75.9775161743164,374.1376647949219,885.8297729492188,65.44723510742188,36.64628219604492,208.5800018310547,59.07685089111328,259.27093505859375,181.32345581054688,48.7446174621582,50.21955871582031,196.527099609375,210.51504516601562,28.77486228942871,307.0658264160156,393.8153991699219,109.08509063720703,276.67340087890625,214.75352478027344,146.42138671875,247.03518676757812,251.52664184570312,30.173355102539062,74.91197204589844,28.22439193725586,60.10881423950195,132.62261962890625,234.7069854736328,212.4556427001953,427.4154968261719,470.70196533203125,519.92138671875,140.8990478515625,273.4312744140625,588.9317626953125,83.93793487548828,82.58677673339844,538.0130615234375,137.0894012451172,148.07293701171875,131.9401092529297,424.0001220703125,1295.4300537109375,68.14788818359375,137.504638671875,8362.8603515625,158.3090362548828,81.11933135986328,92.1188735961914,137.17132568359375,139.81997680664062,23.321699142456055,77.2911148071289,153.564453125,228.64370727539062,660.2698974609375,115.44449615478516,31.711450576782227,114.39220428466797,187.7899932861328,159.34165954589844,236.25173950195312,675.9967041015625,22.754371643066406,236.23097229003906,280.1522216796875,210.29238891601562,118.00821685791016,349.1750793457031,41.775962829589844,526.7000122070312,469.1266174316406,81.32770538330078,93.69673156738281,95.57579040527344,377.87261962890625,20.854312896728516,142.97483825683594,44.482765197753906,119.62694549560547,213.4164276123047,69.86856079101562,384.5889892578125,490.86651611328125,226.43447875976562,117.73255157470703,45.4538688659668,315.47149658203125,267.0729675292969,35.15805435180664,200.1881561279297,94.1621322631836,206.8825225830078,198.28225708007812,106.90069580078125,161.18865966796875
2025-01-21,150.7171630859375,164.46279907226562,345.771240234375,296.9100036621094,92.21683502197266,92.39510345458984,292.3244934082031,184.18997192382812,190.4838104248047,182.89993286132812,262.3343200683594,548.0460205078125,179.95733642578125,364.907958984375,307.60467529296875,71.91374969482422,207.34661865234375,237.2838134765625,605.5800170898438,312.7545471191406,3297.719970703125,182.50802612304688,185.1847686767578,45.56184005737305,980.7427368164062,468.57000732421875,125.66619873046875,69.05403137207031,391.48016357421875,84.20835876464844,25.19512367248535,85.08851623535156,357.6374816894531,64.7490463256836,242.21986389160156,59.04033279418945,32.53817367553711,198.59860229492188,76.2729263305664,49.806175231933594,148.4051513671875,178.10000610351562,214.11000061035156,241.56890869140625,195.2800750732422,237.33090209960938,57.172420501708984,76.914306640625,377.95391845703125,903.6412963867188,65.7849349975586,36.65110397338867,208.97999572753906,60.439414978027344,264.0933532714844,185.93463134765625,50.41703796386719,53.09656524658203,198.59632873535156,212.58409118652344,28.418785095214844,314.9983825683594,402.5213317871094,109.1435546875,278.67047119140625,214.2471923828125,148.98434448242188,251.8626251220703,255.28262329101562,30.25923728942871,75.87821197509766,29.07177734375,59.830841064453125,128.86866760253906,240.04933166503906,217.03274536132812,433.748291015625,486.0330505371094,523.250732421875,140.8896484375,273.9639892578125,582.4815673828125,84.22381591796875,82.68193817138672,548.008544921875,142.78562927246094,146.24990844726562,131.39463806152344,423.476318359375,1324.47998046875,70.38935089111328,140.61997985839844,8347.0498046875,169.65406799316406,82.7386703491211,92.82846069335938,136.58059692382812,140.1029510498047,23.623191833496094,78.12403869628906,154.12672424316406,226.13845825195312,669.1068115234375,117.55228424072266,32.01664352416992,114.35424041748047,187.89999389648438,161.96571350097656,237.68797302246094,682.1657104492188,23.177486419677734,243.37307739257812,284.2283935546875,211.48291015625,122.52937316894531,356.61273193359375,41.92933654785156,529.75,476.782470703125,82.59757232666016,95.01153564453125,99.07902526855469,390.1227722167969,21.04142951965332,145.50624084472656,44.70680618286133,121.05049133300781,213.92324829101562,72.47187805175781,392.45489501953125,505.5320739746094,228.8219757080078,120.5821762084961,46.35617446899414,319.429443359375,272.4421081542969,35.37564468383789,204.11868286132812,95.30315399169922,208.07467651367188,205.1155548095703,106.09170532226562,163.27432250976562
2025-01-22,150.7467803955078,161.21372985839844,348.3808288574219,301.45001220703125,89.4476318359375,92.09281158447266,289.1035461425781,179.82183837890625,193.0911407470703,186.86094665527344,261.02655029296875,550.7825927734375,175.5609588623047,364.1446228027344,304.9399719238281,76.97699737548828,202.7786407470703,237.8762969970703,607.5999755859375,316.9842834472656,3326.010009765625,180.64776611328125,182.52935791015625,44.370487213134766,975.1707763671875,460.510009765625,126.57062530517578,68.54505920410156,390.7430725097656,82.10083770751953,24.850658416748047,84.43273162841797,356.49786376953125,63.13742446899414,244.087890625,59.62077713012695,32.50883102416992,196.41751098632812,76.85628509521484,49.656246185302734,146.68890380859375,177.67999267578125,214.9199981689453,241.63818359375,195.6737518310547,237.88223266601562,53.552635192871094,77.77301788330078,379.4202575683594,895.1563720703125,64.14336395263672,36.41507339477539,209.4499969482422,60.042625427246094,261.3807678222656,186.7874755859375,52.82297134399414,51.98320007324219,198.9942626953125,211.0030059814453,27.40829849243164,316.02703857421875,394.508056640625,108.72449493408203,278.9151916503906,213.2918701171875,151.39016723632812,249.6946258544922,255.09825134277344,30.058847427368164,76.34005737304688,28.66205596923828,59.21739196777344,131.76271057128906,238.53419494628906,214.30593872070312,433.88555908203125,479.361083984375,522.378662109375,137.7257080078125,276.6175842285156,580.7920532226562,83.7092056274414,81.6160659790039,545.0733032226562,144.95333862304688,143.13717651367188,130.15054321289062,440.9688415527344,1324.6800537109375,71.2262954711914,146.85069274902344,8381.5,181.10719299316406,82.75533294677734,92.72154235839844,135.75543212890625,139.6690673828125,23.064538955688477,77.2911148071289,157.0049591064453,224.4119873046875,665.2308349609375,116.67879486083984,31.148757934570312,112.51303100585938,187.92999267578125,164.841552734375,230.73162841796875,674.4594116210938,22.86720085144043,246.0157928466797,282.4493408203125,209.0625,121.19446563720703,352.884033203125,39.90668487548828,544.7000122070312,477.633056640625,79.05535125732422,93.25525665283203,105.86043548583984,384.8403015136719,20.88237953186035,152.16831970214844,43.88530349731445,120.33381652832031,212.64649963378906,71.77699279785156,394.83642578125,500.4573669433594,227.9230499267578,120.29177856445312,45.7076416015625,319.3603515625,271.30499267578125,35.31217956542969,205.4387664794922,92.78340911865234,206.61866760253906,207.35418701171875,104.24530792236328,162.39718627929688
2025-01-23,150.59861755371094,162.61434936523438,352.4068603515625,301.0799865722656,89.40930938720703,92.07393646240234,283.68585205078125,179.24913024902344,188.3406524658203,188.57408142089844,265.2649841308594,552.6265869140625,176.6031951904297,361.52734375,311.6835021972656,77.67913055419922,202.20172119140625,237.25421142578125,613.3800048828125,320.5451354980469,3373.570068359375,182.58395385742188,190.39012145996094,44.22520065307617,986.2080078125,459.8299865722656,127.1113052368164,68.39824676513672,399.38128662109375,82.29581451416016,25.204965591430664,84.77991485595703,359.3323059082031,62.43589401245117,245.0564727783203,60.20121383666992,32.92937088012695,195.21347045898438,77.46879577636719,51.07499313354492,146.31373596191406,183.1300048828125,218.57000732421875,243.10279846191406,196.00836181640625,239.1522216796875,52.62472152709961,78.17312622070312,389.7424621582031,910.3460693359375,63.96514129638672,36.34764099121094,206.49000549316406,60.072574615478516,261.1084899902344,199.12362670898438,52.79363250732422,53.42171096801758,198.5465850830078,210.39793395996094,26.917490005493164,321.81329345703125,398.6349182128906,108.07151794433594,287.6080322265625,215.94769287109375,154.83685302734375,250.4268798828125,258.11663818359375,29.62943458557129,75.25613403320312,28.382692337036133,58.977760314941406,130.1947021484375,240.3739776611328,214.04299926757812,432.1503601074219,477.3835144042969,529.3544921875,137.51040649414062,281.214599609375,593.5035400390625,85.05290222167969,82.5677490234375,544.1710205078125,145.4490966796875,149.63417053222656,131.8731231689453,441.4728088378906,1335.2900390625,71.466796875,147.00045776367188,8345.349609375,183.31918334960938,84.10800170898438,93.50887298583984,135.72731018066406,140.16896057128906,23.445844650268555,77.48987579345703,158.3487091064453,224.73101806640625,670.7539672851562,119.09041595458984,31.225053787231445,116.37577819824219,189.07000732421875,168.83090209960938,232.67587280273438,688.94970703125,22.8107852935791,252.0084991455078,284.15997314453125,208.85586547851562,123.05554962158203,356.20831298828125,40.290122985839844,551.5399780273438,480.0447998046875,79.06490325927734,93.61036682128906,106.09529113769531,387.8067626953125,21.0788516998291,154.022705078125,43.65192413330078,120.3632583618164,210.56076049804688,72.0510482788086,395.55780029296875,510.13494873046875,239.76385498046875,121.25374603271484,45.5196533203125,323.9499816894531,271.7499084472656,35.52069854736328,207.43382263183594,92.52667999267578,205.30921936035156,206.99249267578125,104.83538818359375,162.7187957763672
2025-01-24,149.60089111328125,162.26181030273438,351.582275390625,300.8299865722656,90.1854476928711,92.74461364746094,285.17327880859375,180.61782836914062,184.43951416015625,186.14796447753906,262.9166564941406,552.7933349609375,175.36196899414062,365.9786682128906,316.7435302734375,76.33419799804688,203.1001739501953,241.61854553222656,610.3200073242188,316.08917236328125,3332.530029296875,184.8466033935547,188.28590393066406,44.1186637878418,988.8438720703125,463.19000244140625,126.64926147460938,68.63314819335938,400.5900573730469,82.15653991699219,25.017969131469727,84.7509765625,358.0757751464844,62.397979736328125,245.59019470214844,60.20121383666992,31.970930099487305,194.80880737304688,77.82853698730469,51.76776123046875,145.97610473632812,183.32000732421875,217.16000366210938,243.2413330078125,195.57533264160156,238.30555725097656,54.08549880981445,80.48582458496094,389.35406494140625,910.2686157226562,64.02141571044922,36.38135528564453,208.83999633789062,60.28219985961914,259.03759765625,195.10740661621094,53.05769729614258,53.116275787353516,200.85455322265625,209.0803680419922,26.753887176513672,309.6573181152344,398.74072265625,108.65626525878906,288.4205322265625,214.7631072998047,154.6306610107422,250.4268798828125,257.0392761230469,29.724857330322266,74.15540313720703,28.187145233154297,59.35157775878906,128.11366271972656,242.02684020996094,212.9328155517578,430.60150146484375,477.0763244628906,528.6312255859375,138.92388916015625,280.2675476074219,587.9478759765625,85.9487075805664,81.8730239868164,543.9627075195312,145.25466918945312,147.01597595214844,131.8922882080078,438.85394287109375,1331.0999755859375,70.77413940429688,142.40731811523438,8200.5595703125,180.4976806640625,83.5999984741211,93.96571350097656,137.00250244140625,140.64053344726562,23.51795768737793,77.45201110839844,157.36782836914062,224.0835723876953,670.0143432617188,120.84690856933594,31.358577728271484,115.65448760986328,188.9600067138672,166.65225219726562,226.76495361328125,670.2540283203125,23.00823974609375,251.49765014648438,281.9410400390625,208.4229278564453,122.10064697265625,355.2613220214844,40.501014709472656,546.1900024414062,480.2411193847656,78.96942138671875,95.0691146850586,105.87023162841797,388.60504150390625,21.25661277770996,151.77586364746094,43.875972747802734,120.49089813232422,213.02662658691406,73.05908966064453,396.1210021972656,512.7732543945312,240.4694366455078,120.72737121582031,46.12119674682617,325.91424560546875,274.4295654296875,35.847076416015625,207.3047637939453,93.1922836303711,204.65447998046875,208.810791015625,103.41728973388672,164.32688903808594
2025-01-27,149.12672424316406,168.55030822753906,362.0013732910156,299.07000732421875,90.19503784179688,96.94825744628906,291.5660705566406,187.52915954589844,172.4102325439453,183.14749145507812,270.10479736328125,550.635498046875,181.95651245117188,373.5528259277344,314.2038879394531,66.74173736572266,208.39639282226562,199.58462524414062,604.6799926757812,311.2495422363281,3372.820068359375,188.8328094482422,184.74810791015625,42.1815071105957,998.039794921875,474.70001220703125,128.51708984375,66.00018310546875,388.15850830078125,85.81454467773438,25.27385902404785,87.96240997314453,339.7833251953125,63.69676208496094,251.92567443847656,57.15391159057617,32.9000358581543,199.91122436523438,78.86883544921875,53.33361053466797,147.4579315185547,182.47999572753906,211.89999389648438,247.98146057128906,192.84902954101562,242.38134765625,53.047340393066406,81.53970336914062,399.3365173339844,870.8431396484375,65.79431915283203,36.7378044128418,213.1300048828125,59.720703125,262.35302734375,192.83653259277344,48.441436767578125,54.11140441894531,192.76666259765625,209.74404907226562,26.224584579467773,328.38092041015625,408.7164611816406,111.51179504394531,291.48455810546875,214.1230010986328,157.93006896972656,254.78219604492188,258.0196228027344,30.373748779296875,69.496337890625,25.570499420166016,61.22069549560547,133.39852905273438,245.63755798339844,216.47763061523438,430.8367614746094,483.5370788574219,542.65234375,143.81027221679688,284.1542663574219,600.7188110351562,88.1119384765625,82.75808715820312,541.4638671875,147.2863006591797,147.9759979248047,130.7725830078125,429.4653015136719,1347.2099609375,72.70777130126953,118.24340057373047,8382.6298828125,155.60549926757812,85.50199890136719,95.00579071044922,138.81222534179688,145.818359375,24.212051391601562,78.19975280761719,162.67990112304688,231.6743927001953,653.6717529296875,123.83768463134766,31.959415435791016,116.8123550415039,188.47999572753906,165.75173950195312,231.37644958496094,679.10107421875,23.290319442749023,243.3534698486328,277.8257751464844,212.10279846191406,121.8473129272461,359.2267761230469,40.779014587402344,510.7300109863281,486.7845153808594,78.43473815917969,96.20157623291016,101.26121520996094,394.1141662597656,22.58515167236328,147.4195098876953,44.4454231262207,122.62130737304688,215.8140411376953,70.9646987915039,363.2740173339844,523.375244140625,245.92103576660156,123.6586685180664,46.562957763671875,330.1978454589844,271.9081115722656,36.84433364868164,202.80850219726562,95.92120361328125,208.75872802734375,206.89474487304688,104.85442352294922,168.6345977783203
2025-01-28,148.5142364501953,166.55892944335938,367.0848388671875,309.92999267578125,89.32307434082031,94.46387481689453,289.0148620605469,185.36453247070312,170.7115020751953,181.10755920410156,267.5751037597656,560.895263671875,177.11483764648438,368.2786865234375,314.5694580078125,67.81965637207031,207.45065307617188,204.74876403808594,637.530029296875,311.8594055175781,3318.580078125,189.12135314941406,185.1164093017578,41.91999435424805,1018.6412353515625,469.9700012207031,125.5678939819336,65.8729476928711,383.5495300292969,83.32635498046875,27.3308048248291,86.66046905517578,341.1762390136719,62.19889831542969,252.13319396972656,57.492496490478516,31.96114730834961,197.80906677246094,78.71327209472656,54.40597152709961,146.50131225585938,184.49000549316406,215.9199981689453,245.2600860595703,194.95526123046875,245.64984130859375,51.54981231689453,80.96397399902344,393.66558837890625,877.3350830078125,64.9688491821289,36.0249137878418,211.72000122070312,60.18487548828125,255.28475952148438,192.8067626953125,50.104068756103516,49.30324935913086,196.04959106445312,212.5450439453125,25.647159576416016,325.1169128417969,402.9060974121094,110.5372314453125,296.7218017578125,215.58468627929688,155.97593688964844,249.2802276611328,259.2716064453125,29.906166076660156,69.5171127319336,25.570499420166016,59.77333068847656,131.6659393310547,244.4962921142578,207.7227325439453,426.93511962890625,439.1471862792969,542.3748779296875,141.73214721679688,284.736328125,599.248046875,87.6545181274414,81.53993225097656,537.626220703125,147.1696319580078,146.0753631591797,132.581298828125,441.9571228027344,1352.8199462890625,71.56298828125,128.7976531982422,8064.08984375,161.2288360595703,85.22266387939453,93.1881103515625,138.28712463378906,141.70628356933594,24.112892150878906,78.45530700683594,159.3526611328125,229.92916870117188,657.0841674804688,122.44200897216797,31.3204288482666,115.00910186767578,190.92999267578125,166.11000061035156,259.1529846191406,680.7078247070312,23.271514892578125,252.92214965820312,275.8902893066406,212.58489990234375,125.06280517578125,359.2267761230469,39.60951614379883,526.1199951171875,486.5041198730469,78.0528335571289,96.35513305664062,98.12003326416016,389.4328918457031,22.828405380249023,145.65341186523438,44.128021240234375,122.07151794433594,215.53140258789062,72.2174301147461,361.4360046386719,522.373779296875,240.83676147460938,122.8963394165039,45.529052734375,330.1386413574219,272.01690673828125,36.62675476074219,203.53306579589844,94.05753326416016,208.7782745361328,209.8861083984375,102.82719421386719,166.0908966064453
2025-01-29,145.30374145507812,166.9877166748047,363.2334289550781,304.1700134277344,88.91104125976562,92.621826171875,289.69451904296875,185.2189178466797,173.11143493652344,180.74118041992188,268.8924255371094,564.122314453125,173.9881134033203,363.57952880859375,314.8677062988281,68.61078643798828,203.28933715820312,203.75149536132812,639.969970703125,310.0986633300781,3314.050048828125,187.46609497070312,186.58558654785156,41.716583251953125,1020.007568359375,469.260009765625,125.59737396240234,63.425960540771484,386.43878173828125,81.59947967529297,27.46858787536621,86.38080596923828,344.828857421875,62.3505859375,252.96343994140625,57.608585357666016,32.254547119140625,195.9635009765625,78.9368896484375,53.997901916503906,146.01365661621094,185.77999877929688,218.89999389648438,221.40106201171875,194.24664306640625,243.1000213623047,51.26500701904297,80.2906494140625,388.71319580078125,878.7088623046875,64.2371597290039,35.68292236328125,212.50999450683594,60.3795280456543,244.4732666015625,197.4377899169922,48.70549774169922,49.04707717895508,196.1590118408203,209.18772888183594,25.377700805664062,324.04864501953125,397.7017822265625,110.61518859863281,288.0289611816406,218.4220733642578,154.38516235351562,247.03518676757812,258.7280578613281,30.402376174926758,70.51102447509766,25.421512603759766,60.22383499145508,128.4600372314453,242.2432861328125,206.40798950195312,429.6898498535156,436.18072509765625,543.8018188476562,139.06431579589844,285.7425231933594,599.4765625,87.11133575439453,82.45355224609375,535.3158569335938,147.30572509765625,146.8026580810547,132.74400329589844,437.1441955566406,1335.5,73.66976928710938,123.5155258178711,7965.009765625,159.28231811523438,85.87200164794922,92.00224304199219,137.73391723632812,141.81944274902344,23.995708465576172,78.9190902709961,159.39102172851562,231.1958465576172,656.6699829101562,123.04015350341797,31.21551513671875,115.939208984375,189.0800018310547,166.26495361328125,262.90472412109375,681.6400146484375,23.11166763305664,252.29339599609375,272.62542724609375,208.8952178955078,121.92526245117188,355.51776123046875,39.245243072509766,512.7100219726562,483.4847717285156,78.2724380493164,96.78700256347656,97.2491226196289,385.41192626953125,22.669357299804688,144.9273681640625,44.28672409057617,121.94389343261719,229.18609619140625,72.80462646484375,359.69677734375,518.1560668945312,241.21371459960938,121.40802764892578,44.79593276977539,331.52044677734375,269.1494140625,36.5179557800293,205.27005004882812,93.21129608154297,204.77175903320312,211.84129333496094,103.42679595947266,165.89598083496094
2025-01-30,149.5416259765625,167.35928344726562,369.3742980957031,309.95001220703125,90.17586517333984,92.60292053222656,294.5506896972656,188.1504364013672,179.4717559814453,184.18727111816406,271.1262512207031,537.3546142578125,176.06312561035156,368.9429016113281,322.361572265625,70.86551666259766,207.951904296875,212.9442596435547,653.4299926757812,313.73822021484375,3351.010009765625,188.67337036132812,188.65895080566406,43.198509216308594,1038.331787109375,472.3500061035156,126.08891296386719,64.57115173339844,368.5039978027344,82.65789031982422,28.039417266845703,87.65381622314453,350.3419494628906,62.758216857910156,255.4541015625,58.49858856201172,32.13718795776367,199.5361785888672,80.46332550048828,53.92198181152344,146.60450744628906,188.57000732421875,223.11000061035156,220.75784301757812,202.1794891357422,248.59347534179688,49.66641616821289,83.41329193115234,387.76153564453125,892.1571655273438,65.41910552978516,36.11643600463867,215.91000366210938,61.113216400146484,249.8012237548828,203.85379028320312,48.891326904296875,48.771202087402344,201.58079528808594,211.82281494140625,25.541305541992188,330.96240234375,398.74072265625,111.35588073730469,290.6524658203125,246.73870849609375,156.5651397705078,250.6485137939453,260.3294677734375,30.764989852905273,73.42454528808594,26.166461944580078,61.39323043823242,131.4036407470703,247.4773406982422,206.51512145996094,437.5911560058594,441.2591247558594,560.8550415039062,142.13467407226562,288.5835876464844,600.8878784179688,87.66404724121094,82.796142578125,541.75146484375,150.08578491210938,145.41600036621094,133.92108154296875,410.1247253417969,1364.5,75.35325622558594,124.464111328125,8140.56982421875,167.50106811523438,87.34400177001953,92.69236755371094,138.8216094970703,143.262451171875,24.257118225097656,79.0421371459961,160.52247619628906,233.84185791015625,694.2272338867188,123.73326873779297,31.92127227783203,114.6864242553711,192.00999450683594,166.47793579101562,268.47369384765625,677.484375,23.290319442749023,253.95370483398438,272.7231750488281,214.84793090820312,125.6766586303711,360.5880432128906,39.32193374633789,526.3599853515625,489.392578125,79.523193359375,98.11140441894531,96.17271423339844,384.7811584472656,22.472883224487305,146.98777770996094,44.82817459106445,123.78958892822266,228.42587280273438,74.29224395751953,361.9893798828125,525.349365234375,241.57135009765625,104.2740478515625,45.115501403808594,338.5973815917969,273.26275634765625,35.78361129760742,208.29734802246094,94.56148529052734,217.35806274414062,212.66244506835938,104.28337097167969,168.32272338867188
2025-01-31,149.67991638183594,175.21987915039062,373.4488525390625,311.3399963378906,90.26210021972656,92.9146499633789,297.2988586425781,186.6943817138672,178.1186981201172,182.76129150390625,272.4627380371094,532.9603881835938,175.2388153076172,367.62432861328125,322.5154724121094,69.99526977539062,209.49343872070312,218.48362731933594,652.1799926757812,312.2626953125,3350.2099609375,187.99761962890625,187.20594787597656,44.72886276245117,1042.1884765625,468.6700134277344,121.56678771972656,63.993656158447266,365.0251159667969,82.88999938964844,27.232385635375977,83.61299133300781,347.0009765625,62.56863021850586,251.25355529785156,58.624351501464844,32.146968841552734,197.94723510742188,80.3174819946289,53.59932327270508,139.9176483154297,188.8300018310547,177.36000061035156,220.42137145996094,200.4669189453125,246.30946350097656,49.61129379272461,81.41284942626953,384.246337890625,883.9623413085938,66.25395965576172,35.48179244995117,216.0399932861328,60.888614654541016,249.849853515625,201.87049865722656,50.93539810180664,48.73178482055664,204.53543090820312,210.6614532470703,25.040868759155273,326.31365966796875,396.3165283203125,108.71475982666016,287.0500183105469,244.283447265625,156.94810485839844,249.7138671875,259.4268493652344,30.631391525268555,73.01016235351562,25.589122772216797,60.84687805175781,127.49823760986328,245.76548767089844,206.4664306640625,437.33624267578125,444.4271240234375,550.3713989257812,142.82737731933594,286.659912109375,591.098388671875,86.549072265625,82.32982635498047,539.5598754882812,147.947265625,141.2947540283203,133.35751342773438,410.1939392089844,1364.43994140625,73.97760772705078,119.89093780517578,8016.18017578125,167.18646240234375,86.29467010498047,92.75069427490234,138.4652862548828,142.1212158203125,23.905567169189453,78.0388412475586,159.16090393066406,231.2333984375,697.3438720703125,123.61933135986328,32.04525375366211,111.86766815185547,193.47999572753906,167.44622802734375,260.4719543457031,667.467041015625,23.16808319091797,245.30845642089844,272.1659851074219,213.3818817138672,125.64742279052734,353.29840087890625,38.61256790161133,525.47998046875,487.4014892578125,79.17945861816406,97.5259780883789,94.29387664794922,385.6287841796875,22.201560974121094,145.18246459960938,44.45476150512695,122.51331329345703,227.06137084960938,71.38553619384766,358.4615783691406,522.3834228515625,239.5124969482422,103.66600799560547,44.90871810913086,337.3636474609375,271.0775451660156,35.71108627319336,206.37176513671875,94.3808364868164,215.23756408691406,206.63076782226562,101.67558288574219,166.55870056152344
2025-02-03,146.82504272460938,181.1653594970703,373.7010498046875,306.2300109863281,91.99644470214844,93.85929870605469,304.3713073730469,186.3546142578125,176.587890625,182.3354949951172,275.75604248046875,526.8397827148438,175.63674926757812,372.3271179199219,325.2186584472656,69.34258270263672,208.35855102539062,214.98817443847656,658.1099853515625,311.35772705078125,3432.199951171875,188.00518798828125,185.4412384033203,45.910526275634766,982.3512573242188,464.6099853515625,123.20851135253906,61.81093978881836,355.305908203125,82.93641662597656,26.622190475463867,83.93124389648438,339.169677734375,63.02367401123047,251.4709930419922,59.05000686645508,31.794885635375977,199.56581115722656,80.59943389892578,53.09635543823242,140.0583038330078,190.8000030517578,170.6300048828125,212.02963256835938,199.08900451660156,245.6400146484375,48.17808151245117,80.76880645751953,393.3742370605469,885.2588500976562,65.97254943847656,35.71433639526367,216.6199951171875,60.072574615478516,249.47064208984375,202.40599060058594,50.221431732177734,47.194759368896484,201.5907440185547,210.3101043701172,24.550060272216797,330.65582275390625,393.218994140625,109.44568634033203,286.8248596191406,249.0889129638672,157.49798583984375,246.12945556640625,258.9512939453125,31.051267623901367,73.20499420166016,25.954252243041992,60.72226333618164,122.59223175048828,243.85679626464844,207.21632385253906,445.26690673828125,437.1983642578125,558.8139038085938,142.74310302734375,286.5316467285156,596.1373291015625,86.27269744873047,81.35911560058594,531.4583740234375,145.8476104736328,142.54566955566406,132.134033203125,406.1024475097656,1342.4300537109375,73.67938232421875,116.48603057861328,7737.5,165.75112915039062,87.73733520507812,91.905029296875,139.35606384277344,141.7251434326172,23.617115020751953,76.63802337646484,161.81690979003906,233.56036376953125,686.21875,123.79972076416016,32.245540618896484,111.8581771850586,189.8800048828125,164.841552734375,254.8638458251953,661.3873291015625,22.613330841064453,241.6735382080078,264.9519958496094,217.50448608398438,126.59259796142578,352.785400390625,38.49753189086914,520.25,484.569091796875,78.85484313964844,94.21497344970703,91.47564697265625,385.4809265136719,22.688068389892578,142.32725524902344,43.77328109741211,122.04206848144531,232.06129455566406,71.96295928955078,356.2579040527344,527.862548828125,234.90185546875,100.9979019165039,44.053401947021484,341.3314514160156,268.1210632324219,36.2459831237793,203.11619567871094,95.51232147216797,218.61865234375,199.895263671875,101.92303466796875,167.57228088378906
2025-02-04,145.25430297851562,180.98435974121094,379.9195251464844,306.8500061035156,91.49817657470703,92.46122741699219,307.533203125,185.27713012695312,176.35086059570312,178.74085998535156,275.89923095703125,525.1527099609375,174.4618682861328,374.8895263671875,322.909912109375,68.9371337890625,208.77467346191406,219.6289825439453,662.9099731445312,310.669189453125,3459.0,184.06454467773438,184.88958740234375,46.45292663574219,984.2021484375,467.489990234375,123.05120849609375,62.52546310424805,355.6990051269531,82.21224975585938,26.661558151245117,83.42011260986328,354.072509765625,62.739261627197266,248.64425659179688,59.34022521972656,32.146968841552734,197.98670959472656,81.2216796875,53.475948333740234,143.69715881347656,194.57000732421875,169.49000549316406,212.77183532714844,199.71890258789062,244.98040771484375,47.516597747802734,67.79036712646484,390.34454345703125,894.2371826171875,66.24459075927734,35.45757293701172,214.22000122070312,59.975250244140625,250.28733825683594,200.49208068847656,50.896270751953125,47.854896545410156,206.63449096679688,212.97447204589844,25.348827362060547,331.1503601074219,395.84515380859375,109.12407684326172,289.30157470703125,252.65235900878906,156.44729614257812,245.39715576171875,260.04803466796875,29.84891128540039,74.10595703125,25.87896728515625,60.07046890258789,124.63233947753906,242.68601989746094,205.20042419433594,445.8453063964844,435.5279846191406,554.0179443359375,144.746337890625,286.8177795410156,599.6157836914062,86.69202423095703,81.05741882324219,532.7970581054688,147.44178771972656,152.1553955078125,131.75836181640625,407.5354309082031,1339.7099609375,73.804443359375,118.47305297851562,7788.5498046875,165.0531463623047,88.94599914550781,91.78839111328125,140.1905975341797,135.33067321777344,23.31964874267578,76.37300109863281,161.21282958984375,232.69712829589844,680.2320556640625,123.79972076416016,32.05479431152344,117.31536865234375,191.07000732421875,167.55274963378906,257.5311279296875,691.3399658203125,22.90481185913086,242.5085906982422,264.25799560546875,215.71376037597656,125.08228302001953,352.736083984375,39.51365661621094,523.8800048828125,480.1850280761719,77.74729919433594,94.41651153564453,92.4835433959961,386.7128601074219,22.688068389892578,142.042724609375,44.230716705322266,122.85692596435547,231.2328338623047,71.40511322021484,351.2873840332031,525.2337646484375,235.36582946777344,101.43350219726562,44.598548889160156,340.67010498046875,269.0208740234375,36.09185791015625,204.55538940429688,94.34280395507812,217.07469177246094,203.52207946777344,104.65455627441406,167.8646697998047
2025-02-05,146.1927947998047,182.69937133789062,386.3514404296875,311.3599853515625,92.58094787597656,93.88763427734375,311.56195068359375,187.35443115234375,178.43472290039062,178.47348022460938,293.83624267578125,527.9873657226562,177.6170196533203,379.7859802246094,320.4856872558594,68.74923706054688,212.11317443847656,229.07846069335938,680.52001953125,315.2923889160156,3474.080078125,186.06903076171875,185.6976776123047,47.31496047973633,983.0780639648438,473.7300109863281,125.29261779785156,63.1910400390625,352.6525573730469,83.41920471191406,26.75997543334961,83.53583526611328,360.30633544921875,63.630401611328125,250.33436584472656,60.530128479003906,32.1567497253418,198.96377563476562,81.2800064086914,52.84961700439453,143.48146057128906,195.99000549316406,172.52000427246094,209.92184448242188,201.5003662109375,245.83689880371094,48.17808151245117,64.34571838378906,390.5193786621094,906.06005859375,67.4734115600586,35.627132415771484,229.52999877929688,59.51107406616211,251.40542602539062,202.87203979492188,52.11879348754883,47.1060905456543,192.29910278320312,213.58934020996094,25.300710678100586,333.158203125,398.0865783691406,110.72239685058594,284.4068908691406,251.5441436767578,157.8024139404297,244.97320556640625,262.4646911621094,29.705774307250977,75.078125,26.010717391967773,60.50180435180664,123.85517120361328,245.95240783691406,203.50592041015625,444.7669982910156,431.8703918457031,561.1325073242188,146.84315490722656,288.435546875,603.173828125,87.37816619873047,81.41178894042969,535.4348754882812,148.1903076171875,152.54327392578125,133.8391876220703,408.4447021484375,1363.56005859375,71.73614501953125,124.64383697509766,7790.0,168.75941467285156,89.8826675415039,91.905029296875,141.4658203125,137.3772735595703,23.833454132080078,76.25941467285156,162.056640625,233.63543701171875,679.4133911132812,124.35989379882812,32.35044860839844,117.04013061523438,189.75999450683594,170.2833251953125,260.7357177734375,710.8487548828125,22.86720085144043,244.62075805664062,264.4730529785156,217.44544982910156,125.85205078125,359.5325622558594,39.39299774169922,528.4199829101562,480.7271728515625,78.57796478271484,95.3282470703125,93.38381958007812,393.3158874511719,22.89389419555664,143.46542358398438,44.501434326171875,123.22018432617188,236.28146362304688,71.81615447998047,353.58984375,519.8027954101562,236.3130645751953,101.55148315429688,44.53275680541992,344.9044494628906,271.2555236816406,36.38197326660156,205.6968536376953,95.93070220947266,219.6447296142578,204.79295349121094,104.57841491699219,171.20751953125
2025-02-06,145.8470458984375,183.86178588867188,375.7674255371094,307.70001220703125,92.70551300048828,94.62445068359375,315.1966857910156,186.25758361816406,180.53839111328125,181.11746215820312,284.2615661621094,531.2830810546875,179.78675842285156,382.10009765625,315.656494140625,69.25357818603516,209.74879455566406,228.44654846191406,677.4000244140625,314.9185791015625,3466.68994140625,172.51588439941406,188.8715362548828,45.50372314453125,975.442138671875,477.2200012207031,124.89939880371094,63.82726287841797,359.1385498046875,83.78128814697266,27.00602149963379,82.62931060791016,359.5660705566406,64.77749633789062,243.26751708984375,60.23991012573242,32.01982879638672,201.61859130859375,84.67314910888672,51.47357177734375,142.45919799804688,196.4499969482422,172.19000244140625,207.8238983154297,201.4314727783203,246.15194702148438,46.992923736572266,62.706336975097656,379.1676940917969,907.8402099609375,67.65165710449219,36.16488265991211,231.24000549316406,59.77310562133789,248.4400634765625,204.3396759033203,52.47088623046875,47.22431945800781,192.3090362548828,214.49696350097656,24.52118492126465,320.9923400878906,398.4136657714844,110.59569549560547,273.68768310546875,242.12437438964844,164.65655517578125,245.79220581054688,268.74407958984375,29.58172035217285,75.3421630859375,25.2014102935791,60.731849670410156,123.62200164794922,243.73873901367188,201.25633239746094,451.6095886230469,430.5744323730469,561.99462890625,148.70594787597656,298.8527526855469,596.0677490234375,86.549072265625,80.13793182373047,540.868896484375,148.06393432617188,147.32627868652344,135.91041564941406,410.9449768066406,1357.260009765625,69.0136947631836,128.4881134033203,7739.75,169.437744140625,88.71600341796875,93.36308288574219,140.659423828125,137.08489990234375,23.283588409423828,75.71992492675781,161.9320068359375,235.84043884277344,682.1060180664062,137.97512817382812,32.53166198730469,114.66744232177734,171.61000061035156,163.95069885253906,263.98919677734375,716.155029296875,23.16808319091797,268.3362121582031,262.6744384765625,218.0062713623047,125.48177337646484,360.26251220703125,38.65938186645508,533.1799926757812,485.2047424316406,78.36791229248047,95.5777587890625,94.47001647949219,390.3396301269531,22.875185012817383,143.71070861816406,44.94953155517578,123.85831451416016,240.90122985839844,80.44818878173828,353.4712829589844,510.39483642578125,235.37547302246094,102.9762954711914,44.87112808227539,342.96990966796875,274.103271484375,36.209720611572266,205.94497680664062,95.83562469482422,219.79129028320312,206.26910400390625,103.1983642578125,169.69691467285156
2025-02-07,143.44656372070312,181.60365295410156,374.44805908203125,301.1499938964844,93.03129577636719,94.79448699951172,317.5016174316406,184.6656036376953,177.77305603027344,182.71177673339844,280.2140197753906,528.2913818359375,178.924560546875,383.8779296875,298.63897705078125,69.02613067626953,208.21670532226562,222.0382537841797,679.239990234375,311.5938415527344,3420.18994140625,174.5203857421875,193.1296844482422,44.74824142456055,961.3136596679688,472.739990234375,125.21397399902344,62.8093147277832,357.59564208984375,83.10354614257812,26.326934814453125,83.67085266113281,362.2057189941406,65.12824249267578,244.99717712402344,60.23991012573242,31.873126983642578,199.41775512695312,83.80785369873047,51.25529861450195,143.1344451904297,195.5399932861328,168.24000549316406,204.6077117919922,199.3448944091797,243.56272888183594,46.019073486328125,63.45771408081055,380.0902404785156,902.93505859375,66.91059112548828,35.772464752197266,230.05999755859375,59.21160888671875,247.75949096679688,203.56619262695312,51.80583572387695,46.69226837158203,186.17100524902344,212.43768310546875,24.242101669311523,318.5393371582031,391.8818054199219,110.63467407226562,268.54833984375,241.07347106933594,163.82186889648438,246.2450714111328,267.6764831542969,29.619890213012695,73.94573974609375,25.446083068847656,61.19194412231445,118.46339416503906,242.29248046875,200.7401885986328,446.09039306640625,426.6097106933594,557.6248168945312,148.0226287841797,299.8589782714844,592.0325317382812,85.77716827392578,80.37737274169922,534.0862426757812,145.68238830566406,145.57113647460938,134.85072326660156,404.9461364746094,1390.0,66.06998443603516,129.6463623046875,7558.0498046875,171.51211547851562,87.78333282470703,92.17719268798828,138.49807739257812,136.3586883544922,23.202463150024414,77.92526245117188,161.05943298339844,235.13670349121094,676.1447143554688,137.1111297607422,32.56026840209961,114.1739273071289,169.02000427246094,162.63385009765625,258.3517761230469,704.1838989257812,22.98943519592285,264.2198791503906,262.3616638183594,217.51434326171875,124.67303466796875,355.6756591796875,38.76556396484375,525.8200073242188,485.2889099121094,78.2724380493164,95.4338150024414,94.08837890625,385.7371520996094,22.959388732910156,144.11297607421875,44.51076889038086,122.41514587402344,239.99484252929688,78.66696166992188,351.9297180175781,507.49652099609375,233.99325561523438,102.64958190917969,44.39176559448242,343.50286865234375,269.861328125,36.15532302856445,205.26011657714844,96.78646087646484,219.78150939941406,202.59339904785156,103.63618469238281,167.0752410888672
2025-02-10,141.9449920654297,181.35592651367188,375.3309020996094,304.989990234375,93.1366958618164,96.13888549804688,319.4322814941406,181.11285400390625,181.38775634765625,184.15756225585938,281.40728759765625,520.48193359375,179.9099578857422,382.97412109375,298.7447814941406,71.00395965576172,207.36549377441406,232.0802001953125,677.8499755859375,305.1902770996094,3427.550048828125,174.2926025390625,194.15748596191406,45.92021179199219,955.024658203125,470.1700134277344,125.0468521118164,64.82563781738281,356.9470520019531,83.25208282470703,25.68721580505371,82.89934539794922,364.1927185058594,65.58329772949219,243.51463317871094,60.76230239868164,32.352352142333984,201.3027801513672,84.54676055908203,51.52102279663086,146.08868408203125,192.6300048828125,161.64999389648438,201.38165283203125,200.32911682128906,242.12539672851562,46.092567443847656,67.04873657226562,384.67364501953125,912.4841918945312,66.51661682128906,35.71433639526367,230.64999389648438,60.26722717285156,249.22756958007812,203.50668334960938,51.88407516479492,45.884342193603516,187.22549438476562,210.54432678222656,25.00237274169922,314.79071044921875,398.2500915527344,109.11433410644531,261.17706298828125,239.7270965576172,164.10665893554688,248.22036743164062,263.05670166015625,29.486295700073242,74.31759643554688,25.474313735961914,61.872493743896484,119.1920166015625,241.12171936035156,202.98004150390625,451.7859802246094,430.2864685058594,560.33984375,146.8338165283203,300.33251953125,599.6952514648438,86.56813049316406,79.57284545898438,526.52001953125,145.5074005126953,149.12022399902344,132.27854919433594,407.38720703125,1340.489990234375,68.24409484863281,133.3708038330078,7518.0,175.89674377441406,87.33466339111328,93.37278747558594,138.7528839111328,136.14175415039062,23.31964874267578,79.86558532714844,160.6375274658203,234.28286743164062,672.9020385742188,139.16192626953125,32.6461067199707,117.41027069091797,168.4199981689453,165.92604064941406,255.14720153808594,684.7047729492188,22.641538619995117,263.826904296875,295.5380859375,218.5277557373047,124.9653549194336,354.2847595214844,39.77910232543945,531.3300170898438,481.69000244140625,78.49202728271484,94.09980773925781,95.7030029296875,386.9197998046875,23.258777618408203,146.8700408935547,44.0160026550293,122.69003295898438,249.3415985107422,77.36531829833984,356.1788635253906,513.6015014648438,236.1680908203125,103.60248565673828,44.062808990478516,346.67120361328125,265.5501708984375,36.21878433227539,206.81842041015625,96.2444839477539,220.9346160888672,204.6658477783203,105.61582946777344,167.54306030273438
2025-02-11,140.028564453125,182.77561950683594,378.3576354980469,299.7200012207031,94.07572937011719,97.14002990722656,317.17657470703125,183.8793487548828,180.93345642089844,183.51388549804688,283.1924133300781,520.1082763671875,183.2640838623047,381.5836181640625,297.7250671386719,69.1744613647461,207.04396057128906,232.0802001953125,669.260009765625,304.511474609375,3445.7900390625,174.26983642578125,193.51893615722656,45.85208511352539,957.5925903320312,472.6099853515625,126.21672058105469,63.778324127197266,355.9741516113281,84.69115447998047,25.204965591430664,84.25914001464844,362.8777770996094,65.83926391601562,243.88031005859375,60.39469909667969,32.381690979003906,202.71409606933594,85.4315185546875,52.19480895996094,147.65487670898438,193.08999633789062,157.63999938964844,199.52120971679688,199.44332885742188,257.1782531738281,46.6805534362793,69.0003890991211,379.89599609375,912.9679565429688,67.0137710571289,36.00985336303711,229.88999938964844,60.02765655517578,249.8595428466797,207.07666015625,51.248355865478516,46.012428283691406,186.1013641357422,206.48431396484375,25.493181228637695,320.20111083984375,400.5299987792969,108.60755920410156,251.91641235351562,244.94918823242188,163.9298858642578,249.25135803222656,266.890380859375,30.116100311279297,75.02570343017578,25.21082305908203,64.79597473144531,121.35843658447266,241.18075561523438,201.34397888183594,451.6683654785156,431.3808288574219,559.5570068359375,146.05685424804688,284.1049499511719,606.6621704101562,86.91120147705078,79.65904998779297,524.5665893554688,145.87680053710938,150.59417724609375,132.740966796875,406.6163635253906,1331.969970703125,68.62889099121094,132.6019744873047,7494.35986328125,174.1959686279297,88.26266479492188,93.97543334960938,137.8939971923828,137.3583984375,23.013164520263672,80.87834167480469,162.45933532714844,241.6766357421875,673.2481079101562,140.5006561279297,32.92268753051758,122.95287322998047,167.97999572753906,166.53604125976562,250.7701873779297,660.0087890625,22.93301773071289,267.3832702636719,296.9163513183594,219.6592559814453,125.8033447265625,356.4647521972656,40.32931900024414,529.1400146484375,505.25567626953125,79.6568603515625,94.63723754882812,95.73236846923828,384.83050537109375,23.530099868774414,146.05569458007812,44.1933708190918,122.40531921386719,252.13882446289062,79.62608337402344,360.45770263671875,514.131103515625,239.45452880859375,103.93826293945312,44.73013687133789,346.7503356933594,264.76904296875,36.70834732055664,206.57028198242188,97.65172576904297,221.5795440673828,201.772216796875,106.28204345703125,169.8625946044922
2025-02-12,136.4031219482422,183.89039611816406,377.2129211425781,297.2799987792969,93.19418334960938,97.58817291259766,319.74749755859375,183.78228759765625,178.6520233154297,183.692138671875,281.6650390625,518.2001342773438,179.56886291503906,384.1063537597656,298.5523681640625,68.9569091796875,205.98471069335938,233.3737335205078,665.0800170898438,301.39324951171875,3432.9599609375,171.4832763671875,198.29197692871094,45.17076873779297,943.5514526367188,471.7300109863281,124.90921783447266,62.251399993896484,345.9601745605469,83.30778503417969,25.48053550720215,83.64192199707031,355.08544921875,65.9340591430664,240.75706481933594,60.49142837524414,32.19586944580078,201.9344024658203,85.63568878173828,59.99556350708008,145.2727508544922,200.88999938964844,154.02999877929688,200.07537841796875,197.88824462890625,257.9658203125,48.3985710144043,67.36100769042969,374.4969787597656,904.80224609375,66.57290649414062,35.6949577331543,227.72999572753906,60.02016830444336,244.35659790039062,207.88980102539062,50.8669319152832,46.98785400390625,184.4698486328125,204.59095764160156,24.992752075195312,308.97479248046875,391.6605529785156,108.37364196777344,254.54971313476562,246.01669311523438,163.55673217773438,246.7172088623047,267.3368225097656,30.221067428588867,74.22759246826172,24.730886459350586,65.85993194580078,118.13308715820312,237.2551727294922,195.36451721191406,449.5312805175781,424.2865295410156,559.4579467773438,145.8602752685547,286.5218505859375,591.3468627929688,87.05414581298828,79.23761749267578,512.8060913085938,144.7103271484375,144.688720703125,132.0858917236328,404.24444580078125,1312.5999755859375,69.51394653320312,130.94442749023438,7300.3701171875,169.30996704101562,88.28666687011719,94.03376007080078,138.69625854492188,135.80224609375,22.95907974243164,80.39563751220703,162.6031951904297,240.9447479248047,670.6876220703125,142.3141326904297,32.92268753051758,118.67255401611328,166.57000732421875,164.8899383544922,250.40869140625,658.421875,22.556913375854492,268.2085266113281,295.1568603515625,219.9052276611328,123.53299713134766,350.6744384765625,40.01077651977539,509.7099914550781,496.84271240234375,79.17945861816406,94.2629623413086,97.082763671875,380.0506591796875,23.726573944091797,143.7303466796875,43.29718017578125,122.1402587890625,248.80555725097656,83.31574249267578,357.38446044921875,507.85272216796875,240.20846557617188,103.69322967529297,44.636146545410156,347.5115661621094,260.8533935546875,36.74461364746094,187.86065673828125,97.39500427246094,222.21473693847656,199.2989501953125,103.0843734741211,169.46299743652344
2025-02-13,134.79290771484375,184.31912231445312,377.8919677734375,303.4800109863281,94.16197204589844,96.29144287109375,323.6383056640625,187.12149047851562,181.99021911621094,182.63255310058594,283.48834228515625,530.868408203125,180.01417541503906,387.63214111328125,303.1795349121094,68.60089111328125,208.15994262695312,232.8306427001953,664.7000122070312,302.4753112792969,3469.7099609375,170.84548950195312,197.92013549804688,44.91770935058594,949.937255859375,480.489990234375,124.63397216796875,62.319915771484375,347.5914611816406,83.43778228759766,25.451011657714844,84.6256103515625,359.731689453125,66.19001007080078,241.68612670898438,61.758724212646484,32.37190628051758,203.29638671875,87.09406280517578,62.98489761352539,146.19183349609375,205.63999938964844,158.11000061035156,201.470703125,199.49253845214844,261.3524475097656,47.33285140991211,67.98554229736328,380.2650146484375,892.998779296875,67.08881378173828,36.23270034790039,229.8699951171875,61.14316177368164,239.33004760742188,206.62049865722656,50.96472930908203,47.18490219116211,186.90719604492188,205.17652893066406,25.291086196899414,318.4107971191406,396.7494201660156,109.42620086669922,247.5504150390625,249.2672882080078,165.530517578125,250.6099853515625,268.1811828613281,30.41192054748535,75.58546447753906,24.99437713623047,66.61717224121094,120.22179412841797,240.9150848388672,194.7704620361328,451.9722900390625,417.32659912109375,561.15234375,146.95547485351562,284.3416748046875,598.7709350585938,87.86417388916016,78.86406707763672,527.2042846679688,144.56451416015625,149.42083740234375,131.82579040527344,405.7268981933594,1297.1400146484375,70.4278335571289,135.08824157714844,7341.47998046875,170.92225646972656,89.04533386230469,95.2779541015625,140.2819061279297,136.3586883544922,23.112319946289062,82.29808807373047,163.98394775390625,245.95526123046875,685.9120483398438,141.6400146484375,32.817771911621094,119.14707946777344,167.92999267578125,166.69097900390625,254.11155700683594,668.7466430664062,22.613330841064453,273.63140869140625,291.9408874511719,220.8793182373047,122.6170654296875,356.2279968261719,40.618900299072266,528.2899780273438,506.9476623535156,80.06741333007812,95.03072357177734,99.30410766601562,382.7510070800781,23.97918128967285,150.3335418701172,43.371864318847656,123.92750549316406,258.3570251464844,84.79356384277344,357.0089416503906,511.49261474609375,242.58628845214844,104.94561004638672,44.54215621948242,351.6047668457031,266.3115234375,37.20698165893555,195.0169677734375,98.67863464355469,222.4102020263672,202.4174346923828,103.83338165283203,160.74034118652344
2025-02-14,133.03453063964844,183.76649475097656,376.40771484375,302.7200012207031,93.97032165527344,97.09236145019531,316.68408203125,182.13211059570312,167.10665893554688,181.75125122070312,280.1875915527344,536.9566650390625,179.43621826171875,384.3546447753906,304.1029968261719,68.1163330078125,206.5048828125,230.10537719726562,683.4099731445312,305.95745849609375,3458.550048828125,170.68605041503906,199.3308563232422,45.16103744506836,943.7549438476562,479.5899963378906,124.07360076904297,63.74895477294922,347.2180480957031,81.66448211669922,25.815156936645508,82.97649383544922,364.0758972167969,65.74382781982422,240.3488311767578,62.75514602661133,32.63597106933594,201.93182373046875,88.18297576904297,62.472442626953125,147.30128479003906,213.3800048828125,155.07000732421875,204.15249633789062,199.13819885253906,260.6337890625,45.99150848388672,67.02922058105469,377.9830322265625,903.2542724609375,66.81678771972656,36.22785568237305,230.60000610351562,60.34208679199219,235.22711181640625,206.53125,51.385284423828125,47.657840728759766,185.90240478515625,207.5090789794922,25.175600051879883,312.76300048828125,393.93084716796875,109.13382720947266,248.4803924560547,251.2772979736328,163.7040557861328,248.70211791992188,268.4432373046875,30.201982498168945,74.24638366699219,24.984966278076172,66.01329803466797,120.30921936035156,242.5089569091797,192.44297790527344,448.00201416015625,406.2579040527344,559.616455078125,146.96484375,279.6855163574219,590.044921875,88.44548797607422,78.2510986328125,522.960205078125,145.179931640625,151.33114624023438,133.85845947265625,403.6416015625,1271.9100341796875,70.26429748535156,138.6429443359375,7365.72021484375,171.21717834472656,87.91999816894531,94.4094009399414,138.9794158935547,135.23635864257812,23.013164520263672,81.06763458251953,156.1884307861328,246.39625549316406,692.268798828125,142.85533142089844,32.169246673583984,121.51976776123047,171.10000610351562,166.7684326171875,257.0426025390625,668.08203125,22.86720085144043,277.6593017578125,287.7767028808594,227.64865112304688,119.27491760253906,352.0159912109375,40.300357818603516,522.530029296875,504.4892272949219,80.29655456542969,95.16508483886719,99.29429626464844,379.60711669921875,24.203725814819336,149.8920440673828,44.193233489990234,122.44058227539062,263.9514465332031,85.83097076416016,358.96551513671875,504.10699462890625,240.89474487304688,105.47196197509766,44.880523681640625,349.8052978515625,267.42889404296875,37.16164779663086,186.78868103027344,98.75824737548828,222.53721618652344,209.7883758544922,103.93900299072266,153.51858520507812
2025-02-18,133.55810546875,186.98696899414062,375.9808349609375,295.6600036621094,94.22903442382812,97.44514465332031,321.4121398925781,183.4134063720703,169.87200927734375,182.56324768066406,281.7657775878906,538.068115234375,179.59725952148438,388.42669677734375,304.9496154785156,68.26466369628906,206.18333435058594,225.6521759033203,710.010009765625,307.73785400390625,3384.429931640625,170.9365997314453,203.1827850341797,45.725547790527344,947.5728759765625,482.82000732421875,124.11293029785156,65.17799377441406,347.88629150390625,82.9178466796875,25.32306671142578,83.31403350830078,369.2869873046875,66.44129943847656,239.17002868652344,62.48426055908203,32.9000358581543,201.45721435546875,86.60252380371094,62.22570037841797,148.07887268066406,211.97000122070312,155.83999633789062,202.40093994140625,202.12042236328125,262.0908203125,47.13072967529297,70.4446029663086,371.4090270996094,901.6095581054688,66.84493255615234,36.24238967895508,236.27999877929688,61.21053695678711,235.86883544921875,208.32615661621094,51.72758483886719,47.4213752746582,184.8379364013672,209.61715698242188,25.724149703979492,313.257568359375,387.9761657714844,109.95246887207031,251.8185272216797,252.998779296875,163.4978485107422,252.6912078857422,271.7043151855469,30.965381622314453,74.98910522460938,25.17317771911621,66.18583679199219,119.00743103027344,242.31216430664062,190.58291625976562,456.6581726074219,411.3938293457031,563.431396484375,147.48902893066406,284.519287109375,595.7396850585938,82.02245330810547,78.95028686523438,529.5148315429688,145.54136657714844,154.21115112304688,135.5540008544922,404.83746337890625,1273.1800537109375,74.64137268066406,139.19212341308594,7263.39990234375,176.7618865966797,86.38800048828125,95.2584457397461,140.0648193359375,135.90597534179688,23.040206909179688,81.96682739257812,158.62391662597656,247.64418029785156,687.5333862304688,141.2792510986328,32.617496490478516,123.64570617675781,170.7899932861328,168.1337127685547,255.7822723388672,674.4296264648438,23.1868896484375,281.6969909667969,295.6905822753906,224.8740234375,120.5903549194336,348.19854736328125,41.169105529785156,525.0,508.30303955078125,80.79303741455078,96.39352416992188,100.88936614990234,380.0309143066406,24.39084243774414,151.5109405517578,44.948509216308594,121.9383773803711,256.534423828125,87.10326385498047,358.6196594238281,482.17120361328125,242.77960205078125,106.24519348144531,45.05910110473633,352.69232177734375,269.703125,37.3520393371582,186.87802124023438,98.89253234863281,223.14308166503906,212.82864379882812,105.76350402832031,152.5050048828125
2025-02-19,135.48443603515625,188.03504943847656,378.5613708496094,299.05999755859375,93.80743408203125,98.29373168945312,322.4267272949219,185.9857635498047,171.90652465820312,187.01937866210938,283.18035888671875,540.408935546875,178.65924072265625,392.18096923828125,304.9976806640625,69.03601837158203,205.7672119140625,225.84963989257812,593.4199829101562,304.8557434082031,3396.4599609375,172.78163146972656,201.94676208496094,45.63795471191406,955.790283203125,483.7699890136719,124.60446166992188,64.5809326171875,346.9035339355469,82.8714370727539,25.6773738861084,84.30735778808594,376.0467834472656,67.02412414550781,243.1125946044922,62.72611999511719,31.69708824157715,205.80789184570312,86.27082824707031,63.01336669921875,149.09347534179688,213.24000549316406,152.5500030517578,202.8462371826172,201.6479949951172,262.11053466796875,48.159706115722656,69.6737060546875,380.371826171875,908.5562133789062,66.7136001586914,36.6105842590332,236.33999633789062,62.1239013671875,237.40496826171875,208.74261474609375,51.512420654296875,47.096229553222656,186.1610565185547,236.11453247070312,25.733774185180664,317.06561279296875,380.395751953125,110.06941986083984,259.92401123046875,254.20089721679688,163.94956970214844,254.47378540039062,271.02490234375,31.280284881591797,76.62091827392578,25.304922103881836,67.16352081298828,117.49189758300781,243.8174591064453,189.5603485107422,452.9721984863281,415.62744140625,563.3223876953125,147.39544677734375,283.6708984375,599.039306640625,82.9087142944336,79.56327056884766,516.5841064453125,146.72335815429688,152.7677459716797,135.5347137451172,409.90728759765625,1302.9300537109375,73.8621597290039,139.02235412597656,7176.91015625,178.4528350830078,86.38666534423828,95.93181610107422,141.61270141601562,137.51873779296875,23.337675094604492,81.57874298095703,159.6403045654297,252.9830780029297,693.5538940429688,142.22869873046875,32.798702239990234,123.34201049804688,169.9199981689453,169.6636199951172,257.94146728515625,680.043212890625,23.055255889892578,281.40228271484375,293.9134521484375,225.96617126464844,122.1980972290039,347.0740051269531,40.71542739868164,500.9800109863281,507.3028564453125,81.48046875,95.78889465332031,100.79150390625,382.8988342285156,24.54989242553711,153.11024475097656,44.87297821044922,121.53462982177734,256.6708984375,87.30879974365234,366.1693420410156,492.0990905761719,238.806884765625,105.85858917236328,44.28837585449219,351.2092590332031,262.0004577636719,38.08638381958008,191.8804931640625,99.34330749511719,223.3092041015625,208.8596649169922,105.91716003417969,152.66094970703125
2025-02-20,135.12879943847656,191.3984375,373.3420715332031,291.0199890136719,93.14627075195312,99.4951171875,320.25970458984375,183.63665771484375,174.23280334472656,186.94015502929688,286.70245361328125,532.1175537109375,182.2786865234375,390.39324951171875,302.3329772949219,68.60089111328125,207.47900390625,223.8847198486328,541.8099975585938,298.8947448730469,3406.659912109375,173.06259155273438,198.29672241210938,45.65741729736328,958.7360229492188,481.79998779296875,125.22380065917969,65.68698120117188,343.12005615234375,84.700439453125,24.171571731567383,84.74134063720703,374.410400390625,67.54961395263672,241.17103576660156,62.56166458129883,31.745986938476562,203.62266540527344,85.40255737304688,61.77017593383789,150.57273864746094,202.25,150.02000427246094,205.78530883789062,203.17352294921875,263.19342041015625,47.681968688964844,69.61515045166016,379.1968078613281,909.6881103515625,67.22014617919922,36.40226745605469,234.42999267578125,61.27043533325195,239.36892700195312,206.99732971191406,50.730003356933594,47.18490219116211,185.67359924316406,223.5050811767578,25.974367141723633,317.995361328125,379.6358337402344,109.51390838623047,265.58221435546875,254.60482788085938,163.78262329101562,255.86131286621094,258.9415588378906,31.623811721801758,76.9057388305664,25.022611618041992,67.134765625,119.1920166015625,245.1456298828125,192.0729217529297,452.8055419921875,418.8337707519531,558.1500244140625,149.84799194335938,283.3158264160156,599.8045654296875,83.80451202392578,79.2471923828125,501.799072265625,145.62928771972656,154.35745239257812,129.41737365722656,412.0759582519531,1303.1300048828125,74.2950668334961,139.9010467529297,7258.0,173.02609252929688,87.49600219726562,96.64423370361328,141.82032775878906,140.62167358398438,23.346689224243164,81.92894744873047,160.33070373535156,251.1534423828125,687.5333862304688,143.9092254638672,32.56980895996094,124.85102081298828,165.75999450683594,168.19180297851562,238.28395080566406,691.2055053710938,22.622732162475586,281.46124267578125,297.6838073730469,227.14686584472656,121.90576934814453,345.26885986328125,41.12084197998047,493.9700012207031,500.507080078125,82.12018585205078,95.6257553100586,100.43921661376953,380.8193664550781,24.465688705444336,152.84532165527344,44.04217529296875,121.10136413574219,258.66888427734375,84.67611694335938,362.3056335449219,483.798583984375,239.37718200683594,107.3313980102539,43.950016021728516,346.5229187011719,255.69195556640625,38.52155685424805,190.6794891357422,99.29534149169922,223.8955078125,204.63653564453125,107.54959869384766,153.42112731933594
2025-02-21,133.72605895996094,192.5417938232422,353.376953125,285.0,94.4206771850586,100.42951965332031,320.6832580566406,180.2198028564453,170.2434844970703,184.3754119873047,291.591064453125,521.7606811523438,181.4922637939453,386.9071350097656,298.1098937988281,66.83073425292969,207.04396057128906,215.90646362304688,513.219970703125,290.5730285644531,3368.97998046875,172.6829376220703,197.2064971923828,44.401859283447266,944.045654296875,478.739990234375,124.90921783447266,64.7277603149414,334.16741943359375,85.59172058105469,22.852764129638672,86.28437042236328,359.09423828125,68.30441284179688,239.1601104736328,61.89415740966797,31.589509963989258,202.1394500732422,82.7977523803711,60.2422981262207,148.79954528808594,199.94000244140625,146.57000732421875,208.0415802001953,197.37646484375,260.5845642089844,47.93001937866211,70.06404113769531,373.95318603515625,889.7868041992188,67.12633514404297,36.22785568237305,232.33999633789062,59.91535186767578,236.31605529785156,198.16171264648438,50.35835647583008,45.608463287353516,180.63978576660156,219.30845642089844,25.27183723449707,312.9707336425781,370.65093994140625,108.60755920410156,250.51657104492188,251.46966552734375,164.8431396484375,254.64723205566406,256.45703125,32.48263931274414,74.59846496582031,24.853219985961914,68.39042663574219,117.13246154785156,245.8146514892578,193.81610107421875,448.9823303222656,423.0865173339844,552.4325561523438,150.4002685546875,273.7173767089844,594.040283203125,85.71045684814453,77.5902328491211,485.7348327636719,141.6241912841797,149.93942260742188,126.864501953125,404.23309326171875,1286.5400390625,73.59280395507812,134.22950744628906,7094.7998046875,164.9744873046875,86.89399719238281,96.00013732910156,140.1686553955078,144.77146911621094,23.707256317138672,79.86558532714844,163.2264404296875,249.7647247314453,659.3680419921875,146.59619140625,33.11343765258789,122.22208404541016,161.64999389648438,160.18406677246094,228.8752899169922,695.4857177734375,21.992753982543945,272.79632568359375,289.8680725097656,227.15670776367188,120.74038696289062,339.8928527832031,40.290706634521484,474.8399963378906,498.6094665527344,83.16087341308594,94.7236099243164,98.6875991821289,377.24188232421875,24.905414581298828,152.2344512939453,43.10751724243164,119.25992584228516,258.4447021484375,82.7872543334961,350.63519287109375,449.13287353515625,237.34732055664062,107.0828628540039,43.11349868774414,344.5851135253906,250.02615356445312,38.76633071899414,183.49398803710938,99.79408264160156,222.83038330078125,190.80377197265625,106.29166412353516,156.3839111328125
2025-02-24,133.63714599609375,194.44740295410156,353.0374450683594,285.260009765625,94.7081298828125,101.34486389160156,323.5693664550781,183.21925354003906,166.867919921875,183.96937561035156,298.04815673828125,522.3015747070312,181.91864013671875,389.5092468261719,297.62884521484375,66.38572692871094,208.98275756835938,205.31158447265625,499.7300109863281,290.70086669921875,3401.0,174.8696746826172,199.51577758789062,43.428565979003906,923.2891235351562,498.4200134277344,125.39093017578125,65.13885498046875,333.06671142578125,85.93523406982422,23.25627899169922,86.90158081054688,352.78173828125,68.90633392333984,241.94371032714844,61.178279876708984,31.110286712646484,201.07156372070312,82.48556518554688,59.805755615234375,149.71932983398438,195.8699951171875,140.11000061035156,208.94212341308594,196.31349182128906,259.71820068359375,47.98514175415039,73.28424835205078,374.1085205078125,879.463623046875,67.7360610961914,36.22785568237305,232.08999633789062,59.9677619934082,239.43698120117188,197.05105590820312,49.66395950317383,45.884342193603516,180.25181579589844,217.4541473388672,25.733774185180664,316.08642578125,367.88043212890625,110.92704772949219,249.62574768066406,251.84471130371094,165.3832244873047,252.06494140625,253.6424102783203,32.55897903442383,73.10868072509766,24.909683227539062,67.66194915771484,116.39413452148438,247.369140625,194.62440490722656,449.50189208984375,422.6545104980469,553.908935546875,152.44093322753906,273.0169982910156,602.0407104492188,85.92963409423828,77.78179168701172,486.5281066894531,142.1125946044922,148.92510986328125,125.20752716064453,400.0641174316406,1309.969970703125,77.22916412353516,130.08572387695312,7062.02001953125,167.08815002441406,87.6606674194336,96.30266571044922,141.4711456298828,145.1015625,24.022750854492188,80.55652618408203,163.523681640625,255.80735778808594,651.5680541992188,148.38116455078125,33.266029357910156,121.69539642333984,162.5800018310547,155.99139404296875,232.1971435546875,708.3162841796875,22.039772033691406,270.8020324707031,287.3250732421875,228.9671173095703,122.83613586425781,339.2022705078125,40.08799362182617,470.0799865722656,498.4411926269531,83.23725891113281,94.57965850830078,97.93412017822266,382.30755615234375,25.017688751220703,150.9437255859375,42.80540084838867,119.61442565917969,261.3297119140625,82.59152221679688,342.7791442871094,444.4144592285156,234.2349090576172,106.92638397216797,42.86912155151367,345.9000549316406,248.74070739746094,39.2740364074707,180.88015747070312,100.59011840820312,224.4427490234375,190.3052215576172,106.84860229492188,161.11070251464844
2025-02-25,132.5504913330078,194.5045623779297,352.1061096191406,283.7200012207031,95.25430297851562,102.63204956054688,326.85931396484375,184.8985595703125,163.86851501464844,185.1279754638672,303.7354431152344,513.4199829101562,193.0516815185547,394.86260986328125,305.2958984375,64.28923034667969,211.48899841308594,199.98944091796875,496.6499938964844,288.5466613769531,3425.60009765625,174.67225646972656,198.91314697265625,42.86405563354492,928.3377075195312,499.82000732421875,125.64652252197266,65.77507019042969,336.4472961425781,86.65013122558594,23.364538192749023,89.00395202636719,353.349365234375,69.82357025146484,248.174560546875,62.17469787597656,31.38412857055664,203.51388549804688,82.76847839355469,60.413116455078125,148.3253936767578,191.27000427246094,142.7899932861328,208.2197265625,195.2308349609375,261.5690612792969,47.92083740234375,72.97199249267578,390.2959899902344,877.18994140625,68.45835876464844,36.14065933227539,232.3800048828125,59.59342956542969,242.97598266601562,197.6063995361328,48.5783576965332,46.02227783203125,176.4515838623047,220.6064910888672,25.242965698242188,329.4392395019531,378.33709716796875,113.45122528076172,253.8057403564453,247.88243103027344,168.1229248046875,254.88812255859375,249.81846618652344,33.34145736694336,71.85974884033203,24.561494827270508,68.52462005615234,120.77554321289062,248.78587341308594,198.6366729736328,458.2854919433594,430.516845703125,558.8931274414062,154.19139099121094,273.70751953125,623.2299194335938,86.22506713867188,78.72998809814453,486.18109130859375,143.14805603027344,146.86727905273438,124.85108184814453,394.0235595703125,1308.8900146484375,78.61443328857422,126.44114685058594,7335.39990234375,165.69212341308594,89.77200317382812,97.63966369628906,142.518798828125,147.52542114257812,24.103878021240234,80.79315948486328,165.546875,261.3338928222656,649.6798095703125,149.46353149414062,33.36140441894531,120.91014099121094,162.72000122070312,156.10755920410156,232.1092071533203,718.465576171875,21.973955154418945,263.4536437988281,283.5154113769531,229.75425720214844,124.70663452148438,348.23797607421875,39.5860481262207,457.95001220703125,498.59075927734375,67.4452896118164,93.29364776611328,97.58182525634766,384.65301513671875,24.933483123779297,149.70230102539062,42.62602996826172,120.82563018798828,263.6785583496094,82.23918151855469,344.6567687988281,452.9460754394531,237.67599487304688,108.72136688232422,43.151092529296875,348.1048583984375,246.99053955078125,39.62760543823242,180.9298553466797,101.5588150024414,225.4883575439453,191.95733642578125,105.36979675292969,164.24891662597656
2025-02-26,132.83697509765625,193.42788696289062,347.6435852050781,285.6700134277344,95.17764282226562,101.91695404052734,323.4117431640625,182.90863037109375,166.8085174560547,186.3459930419922,294.83404541015625,516.63623046875,190.1902618408203,396.51129150390625,301.9193420410156,65.4957046508789,209.55966186523438,210.25848388671875,572.4000244140625,291.2615966796875,3392.969970703125,172.80442810058594,198.9416046142578,42.348209381103516,924.2290649414062,494.1000061035156,125.0271987915039,64.69837951660156,336.66351318359375,85.0718002319336,23.7385311126709,86.95943450927734,358.89849853515625,69.9382095336914,248.29342651367188,61.99089813232422,31.276546478271484,202.0207977294922,82.0953369140625,60.60292053222656,147.11163330078125,198.60000610351562,144.97000122070312,207.2598114013672,194.5615692138672,262.3369445800781,48.334266662597656,71.50824737548828,374.9533386230469,885.2716064453125,68.30828094482422,35.79669189453125,229.7100067138672,59.82551574707031,242.3245849609375,199.92684936523438,48.910884857177734,47.746517181396484,173.79539489746094,221.46534729003906,24.944631576538086,316.4226989746094,375.63397216796875,112.64231872558594,249.69427490234375,246.04556274414062,168.0836181640625,251.88185119628906,251.16754150390625,32.19636535644531,73.20284271240234,24.62736701965332,67.86325073242188,118.05536651611328,247.99879455566406,197.03955078125,452.46240234375,423.8353271484375,556.1582641601562,153.72335815429688,278.3439025878906,619.7910766601562,86.32036590576172,79.05563354492188,487.0140380859375,144.01747131347656,142.683349609375,126.2479476928711,395.8357238769531,1289.52001953125,78.0853271484375,131.084228515625,7209.669921875,169.55572509765625,88.69466400146484,96.3514633178711,140.8765106201172,142.89462280273438,23.815425872802734,81.30426788330078,164.25241088867188,256.5579833984375,653.0608520507812,146.9189910888672,33.25648498535156,120.12489318847656,163.02999877929688,156.9596710205078,238.49888610839844,702.0499267578125,21.983352661132812,270.9395751953125,281.8854675292969,227.84544372558594,124.67724609375,354.70892333984375,39.19028854370117,470.4599914550781,495.6128234863281,69.55532836914062,93.4088134765625,98.12003326416016,386.072265625,24.858638763427734,150.4708251953125,42.80540084838867,122.98218536376953,256.8949890136719,84.71527099609375,346.56390380859375,446.4077453613281,237.2796630859375,107.59835052490234,43.00071334838867,346.6613464355469,247.7222442626953,39.14710998535156,181.87399291992188,101.38616943359375,223.47532653808594,193.88314819335938,105.11053466796875,160.79884338378906
2025-02-27,125.53672790527344,195.34303283691406,346.207763671875,282.3500061035156,95.31179809570312,100.2674331665039,328.17926025390625,189.34437561035156,155.05838012695312,185.50428771972656,294.2951354980469,517.4231567382812,193.2601318359375,401.2488098144531,300.5340881347656,64.73424530029297,210.9215545654297,195.30917358398438,525.4400024414062,289.3926086425781,3444.68994140625,170.2000732421875,194.3412628173828,42.41633987426758,915.6240234375,502.4100036621094,125.31228637695312,62.721221923828125,334.1280822753906,86.76153564453125,23.12833595275879,86.98837280273438,356.39306640625,69.11653900146484,246.66883850097656,61.72970199584961,31.305885314941406,201.0913543701172,81.93923950195312,61.19129943847656,148.5624542236328,195.83999633789062,138.49000549316406,203.5686492919922,193.41001892089844,263.03594970703125,47.167476654052734,71.20574188232422,381.498291015625,885.3689575195312,69.114990234375,35.89358139038086,231.5800018310547,59.59342956542969,244.6385498046875,199.74832153320312,47.9230842590332,46.928733825683594,169.3286590576172,218.67410278320312,25.117860794067383,317.4414367675781,375.43194580078125,114.4842758178711,255.92999267578125,243.5354766845703,167.75958251953125,251.63134765625,251.41986083984375,32.07231521606445,69.30144500732422,24.665008544921875,67.93035125732422,116.93816375732422,244.4862823486328,199.54234313964844,451.21746826171875,428.5968933105469,559.6759033203125,156.23207092285156,274.07281494140625,617.0380859375,86.47283172607422,80.50190734863281,478.29766845703125,147.03594970703125,144.32180786132812,124.5042724609375,388.70587158203125,1253.300048828125,76.9790267944336,119.9708251953125,7181.9501953125,161.97601318359375,90.23066711425781,95.72687530517578,140.40460205078125,143.3756103515625,23.526973724365234,82.84705352783203,164.89486694335938,261.5684814453125,647.5345458984375,146.2353973388672,32.855926513671875,122.01141357421875,162.75,149.54258728027344,232.68565368652344,697.9187622070312,22.00215721130371,265.9686279296875,279.1755065917969,228.94744873046875,127.82087707519531,350.6843566894531,39.48952102661133,454.7099914550781,491.9793395996094,68.64830780029297,93.5911636352539,98.51145935058594,383.2733459472656,25.16738510131836,149.5249481201172,43.154720306396484,121.60356903076172,257.4700927734375,82.51321411132812,340.2099304199219,451.19354248046875,236.8833770751953,108.2795181274414,43.49885559082031,351.7135009765625,242.3728790283203,39.22870635986328,180.07513427734375,101.28067779541016,224.37435913085938,187.9687957763672,105.77311706542969,160.78907775878906
2025-02-28,126.36651611328125,199.1637420654297,338.08782958984375,274.2099914550781,97.3144302368164,101.11602020263672,332.6807861328125,193.31451416015625,156.47396850585938,187.45509338378906,296.4507141113281,528.468505859375,194.823486328125,406.33392333984375,304.1318664550781,65.86161041259766,213.91012573242188,196.91860961914062,528.4500122070312,296.04217529296875,3493.010009765625,171.24029541015625,198.208984375,43.39936828613281,947.4954223632812,513.8300170898438,127.28826141357422,63.425960540771484,338.0098571777344,87.3650131225586,23.55153465270996,87.92383575439453,360.3273010253906,69.79489135742188,251.15626525878906,62.01992416381836,31.433544158935547,205.17506408691406,81.29535675048828,62.36805725097656,150.41152954101562,198.44000244140625,139.36000061035156,205.59732055664062,196.1484375,264.8375244140625,50.01553726196289,70.50957489013672,385.3922119140625,879.7672119140625,69.57463073730469,36.68809509277344,235.69000244140625,59.60841369628906,245.5913848876953,205.25201416015625,49.32969665527344,48.406646728515625,171.32826232910156,223.42701721191406,25.377700805664062,302.9610595703125,381.5212707519531,115.273681640625,264.7207946777344,242.77572631835938,170.10647583007812,254.35816955566406,256.85491943359375,31.986427307128906,70.26093292236328,25.502546310424805,68.25624084472656,116.2192611694336,247.6929473876953,200.72071838378906,457.8541259765625,432.3504333496094,571.061279296875,157.37408447265625,277.2762145996094,636.3289794921875,87.69263458251953,82.54197692871094,479.09100341796875,151.52947998046875,146.4674072265625,128.2324676513672,393.12237548828125,1272.719970703125,76.41146087646484,124.73370361328125,7245.580078125,163.25404357910156,91.57599639892578,97.37616729736328,143.15115356445312,144.7431640625,23.824438095092773,84.27627563476562,166.68789672851562,264.5991516113281,660.8905029296875,147.43170166015625,33.58076095581055,124.19480895996094,163.6300048828125,152.18600463867188,240.4431610107422,693.9066772460938,22.29364013671875,266.37139892578125,281.94439697265625,233.20777893066406,130.23980712890625,357.3525695800781,40.21348571777344,457.2799987792969,499.826904296875,68.33323669433594,95.23226165771484,99.7248764038086,380.6025390625,25.644533157348633,151.76153564453125,43.75894546508789,122.85417175292969,263.7286376953125,83.59955596923828,349.5185546875,457.3563232421875,239.76023864746094,109.56822967529297,44.08160400390625,358.6046142578125,244.53834533691406,39.07457733154297,184.21949768066406,102.32609558105469,227.47206115722656,190.2172393798828,106.9062271118164,162.99168395996094
2025-03-03,124.79582977294922,201.4980926513672,334.6827087402344,272.0299987792969,99.33622741699219,102.68925476074219,336.6799621582031,196.13925170898438,150.5939178466797,184.73190307617188,299.0682067871094,523.1768798828125,198.60397338867188,406.5325927734375,298.84100341796875,62.74653244018555,215.70704650878906,185.01048278808594,525.75,290.6615295410156,3477.760009765625,173.45741271972656,195.44845581054688,42.43579864501953,936.5357055664062,510.0799865722656,126.99333190917969,61.918609619140625,326.3055114746094,88.99905395507812,22.89212989807129,89.50543975830078,348.3777160644531,70.75989532470703,252.9789581298828,61.41046142578125,31.354984283447266,205.1058349609375,81.47096252441406,61.589874267578125,145.16770935058594,198.10000610351562,137.24000549316406,203.54885864257812,190.74069213867188,265.6349792480469,50.778079986572266,68.81326293945312,384.0521240234375,885.5633544921875,70.37196350097656,36.03407669067383,237.7899932861328,59.203731536865234,246.9914093017578,200.27394104003906,47.46077346801758,46.68241882324219,167.7866973876953,220.78216552734375,24.06887435913086,307.88677978515625,374.8739929199219,117.24125671386719,256.0279235839844,240.6118621826172,170.07704162597656,252.67196655273438,252.94363403320312,32.568519592285156,68.50747680664062,25.540189743041992,69.3201904296875,114.5677261352539,250.6529541015625,202.26913452148438,453.1486511230469,437.06005859375,569.683837890625,159.99510192871094,274.5770568847656,641.283935546875,89.86542510986328,82.08222961425781,466.6257629394531,149.86883544921875,142.21519470214844,124.39830780029297,384.7052307128906,1268.6400146484375,75.81200408935547,113.88990020751953,7200.2900390625,159.28231811523438,91.732666015625,98.30327606201172,144.7556610107422,147.119873046875,23.66218376159668,83.8976821899414,168.3659210205078,267.4891357421875,643.1452026367188,150.76429748535156,34.01947021484375,119.69395446777344,160.55999755859375,148.7485809326172,235.57762145996094,680.132568359375,21.98954963684082,257.74578857421875,273.578857421875,235.76596069335938,131.0624237060547,352.6568603515625,38.437374114990234,443.260009765625,495.6783752441406,68.2091064453125,93.07292175292969,97.91453552246094,389.1668395996094,25.934566497802734,148.38204956054688,42.89037322998047,121.65279388427734,266.7991943359375,82.29790496826172,342.1467590332031,449.739501953125,238.90493774414062,109.77995300292969,43.46126174926758,357.7247009277344,237.0828399658203,39.772666931152344,180.53233337402344,103.92778778076172,228.4492645263672,183.4817352294922,103.47808837890625,166.19808959960938
2025-03-04,121.56553649902344,197.95367431640625,335.4490966796875,267.42999267578125,95.81964874267578,100.34369659423828,332.2178649902344,193.1980438232422,151.32644653320312,181.54327392578125,300.42510986328125,489.9817199707031,196.24472045898438,401.92413330078125,293.7424621582031,62.35096740722656,210.89317321777344,185.11911010742188,528.280029296875,278.83795166015625,3473.659912109375,170.2836151123047,193.5615997314453,41.7155647277832,922.3103637695312,495.8599853515625,124.17192077636719,60.75384521484375,321.10687255859375,87.46714782714844,21.563480377197266,87.8177490234375,339.9122314453125,69.62291717529297,250.89869689941406,61.197635650634766,30.638134002685547,202.2680206298828,81.69534301757812,60.935062408447266,144.13412475585938,193.41000366210938,133.77999877929688,203.76657104492188,181.6324462890625,263.6167907714844,50.36465072631836,66.76396179199219,385.77093505859375,885.0382690429688,68.8898696899414,35.96141052246094,223.9199981689453,57.862281799316406,243.84130859375,197.1105499267578,45.72956085205078,44.55421447753906,171.71621704101562,214.8288116455078,23.241233825683594,308.6483154296875,367.1685791015625,114.51016998291016,257.2418212890625,243.5162353515625,166.7874298095703,246.01382446289062,242.8790740966797,32.062767028808594,69.28557586669922,25.399030685424805,67.27854919433594,115.36434936523438,253.3860321044922,201.66534423828125,452.2663879394531,434.0428161621094,550.0146484375,157.4021453857422,267.7353515625,640.4481201171875,88.65514373779297,78.11700439453125,458.7990417480469,142.4838104248047,139.0943145751953,117.25982666015625,384.82403564453125,1240.969970703125,74.75811004638672,115.8170166015625,7201.7099609375,154.80918884277344,90.45133209228516,97.21025848388672,143.46261596679688,145.42222595214844,23.211475372314453,81.03925323486328,166.05506896972656,265.71575927734375,617.777587890625,146.16891479492188,33.11343765258789,117.10835266113281,158.44000244140625,149.56195068359375,221.80172729492188,670.8174438476562,21.24833106994629,248.2753448486328,263.0139465332031,232.14517211914062,126.03850555419922,351.2233581542969,37.72306823730469,445.4700012207031,483.97259521484375,67.43574523925781,88.00562286376953,92.0627670288086,384.2785949707031,24.531179428100586,145.85975646972656,41.3137321472168,119.88029479980469,258.8000183105469,79.53800964355469,339.1427307128906,457.0193176269531,234.73545837402344,107.50629425048828,41.92921447753906,348.2431945800781,232.22787475585938,38.86606216430664,176.55691528320312,101.18476867675781,224.71636962890625,179.4247589111328,103.2668228149414,165.5841064453125
2025-03-05,124.97364807128906,201.55526733398438,337.85504150390625,267.239990234375,94.60274505615234,98.57977294921875,335.6851501464844,193.71250915527344,153.75172424316406,183.2366180419922,304.6400451660156,500.7221984863281,197.73228454589844,401.3183288574219,299.7356262207031,63.99256134033203,212.2928924560547,189.16748046875,534.9600219726562,279.536376953125,3555.8798828125,170.16970825195312,194.3147735595703,41.189979553222656,938.1539306640625,498.5,125.26313018798828,63.49448013305664,332.6441345214844,87.85708618164062,21.98668098449707,88.4831771850586,339.9122314453125,69.15475463867188,249.16514587402344,61.874813079833984,30.363176345825195,202.9898223876953,82.2319107055664,62.5863151550293,143.00572204589844,195.0800018310547,136.08999633789062,208.36814880371094,187.2276611328125,265.4479675292969,50.70458221435547,70.50957489013672,385.9651184082031,895.7166137695312,69.10560607910156,36.08736801147461,225.9600067138672,58.5367546081543,255.66390991210938,200.8094024658203,46.270565032958984,47.76622009277344,174.0839385986328,219.40606689453125,23.444766998291016,316.145751953125,371.6610412597656,115.23453521728516,256.59564208984375,241.72747802734375,168.5157012939453,251.53501892089844,244.1213836669922,31.776493072509766,70.95181274414062,25.154356002807617,67.17311096191406,118.55081939697266,250.89962768554688,205.02513122558594,459.030517578125,445.26092529296875,553.2152709960938,159.1619873046875,268.031982421875,636.398681640625,89.63670349121094,79.5536880493164,474.40289306640625,144.1933135986328,131.7797088623047,119.21543884277344,397.1131591796875,1257.8399658203125,75.23188781738281,117.12506866455078,7387.7900390625,158.83006286621094,89.31133270263672,98.91809844970703,143.55699157714844,145.12986755371094,23.382747650146484,82.40220642089844,167.42625427246094,264.4677734375,632.7548828125,145.39988708496094,32.941768646240234,114.66639709472656,161.16000366210938,153.46414184570312,225.99310302734375,682.3969116210938,20.99175453186035,246.04525756835938,268.6989440917969,231.96803283691406,126.9590835571289,358.1829528808594,38.0609130859375,447.9599914550781,489.6756591796875,68.64830780029297,88.81179809570312,90.44815063476562,389.965087890625,24.493757247924805,148.55938720703125,40.70006561279297,121.16044616699219,256.9322204589844,79.54779815673828,344.5282287597656,458.3385314941406,236.76673889160156,109.55902862548828,41.9856071472168,348.6881103515625,237.65634155273438,38.838863372802734,178.78317260742188,100.1968994140625,225.13653564453125,183.41329956054688,101.2502670288086,162.75778198242188
2025-03-06,125.0131607055664,200.8025665283203,331.6268005371094,260.3900146484375,93.0792007446289,97.81700897216797,334.75921630859375,191.6449432373047,150.00987243652344,182.3453826904297,305.8428955078125,494.68316650390625,196.064697265625,398.8651428222656,299.1391906738281,61.06538391113281,206.646728515625,177.19021606445312,499.30999755859375,271.13592529296875,3615.7900390625,171.09605407714844,185.56253051757812,40.78119659423828,929.9171752929688,497.8399963378906,124.86006927490234,63.98387145996094,335.12066650390625,88.36772918701172,20.539932250976562,89.96834564208984,337.50469970703125,68.4477310180664,251.38409423828125,61.34273910522461,30.372995376586914,198.35238647460938,81.51974487304688,61.922019958496094,145.03497314453125,180.11000061035156,131.92999267578125,212.57391357421875,183.56658935546875,262.120361328125,50.603519439697266,70.14678192138672,391.1116943359375,847.9461059570312,67.45465087890625,37.71514892578125,219.9499969482422,57.85478973388672,257.2098083496094,194.41323852539062,44.765586853027344,46.50506591796875,173.30796813964844,216.57577514648438,23.69675636291504,318.24261474609375,367.2166748046875,114.22628784179688,260.1589660644531,239.16929626464844,166.59103393554688,255.44699096679688,239.2783203125,31.995969772338867,68.6046142578125,24.759113311767578,67.537353515625,122.54366302490234,250.68255615234375,208.1999053955078,456.9816589355469,446.3052978515625,544.8125,156.11036682128906,259.6578369140625,638.4581298828125,88.75043487548828,78.74915313720703,472.69451904296875,143.538818359375,134.1593780517578,114.99593353271484,393.0234069824219,1272.5400390625,75.13519287109375,110.40510559082031,7494.919921875,148.3895263671875,88.73733520507812,100.09894561767578,141.4711456298828,145.818359375,23.653169631958008,82.00466918945312,167.4741973876953,263.8204040527344,623.7388305664062,145.7891387939453,32.32183837890625,117.5871810913086,160.55999755859375,151.90652465820312,210.58558654785156,693.6087646484375,20.858713150024414,234.1482391357422,266.892333984375,227.76673889160156,125.627197265625,355.968505859375,38.379451751708984,445.7300109863281,481.53778076171875,66.47142791748047,86.21097564697266,84.78230285644531,376.7786865234375,25.008333206176758,145.12078857421875,39.87870407104492,118.80694580078125,257.1376037597656,76.39262390136719,337.6900939941406,469.6434020996094,238.380126953125,110.92138671875,41.713043212890625,340.2645568847656,232.53440856933594,40.09904098510742,176.49729919433594,99.55430603027344,220.80758666992188,178.33966064453125,103.3436508178711,163.00140380859375
2025-03-07,125.16132354736328,204.1754913330078,331.9566650390625,259.75,94.46858215332031,99.75257110595703,319.7582092285156,194.84823608398438,154.1080780029297,182.1968536376953,312.61761474609375,491.1324462890625,201.1432647705078,400.3450012207031,304.38201904296875,62.23229217529297,206.5994415283203,192.50491333007812,526.4000244140625,268.7456359863281,3614.969970703125,174.28500366210938,185.0481719970703,41.7447624206543,922.6001586914062,495.6199951171875,124.35869598388672,65.9610366821289,344.2502136230469,90.73521423339844,20.313568115234375,93.29551696777344,334.83294677734375,69.82357025146484,252.1864776611328,61.85546875,30.697052001953125,200.78482055664062,81.19780731201172,62.94694137573242,148.24954223632812,178.0800018310547,126.72000122070312,209.86245727539062,183.19158935546875,265.08367919921875,51.81623840332031,71.88230895996094,397.6080322265625,835.90625,67.51093292236328,38.747039794921875,218.0399932861328,57.40513610839844,264.0252990722656,192.2316131591797,45.1787223815918,46.86066818237305,174.83998107910156,214.06756591796875,24.229812622070312,326.551025390625,362.47406005859375,115.31285095214844,254.28541564941406,251.5273895263672,167.17042541503906,264.4754638671875,235.14381408691406,31.814666748046875,70.5037841796875,24.59913444519043,68.46711730957031,121.62073516845703,249.65643310546875,214.3448944091797,459.5402526855469,458.0552673339844,541.7903442382812,155.72657775878906,259.7764587402344,640.9754638671875,90.05601501464844,78.77787780761719,457.2793884277344,142.9136199951172,134.149658203125,114.91886901855469,389.478271484375,1291.56005859375,75.98603057861328,112.5219497680664,7393.2099609375,152.53822326660156,87.93399810791016,101.50425720214844,144.8594970703125,146.9458465576172,24.094865798950195,81.02978515625,168.71112060546875,262.5536804199219,627.5153198242188,143.32054138183594,32.493507385253906,120.83353424072266,162.64999389648438,156.94931030273438,209.81105041503906,702.6160278320312,20.972747802734375,228.5386505126953,271.5267028808594,230.4134521484375,125.74470520019531,359.4681091308594,39.93355178833008,450.8800048828125,465.4212646484375,66.16590118408203,86.0382308959961,86.11312866210938,373.81219482421875,25.373214721679688,148.58895874023438,39.83149719238281,117.44802856445312,259.376953125,73.64043426513672,341.62396240234375,475.1899108886719,242.30662536621094,111.95236206054688,42.03260803222656,341.4114685058594,218.42430114746094,41.75812911987305,178.18682861328125,102.4699478149414,224.31570434570312,184.1855926513672,104.6880111694336,166.0421905517578
2025-03-10,120.41962432861328,206.43360900878906,325.28216552734375,248.39999389648438,95.10099792480469,102.32694244384766,317.6363220214844,193.88243103027344,148.4755401611328,177.62188720703125,315.02337646484375,472.4742736816406,201.88230895996094,396.2729187011719,292.164794921875,61.10493469238281,204.63229370117188,182.12725830078125,515.4500122070312,257.0499267578125,3690.1201171875,173.48416137695312,176.2439422607422,40.060951232910156,891.753173828125,497.1000061035156,121.83221435546875,65.62825012207031,339.2480773925781,91.46865844726562,18.778240203857422,94.02845001220703,327.1111755371094,70.71212005615234,259.10089111328125,60.0367546081543,30.098037719726562,198.36227416992188,81.9489974975586,61.90304946899414,149.4158935546875,177.86000061035156,121.11000061035156,203.0936279296875,175.3957977294922,261.5592041015625,52.3582878112793,70.63703155517578,399.36328125,807.8099365234375,66.48846435546875,38.659847259521484,214.6199951171875,56.146121978759766,264.39471435546875,190.87054443359375,44.27376937866211,47.492855072021484,167.1312713623047,210.14419555664062,24.123199462890625,332.4955749511719,360.4057922363281,114.87234497070312,245.95477294921875,247.06495666503906,166.10003662109375,257.9136962890625,225.38014221191406,31.051267623901367,67.23973083496094,24.59913444519043,68.48628234863281,121.64988708496094,240.8750762939453,213.31675720214844,452.9623718261719,463.3935852050781,532.2281494140625,156.6439208984375,254.3090362548828,655.5218505859375,89.3889389038086,75.83747863769531,464.967041015625,144.2030792236328,132.8915252685547,107.59735107421875,376.4563903808594,1294.4000244140625,73.86860656738281,106.82046508789062,7503.419921875,146.27586364746094,89.77200317382812,101.41642761230469,145.84109497070312,148.66802978515625,24.013734817504883,79.20303344726562,169.00833129882812,261.4934387207031,599.6861572265625,142.978759765625,32.95787811279297,120.78565216064453,161.02000427246094,150.87460327148438,203.173583984375,739.6778564453125,20.459596633911133,214.55894470214844,265.4686279296875,229.547607421875,125.86223602294922,353.69482421875,39.7115364074707,429.8500061035156,457.3583984375,66.32820129394531,83.30303955078125,84.55722045898438,364.7650451660156,25.522905349731445,145.86959838867188,38.11323928833008,115.81339263916016,260.73626708984375,69.49250030517578,335.28216552734375,464.3975830078125,241.31527709960938,111.03184509277344,39.82382583618164,337.6148986816406,219.345947265625,42.14796829223633,174.420166015625,104.52243041992188,222.57630920410156,181.06712341308594,107.3575439453125,167.43585205078125
2025-03-11,119.56018829345703,203.50851440429688,317.9966125488281,250.85000610351562,94.45438385009766,99.57140350341797,321.48529052734375,196.65301513671875,145.50582885742188,177.11685180664062,306.87261962890625,470.1924133300781,198.7650604248047,397.0177917480469,286.748779296875,60.95659637451172,201.38836669921875,187.6962432861328,526.6400146484375,251.21681213378906,3562.760009765625,171.55441284179688,172.37857055664062,40.73252868652344,886.9888305664062,496.25,122.06814575195312,64.2579345703125,333.90203857421875,90.64236450195312,18.797924041748047,90.74951171875,322.3744201660156,68.86812591552734,258.21923828125,58.69207000732422,28.988388061523438,194.35765075683594,80.45635223388672,61.665794372558594,146.1064910888672,183.72999572753906,120.52999877929688,203.46969604492188,178.38583374023438,255.04188537597656,51.503875732421875,68.24456024169922,411.5426330566406,813.2657470703125,65.45661926269531,37.47291946411133,213.41000366210938,55.606544494628906,256.7917175292969,190.47315979003906,44.17540740966797,47.69041442871094,165.3086700439453,208.0849151611328,23.900285720825195,320.0229797363281,354.16259765625,114.71573638916016,244.92691040039062,239.41932678222656,165.3242950439453,245.53207397460938,222.39083862304688,31.719242095947266,65.83815002441406,24.853219985961914,68.09329986572266,117.97765350341797,236.0601348876953,207.91163635253906,445.1297302246094,453.4423522949219,521.01123046875,154.45347595214844,243.52252197265625,649.9003295898438,88.89339447021484,75.13829040527344,461.272216796875,144.12493896484375,131.38961791992188,107.93452453613281,376.74359130859375,1243.1700439453125,71.71249389648438,108.59780883789062,7361.22021484375,141.74374389648438,88.27066802978516,98.71316528320312,138.27154541015625,144.938232421875,23.42781639099121,78.4458236694336,165.99754333496094,259.8514099121094,604.223876953125,144.41244506835938,32.95787811279297,118.31497192382812,157.27999877929688,149.04440307617188,203.11476135253906,713.1922607421875,19.946441650390625,219.27452087402344,260.3432312011719,227.98318481445312,125.46070861816406,348.9891357421875,38.68834686279297,430.67999267578125,449.50146484375,65.678955078125,82.26654815673828,85.10521697998047,360.00494384765625,24.334705352783203,142.43099975585938,37.678951263427734,114.34614562988281,250.99642944335938,70.74082946777344,330.92218017578125,470.0258483886719,231.1005096435547,107.1104736328125,39.062503814697266,328.380615234375,222.6855926513672,39.373756408691406,174.83758544921875,101.44373321533203,219.09747314453125,170.998046875,104.82244873046875,160.21409606933594
2025-03-12,118.39451599121094,202.0507354736328,314.63995361328125,251.85000610351562,94.04903411865234,98.16978454589844,320.82403564453125,193.4044189453125,147.554931640625,175.48292541503906,300.723388671875,472.5627746582031,195.83731079101562,395.57769775390625,283.44921875,62.13340377807617,198.6456756591797,191.7841033935547,557.8900146484375,256.48919677734375,3547.1298828125,170.7154083251953,174.2439422607422,41.345706939697266,886.6868896484375,495.94000244140625,124.68312072753906,64.04259490966797,332.2904052734375,88.46985626220703,19.19159698486328,87.58628845214844,323.6564636230469,68.00822448730469,251.6119384765625,58.488914489746094,29.01784324645996,190.056396484375,77.55886840820312,61.532936096191406,144.76947021484375,187.6999969482422,121.58000183105469,202.8264617919922,179.3529052734375,251.2220458984375,50.97101593017578,65.14610290527344,400.8162841796875,831.5006103515625,64.69681549072266,36.814056396484375,211.3300018310547,55.366729736328125,252.79576110839844,193.7318115234375,44.65739059448242,47.31505584716797,168.31646728515625,210.42721557617188,23.948745727539062,309.45941162109375,350.8630065917969,113.33548736572266,243.85987854003906,240.07330322265625,165.972412109375,242.14036560058594,221.18736267089844,31.308914184570312,67.44093322753906,24.956737518310547,67.03892517089844,115.53921508789062,233.6724090576172,204.60195922851562,442.28680419921875,446.3052978515625,519.8618774414062,151.429931640625,241.0508270263672,637.4334106445312,87.20662689208984,75.83747863769531,461.5205078125,146.76243591308594,133.73028564453125,109.82270812988281,379.53607177734375,1216.02001953125,71.14203643798828,115.57803344726562,7350.47998046875,148.34039306640625,87.28600311279297,97.50303649902344,136.86521911621094,140.98008728027344,23.175418853759766,78.35032653808594,161.44296264648438,260.4237060546875,606.1516723632812,143.67185974121094,32.65983581542969,118.72675323486328,157.0,148.75238037109375,203.30104064941406,684.7305297851562,20.01296043395996,221.2982635498047,257.230712890625,226.9205780029297,125.31381225585938,345.8355712890625,38.65938186645508,432.4599914550781,447.8719787597656,65.83171844482422,82.30493927001953,84.870361328125,358.5758972167969,24.063385009765625,141.07131958007812,37.61286544799805,113.57805633544922,249.9598388671875,70.4655990600586,336.282958984375,465.25823974609375,230.8186492919922,106.0979232788086,39.17529296875,329.0727233886719,225.12342834472656,38.612213134765625,174.9170684814453,100.45584869384766,217.77825927734375,170.9784698486328,104.79363250732422,157.5729217529297
2025-03-13,115.90512084960938,201.56480407714844,307.5968933105469,246.92999267578125,94.5412368774414,99.3902359008789,318.6232604980469,197.06277465820312,148.43592834472656,171.224853515625,300.8581237792969,464.527099609375,196.86061096191406,391.5155334472656,281.71759033203125,60.936824798583984,196.58396911621094,188.95025634765625,534.5599975585938,252.23980712890625,3545.64990234375,169.9298095703125,170.0815887451172,40.62546920776367,877.3333740234375,504.25,124.13259887695312,62.88761520385742,327.5536193847656,88.2841567993164,18.817607879638672,87.2969741821289,306.2459411621094,68.67703247070312,253.60304260253906,57.72467041015625,28.605409622192383,188.4446563720703,76.42719268798828,62.396514892578125,145.66079711914062,178.2899932861328,117.04000091552734,201.9654998779297,174.7543487548828,247.21517944335938,51.29256820678711,63.59687805175781,406.87176513671875,811.0386962890625,64.049560546875,35.69979476928711,209.4499969482422,53.82293701171875,253.9138641357422,191.16856384277344,44.8541145324707,46.53470230102539,164.063720703125,204.33718872070312,23.590145111083984,311.3584899902344,336.1674499511719,114.04029083251953,246.4246368408203,236.3899383544922,166.09024047851562,241.24424743652344,218.55718994140625,31.595184326171875,67.55096435546875,24.975557327270508,66.73219299316406,113.01334381103516,232.5081329345703,206.78555297851562,445.81787109375,452.52362060546875,515.095703125,151.40187072753906,234.60459899902344,640.4481201171875,87.9880599975586,74.41996002197266,461.9178466796875,142.71827697753906,133.6327667236328,107.58771514892578,375.07989501953125,1201.989990234375,70.2331771850586,115.41825103759766,7130.75,145.1649627685547,85.96600341796875,97.21025848388672,135.49667358398438,141.141845703125,23.076263427734375,76.92716217041016,161.65391540527344,262.1595764160156,584.9066162109375,142.8838348388672,32.8328971862793,117.30945587158203,153.3000030517578,147.9151153564453,203.83045959472656,675.902099609375,19.80390167236328,212.86915588378906,250.66197204589844,225.59226989746094,126.52816009521484,338.19384765625,38.54355239868164,428.5799865722656,449.36102294921875,64.78146362304688,81.0669174194336,83.78416442871094,358.3985290527344,24.409555435180664,139.1401824951172,37.27299118041992,111.08671569824219,253.37269592285156,68.51941680908203,335.8172302246094,465.65478515625,227.70855712890625,106.07030487060547,38.46096420288086,324.83123779296875,223.01260375976562,39.62760543823242,175.16554260253906,100.81071472167969,218.11048889160156,161.368896484375,104.35192108154297,155.99407958984375
2025-03-14,119.7083740234375,201.77442932128906,309.2945861816406,254.42999267578125,95.66075134277344,100.64881134033203,320.98193359375,202.41856384277344,154.08827209472656,174.73663330078125,301.8877868652344,477.8445129394531,199.8546600341797,396.0743103027344,280.822998046875,62.30152130126953,198.2579345703125,193.07760620117188,556.260009765625,261.28948974609375,3554.909912109375,172.36293029785156,176.8161163330078,41.69609451293945,904.8480834960938,514.5999755859375,125.83332061767578,65.11927032470703,333.7742919921875,97.43588256835938,19.604955673217773,86.62191009521484,314.8386535644531,69.52738189697266,255.6436767578125,58.52760696411133,29.469562530517578,190.6793212890625,77.18814849853516,62.33009338378906,148.89434814453125,183.5,118.68000030517578,208.54629516601562,178.75096130371094,247.0675048828125,52.36747741699219,65.22454071044922,410.4700012207031,814.6661987304688,64.6686782836914,36.46039962768555,214.61000061035156,55.23933410644531,254.7597198486328,195.82809448242188,45.98530197143555,47.74967956542969,166.94203186035156,209.50880432128906,24.297657012939453,315.90838623046875,340.0978698730469,116.37982940673828,247.5504150390625,238.84230041503906,167.9756317138672,245.1851806640625,225.59364318847656,32.05322265625,70.67327117919922,25.502546310424805,66.78046417236328,114.73287200927734,236.33642578125,206.66806030273438,448.0210876464844,450.82159423828125,522.8345336914062,152.8715057373047,240.35874938964844,647.1541748046875,88.69326782226562,77.01555633544922,474.22412109375,146.9285125732422,137.66064453125,111.11359405517578,384.7745361328125,1230.25,69.28565979003906,121.49972534179688,7236.52978515625,146.7477569580078,88.49400329589844,98.19593048095703,137.27108764648438,141.3797149658203,23.184432983398438,79.06668090820312,161.05943298339844,266.18487548828125,600.9515380859375,144.20358276367188,33.54435729980469,121.36022186279297,155.8000030517578,152.43222045898438,207.86984252929688,662.257080078125,20.36456871032715,216.43533325195312,255.47314453125,228.2783660888672,127.30184936523438,337.8774719238281,39.67292404174805,446.2300109863281,455.5790710449219,67.03472900390625,83.31263732910156,86.01526641845703,364.18359375,24.867992401123047,143.73155212402344,38.28317642211914,111.52984619140625,250.3216552734375,69.25660705566406,344.63629150390625,472.5498046875,230.85752868652344,107.47868347167969,39.49485397338867,328.0444641113281,229.2360382080078,39.50068664550781,177.59054565429688,102.3836441040039,220.54788208007812,163.74441528320312,107.45358276367188,157.16357421875
2025-03-17,121.00245666503906,204.3469696044922,315.9787292480469,260.6199951171875,97.21456909179688,100.93486022949219,324.8309020996094,204.9647979736328,153.8903045654297,177.206787109375,305.2174377441406,484.6114501953125,201.52224731445312,388.3174743652344,284.38232421875,63.1519889831543,200.26292419433594,192.05072021484375,554.8200073242188,260.0599060058594,3620.820068359375,173.7739715576172,180.69297790527344,42.70832824707031,933.3955078125,523.010009765625,127.82896423339844,66.19593811035156,336.7225036621094,97.14326477050781,20.559612274169922,87.48020935058594,319.1937255859375,69.99553680419922,258.5064697265625,58.9048957824707,29.783802032470703,192.9832305908203,78.06617736816406,63.2506217956543,150.50636291503906,189.86000061035156,117.4800033569336,210.3869171142578,180.54696655273438,247.97325134277344,54.16818618774414,67.54839324951172,419.87994384765625,833.6985473632812,65.71927642822266,36.85280990600586,218.16000366210938,56.01123046875,257.8222961425781,200.71607971191406,46.093505859375,48.40161895751953,165.8963165283203,208.0787811279297,24.443035125732422,325.6135559082031,342.8278503417969,117.91667938232422,258.83740234375,243.2854461669922,170.18142700195312,246.7943115234375,227.0397491455078,32.291786193847656,71.19761657714844,26.151874542236328,67.70744323730469,115.56836700439453,237.22438049316406,208.548095703125,452.7520751953125,452.2141418457031,527.1448974609375,153.97610473632812,245.30215454101562,651.9498901367188,88.96009826660156,78.69168853759766,485.4278564453125,149.6636962890625,142.5467987060547,113.63760375976562,384.9132080078125,1235.02001953125,71.25804901123047,119.36272430419922,7213.25,151.40765380859375,89.86599731445312,98.94738006591797,139.67784118652344,143.99627685546875,23.48189926147461,80.1173324584961,162.77577209472656,273.250244140625,614.4954833984375,147.83998107910156,33.79432678222656,123.71599578857422,158.7899932861328,153.7659149169922,215.11517333984375,673.7271728515625,20.469097137451172,216.15045166015625,257.2405090332031,231.96803283691406,129.3192138671875,338.34210205078125,39.99146270751953,453.510009765625,462.8647766113281,67.84628295898438,84.27235412597656,88.5693130493164,368.0863037109375,25.101890563964844,144.5789031982422,38.755226135253906,112.77058410644531,254.41905212402344,70.00363159179688,347.74774169921875,482.5781555175781,231.1782684326172,108.67534637451172,39.64524459838867,330.7633361816406,232.96217346191406,39.57321548461914,180.75094604492188,102.73851013183594,223.81399536132812,171.07626342773438,109.23966217041016,160.97425842285156
2025-03-18,121.60505676269531,203.7562713623047,314.3877258300781,259.95001220703125,96.36528015136719,101.0588150024414,325.34405517578125,200.3211212158203,151.95997619628906,174.67710876464844,306.6416015625,480.8935852050781,203.58779907226562,387.393798828125,280.726806640625,63.3056640625,198.8442840576172,186.2941436767578,539.989990234375,258.427001953125,3614.27001953125,177.04611206054688,177.0548858642578,42.53313446044922,933.9996337890625,523.1400146484375,129.2347412109375,65.8729476928711,330.8948669433594,99.05950164794922,19.801794052124023,86.30365753173828,315.67047119140625,70.224853515625,261.6566162109375,58.33413314819336,29.715059280395508,191.2429656982422,77.63692474365234,64.12368774414062,152.4882049560547,185.2100067138672,115.30000305175781,210.56504821777344,178.39569091796875,250.41122436523438,53.9293212890625,66.71495056152344,425.399169921875,818.1478881835938,65.203369140625,36.86249923706055,216.94000244140625,55.74143981933594,260.097412109375,199.48414611816406,46.496803283691406,48.075645446777344,162.01206970214844,202.3880615234375,24.229812622070312,327.298828125,338.4134216308594,116.3994140625,264.0942077636719,237.49588012695312,170.2010955810547,245.35862731933594,228.04913330078125,32.05322265625,70.37590789794922,25.897789001464844,66.9928970336914,115.12146759033203,236.48439025878906,208.00955200195312,453.1455383300781,453.8291931152344,525.3613891601562,151.94480895996094,237.6695098876953,658.27783203125,87.87370300292969,78.19363403320312,484.89154052734375,147.42669677734375,142.3907470703125,113.78211212158203,379.78369140625,1242.72998046875,70.8809814453125,115.2684555053711,7182.509765625,146.92469787597656,89.25,99.22062683105469,138.73402404785156,141.7602996826172,23.716270446777344,79.50604248046875,160.81011962890625,265.8001708984375,609.3744506835938,146.06448364257812,33.477054595947266,122.96903228759766,160.02000427246094,152.14990234375,199.39895629882812,660.3603515625,20.412080764770508,215.9539794921875,253.45050048828125,230.2757110595703,129.94598388671875,331.6988830566406,39.70188903808594,447.989990234375,459.2312927246094,67.5503158569336,84.56027221679688,86.73941040039062,370.47125244140625,24.896059036254883,144.69711303710938,38.56640625,113.49928283691406,254.96669006347656,69.75790405273438,340.9302978515625,487.20068359375,230.42990112304688,109.41175079345703,39.739234924316406,330.9808349609375,234.36936950683594,40.09904098510742,180.6317138671875,103.40027618408203,221.5384979248047,168.41725158691406,109.12442779541016,160.25306701660156
2025-03-19,120.72586059570312,202.23175048828125,314.77581787109375,268.29998779296875,96.56794738769531,100.91578674316406,322.3636474609375,199.8625946044922,152.90042114257812,175.65924072265625,303.8509216308594,490.8275451660156,202.53607177734375,387.7215270996094,282.82391357421875,66.8353271484375,199.40228271484375,193.10723876953125,568.1099853515625,266.2274475097656,3591.610107421875,176.79440307617188,181.82147216796875,43.409095764160156,932.645263671875,525.27001953125,129.88357543945312,66.24488830566406,332.77191162109375,98.50257110595703,20.717082977294922,87.21983337402344,320.1822204589844,70.42549133300781,263.3109130859375,59.12739944458008,29.528484344482422,194.16976928710938,77.7149658203125,64.44635772705078,155.56056213378906,190.66000366210938,119.05000305175781,208.07127380371094,179.8660430908203,250.82579040527344,53.74557113647461,66.28350830078125,419.7727355957031,831.8313598632812,65.44723510742188,37.041751861572266,220.35000610351562,56.3934326171875,260.5349426269531,204.2330780029297,47.962425231933594,49.181976318359375,165.60745239257812,204.48411560058594,24.307348251342773,331.2839660644531,342.14056396484375,117.14337158203125,261.7056579589844,242.6314697265625,171.03814697265625,246.90029907226562,232.06716918945312,31.9387149810791,71.32846069335938,26.208337783813477,66.8963394165039,116.87017059326172,236.5238800048828,208.60684204101562,452.2013244628906,455.057373046875,531.2076416015625,151.44866943359375,244.81768798828125,660.4468383789062,87.5497055053711,79.515380859375,486.887939453125,149.6636962890625,145.8725128173828,115.45834350585938,384.04180908203125,1220.43994140625,70.57158660888672,117.35552978515625,7274.85009765625,149.87400817871094,89.3393325805664,100.29412841796875,139.24366760253906,140.9230194091797,23.626127243041992,80.62356567382812,161.634765625,256.4266052246094,622.829345703125,146.4917449951172,33.64049530029297,123.53404235839844,161.24000549316406,154.0677032470703,210.90914916992188,667.7091064453125,20.668657302856445,220.62042236328125,255.31607055664062,230.787353515625,132.5216064453125,331.0958251953125,39.653621673583984,450.2799987792969,463.7544250488281,67.87493896484375,86.5756607055664,87.73584747314453,372.5802917480469,25.11124610900879,145.5838623046875,38.962928771972656,116.0595703125,253.51939392089844,72.24468231201172,346.875732421875,486.62042236328125,229.74954223632812,108.13224792480469,40.11519241333008,336.0231018066406,238.93783569335938,39.83612823486328,184.45803833007812,103.15092468261719,222.99990844726562,162.5419921875,110.82410430908203,159.59031677246094
2025-03-20,118.81929779052734,201.9554443359375,291.919677734375,267.82000732421875,96.48108673095703,101.26858520507812,330.0615234375,205.04281616210938,152.82119750976562,174.5282745361328,303.16766357421875,484.975341796875,203.01930236816406,390.4925537109375,281.7850036621094,65.79427337646484,200.0264892578125,188.70986938476562,558.4099731445312,266.40447998046875,3573.3798828125,176.84019470214844,181.708251953125,43.49669647216797,929.6640014648438,528.72998046875,130.82730102539062,65.02139282226562,330.4428405761719,98.72911834716797,20.864713668823242,87.06551361083984,318.459716796875,70.40637969970703,265.32183837890625,58.64369583129883,29.440101623535156,192.28118896484375,75.32478332519531,65.13912963867188,156.2432861328125,192.92999267578125,115.66999816894531,208.06138610839844,178.9088592529297,248.67404174804688,54.13143539428711,66.6953353881836,423.4781799316406,828.3204956054688,65.82244873046875,36.581520080566406,221.7899932861328,55.951271057128906,258.327880859375,202.60372924804688,47.8739013671875,48.836246490478516,164.38246154785156,204.4253692626953,24.22011947631836,330.6296691894531,344.17352294921875,117.14337158203125,261.2064514160156,234.00485229492188,172.90911865234375,244.12527465820312,231.97012329101562,31.900545120239258,71.01622772216797,26.40595817565918,67.31155395507812,116.64672088623047,232.6363983154297,205.5223846435547,450.234130859375,451.3727722167969,531.4949951171875,152.1788330078125,242.0691375732422,663.00390625,86.93025970458984,79.22803497314453,480.5113220214844,147.7686004638672,148.1936798095703,116.05562591552734,383.0712890625,1200.3800048828125,69.4790267944336,118.3641128540039,7287.919921875,150.13946533203125,89.5433349609375,99.44509887695312,137.07286071777344,140.00958251953125,23.60810089111328,80.35611724853516,160.65670776367188,257.674560546875,617.5996704101562,146.0415802001953,33.630882263183594,123.36167907714844,159.89999389648438,153.7659149169922,210.5169677734375,658.0364990234375,20.602136611938477,221.17059326171875,253.4112091064453,231.08253479003906,131.689208984375,332.1931457519531,39.84667205810547,449.989990234375,465.60858154296875,67.44618225097656,86.8731689453125,87.19322967529297,368.80572509765625,25.06446647644043,144.1256561279297,39.01957321166992,114.47417449951172,251.34844970703125,71.6647720336914,346.1523742675781,494.45355224609375,228.1945037841797,107.68119049072266,40.04940414428711,335.6573181152344,236.56936645507812,39.66387176513672,184.26919555664062,103.40027618408203,222.54872131347656,161.29071044921875,111.29463195800781,159.0153350830078
2025-03-21,119.28359985351562,200.0974884033203,296.1979064941406,267.25,95.45809173583984,100.21976470947266,327.4461975097656,201.42349243164062,150.58399963378906,173.12953186035156,304.1299743652344,484.5426025390625,204.8763885498047,387.6917419433594,280.5632019042969,66.0322265625,198.19175720214844,189.8191375732422,560.0,266.0897521972656,3606.340087890625,175.6045379638672,182.82601928710938,42.932186126708984,927.2865600585938,521.9099731445312,129.65745544433594,64.76690673828125,329.9809265136719,100.42825317382812,20.608823776245117,87.08482360839844,315.2301330566406,70.224853515625,264.9156494140625,58.33413314819336,29.037485122680664,189.02804565429688,74.55406951904297,63.63022232055664,156.22433471679688,190.6199951171875,117.86000061035156,209.15980529785156,177.27073669433594,247.74623107910156,53.442386627197266,65.64616394042969,416.5645446777344,811.6611328125,65.4847640991211,36.20363998413086,218.08999633789062,56.04869842529297,256.1014404296875,202.8024444580078,47.73619079589844,49.19185256958008,165.57757568359375,205.87496948242188,23.977821350097656,325.9406433105469,339.9429931640625,116.73223114013672,260.5603332519531,234.53379821777344,171.72744750976562,242.1788787841797,234.51296997070312,32.01505661010742,70.02799224853516,26.283620834350586,66.30732727050781,111.93498992919922,231.08734130859375,203.65213012695312,450.80462646484375,425.22308349609375,530.8111572265625,150.9619140625,234.80233764648438,657.840087890625,86.08211517333984,78.88323974609375,473.80694580078125,146.879638671875,146.2528533935547,115.73772430419922,387.4482727050781,1199.2099609375,65.68890380859375,117.5352783203125,7184.7900390625,149.65771484375,89.27266693115234,98.7717056274414,134.9869842529297,138.39207458496094,23.689228057861328,79.525146484375,159.8320770263672,256.02313232421875,615.009521484375,145.09329223632812,33.419368743896484,120.17276763916016,159.83999633789062,152.66587829589844,211.2718963623047,653.9251098632812,20.630645751953125,220.0899200439453,254.09852600097656,229.58697509765625,129.6326141357422,330.5916442871094,39.56674575805664,448.6000061035156,466.2453918457031,67.0029525756836,86.90196990966797,87.08470153808594,365.74072265625,25.279651641845703,144.01727294921875,39.10453796386719,114.34614562988281,250.1847686767578,71.87117767333984,343.9823303222656,499.8207092285156,227.31007385253906,105.95063781738281,40.26558303833008,331.86077880859375,231.97116088867188,39.881465911865234,183.64306640625,102.44117736816406,220.59690856933594,159.98074340820312,110.91053009033203,158.8886260986328
2025-03-24,120.48878479003906,199.29714965820312,298.0023498535156,269.19000244140625,95.361572265625,99.3330307006836,333.2492370605469,202.23321533203125,153.3854522705078,177.3953094482422,302.53253173828125,499.7976379394531,201.62649536132812,390.4726867675781,282.2948303222656,68.70921325683594,202.7313232421875,189.41305541992188,572.52001953125,273.31964111328125,3657.820068359375,174.81129455566406,186.48709106445312,43.409095764160156,938.7542724609375,525.8499755859375,130.9551239013672,66.51895141601562,335.7691955566406,98.46480560302734,21.100915908813477,87.66344451904297,324.0185852050781,69.8808822631836,264.98504638671875,58.982295989990234,29.312442779541016,192.38995361328125,76.0369644165039,64.12368774414062,156.4803466796875,198.97999572753906,124.68000030517578,210.5848388671875,183.06332397460938,249.34519958496094,53.8282585144043,66.13642883300781,416.6035461425781,829.0206298828125,66.93873596191406,37.274295806884766,221.7899932861328,56.88804244995117,258.5028991699219,208.8627471923828,49.073944091796875,50.83157730102539,169.24269104003906,210.06710815429688,24.811328887939453,330.9468994140625,352.16021728515625,118.52359771728516,265.9933776855469,238.93846130371094,172.57431030273438,246.32217407226562,240.75357055664062,32.30133056640625,72.13333129882812,27.017642974853516,66.57769012451172,114.2082748413086,233.28761291503906,206.32533264160156,451.5521240234375,420.65850830078125,538.7185668945312,153.2459716796875,240.17088317871094,657.5316162109375,85.89151000976562,80.62639617919922,487.3746643066406,149.60508728027344,145.00448608398438,119.71636962890625,389.25054931640625,1212.06005859375,65.15711975097656,121.24009704589844,7361.52001953125,152.2531280517578,90.84933471679688,98.93760681152344,136.69532775878906,139.34353637695312,23.56302833557129,81.42588806152344,158.83486938476562,257.0927734375,635.256103515625,145.1603546142578,33.438594818115234,121.11124420166016,161.4499969482422,155.8395233154297,220.9879150390625,656.427734375,21.162803649902344,231.88868713378906,263.1022644042969,232.19436645507812,131.90463256835938,338.796875,40.25209045410156,457.7699890136719,471.9203796386719,67.69669342041016,89.118896484375,87.59773254394531,368.85498046875,25.2235164642334,146.785888671875,39.793731689453125,117.77298736572266,253.2357635498047,74.42676544189453,354.34716796875,499.48223876953125,228.59300231933594,106.5949935913086,41.13029861450195,339.97784423828125,238.6405487060547,39.49162292480469,187.6979522705078,101.45331573486328,221.90142822265625,166.48165893554688,111.19861602783203,159.02508544921875
2025-03-25,119.04650115966797,191.83673095703125,299.67095947265625,273.0799865722656,93.7884521484375,97.73119354248047,332.9432678222656,203.03317260742188,152.0886688232422,178.26824951171875,295.2958984375,502.1778869628906,198.49977111816406,393.4423522949219,282.0158386230469,68.89759063720703,201.12356567382812,186.4517822265625,577.1799926757812,274.7164306640625,3672.22998046875,173.96466064453125,189.18716430664062,43.97361755371094,948.4779052734375,528.8699951171875,130.50291442871094,66.665771484375,336.7027893066406,94.82110595703125,20.923763275146484,86.40008544921875,323.8131103515625,68.82991027832031,265.9557800292969,59.001644134521484,28.998207092285156,191.29238891601562,76.89546966552734,63.089290618896484,157.3527374267578,199.72000122070312,122.97000122070312,210.18899536132812,183.290283203125,247.94363403320312,52.59716033935547,64.7931137084961,412.9370422363281,818.1089477539062,66.62918853759766,37.34695816040039,222.6199951171875,56.933006286621094,260.1168212890625,210.75039672851562,48.18867111206055,51.947776794433594,172.09112548828125,214.0829315185547,24.898555755615234,333.544189453125,349.4689636230469,118.89556884765625,268.0001220703125,240.33297729492188,172.94851684570312,245.6958770751953,243.73316955566406,32.28224563598633,71.55049896240234,27.130569458007812,66.44251251220703,114.38314819335938,231.3241424560547,208.1368408203125,449.9390869140625,427.51507568359375,540.1950073242188,152.61875915527344,243.6905975341797,660.2578735351562,84.42394256591797,80.20497131347656,485.00079345703125,149.94699096679688,145.4043731689453,120.61231231689453,391.3102722167969,1195.0999755859375,64.33528900146484,120.52110290527344,7321.35009765625,151.32901000976562,91.69866943359375,98.95713806152344,136.03465270996094,138.4777069091797,23.031190872192383,81.8270492553711,156.15008544921875,257.49627685546875,643.93603515625,145.7925262451172,32.765594482421875,120.17276763916016,162.8000030517578,155.9076385498047,220.61537170410156,629.7535400390625,21.30534553527832,227.65451049804688,267.9036560058594,233.96539306640625,132.85458374023438,337.2645568847656,40.81195068359375,457.2300109863281,480.55450439453125,66.5886459350586,88.79258728027344,86.77887725830078,367.4752502441406,25.550975799560547,148.5791015625,39.65211486816406,118.0487060546875,253.03042602539062,73.44385528564453,360.6889343261719,496.5133972167969,229.1664276123047,101.21000671386719,41.07390213012695,340.7193603515625,238.80902099609375,39.428157806396484,188.4333953857422,100.04344177246094,222.71548461914062,165.37696838378906,111.95720672607422,157.20257568359375
2025-03-26,118.44392395019531,191.79861450195312,301.86346435546875,271.2099914550781,95.42913055419922,99.06605529785156,332.321533203125,204.16481018066406,149.15855407714844,175.49057006835938,294.18927001953125,496.8076171875,198.9924774169922,394.0283203125,284.0360107421875,67.00386047363281,202.47596740722656,177.54815673828125,559.0599975585938,271.4900817871094,3681.679931640625,173.90365600585938,188.6427459716797,42.84458541870117,943.37255859375,533.2100219726562,131.71206665039062,65.54994201660156,335.2189025878906,95.42523956298828,20.598981857299805,88.75321960449219,321.02386474609375,70.0433120727539,268.83843994140625,59.78523635864258,29.361541748046875,202.4163360595703,75.94915771484375,63.772560119628906,159.27769470214844,192.8699951171875,118.16000366210938,208.2197265625,179.8463134765625,249.11819458007812,53.084083557128906,64.6068115234375,419.82147216796875,808.2183227539062,67.1357192993164,37.34695816040039,221.69000244140625,56.34846496582031,262.1002502441406,206.0213623046875,46.32958221435547,50.32780838012695,166.46397399902344,212.37867736816406,24.908246994018555,334.3670349121094,350.5726013183594,120.07023620605469,264.77947998046875,240.756103515625,173.07650756835938,246.5630340576172,243.6361083984375,32.50172805786133,69.93382263183594,26.80120086669922,67.61088562011719,114.50944519042969,230.2289276123047,207.5199432373047,453.8537292480469,430.51300048828125,544.0693969726562,153.98545837402344,243.92787170410156,659.6807861328125,84.08086395263672,80.38695526123047,479.60748291015625,149.14596557617188,146.1065673828125,117.72223663330078,386.17083740234375,1191.030029296875,63.561798095703125,113.60079956054688,7314.919921875,145.30259704589844,92.0653305053711,100.21605682373047,141.75428771972656,141.42726135253906,22.72471046447754,81.76018524169922,159.72662353515625,255.722900390625,630.2438354492188,147.82315063476562,33.26553726196289,121.20700073242188,162.14999389648438,154.19427490234375,215.5563507080078,635.7119750976562,21.134294509887695,224.74655151367188,264.39837646484375,233.92604064941406,131.55209350585938,340.48736572265625,40.94709396362305,449.8999938964844,475.53509521484375,68.18807983398438,88.91736602783203,86.45330047607422,362.4490051269531,25.86907386779785,147.5347137451172,39.633235931396484,117.87145233154297,256.70733642578125,72.42161560058594,348.8575744628906,501.1262512207031,231.34349060058594,102.18575286865234,41.13969421386719,340.28436279296875,234.92433166503906,40.0537109375,186.53517150878906,101.47249603271484,224.53981018066406,161.6523895263672,113.5704574584961,158.68397521972656
2025-03-27,117.52520751953125,193.15158081054688,299.3120422363281,269.80999755859375,95.18785095214844,100.25790405273438,336.53564453125,204.174560546875,146.1888427734375,174.1612548828125,294.24700927734375,490.64068603515625,202.80136108398438,396.8191833496094,283.9013366699219,67.5888442993164,201.57749938964844,170.3380584716797,550.6500244140625,267.5750427246094,3828.110107421875,174.4451904296875,188.19290161132812,42.465003967285156,943.0802612304688,534.52001953125,134.33689880371094,64.27750396728516,333.4401550292969,96.84119415283203,20.45135498046875,89.8719253540039,316.5415344238281,69.89044189453125,271.3941650390625,59.398277282714844,29.38118553161621,203.9390869140625,75.68575286865234,64.14266967773438,158.02598571777344,194.02000427246094,116.94999694824219,207.9228515625,176.7871856689453,249.40444946289062,52.6339111328125,65.64616394042969,421.2061767578125,802.6360473632812,66.84493255615234,37.65701675415039,219.17999267578125,55.8988151550293,262.0126953125,204.54104614257812,45.79841613769531,46.62360382080078,163.41636657714844,212.5059814453125,24.559337615966797,339.37322998046875,351.1534118652344,120.38348388671875,264.68157958984375,236.7842559814453,173.66737365722656,242.77627563476562,240.8118133544922,32.692569732666016,69.38469696044922,26.565937042236328,68.30610656738281,114.6163101196289,228.58119201660156,208.27392578125,457.0995788574219,427.7181396484375,552.491943359375,154.68751525878906,241.68356323242188,662.3173828125,84.79559326171875,79.54411315917969,481.02783203125,145.0041046142578,143.7073974609375,114.63948822021484,386.77484130859375,1193.3299560546875,63.61981964111328,111.27406311035156,7314.43994140625,143.31671142578125,94.90799713134766,100.5283432006836,143.30215454101562,142.4073028564453,22.5444278717041,81.26350402832031,161.76898193359375,257.72149658203125,619.1220092773438,148.47445678710938,33.630882263183594,119.43538665771484,160.30999755859375,153.78541564941406,212.98764038085938,631.4319458007812,20.83970832824707,221.20004272460938,263.2200927734375,235.91355895996094,130.67066955566406,341.7033386230469,40.63820266723633,446.2300109863281,476.32171630859375,67.50397491455078,88.08241271972656,86.32505798339844,362.2223815917969,26.383649826049805,144.94345092773438,39.08565902709961,118.7281723022461,262.3497619628906,71.50749969482422,343.44720458984375,498.7279357910156,229.3413543701172,102.18575286865234,40.63214111328125,345.9000549316406,235.40000915527344,40.76085662841797,185.7698974609375,101.87532806396484,224.62808227539062,160.7334747314453,113.20555877685547,160.8280792236328
2025-03-28,115.27290344238281,195.6002655029297,295.23748779296875,261.6300048828125,96.22051239013672,101.98368835449219,336.2987976074219,201.40396118164062,143.59532165527344,169.0324249267578,295.382568359375,474.2938537597656,204.24156188964844,391.8631286621094,281.15966796875,66.02230834960938,201.99365234375,167.49562072753906,534.9500122070312,261.1419372558594,3771.0,173.52227783203125,183.4983673095703,41.929691314697266,922.3858642578125,526.3099975585938,134.1304473876953,61.98712921142578,323.9961242675781,97.79458618164062,19.555747985839844,89.51508331298828,307.32244873046875,70.87454223632812,272.62249755859375,58.87587356567383,28.585769653320312,200.9430389404297,74.0467758178711,63.71562194824219,157.4949951171875,182.61000061035156,111.55999755859375,204.01791381835938,172.3465576171875,246.27554321289062,53.45158004760742,64.14596557617188,421.2548828125,780.9390258789062,66.95748901367188,36.90126037597656,216.1300048828125,54.429962158203125,261.61407470703125,198.58006286621094,45.109867095947266,46.10995101928711,155.4287872314453,209.27374267578125,24.297657012939453,339.1947937011719,346.7195739746094,119.6395263671875,259.8544006347656,234.65884399414062,172.0425567626953,237.4767608642578,235.69705200195312,32.413970947265625,66.76789855957031,26.697683334350586,67.94884490966797,110.68177032470703,226.9532012939453,203.42694091796875,451.5718078613281,426.9541320800781,535.6863403320312,155.29595947265625,234.32778930664062,664.6954345703125,84.17125701904297,75.88536834716797,474.7703857421875,141.48741149902344,140.53773498535156,111.10397338867188,375.109619140625,1177.0899658203125,61.19297790527344,109.51652526855469,7181.68017578125,138.4896697998047,93.90333557128906,99.65003204345703,142.54710388183594,142.02670288085938,22.72471046447754,79.33412170410156,161.11695861816406,261.6529235839844,594.5750732421875,148.6181640625,34.332725524902344,116.60081481933594,154.8000030517578,148.6744842529297,203.51675415039062,632.9512329101562,20.355064392089844,212.6659698486328,253.94143676757812,234.70333862304688,128.9960479736328,335.8706970214844,40.425846099853516,437.95001220703125,470.5811462402344,67.18602752685547,85.45279693603516,83.7796859741211,359.2263488769531,26.364940643310547,140.03677368164062,38.19820785522461,116.40422058105469,259.0738220214844,69.0501937866211,328.9800109863281,499.03741455078125,225.628662109375,100.94306182861328,39.72043228149414,338.9693908691406,230.84146118164062,40.733665466308594,180.6714630126953,103.15092468261719,223.54916381835938,155.41543579101562,113.05192565917969,158.96658325195312
2025-03-31,115.55937194824219,199.630615234375,302.7171630859375,261.79998779296875,96.89608001708984,104.18621063232422,340.7200622558594,202.0088348388672,143.6547088623047,170.76849365234375,299.8092041015625,476.15283203125,206.17445373535156,396.3722229003906,283.708984375,65.03083038330078,204.65408325195312,165.8218536376953,525.9500122070312,264.6535949707031,3812.780029296875,174.712158203125,182.4162139892578,42.776451110839844,922.1713256835938,532.5800170898438,135.43792724609375,62.05564498901367,324.1042175292969,98.38929748535156,19.22112274169922,90.36375427246094,306.7547912597656,71.76309204101562,275.47540283203125,59.69816589355469,28.900009155273438,203.22714233398438,74.63212585449219,64.29450988769531,158.63287353515625,182.77000427246094,111.80999755859375,203.17547607421875,173.36294555664062,250.23355102539062,54.13143539428711,64.71467590332031,424.14129638671875,792.94970703125,67.80337524414062,37.5698127746582,220.8300018310547,54.84214401245117,265.0169677734375,198.8483123779297,45.03117370605469,46.4556770324707,155.59811401367188,212.67251586914062,24.588415145874023,342.555419921875,354.7934265136719,121.1176528930664,259.8740234375,239.1404266357422,169.86630249023438,240.43359375,238.07485961914062,32.8751106262207,67.38245391845703,26.84825325012207,69.15583801269531,111.50753021240234,229.63694763183594,204.9544677734375,457.9945983886719,432.0022888183594,543.1280517578125,156.8686065673828,235.5043182373047,669.6005859375,86.31324005126953,76.90061950683594,474.8995056152344,143.46067810058594,142.08843994140625,112.39486694335938,371.7328796386719,1180.9100341796875,61.37668228149414,108.22832489013672,7244.39013671875,137.44760131835938,95.50533294677734,100.71377563476562,145.61456298828125,142.66419982910156,22.841894149780273,80.58535766601562,163.40863037109375,265.546875,600.921875,152.0376434326172,34.71730041503906,118.24794006347656,154.9499969482422,149.54090881347656,201.4186248779297,629.8428955078125,20.64965057373047,217.6552734375,253.69598388671875,238.26512145996094,129.7207489013672,345.2029113769531,40.34861755371094,428.8500061035156,475.8160095214844,68.75656127929688,85.92305755615234,83.80928802490234,367.711669921875,26.458498001098633,139.23870849609375,38.84963607788086,119.93939208984375,260.8144836425781,69.20746612548828,333.8553161621094,506.4933166503906,229.60377502441406,101.246826171875,40.15797424316406,346.4932861328125,231.19821166992188,41.12350082397461,180.2341766357422,104.52243041992188,227.07032775878906,154.55519104003906,114.20423126220703,160.46746826171875
2025-04-01,112.90432739257812,196.53402709960938,304.21112060546875,264.6099853515625,97.15665435791016,103.32809448242188,339.3581848144531,202.42832946777344,144.1892547607422,170.52049255371094,295.3537292480469,480.6476745605469,207.91783142089844,396.0941162109375,284.0186462402344,65.5067367553711,204.5491943359375,166.90138244628906,541.2000122070312,266.0602111816406,3813.27001953125,172.40867614746094,185.53797912597656,43.603763580322266,919.8330688476562,532.989990234375,135.3057403564453,62.19266891479492,324.86090087890625,98.74799346923828,19.083337783813477,90.556640625,308.6338806152344,71.79176330566406,274.8018493652344,59.78523635864258,29.008028030395508,205.54090881347656,74.58334350585938,64.5127944946289,159.7897491455078,182.4199981689453,113.3499984741211,198.6065216064453,174.14254760742188,250.97381591796875,53.97525405883789,66.54825592041016,421.9179992675781,794.5057373046875,67.51920318603516,37.598880767822266,222.00999450683594,55.08195114135742,266.5337219238281,202.46463012695312,44.795101165771484,46.68286895751953,158.23739624023438,213.10350036621094,24.76286506652832,342.73388671875,353.8544006347656,121.76371002197266,260.0115051269531,240.756103515625,168.87173461914062,241.10250854492188,236.48318481445312,33.59563064575195,67.64612579345703,26.942358016967773,69.39722442626953,111.2452392578125,229.54812622070312,205.38531494140625,459.4207763671875,433.86871337890625,543.5144653320312,156.7749786376953,235.54385375976562,670.2970581054688,84.99730682373047,77.73389434814453,481.2860412597656,144.25192260742188,143.00518798828125,111.49893951416016,378.4666442871094,1156.3800048828125,62.614280700683594,109.995849609375,7213.6201171875,139.54159545898438,95.45333099365234,101.55305480957031,145.90713500976562,142.4073028564453,22.120765686035156,81.33036804199219,163.54286193847656,266.74786376953125,602.9089965820312,151.42462158203125,34.669227600097656,119.08106231689453,156.1999969482422,148.99574279785156,204.04615783691406,612.7321166992188,20.49760627746582,225.72096252441406,254.04940795898438,239.80001831054688,130.1027069091797,346.567138671875,40.73473358154297,435.94000244140625,478.3257141113281,68.94925689697266,85.9714584350586,83.40479278564453,368.7488098144531,26.645614624023438,138.62783813476562,38.726905822753906,120.84532928466797,262.60406494140625,71.64510345458984,338.542236328125,505.88409423828125,230.5076446533203,100.57485961914062,39.72994613647461,342.4297790527344,235.1324462890625,41.141639709472656,182.52993774414062,104.43610382080078,229.30661010742188,155.30792236328125,114.30986022949219,157.79708862304688
2025-04-02,114.82482147216797,195.5050048828125,306.87896728515625,267.92999267578125,97.32070922851562,102.73692321777344,339.5654296875,200.40892028808594,146.2581329345703,171.3438720703125,294.1796569824219,486.23431396484375,206.45867919921875,393.33306884765625,285.4801025390625,67.3211441040039,205.59814453125,170.4370880126953,558.4199829101562,270.75225830078125,3809.260009765625,172.6985321044922,185.67855834960938,43.72055435180664,937.136962890625,537.719970703125,136.8252410888672,63.66086959838867,328.88031005859375,97.99282836914062,19.703372955322266,90.2190933227539,313.16510009765625,71.33316040039062,276.8821105957031,59.80458068847656,29.204423904418945,206.3319549560547,74.85649871826172,64.59819793701172,157.85533142089844,189.25,117.9800033569336,203.33404541015625,176.65892028808594,250.3717498779297,55.0501594543457,67.4209213256836,418.6512756347656,808.70458984375,67.85073852539062,37.79266357421875,226.14999389648438,55.673988342285156,268.38104248046875,198.4707794189453,45.778743743896484,47.394073486328125,158.2174835205078,213.59320068359375,24.908246994018555,344.0226135253906,359.0530090332031,122.22379302978516,261.0525817871094,240.40989685058594,167.8377227783203,244.7185516357422,238.57957458496094,33.75894546508789,68.0158462524414,27.21526527404785,68.87580871582031,112.3624496459961,233.21853637695312,207.4905548095703,462.0272521972656,437.95947265625,542.394775390625,157.26173400878906,239.81497192382812,690.037109375,85.35269927978516,79.00773620605469,489.142578125,144.33982849121094,144.2437744140625,114.89959716796875,378.4171447753906,1172.5,62.80764389038086,110.26546478271484,7302.06982421875,143.39537048339844,94.46733093261719,101.43595123291016,146.23748779296875,141.88401794433594,22.26498794555664,82.32372283935547,162.5264892578125,263.8766784667969,621.8111572265625,149.5855712890625,34.73652648925781,118.80335998535156,157.16000366210938,149.99844360351562,207.8992462158203,621.2725830078125,20.925235748291016,233.04714965820312,256.1309814453125,241.4569549560547,130.39645385742188,349.6218566894531,40.72507858276367,438.54998779296875,481.3224182128906,70.18255615234375,86.71675109863281,84.37162780761719,372.85809326171875,26.3275146484375,140.1944122314453,39.236717224121094,123.02156066894531,258.7120056152344,73.46350860595703,344.7750549316406,505.96148681640625,231.76141357421875,101.44013977050781,40.90938186645508,342.4100036621094,237.93695068359375,40.5614128112793,184.76609802246094,104.38814544677734,230.0618438720703,161.31024169921875,113.95455169677734,159.3466796875
2025-04-03,108.56832122802734,192.12255859375,292.4532470703125,257.1499938964844,98.13140869140625,104.03366088867188,339.89111328125,200.3015899658203,134.14173889160156,160.20335388183594,298.1732177734375,448.3179626464844,216.20840454101562,391.60491943359375,274.09808349609375,62.12581253051758,196.30087280273438,152.53074645996094,539.6900024414062,243.7705078125,3826.14990234375,169.01451110839844,176.22415161132812,39.76896286010742,864.8523559570312,530.1599731445312,135.26625061035156,59.43247604370117,300.4794006347656,101.06070709228516,17.006710052490234,92.58186340332031,289.0506896972656,72.14527893066406,286.6394958496094,55.81175994873047,27.485939025878906,202.5547637939453,71.48098754882812,64.0667495727539,148.04090881347656,173.99000549316406,100.87999725341797,196.138671875,160.58377075195312,246.99607849121094,53.63532638549805,57.0567626953125,441.4302978515625,779.421875,64.93323516845703,37.79266357421875,216.89999389648438,50.67539596557617,262.1391296386719,186.40972900390625,41.598262786865234,45.3394775390625,152.01266479492188,181.53514099121094,21.700220108032227,346.11431884765625,344.5511169433594,120.8337631225586,260.73834228515625,234.16835021972656,165.00172424316406,232.12538146972656,221.9541015625,34.22969055175781,61.53629684448242,26.086000442504883,70.66215515136719,105.3094253540039,230.3473358154297,205.57135009765625,459.54864501953125,439.8066101074219,525.7180786132812,153.180419921875,222.07797241210938,713.3192138671875,84.42098236083984,72.70552062988281,481.6933288574219,136.50547790527344,125.41114807128906,103.97513580322266,369.47503662109375,1095.239990234375,53.73843765258789,101.65753173828125,7109.990234375,134.91119384765625,96.1259994506836,101.78726959228516,144.9066925048828,144.02479553222656,21.895410537719727,75.76189422607422,165.29757690429688,269.3864440917969,550.35498046875,155.23680114746094,34.832672119140625,102.63859558105469,149.52999877929688,135.726806640625,184.957275390625,606.4160766601562,18.635051727294922,195.1245880126953,234.82440185546875,245.0272216796875,127.536865234375,336.7604064941406,37.84854507446289,417.760009765625,458.2854919433594,68.1495361328125,80.17355346679688,70.56948852539062,363.6616516113281,26.75788688659668,128.0657196044922,34.969390869140625,123.51393127441406,261.9684143066406,63.97831726074219,328.0287780761719,522.6334838867188,217.67845153808594,92.16140747070312,36.89548873901367,335.5485534667969,235.04324340820312,41.359222412109375,172.51197814941406,104.09082794189453,232.288330078125,135.74655151367188,107.96250915527344,155.55548095703125
2025-04-04,101.96531677246094,178.1354522705078,276.5432434082031,245.50999450683594,92.44696807861328,99.61907958984375,315.0703430175781,182.0098876953125,125.66815948486328,151.44371032714844,283.2958679199219,415.2505798339844,208.60952758789062,373.20111083984375,255.002197265625,58.586246490478516,182.7983856201172,144.8848876953125,497.1300048828125,230.6246337890625,3653.239990234375,158.14552307128906,169.6309814453125,34.46449279785156,801.4925537109375,493.5400085449219,127.9054946899414,55.967533111572266,283.1047668457031,95.3214111328125,16.239044189453125,88.3963851928711,271.69879150390625,69.45094299316406,275.7726135253906,53.114173889160156,26.719987869262695,188.1974639892578,67.06159210205078,60.413116455078125,135.86537170410156,163.16000366210938,106.0199966430664,180.15223693847656,151.52484130859375,234.68772888183594,50.30034255981445,51.899208068847656,418.2222900390625,745.1597900390625,60.42438888549805,36.0534553527832,198.60000610351562,48.059940338134766,243.07322692871094,165.7251434326172,38.43093490600586,43.640480041503906,147.1424560546875,174.79637145996094,19.364463806152344,328.7759094238281,342.605224609375,111.17215728759766,249.2374725341797,218.77127075195312,154.34693908691406,218.6791229248047,205.3434295654297,32.48122024536133,57.1462287902832,23.799240112304688,67.52397155761719,107.86444854736328,222.00013732910156,197.85533142089844,430.7690734863281,417.9216613769531,485.3094177246094,143.29537963867188,212.15159606933594,679.6695556640625,79.60873413085938,66.15425872802734,467.5196838378906,123.97245025634766,118.0770492553711,96.17194366455078,356.3343200683594,1022.6599731445312,55.35310363769531,94.17801666259766,7410.93017578125,126.10259246826172,92.65799713134766,92.68204498291016,135.27017211914062,139.49578857421875,20.705537796020508,69.66808319091797,157.01303100585938,241.82833862304688,511.33477783203125,144.2695770263672,33.13093566894531,94.62323760986328,139.77000427246094,124.08361053466797,174.44711303710938,569.4833374023438,17.732282638549805,194.8583526611328,222.9928436279297,232.18606567382812,115.02114868164062,328.26849365234375,33.57236862182617,388.1300048828125,422.81231689453125,63.47647476196289,73.80458068847656,65.83394622802734,341.5840759277344,24.92412757873535,120.2032470703125,32.84517288208008,120.29388427734375,242.62562561035156,61.86503982543945,315.21636962890625,507.7505187988281,207.26931762695312,89.94297790527344,35.031219482421875,309.5857849121094,228.66128540039062,39.0111198425293,159.95968627929688,100.09140014648438,220.88134765625,138.50332641601562,100.1939697265625,147.87567138671875
2025-04-07,102.54939270019531,177.7448272705078,276.21337890625,243.6199951171875,91.04757690429688,96.8444595336914,306.7901916503906,176.11752319335938,131.5085906982422,152.1083526611328,278.7729797363281,420.9159240722656,202.18551635742188,361.8688049316406,250.7726287841797,60.38081741333008,180.04258728027344,152.65948486328125,502.54998779296875,231.216796875,3478.3798828125,156.42173767089844,168.07325744628906,34.7564811706543,796.5040893554688,490.3800048828125,124.00804138183594,55.62495803833008,275.2232666015625,92.70662689208984,16.170150756835938,86.01434326171875,269.7904052734375,67.77892303466797,271.9786376953125,52.987579345703125,26.60214614868164,188.40509033203125,65.73480224609375,60.59342575073242,132.89736938476562,166.3000030517578,106.12999725341797,179.01246643066406,149.47225952148438,227.34417724609375,50.01862716674805,51.91881561279297,412.61529541015625,727.1970825195312,59.22138595581055,34.95857620239258,198.44000244140625,48.44963073730469,240.807861328125,166.6093292236328,38.962100982666016,42.998416900634766,148.63638305664062,177.1470947265625,19.374160766601562,326.77337646484375,330.61065673828125,107.51112365722656,250.1606903076172,217.1363525390625,152.28883361816406,214.97581481933594,209.40576171875,32.27947235107422,59.930545806884766,23.87452507019043,66.01765441894531,104.02706909179688,220.5201416015625,196.04383850097656,418.8677673339844,416.6354675292969,481.09814453125,141.076904296875,210.94540405273438,658.635986328125,79.86808013916016,66.4128646850586,456.7132263183594,125.57450103759766,118.65245819091797,97.22199249267578,354.3736267089844,1032.1500244140625,53.76744842529297,97.50334930419922,7046.72998046875,125.01134490966797,88.92266845703125,89.74455261230469,132.59910583496094,136.2417449951172,20.399057388305664,68.43595123291016,153.63784790039062,239.60374450683594,525.5905151367188,144.85385131835938,32.22719192504883,92.49730682373047,139.69000244140625,126.28373718261719,176.03541564941406,568.8179931640625,17.75128746032715,190.47056579589844,223.49359130859375,227.7577362060547,114.89384460449219,319.1241149902344,31.98931312561035,380.8999938964844,410.46038818359375,61.57835388183594,73.85298919677734,67.73802947998047,341.12969970703125,25.101890563964844,121.68115997314453,33.17560577392578,117.31016540527344,241.2174530029297,61.9141960144043,313.2940368652344,507.4120178222656,204.0717315673828,87.96388244628906,35.002685546875,308.7850036621094,226.47117614746094,38.6031494140625,160.4268035888672,98.98844146728516,216.330322265625,141.83688354492188,98.849609375,145.31248474121094
2025-04-08,98.29258728027344,167.3783416748047,272.98291015625,238.83999633789062,90.94141387939453,96.56794738769531,307.45147705078125,178.98565673828125,127.65787506103516,150.2036590576172,269.6983947753906,419.0176086425781,193.91387939453125,357.7768859863281,240.61978149414062,59.557891845703125,178.53594970703125,154.53135681152344,504.0299987792969,228.36460876464844,3499.080078125,153.18014526367188,164.8845977783203,34.06543731689453,794.7697143554688,492.6400146484375,123.33708953857422,54.37209701538086,269.20892333984375,89.51603698730469,16.42603874206543,85.44534301757812,261.4227600097656,67.06234741210938,272.1470642089844,51.799468994140625,26.209352493286133,187.97991943359375,64.8470230102539,64.1806411743164,129.84397888183594,165.75,101.87999725341797,173.085693359375,149.14663696289062,222.724853515625,48.97385025024414,49.08509826660156,420.1822814941406,719.7379150390625,58.55832290649414,34.493492126464844,195.58999633789062,46.898345947265625,247.34140014648438,168.26849365234375,38.53913116455078,41.961238861083984,145.98715209960938,170.06552124023438,18.66664695739746,329.30126953125,324.540771484375,107.7754135131836,276.9141540527344,212.56820678710938,149.3050994873047,211.73785400390625,211.7787322998047,32.25065231323242,59.42402648925781,23.723955154418945,66.06592559814453,100.02452850341797,214.77772521972656,196.5725860595703,406.54345703125,428.7625732421875,475.54913330078125,140.38417053222656,208.7307586669922,649.5421142578125,78.64820861816406,65.53170013427734,449.4526062011719,124.21665954589844,115.61933898925781,96.63433837890625,351.1058044433594,972.510009765625,51.50497817993164,96.16522979736328,6700.0,122.39628601074219,87.68000030517578,88.6905746459961,129.31455993652344,133.4919891357422,19.68693733215332,66.439697265625,151.87356567382812,244.40013122558594,519.49072265625,142.93817138671875,32.246421813964844,88.9349365234375,136.74000549316406,121.3577880859375,176.66287231445312,552.95849609375,17.428192138671875,179.79190063476562,215.0004119873047,224.0789794921875,117.96891021728516,309.9302673339844,30.840633392333984,381.5899963378906,413.44769287109375,61.453094482421875,72.91409301757812,65.64649963378906,333.2568359375,24.690231323242188,120.5185317993164,32.96790313720703,118.19641876220703,240.8556365966797,59.565006256103516,312.3427429199219,534.8569946289062,202.41949462890625,84.61322021484375,34.62221908569336,304.7807922363281,224.44956970214844,38.231441497802734,159.2341766357422,98.73906707763672,212.31874084472656,136.08872985839844,96.76583099365234,140.74163818359375
2025-04-09,105.9746322631836,171.35153198242188,290.97869873046875,263.5299987792969,92.98743438720703,97.58817291259766,319.58050537109375,188.28274536132812,148.2181396484375,159.71726989746094,280.1202087402344,465.22540283203125,196.5858154296875,370.827392578125,261.5158996582031,65.61579895019531,191.08486938476562,183.3716583251953,559.8400268554688,258.9296875,3575.1201171875,159.67861938476562,182.788818359375,37.715309143066406,874.0401611328125,521.4099731445312,128.71458435058594,59.48141098022461,295.8114929199219,90.18626403808594,19.29985809326172,87.0173110961914,290.2250671386719,67.96045684814453,271.31494140625,56.61032485961914,28.143871307373047,201.70440673828125,71.11026000976562,66.60057830810547,138.4730682373047,188.5800018310547,116.05999755859375,190.18214416503906,163.6724853515625,234.47056579589844,52.29475021362305,55.06629943847656,424.8433532714844,775.5220336914062,63.332401275634766,37.046600341796875,210.3800048828125,50.78031539916992,263.98638916015625,186.05209350585938,42.552391052246094,45.181427001953125,160.40858459472656,188.7538299560547,21.390079498291016,335.59625244140625,344.04766845703125,113.91304016113281,280.4302062988281,226.301513671875,154.4158477783203,227.6950225830078,228.83859252929688,33.32663345336914,69.71278381347656,24.702653884887695,67.54328155517578,105.56201934814453,227.4070587158203,209.8896026611328,438.6475524902344,447.0209655761719,511.54583740234375,147.76051330566406,230.7487335205078,668.3767700195312,81.91400146484375,72.06379699707031,478.3758544921875,135.11834716796875,128.17117309570312,107.60697937011719,386.6857604980469,1061.6600341796875,57.354515075683594,114.16999816894531,7121.08984375,137.32962036132812,89.89666748046875,92.0086669921875,137.94117736816406,138.5252685546875,20.272857666015625,73.8038330078125,155.6418914794922,253.53297424316406,589.3058471679688,145.3998260498047,32.84251022338867,98.76019287109375,149.24000549316406,139.7863311767578,205.40895080566406,572.7306518554688,19.005661010742188,205.45814514160156,238.0351104736328,235.97332763671875,125.77407836914062,332.41064453125,34.73070526123047,428.70001220703125,443.873291015625,65.57695007324219,79.67991638183594,73.29242706298828,358.5447692871094,24.765077590942383,131.88858032226562,35.86628341674805,124.12446594238281,249.26553344726562,66.13092041015625,339.6817321777344,559.4395141601562,217.2508087158203,91.73797607421875,37.38058090209961,328.6673583984375,237.3720703125,38.884193420410156,174.73818969726562,100.09140014648438,220.11630249023438,154.7017822265625,101.59596252441406,149.64944458007812
2025-04-10,98.94595336914062,165.97772216796875,278.070556640625,256.9200134277344,93.34451293945312,98.39862060546875,321.4556884765625,186.1267547607422,136.84417724609375,156.16578674316406,270.8050231933594,449.0162658691406,197.3817138671875,366.5069885253906,253.61813354492188,63.58327102661133,184.60061645507812,170.6450958251953,551.25,243.66192626953125,3615.239990234375,151.87583923339844,177.97076416015625,35.681114196777344,836.7238159179688,515.8099975585938,127.16547393798828,57.79787826538086,284.16607666015625,89.82754516601562,17.32164764404297,88.53141021728516,275.7407531738281,68.36174011230469,276.5254821777344,55.1105842590332,27.319002151489258,200.45849609375,67.80304718017578,65.45228576660156,127.99490356445312,178.52000427246094,109.62999725341797,179.15121459960938,157.45556640625,229.535400390625,51.67906951904297,52.261993408203125,425.5162048339844,749.5653076171875,60.879051208496094,36.7171630859375,204.3800048828125,47.7901496887207,264.278076171875,180.32952880859375,41.0080680847168,43.19597625732422,154.7415771484375,182.9945526123047,19.645532608032227,332.08697509765625,342.3341369628906,112.36640167236328,285.06591796875,220.7620391845703,152.8206024169922,219.88121032714844,221.7783203125,33.384273529052734,65.09870910644531,24.269765853881836,68.3254165649414,101.51091003417969,215.69532775878906,209.0670623779297,424.7889099121094,448.4328918457031,495.5770263671875,144.9709930419922,220.39723205566406,675.9085693359375,79.28215026855469,68.108154296875,472.058837890625,129.89218139648438,118.52567291259766,102.67459869384766,377.63482666015625,997.6900024414062,52.597537994384766,107.4194564819336,6998.830078125,131.56768798828125,91.55733489990234,92.04769897460938,136.29893493652344,137.14566040039062,19.461585998535156,68.73204040527344,156.8308563232422,256.41455078125,553.7952270507812,144.79638671875,32.88096618652344,92.88036346435547,143.75999450683594,130.8397674560547,188.74171447753906,542.6104736328125,18.055377960205078,191.9495849609375,225.98753356933594,236.92999267578125,124.44221496582031,326.14306640625,31.41014862060547,406.8900146484375,428.6745300292969,64.45927429199219,76.46639251708984,68.80352783203125,344.14251708984375,24.95229148864746,125.47444915771484,33.64765548706055,125.52275848388672,250.4585723876953,62.82830047607422,335.25244140625,574.8156127929688,213.15908813476562,88.88438415527344,35.430702209472656,320.9358825683594,233.45765686035156,39.536373138427734,167.63218688964844,101.1943588256836,222.10736083984375,144.5740966796875,95.95921325683594,143.2658233642578
2025-04-11,101.67822265625,166.78761291503906,277.21258544921875,258.45001220703125,94.1262435913086,99.7620849609375,329.64697265625,187.84373474121094,143.4765167236328,157.68359375,275.20281982421875,461.06494140625,203.68661499023438,373.7374267578125,260.3641357421875,64.84245300292969,184.0380401611328,180.19248962402344,567.97998046875,247.84649658203125,3659.60009765625,153.9047393798828,181.60922241210938,36.91720199584961,856.210205078125,524.1099853515625,130.01702880859375,58.0034294128418,288.38201904296875,91.25292205810547,17.361013412475586,90.653076171875,279.7826232910156,68.61970520019531,281.6567687988281,55.83124542236328,27.50558090209961,203.73141479492188,68.45668029785156,65.96475219726562,128.61126708984375,180.49000549316406,109.05000305175781,187.05030822753906,159.97193908691406,232.2694854736328,52.33205795288086,54.15441131591797,428.8706359863281,755.4879760742188,61.22953414916992,39.06678771972656,208.13999938964844,48.696937561035156,270.4666442871094,180.48849487304688,40.585105895996094,43.097198486328125,158.75527954101562,185.88397216796875,20.420886993408203,330.48095703125,342.5664978027344,113.59979248046875,289.7703857421875,226.46499633789062,153.52960205078125,225.22291564941406,230.6549072265625,33.778160095214844,66.4328842163086,24.909683227539062,68.97236633300781,102.2395248413086,218.50732421875,217.40977478027344,434.5755310058594,459.26416015625,505.9085693359375,144.4374237060547,222.67120361328125,685.8880615234375,79.6279525756836,68.38590240478516,488.3678894042969,132.80320739746094,120.37870788574219,104.15817260742188,384.6656494140625,1041.9000244140625,52.587867736816406,110.7747573852539,7203.2998046875,130.58103942871094,92.65266418457031,94.75096893310547,138.50750732421875,137.42156982421875,19.750038146972656,69.3528823852539,160.04302978515625,258.7236328125,558.926025390625,147.40171813964844,33.400142669677734,93.25383758544922,145.32000732421875,135.56129455566406,188.25149536132812,550.3466796875,18.02686882019043,195.15419006347656,225.2216796875,240.56930541992188,125.60759735107422,332.9247131347656,32.78084182739258,421.2099914550781,435.58563232421875,65.81782531738281,76.86325073242188,69.20802307128906,346.0094909667969,25.33049964904785,126.06562042236328,33.41162872314453,126.19236755371094,252.9521942138672,62.31718826293945,342.6644287109375,579.718505859375,212.4495849609375,89.3630599975586,36.01091766357422,329.6263732910156,240.1171112060547,40.28252029418945,170.6932373046875,102.58504486083984,224.98118591308594,144.92604064941406,99.04167175292969,145.6438446044922
2025-04-14,104.13331604003906,170.64646911621094,282.5260314941406,260.7099914550781,95.55459594726562,101.62136840820312,338.4305419921875,190.72161865234375,143.07066345214844,160.0743865966797,282.8435974121094,466.65155029296875,208.05227661132812,381.7226867675781,263.8193664550781,64.90193939208984,191.5902557373047,176.64686584472656,574.8300170898438,252.0409393310547,3680.780029296875,156.90228271484375,180.4336395263672,36.8004035949707,867.0933837890625,529.52001953125,132.9869842529297,59.30522918701172,292.9713439941406,94.24528503417969,17.538166046142578,91.59818267822266,282.4152526855469,70.2535171508789,281.61712646484375,55.909149169921875,27.76089859008789,207.27130126953125,69.08104705810547,65.6705551147461,128.3173065185547,181.85000610351562,107.1500015258789,191.25254821777344,161.50149536132812,235.52670288085938,53.376834869384766,54.50740051269531,430.19683837890625,762.33447265625,63.389244079589844,39.386531829833984,212.24000549316406,49.46883773803711,272.54901123046875,184.7903289794922,40.929378509521484,44.5887565612793,160.81690979003906,188.15634155273438,20.595338821411133,337.6681213378906,345.7999267578125,115.18560028076172,279.7328796386719,229.907958984375,157.35035705566406,226.4153289794922,229.2096710205078,34.306549072265625,66.40808868408203,25.22022819519043,69.95726776123047,103.04586029052734,224.99960327148438,218.05604553222656,438.7065734863281,459.6896667480469,508.59820556640625,148.30343627929688,220.96078491210938,690.4848022460938,80.89583587646484,69.87047576904297,499.5319519042969,132.86181640625,121.76358795166016,105.11189270019531,384.0318298339844,1082.8499755859375,53.57406997680664,110.55506134033203,7240.97998046875,132.84043884277344,94.27999877929688,96.14652252197266,140.6971893310547,139.62899780273438,19.939334869384766,70.13610076904297,162.1717071533203,261.4643859863281,563.1177978515625,150.94569396972656,34.0827522277832,93.67520141601562,146.5399932861328,135.5028839111328,188.06524658203125,567.10986328125,18.311954498291016,198.93064880371094,229.18846130371094,242.186767578125,126.46941375732422,337.1261291503906,32.74222946166992,421.9800109863281,441.6257629394531,67.18602752685547,78.31513977050781,71.69418334960938,349.1112060546875,25.718162536621094,128.0361785888672,34.157466888427734,128.60496520996094,256.8344421386719,62.690696716308594,344.3291015625,567.7174682617188,216.02621459960938,90.82666778564453,36.33430862426758,331.3861999511719,241.2864990234375,40.807586669921875,172.2138214111328,104.04288482666016,227.84519958496094,142.0030517578125,99.28173065185547,146.99851989746094
2025-04-15,102.08411407470703,170.0117950439453,281.4243469238281,265.3399963378906,95.57389068603516,101.71671295166016,331.1668395996094,189.78509521484375,143.9813690185547,158.93356323242188,284.17156982421875,468.6088562011719,208.262451171875,376.5282897949219,256.7733459472656,65.19938659667969,191.18975830078125,177.231201171875,578.4199829101562,254.48846435546875,3631.169921875,154.10302734375,182.6351776123047,37.14105987548828,865.6221313476562,528.1699829101562,132.4640350341797,59.18777084350586,288.3623352050781,94.87776184082031,17.715320587158203,90.90381622314453,281.23101806640625,69.47004699707031,281.8647766113281,55.70464324951172,27.397560119628906,205.86721801757812,69.52006530761719,65.40484619140625,127.57766723632812,181.5500030517578,104.18000030517578,188.22970581054688,161.12649536132812,235.0924072265625,53.07832336425781,53.350379943847656,426.8813781738281,765.8550415039062,63.48396301269531,39.55609893798828,212.8300018310547,49.30397033691406,270.9456481933594,184.4624786376953,41.09659957885742,43.99608612060547,158.0382080078125,188.36203002929688,20.595338821411133,332.64202880859375,342.80853271484375,114.68636322021484,281.65789794921875,231.48516845703125,157.50790405273438,224.42794799804688,227.65701293945312,33.999122619628906,67.02661895751953,25.6154727935791,69.3875732421875,102.08409118652344,223.0065460205078,216.3522491455078,443.5654602050781,454.1192932128906,513.4810791015625,146.3895721435547,220.06109619140625,689.3704223632812,79.1188735961914,69.64060974121094,495.6781311035156,132.12916564941406,119.20838165283203,106.39315795898438,381.9721374511719,1046.5799560546875,53.01329040527344,112.04297637939453,7205.169921875,132.14981079101562,93.1953353881836,96.4100112915039,139.32862854003906,135.90872192382812,20.227787017822266,69.81134796142578,161.5388641357422,259.1647644042969,561.7732543945312,153.3402862548828,34.005836486816406,92.13340759277344,147.05999755859375,134.92849731445312,189.5848846435547,554.0508422851562,18.464000701904297,200.41957092285156,228.82516479492188,241.6344757080078,125.97975158691406,333.0334777832031,32.58778381347656,425.6499938964844,440.8017272949219,67.65814208984375,78.78942108154297,71.0331802368164,342.5718994140625,26.001819610595703,127.63220977783203,34.450138092041016,126.53702545166016,260.8144836425781,62.847957611083984,340.8312072753906,564.3617553710938,213.8977508544922,88.82916259765625,36.743309020996094,332.0090637207031,242.32701110839844,40.973392486572266,171.528076171875,103.83187103271484,227.0408935546875,139.6959686279297,99.00325012207031,145.42942810058594
2025-04-16,101.66832733154297,165.08836364746094,278.09002685546875,260.1600036621094,94.57984161376953,100.99207305908203,328.3048400878906,189.492431640625,136.794677734375,157.2570037841797,271.98870849609375,455.6061706542969,208.25291442871094,370.2811584472656,252.92127990722656,64.21781921386719,190.7701873779297,172.93289184570312,571.8499755859375,249.6130828857422,3566.860107421875,152.85214233398438,179.80010986328125,37.11186218261719,843.5440673828125,516.4500122070312,132.5725555419922,57.93490982055664,285.129150390625,95.5762710571289,17.587379455566406,90.1612319946289,274.5760803222656,68.95411682128906,281.7657470703125,54.30228805541992,26.857465744018555,202.42623901367188,68.30059051513672,65.0537109375,128.35523986816406,179.38999938964844,103.0199966430664,188.96310424804688,159.82391357421875,232.90118408203125,52.546607971191406,51.63446044921875,424.2192687988281,757.2871704101562,63.512386322021484,38.97473907470703,210.11000061035156,48.711936950683594,270.44708251953125,181.263427734375,40.60478210449219,43.67999267578125,154.87106323242188,185.080810546875,20.76979637145996,328.13153076171875,334.94769287109375,114.67656707763672,280.5087890625,229.43670654296875,156.02096557617188,222.77989196777344,224.21963500976562,33.73012924194336,63.65452194213867,25.361391067504883,69.21376037597656,99.83023834228516,217.62921142578125,214.32534790039062,440.6343994140625,461.3723449707031,509.5608825683594,145.37831115722656,216.31396484375,691.201171875,79.43584442138672,68.6732406616211,487.7520751953125,127.44029235839844,121.00288391113281,103.9076919555664,367.9896545410156,1016.6500244140625,51.775699615478516,104.3437728881836,7045.009765625,128.02565002441406,90.95733642578125,94.44843292236328,137.39378356933594,133.2921600341797,19.867219924926758,68.4263916015625,159.54443359375,258.2449035644531,553.0736083984375,153.71385192871094,33.9193115234375,92.47815704345703,143.97999572753906,132.144287109375,187.9475555419922,545.4805908203125,18.2169246673584,199.2264862060547,223.97470092773438,240.26356506347656,126.57714080810547,327.4974060058594,32.9642448425293,415.6499938964844,434.4993591308594,67.82194519042969,77.07617950439453,71.84217071533203,342.4435119628906,25.5479679107666,125.03108215332031,33.9875373840332,124.3804931640625,253.90077209472656,61.79623794555664,327.6324157714844,565.7639770507812,210.51548767089844,86.71199035644531,35.972869873046875,327.5797424316406,238.38290405273438,40.17198181152344,168.665771484375,102.96868133544922,225.16754150390625,134.53439331054688,100.0499496459961,143.03192138671875
2025-04-17,101.4505386352539,166.34808349609375,275.2724914550781,259.4700012207031,95.20714569091797,102.69878387451172,324.90985107421875,189.90213012695312,136.0720672607422,156.55267333984375,266.84027099609375,456.92413330078125,212.7045440673828,364.9079895019531,254.45050048828125,64.5053482055664,193.93601989746094,169.34767150878906,559.530029296875,248.02413940429688,3603.469970703125,151.56312561035156,181.08578491210938,37.87103271484375,853.2872924804688,518.2100219726562,132.91790771484375,58.62985610961914,289.168212890625,97.78516387939453,17.70547866821289,92.61479949951172,275.7994384765625,69.66114044189453,284.04412841796875,54.30228805541992,27.181522369384766,203.45455932617188,67.74451446533203,63.85798263549805,130.7353515625,181.24000549316406,105.66999816894531,185.1671905517578,158.95553588867188,235.63528442382812,53.5354118347168,53.409217834472656,413.9707336425781,768.4419555664062,64.63959503173828,39.52218246459961,208.66000366210938,49.04167938232422,269.9093322753906,180.6077117919922,40.84085464477539,44.02571487426758,152.73971557617188,186.69692993164062,21.835906982421875,332.1067810058594,343.72821044921875,115.31285095214844,259.7561950683594,229.6675262451172,156.21792602539062,223.78810119628906,226.5144805908203,34.008731842041016,62.885337829589844,25.502546310424805,70.48834991455078,101.74406433105469,214.22520446777344,213.67906188964844,444.6965637207031,448.8004150390625,513.4315185546875,148.4593963623047,217.91563415527344,693.5692749023438,79.33978271484375,69.48735809326172,490.900634765625,127.1960678100586,124.56265258789062,105.1793212890625,364.1969909667969,1004.9600219726562,53.9124755859375,101.34796905517578,7190.06982421875,126.90089416503906,92.72666931152344,96.14652252197266,136.7613983154297,135.90872192382812,19.95736312866211,68.90396118164062,163.6099853515625,249.1589813232422,554.6058959960938,156.32875061035156,34.34234619140625,94.90095520019531,143.55999755859375,133.03990173339844,188.918212890625,559.2644653320312,18.349964141845703,203.61428833007812,228.07891845703125,239.93809509277344,126.2245864868164,329.57342529296875,33.89091110229492,413.32000732421875,433.4692687988281,68.52530670166016,78.65391540527344,74.76241302490234,342.2756042480469,25.670888900756836,127.33663177490234,33.893123626708984,125.67047119140625,256.2477111816406,62.5530891418457,330.12945556640625,439.14788818359375,214.07266235351562,88.76472473144531,36.33430862426758,325.8792724609375,239.75045776367188,40.568084716796875,169.87826538085938,103.95655822753906,226.48184204101562,136.7445068359375,102.67146301269531,144.89340209960938
2025-04-21,99.25285339355469,163.62673950195312,272.230712890625,254.27000427246094,93.1128921508789,100.62022399902344,315.21844482421875,182.38058471679688,134.1912384033203,154.0130615234375,263.3663330078125,443.73455810546875,208.24334716796875,353.5260314941406,249.30148315429688,63.047882080078125,192.4198455810547,164.61358642578125,541.9299926757812,239.33920288085938,3569.239990234375,149.96139526367188,175.71337890625,36.790672302246094,832.066650390625,506.9200134277344,129.4250030517578,56.946327209472656,281.16973876953125,96.40696716308594,16.96734046936035,91.83895874023438,268.3615417480469,68.88722229003906,278.5166015625,52.9486198425293,26.965482711791992,198.16452026367188,66.39820098876953,61.84610366821289,126.8095703125,171.82000732421875,103.55000305175781,183.31382751464844,155.93588256835938,228.5088653564453,52.0615348815918,53.33076858520508,396.5744323730469,751.9577026367188,63.93864059448242,38.8972282409668,207.4600067138672,47.9625129699707,267.07415771484375,177.19007873535156,40.034271240234375,43.84791564941406,149.25389099121094,182.9945526123047,21.244699478149414,314.8575439453125,335.8286437988281,111.80844116210938,241.51783752441406,227.1766815185547,152.66302490234375,220.65679931640625,223.6142120361328,33.92226791381836,61.53431701660156,24.269765853881836,70.26625061035156,100.75314331054688,209.39053344726562,209.6643829345703,436.5623474121094,443.23968505859375,505.48187255859375,146.32342529296875,213.24903869628906,679.0526733398438,78.57136535644531,67.42811584472656,481.7926330566406,123.17141723632812,123.58737182617188,102.40486145019531,355.621337890625,970.1500244140625,54.26054382324219,96.77438354492188,7133.83984375,121.17842102050781,91.23332977294922,94.71194458007812,132.5047149658203,134.8525848388672,19.867219924926758,67.1082992553711,159.92141723632812,241.61241149902344,541.0520629882812,155.3421630859375,33.94815444946289,92.8995132446289,139.6199951171875,132.53367614746094,185.80044555664062,557.6060791015625,18.14090347290039,201.18865966796875,222.81610107421875,235.09555053710938,123.51185607910156,318.61993408203125,33.41792297363281,402.3599853515625,420.4617614746094,67.88938903808594,78.04411315917969,72.93727111816406,335.4497985839844,24.89556121826172,126.85384368896484,33.33610153198242,122.0860824584961,247.87692260742188,62.10094451904297,319.4376220703125,411.316162109375,209.98092651367188,88.59903717041016,35.96335983276367,316.4768981933594,232.06036376953125,39.54559326171875,166.03208923339844,102.58504486083984,223.2058868408203,135.42823791503906,101.1638412475586,143.60260009765625
2025-04-22,101.7772216796875,167.1077423095703,276.84210205078125,261.1400146484375,95.6897201538086,103.11832427978516,326.4198303222656,189.1607208251953,136.90354919433594,158.37799072265625,267.908447265625,459.9633483886719,211.09010314941406,366.0103759765625,256.8314208984375,65.18946838378906,196.8539276123047,167.95120239257812,555.52001953125,249.11962890625,3678.659912109375,152.45553588867188,182.0665740966797,37.335716247558594,864.4334106445312,520.7899780273438,131.9114990234375,58.2089729309082,287.5191345214844,98.52144622802734,17.695634841918945,92.9154281616211,273.1570129394531,70.41593170166016,283.5785217285156,53.60110855102539,27.279722213745117,203.53366088867188,68.02742004394531,62.75214767456055,130.19483947753906,176.61000061035156,106.41999816894531,190.3605499267578,161.40283203125,233.7401885986328,53.9365348815918,54.850582122802734,405.55535888671875,769.3853759765625,65.2931900024414,39.4543571472168,214.2899932861328,49.45384979248047,268.657958984375,187.94964599609375,41.06709289550781,44.60851287841797,153.27752685546875,187.48052978515625,20.062286376953125,321.8067932128906,343.1182861328125,116.23298645019531,254.29547119140625,231.677490234375,158.2267608642578,229.03285217285156,230.0592498779297,34.08558654785156,63.07664108276367,25.03202247619629,71.35737609863281,104.8431167602539,217.31346130371094,210.60440063476562,447.14569091796875,446.8662109375,523.3561401367188,149.63134765625,218.09359741210938,691.6688842773438,80.07940673828125,70.00455474853516,487.68255615234375,133.17440795898438,128.14193725585938,106.3353500366211,363.24639892578125,1003.1599731445312,55.169403076171875,98.7516098022461,7166.919921875,125.53935241699219,92.90266418457031,96.56615447998047,135.2418212890625,136.4986572265625,20.308914184570312,69.58211517333984,161.97653198242188,248.8116912841797,560.1915893554688,157.1907958984375,34.813446044921875,96.62469482421875,143.80999755859375,135.06480407714844,195.7615509033203,581.4400024414062,18.796598434448242,206.66110229492188,230.1703338623047,239.23785400390625,111.39766693115234,328.16961669921875,33.40827178955078,413.3999938964844,436.7843017578125,69.67189025878906,81.15116882324219,74.34806060791016,343.87579345703125,25.49123764038086,131.484619140625,34.30852508544922,123.7896499633789,252.5903778076172,63.811222076416016,329.5943603515625,413.10516357421875,210.80703735351562,89.14212799072266,37.095237731933594,327.64898681640625,238.40269470214844,39.785091400146484,170.7031707763672,104.66629028320312,225.55006408691406,139.4163360595703,103.99662017822266,146.67315673828125
2025-04-23,103.94522857666016,170.252197265625,280.9368591308594,264.44000244140625,95.18785095214844,102.0408935546875,327.4461975097656,189.97044372558594,142.1302490234375,160.8977813720703,267.42730712890625,464.09429931640625,203.09434509277344,366.3182678222656,256.2313537597656,70.5434341430664,196.83486938476562,175.21080017089844,576.9000244140625,256.73870849609375,3652.110107421875,154.3166046142578,187.33090209960938,34.931671142578125,869.61669921875,526.8099975585938,132.64161682128906,57.35741424560547,292.06146240234375,96.5485610961914,18.18773078918457,91.05342864990234,277.61981201171875,70.224853515625,282.033203125,54.17568588256836,27.093143463134766,205.3629608154297,69.2956771850586,62.8671989440918,129.60691833496094,181.19000244140625,106.66000366210938,194.5628204345703,164.15602111816406,234.86538696289062,54.253700256347656,56.144874572753906,416.25250244140625,787.2214965820312,65.71945190429688,38.848785400390625,217.10000610351562,50.2557258605957,259.7906799316406,192.42037963867188,42.26714324951172,45.28021240234375,157.08209228515625,189.85084533691406,19.975055694580078,333.068359375,345.0448303222656,116.53646087646484,258.9017028808594,236.08216857910156,158.53204345703125,229.46910095214844,235.22508239746094,33.80698776245117,65.13340759277344,25.03202247619629,70.77802276611328,104.9895248413086,221.151611328125,211.8087921142578,440.85076904296875,448.287841796875,526.0159912109375,150.76547241210938,227.18946838378906,688.783447265625,80.44439697265625,71.10601806640625,494.9729309082031,132.91064453125,130.97999572753906,108.19462585449219,370.74261474609375,1046.22998046875,55.48846435546875,102.5662612915039,7083.08984375,129.64373779296875,92.03333282470703,90.07637786865234,135.17576599121094,135.35684204101562,20.182716369628906,70.71874237060547,159.90211486816406,248.76473999023438,574.1901245117188,161.02215576171875,34.842288970947266,98.42503356933594,147.6999969482422,136.7392578125,203.4383087158203,583.78369140625,19.024667739868164,209.55999755859375,235.48223876953125,238.05433654785156,117.79263305664062,327.4677734375,32.84840774536133,422.2300109863281,440.35223388671875,70.63540649414062,82.77728271484375,77.04139709472656,352.7561950683594,25.708707809448242,134.05616760253906,35.06380081176758,123.58284759521484,253.6171875,65.44287872314453,332.8148498535156,413.8594665527344,213.6061553955078,89.48271942138672,37.580326080322266,330.5853576660156,242.33692932128906,39.33372116088867,180.85035705566406,104.31143188476562,224.24557495117188,143.29638671875,103.10358428955078,147.57281494140625
2025-04-24,105.94493103027344,173.44471740722656,284.10540771484375,271.7099914550781,95.46773529052734,101.73578643798828,327.1796875,190.09727478027344,148.65371704101562,165.90756225585938,269.294189453125,466.28765869140625,201.47991943359375,362.56402587890625,260.20928955078125,75.38182830810547,197.13046264648438,186.3428192138672,590.6699829101562,263.8247985839844,3609.64990234375,155.94122314453125,191.1693572998047,35.40858840942383,892.7276000976562,531.6400146484375,134.03286743164062,59.031166076660156,303.01239013671875,95.10430145263672,18.404251098632812,89.89938354492188,287.6903076171875,70.8363265991211,279.73504638671875,54.81843566894531,27.633237838745117,207.3998565673828,70.35906219482422,63.20277786254883,131.87326049804688,187.22000122070312,110.6500015258789,194.7511444091797,167.48158264160156,236.56307983398438,54.291011810302734,57.50780487060547,418.1247253417969,794.7391967773438,65.65313720703125,39.77410125732422,176.89999389648438,51.649635314941406,265.63702392578125,196.1261444091797,43.162254333496094,46.30751037597656,160.81690979003906,195.02244567871094,20.556570053100586,338.4512939453125,348.1620178222656,116.7224349975586,263.0462951660156,220.5504608154297,160.4916534423828,234.67506408691406,238.89678955078125,33.10567092895508,68.33599853515625,25.28610610961914,70.02486419677734,106.59993743896484,225.53237915039062,211.76963806152344,442.14910888671875,451.4405212402344,531.4248657226562,150.7087860107422,233.5862579345703,684.9627685546875,80.97269439697266,72.65763092041016,505.80926513671875,135.66539001464844,134.139892578125,111.36408233642578,383.52679443359375,1075.0,56.54235076904297,106.28105163574219,7146.8798828125,135.6720733642578,90.14466857910156,90.5057601928711,136.1101837158203,128.74411010742188,20.534269332885742,71.63567352294922,153.920166015625,248.91494750976562,590.0076904296875,162.8995361328125,34.85190200805664,100.25410461425781,151.63999938964844,143.31044006347656,207.1737060546875,595.611328125,19.518814086914062,217.0735321044922,244.03433227539062,237.45272827148438,119.44769287109375,330.6213073730469,33.71715545654297,438.8999938964844,450.681396484375,71.80126953125,84.76153564453125,81.92494201660156,356.648193359375,26.03018569946289,141.4063262939453,35.781314849853516,124.56758880615234,256.3846435546875,67.13350677490234,339.91961669921875,410.271728515625,209.39779663085938,91.0567855834961,38.09395217895508,331.91021728515625,247.2621612548828,39.435054779052734,184.2393798828125,104.4552993774414,223.10780334472656,148.7186279296875,104.3134994506836,148.93206787109375
2025-04-25,105.21236419677734,178.91624450683594,286.0357666015625,269.92999267578125,94.8500747680664,101.77392578125,318.0804443359375,188.19493103027344,150.01979064941406,165.3619384765625,270.2565002441406,458.2814636230469,201.39393615722656,333.5628967285156,258.5251770019531,75.20336151123047,196.20550537109375,190.462890625,603.780029296875,261.34765625,3609.330078125,156.42173767089844,191.58392333984375,35.476722717285156,884.3776245117188,530.9600219726562,135.72998046875,58.78646469116211,302.6075439453125,94.57568359375,18.305831909179688,91.07283782958984,287.0052490234375,68.96366882324219,283.2120056152344,55.227447509765625,27.338642120361328,206.06497192382812,70.4078369140625,62.62751007080078,131.5508270263672,187.75999450683594,109.19000244140625,195.3854217529297,166.7809295654297,235.0529022216797,54.06713104248047,58.233394622802734,411.19158935546875,815.07470703125,64.91429901123047,39.321128845214844,177.52999877929688,51.649635314941406,265.8912353515625,197.1394805908203,43.45734405517578,46.53470230102539,163.1873016357422,194.87551879882812,20.207666397094727,325.0782165527344,346.16778564453125,116.25257873535156,259.6775817871094,223.5125274658203,160.73782348632812,232.18357849121094,237.83238220214844,33.048038482666016,68.85043334960938,25.267284393310547,69.43585968017578,105.0480728149414,225.2659912109375,211.58358764648438,441.03765869140625,461.9139404296875,529.4597778320312,150.6331787109375,233.5269317626953,691.4996337890625,80.83821868896484,72.01591491699219,501.03173828125,134.14151000976562,134.04237365722656,111.7590560913086,388.0325622558594,1061.7900390625,55.710845947265625,110.85465240478516,7071.419921875,136.63900756835938,89.80000305175781,90.6911849975586,135.16632080078125,126.90778350830078,20.66046905517578,70.16474914550781,155.35775756835938,248.74600219726562,591.2040405273438,163.06234741210938,34.54424285888672,99.56460571289062,154.02999877929688,144.6246795654297,207.82081604003906,598.4714965820312,19.271739959716797,216.8861846923828,243.87725830078125,240.21426391601562,122.63047790527344,327.8335266113281,33.32139587402344,446.6199951171875,449.50146484375,71.95542907714844,84.57763671875,81.5895004272461,360.60931396484375,25.349409103393555,142.2437744140625,35.564170837402344,124.62666320800781,227.62472534179688,67.70358276367188,344.8048095703125,404.8465576171875,207.2984619140625,90.12708282470703,37.97030258178711,331.3763427734375,244.81442260742188,38.60599899291992,182.89767456054688,103.32356262207031,223.9316864013672,148.51235961914062,104.25588989257812,150.07620239257812
2025-04-28,105.79644775390625,184.95513916015625,285.8992614746094,271.4700012207031,95.43878173828125,102.07903289794922,319.5706481933594,190.6338348388672,149.26744079589844,164.96510314941406,272.4217224121094,460.68133544921875,201.85247802734375,341.1309814453125,260.7900085449219,75.23310089111328,198.15078735351562,190.621337890625,602.4600219726562,261.48577880859375,3617.909912109375,156.07852172851562,193.62353515625,35.24312973022461,890.2722778320312,530.9400024414062,136.40097045898438,59.20735168457031,303.20989990234375,95.2647705078125,18.56171989440918,88.21195220947266,287.94476318359375,69.27896118164062,285.0446472167969,55.35405349731445,27.368101119995117,205.9463348388672,70.8078384399414,62.25358581542969,132.84994506835938,187.8800048828125,109.1500015258789,194.16639709472656,168.08352661132812,235.93138122558594,54.430938720703125,57.98826217651367,403.527099609375,821.4738159179688,65.65313720703125,39.01914596557617,178.02999877929688,51.56719970703125,265.86187744140625,199.55369567871094,43.37864685058594,46.66311264038086,161.76307678222656,196.51123046875,20.013824462890625,329.14263916015625,345.52886962890625,117.86774444580078,258.4990539550781,227.11898803710938,160.98402404785156,232.78460693359375,237.5101318359375,32.70218276977539,68.76222229003906,25.474313735961914,69.31998443603516,105.55561065673828,226.53880310058594,214.2078094482422,440.6442565917969,460.6083679199219,530.462158203125,151.63499450683594,234.24867248535156,696.205810546875,80.72295379638672,72.73424530029297,499.5021057128906,134.73736572265625,134.1789093017578,111.58564758300781,387.3492126464844,1061.4599609375,55.41111373901367,108.57783508300781,7040.35009765625,138.2669219970703,91.34400177001953,91.39385223388672,136.06297302246094,127.26932525634766,20.777650833129883,70.55636596679688,156.15855407714844,253.03549194335938,590.2845458984375,162.03744506835938,35.05379867553711,101.29791259765625,151.8300018310547,143.70956420898438,212.0758514404297,606.634521484375,19.44278907775879,218.84837341308594,242.07058715820312,242.72923278808594,122.21916198730469,328.4068908691406,32.91598129272461,443.9700012207031,448.9114990234375,72.84187316894531,84.76153564453125,81.05675506591797,362.0218505859375,25.77489471435547,142.76597595214844,36.19671630859375,125.18795776367188,231.5363006591797,68.07711029052734,348.1242980957031,406.1617431640625,206.63758850097656,89.37225341796875,38.21760559082031,333.6898193359375,243.17929077148438,39.048160552978516,182.10260009765625,104.10043334960938,224.68692016601562,149.83843994140625,104.3134994506836,150.1739959716797
2025-04-29,106.3805160522461,186.0802001953125,290.9884033203125,272.8900146484375,95.74761962890625,103.45203399658203,312.988037109375,193.9311981201172,148.03997802734375,166.4630889892578,277.685546875,463.8975830078125,211.4340057373047,347.5172119140625,262.2224426269531,76.02629089355469,197.55958557128906,189.33383178710938,611.1300048828125,263.5287170410156,3704.949951171875,157.4590606689453,194.386962890625,34.96086883544922,896.878173828125,534.5700073242188,137.97964477539062,59.53035354614258,303.5456237792969,97.88898468017578,18.414091110229492,89.54057312011719,286.9073791503906,70.34905242919922,287.44189453125,55.840980529785156,27.544858932495117,206.91534423828125,71.50050354003906,62.349464416503906,132.09133911132812,191.22999572753906,111.69000244140625,197.15951538085938,167.9749755859375,243.70924377441406,54.7854118347168,58.429508209228516,403.361328125,828.25244140625,65.86152648925781,39.10194396972656,185.2899932861328,51.77703857421875,265.9987487792969,199.196044921875,43.73276138305664,46.36677169799805,161.40452575683594,199.91000366210938,19.87813949584961,337.6285095214844,347.5424499511719,119.6395263671875,254.72760009765625,230.225341796875,163.79051208496094,234.3648223876953,238.87725830078125,32.88471603393555,68.19029235839844,25.606060028076172,69.86071014404297,104.99928283691406,237.21453857421875,216.62644958496094,443.18182373046875,460.2118835449219,535.6130981445312,148.84690856933594,236.95767211914062,703.7178955078125,81.2608413696289,73.19398498535156,501.4488830566406,135.1769561767578,134.89085388183594,111.95172119140625,390.201171875,1065.22998046875,55.63349914550781,108.867431640625,7113.93994140625,138.90823364257812,93.28199768066406,92.61373138427734,138.1865997314453,127.79264831542969,21.444700241088867,71.24405670166016,156.5541534423828,259.35247802734375,595.8701782226562,163.08148193359375,34.98650360107422,101.50859832763672,153.64999389648438,142.9891815185547,212.340576171875,564.9746704101562,19.49980926513672,220.82041931152344,243.16049194335938,244.29737854003906,123.12992095947266,344.1549987792969,32.92563247680664,460.7699890136719,460.51422119140625,72.60099029541016,85.69075775146484,80.50426483154297,366.3978576660156,25.812715530395508,143.11082458496094,36.593238830566406,126.07421875,236.24974060058594,68.84378051757812,350.2250061035156,395.7466125488281,208.5133514404297,89.04087829589844,38.521976470947266,337.6544494628906,243.1396484375,39.56401443481445,183.2256317138672,104.68547821044922,224.41232299804688,150.6831817626953,104.05424499511719,151.9928436279297
2025-04-30,106.51910400390625,187.6091766357422,291.6513671875,274.25,95.77656555175781,103.29948425292969,316.4915466308594,193.54098510742188,149.18824768066406,168.22889709472656,279.9566650390625,463.27789306640625,215.3315887451172,352.3739013671875,262.3772888183594,76.29397583007812,200.2295379638672,190.621337890625,613.2999877929688,262.92669677734375,3762.60009765625,157.95486450195312,201.91221618652344,34.45475387573242,890.7789916992188,533.25,139.4103546142578,61.2138786315918,305.39215087890625,99.83355712890625,18.049942016601562,89.40479278564453,287.5728759765625,70.3681640625,289.9183654785156,56.22078323364258,27.564502716064453,209.3082275390625,71.7736587524414,63.96021270751953,129.0189971923828,192.88999938964844,110.83000183105469,197.55593872070312,168.3992919921875,248.17062377929688,49.916011810302734,58.79229736328125,410.1189270019531,837.1024169921875,66.55302429199219,39.43802261352539,184.57000732421875,52.2266845703125,266.037841796875,200.22926330566406,43.654075622558594,44.68753433227539,160.2392578125,183.03372192382812,19.209394454956055,342.0895080566406,348.98486328125,120.08001708984375,257.5561828613281,232.56231689453125,165.40545654296875,232.58103942871094,238.87725830078125,33.230567932128906,69.6513442993164,25.01910972595215,70.05384826660156,106.00457763671875,237.7966766357422,215.44161987304688,445.78839111328125,462.02032470703125,543.929931640625,150.88833618164062,235.88002014160156,709.2000732421875,81.41453552246094,72.18831634521484,520.4396362304688,135.69468688964844,134.01312255859375,112.08281707763672,391.4093322753906,1070.5699462890625,54.53126907348633,108.76756286621094,7125.75,138.83917236328125,94.34666442871094,93.95072174072266,138.856689453125,129.00100708007812,22.003576278686523,70.82379913330078,156.853271484375,264.44921875,598.1637573242188,164.13514709472656,35.092262268066406,99.65079498291016,154.97000122070312,144.52731323242188,210.70326232910156,594.6182861328125,19.39527702331543,221.80645751953125,243.18992614746094,247.3054962158203,123.52165985107422,348.89031982421875,32.09549331665039,459.010009765625,468.2774963378906,71.56039428710938,85.27454376220703,89.8076400756836,369.3612976074219,26.19092559814453,144.2241973876953,36.19671630859375,126.71427154541016,241.49127197265625,69.44336700439453,379.82330322265625,397.8837585449219,209.6018829345703,87.72455596923828,38.36978530883789,341.5894470214844,259.9666442871094,40.586509704589844,183.60330200195312,105.04033660888672,228.8848419189453,151.7342529296875,101.43270874023438,152.94139099121094
2025-05-01,105.39056396484375,185.916748046875,292.99676513671875,273.489990234375,94.66669464111328,102.53669738769531,313.4814758300781,192.41909790039062,147.45594787597656,165.92738342285156,273.0857238769531,462.7960205078125,214.01329040527344,349.8807373046875,263.41290283203125,77.95965576171875,199.29505920410156,195.43467712402344,621.0999755859375,265.0289001464844,3732.919921875,129.31414794921875,201.99734497070312,35.223663330078125,892.6107177734375,530.22998046875,143.59396362304688,68.31993865966797,310.02337646484375,100.34329223632812,18.335357666015625,87.95010375976562,288.5906677246094,69.71846008300781,287.6994323730469,56.6005859375,27.603778839111328,207.2021026611328,73.39313507080078,66.58726501464844,129.2086639404297,196.1999969482422,111.12999725341797,194.9592742919922,167.5703887939453,249.34519958496094,50.89549255371094,57.74313735961914,398.1541442871094,838.2888793945312,66.89403533935547,39.31138610839844,183.02000427246094,50.04589080810547,265.4414978027344,202.28579711914062,44.04752731323242,44.49985885620117,162.13157653808594,182.94557189941406,19.31600570678711,340.0671691894531,346.8647766113281,119.26753997802734,251.46693420410156,230.4849853515625,168.2316436767578,231.9315185546875,241.09397888183594,32.70218276977539,67.0365219116211,25.01910972595215,68.8371810913086,105.59465026855469,238.0630645751953,215.33389282226562,440.69342041015625,461.9913330078125,542.5106811523438,153.17555236816406,241.18922424316406,703.21044921875,80.26189422607422,72.57142639160156,519.3471069335938,134.7080535888672,134.3154296875,113.38407897949219,421.2556457519531,1056.5799560546875,54.87934112548828,111.45380401611328,7034.89013671875,143.54544067382812,93.84532928466797,94.06783294677734,138.37535095214844,127.06952667236328,21.570898056030273,70.74738311767578,154.35433959960938,260.61962890625,603.1660766601562,162.88035583496094,34.68846130371094,99.07621002197266,156.33999633789062,131.62832641601562,216.44854736328125,585.9189453125,19.490304946899414,221.37258911132812,244.66275024414062,245.98390197753906,124.77519226074219,349.6020812988281,32.5684814453125,459.3599853515625,467.2286682128906,71.9747085571289,85.88433837890625,88.80134582519531,369.4303894042969,26.13418960571289,144.20448303222656,36.43274688720703,125.68031311035156,241.5401611328125,69.28610229492188,389.048583984375,387.47833251953125,208.06626892089844,87.08018493652344,38.521976470947266,338.5739440917969,261.25494384765625,39.88642501831055,185.7698974609375,104.34019470214844,228.92408752441406,153.0603485107422,101.5767593383789,152.20797729492188
2025-05-02,107.53876495361328,190.84976196289062,297.67645263671875,279.989990234375,96.00819396972656,102.67972564697266,326.7454833984375,194.4287567138672,153.53395080566406,168.71499633789062,270.6221923828125,476.5166931152344,213.60252380371094,354.5684814453125,268.6973876953125,79.97236633300781,202.34646606445312,201.68405151367188,628.1599731445312,273.230224609375,3756.330078125,128.73446655273438,206.01119995117188,36.1093635559082,905.3353271484375,539.7999877929688,147.540771484375,70.23966979980469,319.6214904785156,100.88136291503906,19.26049041748047,87.74645233154297,293.4546813964844,69.66114044189453,289.37353515625,57.778953552246094,28.18315315246582,209.1796875,75.80281829833984,64.6792984008789,131.33274841308594,205.08999633789062,116.94000244140625,197.27842712402344,171.5768280029297,252.0694580078125,51.194000244140625,58.233394622802734,399.7826232910156,851.7874755859375,67.93599700927734,39.9981575012207,184.3699951171875,50.6229362487793,266.927490234375,206.34921264648438,45.01150131225586,44.746803283691406,165.1393585205078,187.84291076660156,19.96536636352539,344.9544372558594,352.8862609863281,123.00689697265625,253.86334228515625,236.1494903564453,170.80177307128906,234.9174041748047,246.58203125,33.057640075683594,69.20232391357422,25.523300170898438,69.18479919433594,107.55642700195312,244.35801696777344,215.17721557617188,447.4801330566406,457.2332458496094,555.174560546875,158.56271362304688,246.64675903320312,704.8422241210938,81.5009765625,74.52530670166016,532.1798706054688,138.79132080078125,138.05078125,116.7440414428711,431.0394287109375,1100.010009765625,56.64870834350586,114.33976745605469,7124.0,148.71539306640625,93.75733184814453,94.97542572021484,141.3956298828125,127.25981903076172,21.814281463623047,73.38358306884766,154.8753204345703,265.4535827636719,611.964599609375,163.6562042236328,34.77498245239258,102.60987091064453,160.08999633789062,136.10646057128906,225.4488525390625,601.4208984375,20.003456115722656,229.37911987304688,249.0517120361328,247.07864379882812,127.51728057861328,355.5335693359375,33.524105072021484,472.2799987792969,474.4300537109375,72.71660614013672,87.6266098022461,91.82025146484375,373.6088562011719,26.10582733154297,147.72190856933594,37.263553619384766,127.23619079589844,243.37860107421875,71.517333984375,395.9551696777344,386.7433776855469,212.1580047607422,88.73710632324219,39.444602966308594,343.6656494140625,264.6441650390625,40.29173278808594,190.21238708496094,104.1771469116211,229.4537353515625,157.71640014648438,101.98966979980469,153.95838928222656
2025-05-05,107.28137969970703,188.5419464111328,299.9967956542969,280.07000732421875,96.07575225830078,102.44135284423828,330.4759826660156,195.3555145263672,153.04885864257812,168.9134063720703,269.50592041015625,474.4739990234375,213.86044311523438,353.81207275390625,263.4612731933594,79.48652648925781,200.26771545410156,198.7921142578125,621.4000244140625,274.3947448730469,3775.550048828125,127.37679290771484,205.54872131347656,35.76871109008789,896.887939453125,512.1500244140625,149.96804809570312,69.53265380859375,319.0586242675781,100.98519134521484,19.250648498535156,87.99859619140625,295.8523864746094,69.78534698486328,289.2249450683594,57.76921844482422,27.957294464111328,209.44667053222656,76.00769805908203,64.33413696289062,128.4879913330078,205.39999389648438,118.33000183105469,195.6431121826172,170.73805236816406,251.79307556152344,51.240638732910156,56.57631301879883,405.94537353515625,858.9453125,67.09294128417969,40.1442756652832,185.5,50.652915954589844,266.0574645996094,207.58116149902344,44.66722869873047,44.82583236694336,165.37838745117188,186.24636840820312,19.248165130615234,346.3522033691406,350.18536376953125,123.05583190917969,252.10531616210938,239.64051818847656,171.3236846923828,233.51170349121094,246.630859375,33.0960693359375,68.7196044921875,25.56135368347168,69.23307037353516,106.59017944335938,243.5292205810547,214.07073974609375,445.06048583984375,456.03411865234375,556.8914794921875,156.2660675048828,244.47166442871094,703.4392700195312,80.15623474121094,74.14219665527344,538.5266723632812,137.54095458984375,139.78675842285156,116.14195251464844,431.92071533203125,1091.1300048828125,55.449790954589844,113.66072082519531,7076.41015625,147.2946319580078,92.47599792480469,95.06326293945312,141.0558624267578,125.5852279663086,21.51681137084961,73.12568664550781,153.24476623535156,264.84344482421875,609.5425415039062,165.88800048828125,34.88074493408203,102.37046813964844,161.3300018310547,135.7462615966797,224.27235412597656,599.4049682617188,20.06047821044922,234.4867401123047,249.23826599121094,247.2857666015625,125.93077850341797,355.7115173339844,32.58778381347656,477.4100036621094,473.75579833984375,72.61062622070312,87.66532897949219,92.32340240478516,376.7105712890625,26.011276245117188,147.64308166503906,37.1502571105957,126.97030639648438,242.81143188476562,72.03827667236328,399.2350769042969,391.47222900390625,210.4474639892578,87.96388244628906,39.43509292602539,344.69390869140625,267.607177734375,40.10750198364258,189.61607360839844,104.25387573242188,230.2874298095703,155.5848388671875,99.16650390625,154.564697265625
2025-05-06,104.18281555175781,179.9644012451172,296.1847839355469,278.6400146484375,95.98888397216797,102.44135284423828,333.84136962890625,197.12127685546875,151.48483276367188,166.5126953125,260.2484436035156,469.391845703125,213.80313110351562,356.24053955078125,259.0188293457031,79.03044891357422,198.217529296875,198.16815185546875,601.6699829101562,271.76953125,3747.02001953125,125.96573638916016,204.4103240966797,35.651180267333984,891.4706420898438,512.3300170898438,149.67201232910156,68.92383575439453,316.86651611328125,100.4565658569336,19.22112274169922,88.2507553100586,291.9768371582031,70.10064697265625,288.0758361816406,57.67182922363281,27.584138870239258,210.9199676513672,75.7442855834961,63.5,128.58282470703125,190.11000061035156,117.06999969482422,188.35855102539062,168.45851135253906,249.37481689453125,51.14735412597656,57.39014434814453,403.6831359863281,851.3304443359375,66.81824493408203,38.234962463378906,184.9499969482422,50.39811325073242,264.5616149902344,207.2433624267578,44.02785110473633,44.90484619140625,164.53182983398438,183.29818725585938,18.841102600097656,353.60882568359375,347.91033935546875,123.90746307373047,247.27317810058594,239.5828094482422,172.51522827148438,232.54226684570312,243.3985595703125,32.77903366088867,67.34478759765625,25.884794235229492,69.25239562988281,103.65238189697266,240.66787719726562,211.69131469726562,439.70977783203125,452.79443359375,554.7775268554688,155.6139373779297,249.1085968017578,707.4888305664062,79.07083129882812,73.73501586914062,531.38525390625,134.82530212402344,140.97659301757812,114.90869140625,429.0885925292969,1063.3699951171875,55.15006637573242,113.38111114501953,6961.08984375,145.72589111328125,92.44266510009766,93.87264251708984,140.64999389648438,124.39588928222656,20.624412536621094,72.91556549072266,153.65000915527344,266.25140380859375,606.9227294921875,166.74044799804688,34.7269172668457,100.9244384765625,158.72000122070312,136.194091796875,221.1741943359375,554.6566162109375,19.680360794067383,233.87539672851562,248.4626007080078,247.40411376953125,125.50967407226562,348.49481201171875,32.414039611816406,473.54998779296875,469.9256896972656,72.3311996459961,87.83955383300781,92.63911437988281,372.9173278808594,26.62586212158203,146.342529296875,36.791507720947266,126.4976577758789,248.1898651123047,72.05792999267578,402.9806823730469,381.5115966796875,207.2109832763672,86.35298156738281,38.97853469848633,343.7645263671875,264.8324279785156,40.66941452026367,188.02593994140625,105.2705307006836,229.5812530517578,151.67532348632812,100.54927062988281,146.55580139160156
2025-05-07,106.43991088867188,180.8683319091797,298.41741943359375,283.3599853515625,96.06609344482422,102.47949981689453,335.1045837402344,199.08216857910156,154.23675537109375,168.3578643798828,265.4449157714844,474.4640808105469,209.67628479003906,358.0221252441406,256.1054992675781,80.15082550048828,198.23660278320312,202.84280395507812,601.8200073242188,272.6281433105469,3745.5400390625,127.48357391357422,205.75144958496094,35.563026428222656,896.7222900390625,518.219970703125,151.43820190429688,68.7274398803711,316.2740173339844,98.8801498413086,19.378591537475586,88.13436889648438,291.5854187011719,70.65480041503906,301.71636962890625,58.01268005371094,27.859098434448242,212.69981384277344,76.02720642089844,64.0273208618164,128.7629852294922,176.99000549316406,120.86000061035156,191.37149047851562,169.19863891601562,251.03305053710938,52.00556945800781,58.10593032836914,407.04730224609375,848.5101318359375,66.83719635009766,38.234962463378906,182.19000244140625,50.982662200927734,263.42755126953125,208.5547637939453,44.11637878417969,44.914730072021484,152.18199157714844,184.39517211914062,18.763568878173828,357.8517150878906,351.1727600097656,125.08213806152344,248.59906005859375,243.67010498046875,173.8347625732422,232.96881103515625,243.53529357910156,32.70218276977539,68.82466888427734,26.274826049804688,69.90900421142578,105.22376251220703,242.62147521972656,213.46363830566406,442.2769470214844,455.802001953125,562.062255859375,155.77462768554688,253.09298706054688,718.7318115234375,79.87769317626953,74.04378509521484,530.8489990234375,135.43093872070312,141.11314392089844,115.65641784667969,429.1282043457031,1084.4599609375,56.677711486816406,116.89617919921875,7095.64013671875,147.3735809326172,91.87266540527344,94.97542572021484,141.8769989013672,125.51861572265625,20.543285369873047,74.0712890625,153.68856811523438,268.8044738769531,615.9190063476562,167.9664764404297,34.92881774902344,101.07766723632812,161.0500030517578,140.47750854492188,223.5468292236328,557.0499877929688,19.74688148498535,237.01097106933594,278.0365905761719,248.35092163085938,124.86332702636719,347.5655822753906,32.336814880371094,480.5400085449219,473.5779113769531,73.0923843383789,88.56550598144531,94.16828918457031,379.37762451171875,26.569133758544922,147.4854278564453,36.54603576660156,126.68474578857422,245.70599365234375,73.47333526611328,403.5356140136719,378.17529296875,207.84274291992188,86.49105834960938,39.282901763916016,345.89019775390625,263.4450378417969,40.429908752441406,188.53277587890625,105.1362533569336,230.9936065673828,154.8480987548828,100.45325469970703,152.54046630859375
2025-05-08,107.6080551147461,178.45468139648438,301.1374816894531,289.6199951171875,94.27101135253906,100.2960433959961,334.03875732421875,197.6676025390625,154.4248504638672,170.2030487060547,261.7977600097656,482.55609130859375,208.13827514648438,355.4244079589844,260.973876953125,79.89303588867188,194.95632934570312,205.77439880371094,686.8300170898438,279.9512023925781,3674.72998046875,128.1013946533203,204.52516174316406,35.50426483154297,904.7896118164062,513.25,145.3108367919922,69.22824096679688,320.1843566894531,97.49252319335938,19.929737091064453,88.08587646484375,299.8747863769531,69.36494445800781,281.1020202636719,58.14902114868164,28.4384708404541,212.55149841308594,77.27596282958984,65.05322265625,129.94830322265625,182.9600067138672,125.62000274658203,193.08607482910156,172.3761444091797,250.1151123046875,52.36004638671875,60.04737091064453,402.1229248046875,837.3358764648438,66.00361633300781,38.619747161865234,181.38999938964844,52.331600189208984,265.9010009765625,213.09506225585938,44.3131103515625,46.77177047729492,155.12005615234375,186.50103759765625,19.616455078125,350.8529052734375,353.2154541015625,125.5030517578125,248.82498168945312,244.41064453125,173.7756805419922,235.66387939453125,247.51951599121094,32.79825210571289,69.71478271484375,25.723072052001953,68.72130584716797,106.94153594970703,245.44332885742188,213.8455352783203,445.78839111328125,458.90631103515625,562.8463134765625,152.7880401611328,256.3655090332031,686.7736206054688,80.31954193115234,74.8639144897461,537.9009399414062,137.85353088378906,146.2626190185547,118.35603332519531,433.9012756347656,1101.6300048828125,56.95810317993164,117.20575714111328,7227.75,148.2911376953125,90.67666625976562,94.97542572021484,142.83026123046875,125.0523910522461,20.705537796020508,75.30341339111328,153.07110595703125,266.4954528808594,634.1882934570312,164.74815368652344,34.24620056152344,104.56343078613281,164.74000549316406,141.25634765625,228.2823028564453,543.8816528320312,20.24102783203125,247.9558563232422,285.96026611328125,245.9049835205078,126.00912475585938,349.5328674316406,33.12834548950195,484.5,475.35711669921875,73.00566101074219,91.04340362548828,95.00688171386719,377.7971496582031,25.973451614379883,149.87965393066406,37.34851837158203,126.13328552246094,242.01934814453125,76.2156982421875,401.9600830078125,372.8468017578125,210.7487335205078,89.2433853149414,40.081878662109375,347.2940673828125,266.0018310546875,40.17198181152344,190.5701904296875,103.54414367675781,228.6592559814453,158.04052734375,101.85523223876953,158.11444091796875
2025-05-09,105.8558349609375,177.51229858398438,300.1820373535156,287.4800109863281,94.00078582763672,100.70006561279297,333.7525329589844,197.68711853027344,154.0387725830078,170.38160705566406,255.84100341796875,485.69415283203125,210.1348419189453,352.6476135253906,262.4160461425781,80.19048309326172,195.98617553710938,206.20025634765625,684.5900268554688,280.79010009765625,3663.72998046875,127.54460144042969,200.8533935546875,35.73933029174805,899.72314453125,513.739990234375,146.2481689453125,70.15129089355469,321.53717041015625,99.11614990234375,19.870685577392578,87.09668731689453,300.1683349609375,69.57962036132812,280.3392639160156,58.207454681396484,28.22243309020996,212.33396911621094,77.23693084716797,64.2094955444336,131.32327270507812,183.52000427246094,121.06999969482422,188.04136657714844,173.83663940429688,249.3945770263672,52.416015625,59.80224609375,394.51690673828125,840.6424560546875,66.2499008178711,38.283668518066406,184.07000732421875,52.848697662353516,265.4903564453125,213.56199645996094,44.34262466430664,46.91994094848633,153.75559997558594,187.50009155273438,19.732759475708008,350.634765625,351.13409423828125,124.8276138305664,245.07318115234375,241.2545623779297,175.60726928710938,235.09190368652344,247.13865661621094,32.221832275390625,69.50364685058594,25.979921340942383,68.09365844726562,106.03385162353516,242.4537353515625,214.82472229003906,445.22772216796875,457.9295654296875,564.3548583984375,154.0734100341797,255.05056762695312,689.9674072265625,80.18505859375,75.11478424072266,538.18896484375,139.2992706298828,147.1598663330078,118.18124389648438,434.455810546875,1080.97998046875,56.36831283569336,116.48675537109375,7150.18994140625,148.3306121826172,90.62266540527344,94.66314697265625,143.1322784423828,124.11044311523438,20.466699600219727,75.3607406616211,152.11590576171875,267.04925537109375,642.010498046875,162.5451202392578,34.140438079833984,106.22012329101562,163.02000427246094,141.33419799804688,228.69406127929688,524.1292724609375,20.107990264892578,245.26400756835938,289.4557189941406,245.16529846191406,126.00912475585938,347.8424072265625,33.35035705566406,482.8999938964844,475.46954345703125,72.6684341430664,90.8014144897461,94.4248046875,376.2759094238281,26.32329750061035,150.62847900390625,37.319820404052734,126.14314270019531,238.42068481445312,76.67766571044922,401.0484619140625,368.0986022949219,210.24334716796875,88.26765441894531,39.967742919921875,348.54974365234375,267.2009582519531,40.17198181152344,191.434814453125,103.21806335449219,228.28656005859375,157.47080993652344,103.04596710205078,155.74794006347656
2025-05-12,114.38925170898438,182.7722930908203,314.0163269042969,293.20001220703125,92.08988189697266,97.1503677368164,326.94287109375,197.540771484375,166.2937774658203,177.95082092285156,264.4056091308594,508.9239807128906,198.62359619140625,351.9011535644531,267.3327331542969,83.7399673461914,198.9040985107422,219.45175170898438,693.0999755859375,295.01165771484375,3664.25,133.73802185058594,205.70196533203125,36.8460807800293,933.4248657226562,514.2999877929688,146.6428680419922,72.11521911621094,338.2548828125,94.84943389892578,21.78000259399414,86.44693756103516,323.5390625,67.46180725097656,275.7627258300781,60.05778121948242,29.764158248901367,214.55874633789062,79.81246948242188,62.13853073120117,134.29127502441406,192.10000610351562,126.08000183105469,199.04258728027344,181.1686248779297,251.18109130859375,52.76115798950195,64.08714294433594,406.32568359375,846.5553588867188,67.15925598144531,39.03862762451172,186.82000732421875,55.26181411743164,270.0657653808594,217.52603149414062,46.20170593261719,49.00416946411133,158.9345703125,193.91561889648438,20.595338821411133,360.13177490234375,364.571044921875,125.92398071289062,248.34373474121094,245.60140991210938,170.79193115234375,242.66331481933594,253.9450225830078,32.19300842285156,75.3785400390625,25.979921340942383,67.13773345947266,109.85006713867188,247.5942840576172,214.4036865234375,446.9588623046875,457.5814514160156,573.9122314453125,154.6499481201172,268.8822326660156,684.057373046875,82.42308044433594,77.8067626953125,549.3232421875,146.85035705566406,154.23065185546875,123.38626861572266,444.8831787109375,1174.5899658203125,60.50650405883789,122.82787322998047,7382.3701171875,155.11863708496094,89.30733489990234,95.63904571533203,144.1969757080078,125.2902603149414,21.21077537536621,78.03511810302734,155.24197387695312,263.0506896972656,662.9979858398438,157.88046264648438,33.236698150634766,113.65131378173828,170.50999450683594,148.09036254882812,237.439453125,571.6482543945312,21.143798828125,260.8136291503906,294.345458984375,238.14309692382812,127.86004638671875,353.072021484375,34.60521697998047,505.5899963378906,485.4241027832031,72.90930938720703,92.92118835449219,100.58100891113281,383.3486328125,25.538515090942383,158.60916137695312,39.33839797973633,129.48135375976562,235.00784301757812,81.24824523925781,412.36456298828125,366.2708435058594,224.38461303710938,93.16475677490234,41.86054229736328,351.822265625,269.90631103515625,39.61007308959961,199.7533416748047,100.67644500732422,221.24424743652344,170.721923828125,104.82244873046875,158.33934020996094
2025-05-13,114.26055908203125,180.78176879882812,314.4453125,297.010009765625,91.02828216552734,95.77471923828125,328.34429931640625,197.60906982421875,171.2828826904297,179.0618896484375,260.2580871582031,512.8416748046875,194.8406524658203,353.3940734863281,264.8453369140625,85.0487060546875,195.19471740722656,230.1876220703125,724.77001953125,298.3474426269531,3644.75,133.73802185058594,208.37193298339844,37.394561767578125,934.5452270507812,511.8800048828125,146.28765869140625,73.30339050292969,348.11962890625,92.81046295166016,22.380355834960938,85.2249984741211,327.44390869140625,66.6531982421875,276.37689208984375,60.16490936279297,29.990018844604492,212.91732788085938,79.28565216064453,58.006187438964844,134.98350524902344,197.8000030517578,129.3699951171875,194.8601531982422,183.1422576904297,248.23973083496094,52.40668487548828,64.2048110961914,366.062744140625,844.9214477539062,65.9183578491211,38.95095443725586,191.0,55.19436264038086,266.9177551269531,220.13893127441406,46.8410758972168,49.84379196166992,160.2392578125,196.32513427734375,20.653491973876953,364.9100036621094,361.6764831542969,125.22896575927734,224.8018341064453,250.34519958496094,170.2010955810547,241.52906799316406,256.8355407714844,31.7799129486084,78.8904037475586,26.160667419433594,66.58735656738281,109.67437744140625,246.67666625976562,213.82594299316406,443.2704162597656,444.6902770996094,572.2449340820312,152.09808349609375,271.0375671386719,684.3160400390625,81.7507095336914,78.30848693847656,540.2152709960938,147.2508544921875,158.814453125,125.61006927490234,444.7644348144531,1177.050048828125,60.32279968261719,129.7481689453125,7402.64013671875,160.1011505126953,88.05332946777344,94.65338134765625,143.7882080078125,123.98674011230469,21.008678436279297,78.03511810302734,153.14828491210938,265.2470703125,672.5748291015625,156.9130401611328,32.48678207397461,120.24938201904297,170.9600067138672,147.33102416992188,242.9298553466797,570.1884155273438,21.324352264404297,266.0198669433594,302.9171447753906,234.72076416015625,128.01673889160156,351.97467041015625,34.8561897277832,515.7100219726562,482.8114013671875,72.3890151977539,94.64409637451172,104.05374145507812,382.80535888671875,25.009021759033203,159.99838256835938,39.55842971801758,128.82159423828125,232.09368896484375,82.17218780517578,418.03253173828125,301.12060546875,221.83824157714844,91.87605285644531,42.202964782714844,352.6937561035156,266.1702575683594,39.28767013549805,202.59573364257812,99.32411193847656,218.11541748046875,171.3505859375,105.11053466796875,156.8627166748047
2025-05-14,110.39973449707031,170.62722778320312,312.3784484863281,295.5400085449219,91.6941909790039,94.84159851074219,325.3243713378906,195.6872100830078,172.3816680908203,177.9309844970703,252.3959503173828,514.7955322265625,195.35650634765625,350.5575256347656,262.7547607421875,84.89999389648438,192.2386932373047,229.8905029296875,728.530029296875,296.17620849609375,3645.429931640625,130.44300842285156,206.55564880371094,37.06155776977539,942.222900390625,503.3999938964844,146.43565368652344,72.03665161132812,345.2757568359375,92.72551727294922,22.626399993896484,84.92436981201172,325.73126220703125,66.22000885009766,276.5254821777344,59.68771743774414,30.471193313598633,211.79013061523438,78.39787292480469,57.565147399902344,134.33868408203125,196.83999633789062,127.36000061035156,186.1483917236328,182.2442626953125,246.90725708007812,52.5932502746582,62.86147689819336,364.9803161621094,835.6047973632812,65.41632080078125,39.21397018432617,189.86000061035156,54.482421875,264.6398010253906,221.7881622314453,46.241050720214844,49.695621490478516,166.1353302001953,196.46226501464844,20.575956344604492,364.3152160644531,360.9117431640625,123.47675323486328,226.3536376953125,249.59974670410156,169.31484985351562,237.65127563476562,259.40380859375,31.43406105041504,79.79240417480469,26.122615814208984,66.78046417236328,105.77033233642578,239.1385498046875,215.0792999267578,438.6475524902344,434.3909606933594,568.9598388671875,149.65025329589844,269.505126953125,678.8438110351562,80.9246597290039,77.1409912109375,537.3646240234375,144.4570770263672,159.4776611328125,127.25117492675781,448.52734375,1117.81005859375,59.68466567993164,135.1505889892578,7167.580078125,160.7720489501953,88.38200378417969,93.72626495361328,144.50115966796875,122.21699523925781,20.227859497070312,77.40474700927734,152.4632568359375,261.098388671875,668.9959106445312,157.1141815185547,32.22719192504883,119.41622924804688,171.47000122070312,148.9275665283203,246.4495849609375,567.40771484375,21.324352264404297,265.7831726074219,301.96478271484375,234.79966735839844,128.0852813720703,347.35797119140625,34.75966262817383,517.6599731445312,479.41204833984375,72.12886047363281,94.57633972167969,103.77751159667969,381.6101379394531,24.99956512451172,158.3727264404297,39.443634033203125,129.24502563476562,230.0889892578125,81.83800506591797,415.8426208496094,297.8616638183594,221.9257049560547,91.72876739501953,42.06980514526367,353.0106201171875,263.9207458496094,39.011314392089844,202.52615356445312,98.91102600097656,218.20370483398438,168.5805206298828,104.16947937011719,151.494140625
2025-05-15,111.2708969116211,174.7044219970703,315.1082763671875,295.7799987792969,93.44102478027344,97.74678802490234,333.8512268066406,200.25283813476562,172.98553466796875,178.77420043945312,261.45135498046875,512.7034301757812,202.21546936035156,356.8974609375,265.60028076171875,85.2370834350586,196.0338897705078,230.40553283691406,728.3900146484375,295.63336181640625,3758.3701171875,131.39642333984375,207.3946990966797,36.953819274902344,957.8314208984375,507.3299865722656,149.9285430908203,72.15448760986328,345.4238586425781,95.12317657470703,22.63624382019043,86.92212677001953,325.0266418457031,68.25116729736328,283.2814025878906,62.580074310302734,30.736331939697266,216.43603515625,79.37346649169922,57.97742462158203,134.89817810058594,197.10000610351562,126.94000244140625,189.2505340576172,181.9186248779297,252.59255981445312,53.7313117980957,62.43004608154297,380.299560546875,843.4140625,67.1213607788086,39.88125228881836,159.1300048828125,54.31755447387695,272.2850646972656,227.88821411132812,46.8213996887207,49.50794219970703,164.73101806640625,197.7747344970703,20.391809463500977,382.1592102050781,366.54595947265625,126.52110290527344,223.40721130371094,258.17724609375,172.180419921875,240.39479064941406,261.2103576660156,32.221832275390625,79.89152526855469,26.63631820678711,69.14617156982422,107.46858978271484,242.98654174804688,222.1392822265625,446.7620544433594,449.8255310058594,577.8126831054688,152.0697479248047,268.39776611328125,703.200439453125,82.71124267578125,77.6330795288086,549.12451171875,145.2971649169922,161.20388793945312,128.67868041992188,449.5392761230469,1143.3599853515625,60.33246994018555,134.6413116455078,7246.6201171875,157.26951599121094,91.34200286865234,95.5024185180664,146.8015899658203,125.11898040771484,20.760656356811523,77.76768493652344,156.69886779785156,263.89544677734375,666.8446655273438,162.00872802734375,33.09247970581055,119.48326873779297,171.8000030517578,148.5673828125,245.2142333984375,580.9435424804688,21.34335708618164,265.3394775390625,302.2789306640625,241.59503173828125,132.7174835205078,357.32293701171875,34.479732513427734,514.47998046875,486.2856750488281,73.68012237548828,95.05062866210938,105.9874267578125,387.4184265136719,25.841083526611328,160.7176513671875,39.39579772949219,131.4332733154297,234.85134887695312,81.8183364868164,418.5082092285156,265.3106689453125,224.36520385742188,92.37312316894531,42.4027099609375,358.79412841796875,268.6279602050781,40.05223083496094,202.98333740234375,101.49407958984375,223.6472625732422,168.62960815429688,105.22579956054688,156.80406188964844
2025-05-16,112.62712097167969,176.95458984375,309.72662353515625,298.0799865722656,94.5991439819336,99.12242126464844,337.7593994140625,203.95018005371094,163.89820861816406,181.29396057128906,264.46087646484375,517.203369140625,203.8394775390625,360.21173095703125,269.96527099609375,86.13932800292969,198.43687438964844,226.4142303466797,733.1799926757812,295.8011779785156,3786.419921875,133.7913818359375,210.53587341308594,37.01258087158203,964.2911376953125,514.3099975585938,152.1979522705078,74.25589752197266,349.1465759277344,96.5863265991211,23.02007293701172,88.47379302978516,327.3460693359375,68.79987335205078,288.0453796386719,61.95680236816406,30.755971908569336,218.7738494873047,79.45150756835938,59.9525146484375,134.7464599609375,202.0,127.91000366210938,194.36460876464844,184.2376251220703,255.7313232421875,54.69213104248047,63.90083312988281,393.25897216796875,851.8556518554688,67.784423828125,40.441383361816406,166.66000366210938,54.849639892578125,274.4358215332031,230.27259826660156,47.43125915527344,49.7548828125,166.75279235839844,201.06578063964844,20.595338821411133,384.16168212890625,368.62738037109375,128.3516082763672,233.70986938476562,258.2547302246094,173.55905151367188,243.66184997558594,261.2787170410156,32.49082565307617,78.42155456542969,26.721933364868164,69.52275085449219,109.17662048339844,246.19322204589844,225.40977478027344,450.2538146972656,452.9007568359375,578.8846435546875,154.24351501464844,270.1379089355469,720.53271484375,83.02822875976562,77.9900894165039,560.268798828125,149.5659942626953,160.06280517578125,128.35821533203125,450.6701965332031,1157.43994140625,61.01894760131836,135.21051025390625,7370.41015625,158.3449249267578,92.11066436767578,96.923583984375,148.2750244140625,125.5757064819336,20.971935272216797,77.89186096191406,157.5382843017578,268.4759826660156,674.5377807617188,163.25392150878906,33.51551055908203,120.40260314941406,172.91000366210938,148.46029663085938,250.42027282714844,590.208984375,21.466894149780273,270.693603515625,303.4473876953125,244.3861541748047,132.67828369140625,360.14654541015625,34.52799606323242,514.4299926757812,489.26361083984375,74.77853393554688,95.13774108886719,106.34259796142578,389.40386962890625,26.209835052490234,161.57484436035156,39.606266021728516,131.72964477539062,237.29611206054688,81.40550994873047,425.1868591308594,282.2920837402344,224.91915893554688,93.26602172851562,42.72610092163086,361.5868225097656,273.0279541015625,40.522029876708984,204.42440795898438,103.0032958984375,225.46177673339844,170.76119995117188,104.84784698486328,159.43455505371094
2025-05-19,112.30044555664062,178.57969665527344,311.3840026855469,295.8999938964844,95.5159912109375,99.83428192138672,339.3187255859375,204.81845092773438,164.2644805908203,180.43089294433594,267.80047607421875,515.3580322265625,205.51124572753906,363.23736572265625,268.416748046875,85.67334747314453,198.93270874023438,228.4148406982422,742.3200073242188,295.3866882324219,3879.969970703125,135.04226684570312,212.94845581054688,37.1301155090332,968.1396484375,512.3900146484375,151.81314086914062,74.46209716796875,348.1492614746094,97.20933532714844,23.02007293701172,88.96837615966797,329.46978759765625,69.28120422363281,290.4373474121094,62.24896240234375,30.647953033447266,220.933349609375,79.88240051269531,60.19220733642578,132.92283630371094,202.17999267578125,127.41000366210938,194.6619415283203,183.9514617919922,257.971923828125,54.10444641113281,64.07733154296875,393.76605224609375,853.4602661132812,67.58550262451172,40.504703521728516,169.13999938964844,54.42247009277344,275.08111572265625,233.75978088378906,47.34273910522461,49.41904067993164,167.1910400390625,200.69357299804688,20.227048873901367,383.5372009277344,367.27203369140625,128.88999938964844,242.92230224609375,259.85211181640625,174.05140686035156,244.02056884765625,258.66168212890625,32.50043487548828,78.19700622558594,26.63631820678711,69.45516204833984,108.50315856933594,246.469482421875,226.16375732421875,452.7717590332031,457.4847412109375,581.9909057617188,152.485595703125,270.09832763671875,722.7415771484375,83.53729248046875,78.02867889404297,564.3510131835938,150.57215881347656,158.258544921875,127.0569839477539,455.2337951660156,1159.0999755859375,60.0230712890625,135.38026428222656,7313.52001953125,157.5063018798828,92.92666625976562,96.5805435180664,150.37588500976562,125.39491271972656,21.128101348876953,77.653076171875,158.97589111328125,270.5503234863281,673.4273681640625,165.8688201904297,33.66933822631836,118.13047790527344,172.38999938964844,149.62850952148438,249.0574951171875,592.4136352539062,21.419382095336914,273.78973388671875,303.9009704589844,246.9307098388672,134.3627166748047,358.6505126953125,33.89091110229492,516.010009765625,490.96795654296875,75.56861877441406,95.12805938720703,107.57581329345703,389.8780517578125,26.493492126464844,160.47132873535156,39.606266021728516,133.3992156982422,238.8509521484375,80.96320343017578,426.8912353515625,305.48199462890625,223.05311584472656,92.7326889038086,42.60245132446289,364.3399353027344,273.5234375,40.81679916381836,205.88536071777344,103.76757049560547,227.5019073486328,171.1934051513672,103.18099212646484,160.31466674804688
2025-05-20,112.34004974365234,177.7527313232422,312.1542053222656,295.8399963378906,95.13959503173828,99.78618621826172,335.8743896484375,203.03317260742188,164.05661010742188,179.3594970703125,266.9850158691406,512.05224609375,205.7691650390625,360.71929931640625,266.8100891113281,85.55436706542969,198.9040985107422,229.45474243164062,742.75,292.2976379394531,3880.14990234375,134.75245666503906,210.2828369140625,36.57183837890625,972.085693359375,508.739990234375,152.71104431152344,73.59796905517578,345.10784912109375,97.15269470214844,22.537824630737305,89.21083068847656,324.4785461425781,69.29083251953125,290.73504638671875,61.76202392578125,30.667591094970703,220.77484130859375,79.31439208984375,61.112640380859375,131.7518768310547,205.17999267578125,128.83999633789062,196.0098419189453,181.83966064453125,258.9786682128906,54.39362716674805,64.7931137084961,402.2301330566406,851.8264770507812,67.3581771850586,39.90073776245117,165.8699951171875,53.92035675048828,275.27667236328125,233.72996520996094,47.1951904296875,49.596839904785156,164.65135192871094,199.57696533203125,19.84906005859375,382.7044372558594,365.016357421875,128.439697265625,250.7499542236328,258.43865966796875,173.59841918945312,242.3046417236328,259.4428405761719,32.53886032104492,78.52291107177734,26.617292404174805,69.22342681884766,106.81466674804688,247.45616149902344,226.01687622070312,452.2996826171875,460.15386962890625,576.7308349609375,151.54994201660156,264.31451416015625,715.56787109375,82.96099853515625,77.50764465332031,559.8118896484375,150.58193969726562,157.53684997558594,125.39642333984375,454.5393371582031,1186.0,60.4871711730957,134.19192504882812,7206.77978515625,158.16732788085938,92.41466522216797,96.2571029663086,149.88156127929688,125.40444946289062,21.60578155517578,76.91761016845703,159.81529235839844,268.10052490234375,674.1907348632812,166.77874755859375,33.54435729980469,116.8929214477539,173.24000549316406,149.74534606933594,244.32205200195312,611.4393310546875,21.143798828125,276.284423828125,303.79248046875,248.7257080078125,134.3431396484375,355.7773132324219,33.369667053222656,515.6099853515625,489.71307373046875,75.37591552734375,94.60537719726562,105.53360748291016,384.8006896972656,26.26656723022461,160.4910430908203,38.91746520996094,133.30044555664062,235.87815856933594,81.11062622070312,425.890380859375,310.9844665527344,221.9159698486328,91.2730712890625,42.24101257324219,363.2901916503906,270.8675231933594,40.73389434814453,203.4901885986328,104.06747436523438,229.40467834472656,169.46456909179688,101.70793151855469,160.0310821533203
2025-05-21,107.81594848632812,174.81980895996094,309.7558898925781,292.92999267578125,93.13219451904297,99.0166015625,333.1110534667969,200.29183959960938,160.5919189453125,176.2643585205078,263.4220886230469,504.38458251953125,204.17381286621094,356.36993408203125,261.0029296875,84.95948028564453,192.3721923828125,227.52345275878906,735.3800048828125,282.26055908203125,3872.60009765625,132.0599822998047,209.59507751464844,35.896034240722656,947.8446655273438,507.0299987792969,151.2704620361328,70.78955841064453,338.21539306640625,95.83113861083984,21.69142723083496,88.90049743652344,316.3164367675781,68.11640930175781,289.17681884765625,61.54778289794922,29.94091796875,218.97195434570312,78.3350830078125,59.549827575683594,130.110595703125,204.77000427246094,123.36000061035156,185.1473846435547,176.5602264404297,257.5672912597656,53.11563491821289,62.42024230957031,390.1678161621094,840.03466796875,65.2931900024414,39.67668533325195,162.22000122070312,52.5339469909668,271.4931335449219,232.0211639404297,47.39191818237305,48.76709747314453,169.3721923828125,196.61898803710938,19.286930084228516,378.5011901855469,359.00457763671875,126.88328552246094,241.38035583496094,252.55247497558594,172.05239868164062,237.17623901367188,254.91177368164062,32.26986312866211,77.39517974853516,26.132129669189453,69.37791442871094,103.09605407714844,238.1222686767578,227.75003051757812,448.0210876464844,454.7962341308594,565.2481079101562,147.47645568847656,257.73980712890625,715.1101684570312,81.0783462524414,75.16302490234375,556.2559814453125,145.94186401367188,153.69207763671875,121.67715454101562,448.9837341308594,1133.260009765625,57.992645263671875,131.6155548095703,7078.08984375,155.07916259765625,91.36599731445312,95.68863677978516,148.50318908691406,123.8344955444336,21.164846420288086,73.88981628417969,159.6126708984375,263.7546691894531,656.0782470703125,167.27684020996094,33.28476333618164,108.07518005371094,169.1300048828125,147.3018341064453,233.09616088867188,601.3247680664062,20.260034561157227,270.05267333984375,297.5606689453125,248.7257080078125,132.1592559814453,350.6650695800781,32.693965911865234,501.4599914550781,477.84814453125,74.02699279785156,92.46625518798828,103.02771759033203,375.12017822265625,25.973451614379883,157.84884643554688,37.425048828125,129.44754028320312,235.43809509277344,78.35845947265625,420.99530029296875,292.99737548828125,217.33827209472656,89.68245697021484,40.79524612426758,354.83282470703125,268.10272216796875,40.30094909667969,199.57444763183594,103.07100677490234,229.62046813964844,164.94602966308594,100.45779418945312,157.86996459960938
2025-05-22,108.5782241821289,175.53138732910156,308.5177307128906,295.0,92.07058715820312,97.9295654296875,331.0879211425781,197.570068359375,159.35104370117188,177.11749267578125,263.9657287597656,501.512939453125,200.8685302734375,353.65283203125,260.58673095703125,84.53314208984375,190.5794677734375,228.31578063964844,723.75,283.4251403808594,3859.25,131.4269256591797,211.5194549560547,35.8372688293457,944.9899291992188,503.57000732421875,150.46139526367188,70.47533416748047,340.86181640625,94.32080841064453,22.075258255004883,88.15376281738281,314.9267272949219,66.76871490478516,287.9361877441406,61.7036018371582,30.08821678161621,219.5762176513672,78.2469482421875,57.73773193359375,129.85145568847656,200.8699951171875,126.08999633789062,185.81141662597656,177.4779815673828,256.2939758300781,52.444000244140625,63.16543960571289,374.94610595703125,847.23095703125,64.6964340209961,39.66694259643555,161.33999633789062,52.571414947509766,270.838134765625,228.77243041992188,47.755863189697266,48.67819595336914,171.28439331054688,197.4417266845703,19.345083236694336,373.37603759765625,354.4449157714844,126.32532501220703,223.08311462402344,250.13221740722656,171.34339904785156,237.23440551757812,254.55047607421875,31.71265983581543,76.2594985961914,26.008459091186523,68.69235229492188,102.76421356201172,238.6649627685547,234.21270751953125,451.4636535644531,454.9606628417969,565.8435668945312,145.93592834472656,257.73980712890625,707.0609130859375,77.71649932861328,74.93146514892578,560.8746948242188,146.31307983398438,155.84005737304688,122.6093978881836,451.25555419921875,1136.0,59.28824996948242,132.64410400390625,7071.2001953125,155.2074432373047,90.98600006103516,95.24758911132812,148.4651336669922,123.80595397949219,21.164846420288086,73.88026428222656,159.22674560546875,260.1127624511719,651.6863403320312,167.8419647216797,33.05402755737305,109.23541259765625,170.3699951171875,143.4661865234375,233.73342895507812,593.5970458984375,20.30754852294922,273.543212890625,302.0274353027344,247.5520477294922,131.2974395751953,349.6743469238281,32.57813262939453,503.4800109863281,478.8314208984375,73.94991302490234,93.2696304321289,107.39822387695312,373.6681213378906,25.746530532836914,157.25509643554688,37.779022216796875,128.0150604248047,235.4967803955078,77.64092254638672,420.40081787109375,286.8952941894531,216.60934448242188,90.73039245605469,41.01401138305664,354.5060729980469,269.2324523925781,39.729820251464844,198.958251953125,102.05519104003906,228.84561157226562,157.54942321777344,99.78910827636719,158.38824462890625
2025-05-23,107.43976593017578,176.22373962402344,301.8199157714844,295.3500061035156,92.93917846679688,98.96849822998047,333.6143798828125,198.2724609375,156.36293029785156,176.22470092773438,263.7327575683594,497.8123474121094,202.38743591308594,354.85711669921875,261.1674499511719,84.82067108154297,188.83445739746094,226.52316284179688,731.3699951171875,281.4907531738281,3826.4599609375,130.71755981445312,211.15870666503906,35.98418426513672,938.4425659179688,503.4599914550781,150.71791076660156,69.6995849609375,339.0844421386719,94.54736328125,21.898103713989258,89.79269409179688,312.22991943359375,67.0478744506836,290.159423828125,61.460140228271484,30.26497459411621,220.2003173828125,77.48308563232422,58.32258605957031,131.05120849609375,206.14999389648438,101.05000305175781,182.89756774902344,175.5438232421875,257.71533203125,52.83578872680664,62.449649810791016,363.01055908203125,844.258544921875,64.04283905029297,39.598751068115234,159.33999633789062,52.21169662475586,268.60906982421875,231.27606201171875,47.5689697265625,48.09540557861328,168.90408325195312,196.47206115722656,19.296621322631836,373.326416015625,351.13409423828125,126.19807434082031,220.91256713867188,250.38389587402344,173.43101501464844,234.4520721435547,254.58950805664062,31.626195907592773,75.23212432861328,26.503137588500977,69.30066680908203,102.6568603515625,239.29640197753906,232.54808044433594,451.3652648925781,453.4423522949219,559.3330078125,144.37646484375,255.4401397705078,712.4835815429688,77.49556732177734,74.49726867675781,557.9246826171875,144.9093475341797,156.0558319091797,122.42489624023438,446.6126403808594,1114.1400146484375,58.03133010864258,131.10626220703125,7066.39013671875,153.88534545898438,91.62466430664062,94.85554504394531,148.3795928955078,123.06381225585938,21.422056198120117,73.55551147460938,160.02755737304688,260.28173828125,649.3169555664062,170.6771697998047,33.33283996582031,109.38043212890625,168.77000427246094,141.52891540527344,235.41976928710938,585.1334838867188,20.18401336669922,270.2498779296875,301.278076171875,249.3865203857422,130.27377319335938,349.2483215332031,32.49126052856445,498.8500061035156,477.614013671875,74.8556137084961,93.01797485351562,111.22612762451172,372.0283508300781,25.926177978515625,155.91915893554688,37.57811737060547,124.18191528320312,237.51123046875,75.55714416503906,419.4396057128906,285.83148193359375,215.87069702148438,89.23334503173828,40.842803955078125,350.11895751953125,266.25408935546875,39.90484619140625,198.09359741210938,103.30319213867188,232.26870727539062,155.05441284179688,99.84725189208984,158.9847412109375
2025-05-27,110.14234924316406,178.5893096923828,307.52325439453125,300.3599853515625,93.31555938720703,98.99736785888672,338.2627258300781,202.1844482421875,160.65150451660156,179.36941528320312,271.29541015625,510.67059326171875,204.14517211914062,363.3369140625,265.73577880859375,87.57697296142578,192.10520935058594,233.3865966796875,746.0800170898438,289.9191589355469,3695.659912109375,133.1049346923828,215.8682861328125,36.46410369873047,956.1165771484375,509.1600036621094,152.62222290039062,71.02523803710938,347.1025695800781,94.9155044555664,23.226755142211914,89.63754272460938,321.1175842285156,67.20189666748047,291.1916198730469,62.08340835571289,30.86399269104004,223.75656127929688,78.97164916992188,58.811561584472656,132.28936767578125,204.88999938964844,108.95999908447266,187.49627685546875,179.1654052734375,262.0385437011719,53.264892578125,65.7540283203125,366.6282653808594,857.3116455078125,64.99954223632812,40.56315231323242,160.13999938964844,53.10350036621094,272.9889831542969,240.2075653076172,49.103450775146484,48.49052047729492,173.27630615234375,201.29104614257812,19.354772567749023,375.52716064453125,358.57861328125,128.2145538330078,222.5625762939453,254.83726501464844,175.81405639648438,239.15391540527344,259.06201171875,31.578163146972656,78.40070343017578,26.81706428527832,69.3103256225586,105.49703979492188,244.3876190185547,242.74143981933594,460.26666259765625,461.14996337890625,570.22021484375,145.76580810546875,263.7664489746094,716.7518310546875,77.97583770751953,76.25332641601562,563.65576171875,146.7449951171875,159.2140350341797,125.47411346435547,457.03936767578125,1162.8399658203125,60.74822235107422,135.31036376953125,7210.64990234375,159.7459716796875,90.7586669921875,95.15937805175781,151.11737060546875,124.99530029296875,21.68845558166504,75.3511734008789,161.8607635498047,261.64276123046875,665.1294555664062,171.67330932617188,33.50590133666992,110.54065704345703,171.3699951171875,144.69281005859375,250.5379180908203,599.9722900390625,20.592632293701172,282.22021484375,308.7227783203125,251.40835571289062,132.08493041992188,355.99530029296875,32.75188446044922,511.7900085449219,483.86962890625,76.0311050415039,94.30532836914062,115.47825622558594,379.10107421875,25.897809982299805,159.68946838378906,38.295623779296875,126.41462707519531,237.98062133789062,79.51830291748047,432.301513671875,285.2802734375,218.04779052734375,91.2730712890625,41.603736877441406,355.82318115234375,268.2098693847656,40.070655822753906,202.22323608398438,104.05779266357422,233.46530151367188,163.87535095214844,100.32211303710938,162.58334350585938
2025-05-28,109.76615905761719,176.06028747558594,308.0692443847656,299.2300109863281,91.99337768554688,97.81413269042969,335.3512878417969,199.92112731933594,160.41323852539062,177.54408264160156,270.27606201171875,503.3780517578125,202.9606170654297,359.61456298828125,263.0257568359375,87.37866973876953,192.60104370117188,237.13027954101562,751.0,289.5243225097656,3744.419921875,131.96083068847656,216.7996063232422,35.925418853759766,946.3345336914062,503.1099853515625,151.0928497314453,69.75850677490234,345.10784912109375,94.0564956665039,22.63624382019043,88.98778533935547,317.9483337402344,66.19113159179688,287.02313232421875,61.68412399291992,30.77561378479004,222.96408081054688,78.79535675048828,59.87580871582031,130.55210876464844,206.58999633789062,104.31999969482422,187.32778930664062,177.17205810546875,259.3439025878906,51.40855026245117,64.97941589355469,368.5492858886719,861.0369873046875,65.36897277832031,40.397552490234375,160.74000549316406,53.59061813354492,267.5238952636719,242.08526611328125,48.64113998413086,47.5422477722168,172.67874145507812,197.7845458984375,19.248165130615234,375.160400390625,356.31329345703125,126.49172973632812,223.7214813232422,251.9425811767578,175.0853729248047,236.3812713623047,257.3042297363281,31.443666458129883,77.2520980834961,26.588754653930664,68.70199584960938,102.72518157958984,243.7364044189453,239.28489685058594,454.9159851074219,454.506103515625,571.5799560546875,146.32342529296875,262.210205078125,708.54345703125,78.03346252441406,75.24986267089844,546.8103637695312,145.9302520751953,155.5654296875,123.82325744628906,453.7357482910156,1157.5,59.73300552368164,134.621337890625,7000.1201171875,161.66004943847656,90.50399780273438,93.26775360107422,149.2351531982422,124.32926940917969,21.293453216552734,74.18589782714844,161.47482299804688,260.0282897949219,660.5592041015625,171.2518768310547,32.86174011230469,109.03236389160156,167.3800048828125,143.69012451171875,245.89071655273438,588.624267578125,20.26953887939453,280.1890563964844,308.03253173828125,250.58973693847656,130.7659454345703,351.4477844238281,32.414039611816406,462.42999267578125,479.8728332519531,74.67255401611328,93.74392700195312,115.76435852050781,375.7524108886719,26.001819610595703,158.6207275390625,37.63551712036133,124.69564056396484,236.17152404785156,79.04650115966797,429.0018310546875,288.2878112792969,215.93873596191406,90.51519775390625,41.11864471435547,356.2490539550781,260.6349182128906,39.729820251464844,200.342529296875,101.87139129638672,232.6021728515625,161.59642028808594,98.95567321777344,161.74237060546875
2025-05-29,112.14204406738281,178.49313354492188,309.7656555175781,297.0,92.81370544433594,98.6318130493164,337.423828125,201.70640563964844,158.318603515625,178.60556030273438,275.2660827636719,503.2004089355469,204.1547088623047,365.1881408691406,264.39044189453125,88.16194152832031,196.4534454345703,239.6459197998047,730.2899780273438,291.5179443359375,3689.6298828125,132.5786590576172,217.8583984375,36.5914306640625,951.2450561523438,506.17999267578125,151.94142150878906,70.12183380126953,347.3790283203125,94.72671508789062,22.79371452331543,89.511474609375,319.7396545410156,66.95162200927734,288.5118713378906,61.40170669555664,30.854169845581055,222.63717651367188,78.98143768310547,60.19220733642578,132.3661346435547,204.5800018310547,107.2699966430664,188.77479553222656,177.31019592285156,260.8639221191406,52.126834869384766,67.33267211914062,371.06512451171875,867.6954956054688,66.28779602050781,40.1345329284668,159.6199951171875,53.2608757019043,269.04901123046875,242.57208251953125,49.14280319213867,47.99662399291992,172.2604522705078,198.6758575439453,19.461383819580078,375.3685607910156,356.5359802246094,127.5,225.97059631347656,250.44200134277344,175.80422973632812,238.22325134277344,258.1635437011719,32.135372161865234,76.9013671875,26.560213088989258,69.03031158447266,103.5255126953125,244.17181396484375,238.35467529296875,456.460205078125,458.0940246582031,573.4259643554688,147.20237731933594,261.29827880859375,709.2697143554688,79.15729522705078,76.08929443359375,544.774169921875,146.88243103027344,156.85028076171875,124.4544677734375,455.0453186035156,1173.1800537109375,59.404273986816406,138.99520874023438,7097.64013671875,160.7227325439453,90.13733673095703,93.26775360107422,149.6439208984375,125.51861572265625,21.54147720336914,75.02643585205078,162.6326141357422,260.28173828125,661.481201171875,170.3706512451172,33.09247970581055,110.87905883789062,167.92999267578125,144.41050720214844,249.45948791503906,602.0906372070312,20.49760627746582,273.848876953125,310.5370788574219,250.94480895996094,132.6853485107422,352.45831298828125,32.51056671142578,454.989990234375,482.3309020996094,75.10612487792969,93.9278335571289,116.55361938476562,377.6885070800781,25.88835334777832,159.86761474609375,37.884254455566406,125.53536987304688,234.01036071777344,77.1003189086914,428.3577575683594,288.3458251953125,216.25946044921875,91.78767395019531,41.62276077270508,358.8931884765625,263.3948669433594,39.9140625,200.4619140625,102.56793975830078,233.2004852294922,161.59642028808594,99.51775360107422,163.44390869140625
2025-05-30,110.79570770263672,178.96434020996094,308.87847900390625,296.1199951171875,93.4989242553711,99.55531311035156,342.8913269042969,204.7404022216797,155.60848999023438,177.31593322753906,279.77069091796875,502.5293273925781,205.05270385742188,370.3237609863281,269.9459228515625,89.163330078125,197.1686248779297,239.7449493408203,750.3599853515625,290.205322265625,3733.0400390625,131.64048767089844,218.52877807617188,36.287811279296875,954.723388671875,503.9599914550781,152.38543701171875,69.91561889648438,343.66619873046875,94.72671508789062,22.852764129638672,90.13213348388672,316.4129333496094,67.60620880126953,289.0577087402344,61.391963958740234,31.149993896484375,224.37071228027344,79.31439208984375,61.4002685546875,131.2047882080078,208.64999389648438,105.5199966430664,188.20986938476562,175.90985107421875,262.17669677734375,51.91228485107422,65.97261810302734,374.29278564453125,869.0546264648438,66.4393539428711,40.27090835571289,162.7899932861328,52.660667419433594,272.2654724121094,244.31069946289062,49.053775787353516,49.00416946411133,172.15089416503906,198.80320739746094,18.986480712890625,378.0848388671875,356.5359802246094,127.09864044189453,228.9661102294922,250.80018615722656,177.0548553466797,237.5930938720703,257.80230712890625,32.346717834472656,75.20330810546875,26.67437171936035,69.61931610107422,103.53526306152344,246.36862182617188,239.25552368164062,459.9027099609375,466.4978942871094,581.1869506835938,148.05299377441406,261.516357421875,715.8862915039062,79.70480346679688,75.81913757324219,543.8504028320312,145.62594604492188,157.65455627441406,124.3282241821289,456.71197509765625,1155.52001953125,58.582435607910156,134.94090270996094,7115.93017578125,163.31759643554688,91.16666412353516,93.45397186279297,150.10972595214844,125.0714111328125,21.57822036743164,74.39604187011719,163.9158477783203,267.4434509277344,658.9730224609375,172.97596740722656,33.409751892089844,109.71883392333984,168.32000732421875,141.35366821289062,251.93997192382812,487.60791015625,20.374069213867188,272.9417724609375,311.1484069824219,253.75564575195312,134.33897399902344,355.4900207519531,31.902435302734375,463.9800109863281,481.16754150390625,75.7227783203125,93.19220733642578,116.3563003540039,377.9749755859375,26.28547477722168,158.40301513671875,37.7885856628418,125.36742401123047,237.72044372558594,77.20845031738281,426.3561096191406,291.96258544921875,216.73858642578125,91.26371002197266,41.4610595703125,361.65618896484375,263.1565856933594,40.49439239501953,201.32766723632812,103.94171142578125,236.34890747070312,158.89512634277344,99.13980102539062,164.9009552001953
2025-06-02,109.93445587158203,179.810546875,306.58734130859375,295.260009765625,93.75950622558594,99.25709533691406,344.2038879394531,207.4426727294922,156.1247100830078,174.91519165039062,280.0522155761719,503.40765380859375,204.5368194580078,374.384521484375,269.74267578125,89.58966827392578,197.53097534179688,246.32118225097656,758.5700073242188,291.4685974121094,3749.81005859375,129.20736694335938,219.3199005126953,36.552249908447266,952.9501342773438,502.80999755859375,153.18466186523438,69.07113647460938,340.3483581542969,94.29248809814453,23.16770362854004,89.15264892578125,312.2397766113281,67.59658813476562,289.88153076171875,62.180789947509766,30.804868698120117,224.55894470214844,78.60928344726562,60.97840118408203,132.2989501953125,212.7899932861328,105.01000213623047,187.5458221435547,174.2571563720703,261.7127990722656,51.70705795288086,65.68682098388672,367.6716613769531,870.6875,66.24042510986328,39.85203170776367,162.0,52.71318817138672,269.5476379394531,245.8704833984375,49.49890899658203,47.10761642456055,169.68092346191406,198.78359985351562,19.39354133605957,378.8481750488281,356.2164611816406,127.63919067382812,227.2572021484375,255.4858856201172,177.56690979003906,235.23733520507812,258.44677734375,31.94322967529297,75.75575256347656,27.254661560058594,69.52275085449219,102.50069427490234,245.26031494140625,238.10008239746094,456.9421691894531,466.2446594238281,576.8399658203125,147.1267547607422,258.9193115234375,718.82421875,80.43478393554688,75.91561889648438,538.7279052734375,143.7117462158203,155.70274353027344,124.68751525878906,458.3092346191406,1141.1300048828125,59.92557907104492,137.187744140625,7043.41015625,164.3436737060547,91.37866973876953,92.3366470336914,149.71995544433594,124.55763244628906,21.550662994384766,74.24169921875,161.88003540039062,271.0196533203125,654.6109008789062,175.04489135742188,33.38091278076172,110.49232482910156,166.75,142.7458038330078,256.8028564453125,488.13507080078125,20.297151565551758,272.07403564453125,312.8543395996094,254.52493286132812,135.30361938476562,352.1512145996094,32.18236541748047,466.1499938964844,481.85247802734375,75.17356872558594,93.14380645751953,117.55005645751953,376.2166442871094,26.40839385986328,158.205078125,37.5302848815918,126.87893676757812,238.5645294189453,77.21826171875,426.4452819824219,294.6800231933594,214.03009033203125,91.09529876708984,41.489593505859375,361.7849426269531,261.47882080078125,40.623348236083984,200.7405548095703,103.73854064941406,237.45724487304688,155.4178466796875,99.86663818359375,165.67349243164062
2025-06-03,111.62727355957031,180.06056213378906,305.05670166015625,299.5199890136719,93.92356872558594,98.92041015625,340.7299499511719,206.09642028808594,160.56216430664062,176.2941131591797,281.1201171875,506.4766540527344,203.84902954101562,372.71246337890625,274.1851806640625,90.89840698242188,194.48910522460938,254.3829803466797,759.0700073242188,293.50164794921875,3748.0,130.1684112548828,216.79208374023438,36.767730712890625,956.9058227539062,497.8299865722656,153.41160583496094,69.52284240722656,345.0190124511719,94.26417541503906,23.55153465270996,87.88223266601562,319.3558349609375,68.27042388916016,289.36541748046875,62.677459716796875,31.416231155395508,225.44056701660156,78.65826416015625,60.96881866455078,133.94020080566406,213.6999969482422,105.83000183105469,190.3506317138672,176.12757873535156,261.97930908203125,52.238773345947266,67.9338607788086,369.5341796875,874.9407958984375,65.2647705078125,40.12479019165039,162.11000061035156,54.12367248535156,269.8702392578125,247.25146484375,50.23090744018555,48.46088790893555,167.03167724609375,200.3018035888672,19.80060386657715,379.7403564453125,361.1730651855469,127.75713348388672,229.25094604492188,256.7444152832031,176.6018524169922,237.76759338378906,260.0190124511719,31.53012466430664,77.08219909667969,27.169042587280273,68.71165466308594,104.09158325195312,247.8925323486328,239.31045532226562,464.0731506347656,467.5592346191406,577.5843505859375,144.0551300048828,262.08135986328125,711.9820556640625,82.16374969482422,76.53312683105469,542.6369018554688,145.4099884033203,158.86093139648438,124.95941925048828,459.3013000488281,1166.4599609375,60.70421600341797,141.02235412597656,7068.93994140625,166.87933349609375,91.4713363647461,93.00312805175781,150.4329071044922,125.4520263671875,21.449615478515625,74.59858703613281,160.9827423095703,269.6211242675781,658.98291015625,174.68092346191406,33.169395446777344,112.12631225585938,168.1199951171875,144.99459838867188,261.538330078125,485.20111083984375,20.700979232788086,277.8817443847656,312.2035217285156,252.93702697753906,135.3429718017578,354.4497375488281,32.92563247680664,466.260009765625,480.6421813964844,74.95197296142578,93.89879608154297,121.57527160644531,376.3648681640625,26.436758041381836,160.24363708496094,37.90339279174805,126.57269287109375,239.369384765625,77.35587310791016,428.8135681152344,291.29534912109375,216.85594177246094,91.76897430419922,42.21247863769531,362.3197021484375,263.0275573730469,40.37464141845703,202.58148193359375,103.87398529052734,235.58389282226562,158.67904663085938,100.59346771240234,166.53402709960938
2025-06-04,113.78536987304688,180.14710998535156,308.468994140625,298.3599853515625,93.13219451904297,97.9776611328125,331.9366149902344,201.73568725585938,160.75076293945312,175.79811096191406,278.63482666015625,500.8320007324219,204.77566528320312,370.8612365722656,271.20416259765625,91.12644958496094,195.1089324951172,258.5722961425781,780.0,292.06072998046875,3717.0400390625,130.38198852539062,220.0361785888672,36.52286911010742,963.5701904296875,491.0,152.02035522460938,70.10218811035156,344.9498596191406,94.61344909667969,23.453115463256836,87.47491455078125,317.7416687011719,67.1152572631836,286.8543395996094,62.70667266845703,31.48525619506836,225.2325439453125,78.09024810791016,60.94964599609375,131.84783935546875,220.22999572753906,105.80999755859375,191.361572265625,175.82078552246094,263.5782775878906,50.70892333984375,67.8353042602539,370.6165466308594,891.9147338867188,65.36897277832031,39.822811126708984,164.16000366210938,53.958614349365234,268.8828430175781,249.24838256835938,50.211124420166016,47.087860107421875,168.7048797607422,200.74253845214844,19.556272506713867,378.35247802734375,360.5148010253906,125.74234771728516,226.7071990966797,257.05419921875,176.39508056640625,238.97940063476562,258.01715087890625,31.51091194152832,77.70816802978516,26.66485595703125,68.91443634033203,107.58570861816406,251.71217346191406,238.4445037841797,467.477294921875,469.545654296875,579.7280883789062,143.52586364746094,259.6330261230469,706.5841064453125,82.22137451171875,76.04105377197266,546.6455688476562,144.11422729492188,153.93728637695312,124.4544677734375,460.19415283203125,1169.6700439453125,61.09353256225586,141.7213897705078,7210.8701171875,165.8532257080078,91.10600280761719,93.37555694580078,151.45956420898438,125.34737396240234,21.486358642578125,73.63404083251953,160.1143798828125,264.8528747558594,659.4091796875,173.04302978515625,32.85211944580078,108.75198364257812,168.1699981689453,145.10166931152344,261.1745300292969,482.2870788574219,20.47983169555664,273.9770812988281,314.4418640136719,250.6291961669922,136.37649536132812,358.8684997558594,32.35618591308594,473.19000244140625,482.1808166503906,73.64158630371094,92.92118835449219,125.92604064941406,377.88604736328125,25.86944580078125,160.3822021484375,37.798152923583984,126.52330017089844,237.48487854003906,76.98236083984375,428.68475341796875,290.4830322265625,215.96612548828125,92.20872497558594,41.75592041015625,364.43896484375,264.1593322753906,39.83115768432617,202.939697265625,102.28739166259766,234.30880737304688,157.1368408203125,99.13980102539062,164.86183166503906
2025-06-05,112.79542541503906,180.27210998535156,307.4745788574219,298.2200012207031,92.66893005371094,97.90071105957031,323.80450439453125,201.59910583496094,162.9943084716797,175.5203399658203,278.7221984863281,501.6905517578125,206.552490234375,368.7413024902344,267.3424072265625,91.73123931884766,193.54505920410156,257.43341064453125,788.3599853515625,292.09033203125,3725.25,130.45062255859375,220.571533203125,36.3857536315918,965.2352294921875,488.739990234375,152.06968688964844,70.11201477050781,344.58453369140625,94.66063690185547,23.640111923217773,87.42642974853516,318.0270690917969,66.74945831298828,286.24896240234375,62.9306640625,31.297901153564453,224.76695251464844,77.678955078125,60.47984313964844,131.39674377441406,215.83999633789062,108.31999969482422,190.43983459472656,175.40513610839844,263.4697265625,50.03728485107422,66.47525024414062,375.0826110839844,889.5093994140625,64.84799194335938,40.27090835571289,165.3800048828125,53.83857345581055,268.28643798828125,250.2816162109375,50.31004333496094,46.67299270629883,169.12318420410156,201.2616729736328,19.49763298034668,378.19384765625,359.716064453125,125.84062194824219,223.10275268554688,258.35150146484375,175.8337860107422,238.59164428710938,255.80043029785156,31.28034782409668,78.68189239501953,26.8646297454834,68.47026824951172,107.41979217529297,249.51536560058594,238.19850158691406,464.013916015625,465.4754333496094,581.0281982421875,141.5978240966797,257.5316162109375,708.7153930664062,83.56611633300781,75.79983520507812,547.1129150390625,143.57431030273438,155.17311096191406,126.84333801269531,463.9739990234375,1164.6099853515625,60.9962043762207,139.79409790039062,7194.47021484375,168.85256958007812,91.45333099365234,93.38536071777344,151.44053649902344,124.74790954589844,21.23833465576172,73.24822235107422,157.07518005371094,263.0037841796875,656.2664794921875,174.28822326660156,32.784820556640625,108.51026153564453,167.80999755859375,144.51406860351562,266.8376770019531,480.437255859375,20.49906349182129,271.27532958984375,316.0294189453125,249.68238830566406,136.88836669921875,354.568603515625,32.200443267822266,482.20001220703125,483.8883056640625,73.17909240722656,93.38578796386719,125.98523712158203,378.42938232421875,26.247655868530273,160.62957763671875,37.91295623779297,125.83175659179688,240.37051391601562,77.86699676513672,426.901123046875,286.09259033203125,215.75100708007812,90.63683319091797,41.54666519165039,363.2208557128906,263.7522888183594,39.88642501831055,203.1685791015625,101.37799072265625,234.0635986328125,155.18209838867188,98.68431854248047,164.88140869140625
2025-06-06,114.63672637939453,182.54150390625,309.6876525878906,297.8599853515625,92.68824005126953,97.9199447631836,325.0999450683594,202.97463989257812,165.52574157714844,176.9290313720703,281.85791015625,511.795654296875,203.0370330810547,369.3384704589844,270.7879943847656,92.5640869140625,193.71670532226562,244.55824279785156,791.8499755859375,298.5152282714844,3719.239990234375,132.29644775390625,222.70111083984375,37.12031936645508,968.7515258789062,493.5299987792969,152.65185546875,69.75850677490234,348.9195251464844,93.40515899658203,23.895999908447266,87.51370239257812,321.4227294921875,67.38480377197266,286.77496337890625,64.33301544189453,31.781078338623047,225.51983642578125,78.61908721923828,60.959232330322266,134.5736846923828,218.4499969482422,109.22000122070312,194.27540588378906,177.59225463867188,263.5980529785156,50.14922332763672,67.47064208984375,383.57598876953125,894.0951538085938,64.88587951660156,40.9722900390625,166.7100067138672,54.791404724121094,270.3004150390625,253.96749877929688,50.161659240722656,47.039634704589844,174.21253967285156,203.19122314453125,20.05470848083496,381.0092468261719,357.8165588378906,127.10847473144531,226.5795135498047,260.29742431640625,175.9519500732422,239.99732971191406,259.49169921875,31.482093811035156,80.2825698852539,26.769498825073242,68.8951187133789,105.9264907836914,251.3163604736328,240.37322998046875,466.4313659667969,469.039306640625,585.6729125976562,141.66395568847656,263.30059814453125,710.0001831054688,83.98876190185547,77.12169647216797,548.38623046875,142.82827758789062,157.0464324951172,128.0086669921875,466.6525573730469,1184.3399658203125,61.12273025512695,141.5216522216797,7116.52978515625,171.69410705566406,91.8479995727539,94.14985656738281,151.8873291015625,125.07785034179688,21.449615478515625,74.24169921875,158.2522735595703,262.1777648925781,665.4765625,174.0679168701172,32.727134704589844,110.50199127197266,170.33999633789062,146.15939331054688,271.69464111328125,490.53192138671875,21.20095443725586,270.95977783203125,319.8059387207031,249.4949951171875,136.9178924560547,354.1723327636719,32.96943283081055,486.0,487.265869140625,74.0462646484375,95.45716094970703,125.26504516601562,379.209716796875,26.550222396850586,162.93531799316406,38.8983268737793,126.8987045288086,241.312744140625,77.94597625732422,425.9576721191406,293.22943115234375,218.4692840576172,91.92803192138672,42.583431243896484,366.6374816894531,262.8984680175781,40.34700393676758,205.21847534179688,102.16162109375,232.60202026367188,155.00527954101562,101.04894256591797,166.39712524414062
2025-06-09,115.56729125976562,181.8972625732422,308.6834716796875,297.2099914550781,92.58207702636719,97.55439758300781,314.2915954589844,196.80873107910156,168.55352783203125,177.21670532226562,281.5181884765625,511.26275634765625,203.31405639648438,352.159912109375,270.9234924316406,92.1675033569336,197.31166076660156,241.9337158203125,783.7999877929688,297.6170959472656,3697.47998046875,132.3731689453125,219.71835327148438,37.54147720336914,968.5458984375,493.3299865722656,151.5763397216797,70.35749816894531,353.5802917480469,93.47124481201172,23.827104568481445,88.12467193603516,320.5467529296875,67.05751037597656,281.8223571777344,64.17720031738281,31.53455924987793,222.48858642578125,78.8051528930664,61.22768783569336,135.1015625,217.49000549316406,110.91000366210938,197.42710876464844,178.8590087890625,262.897216796875,46.10071563720703,68.00284576416016,379.91925048828125,887.2996215820312,65.6626205444336,41.04048156738281,166.94000244140625,54.92645263671875,271.11187744140625,249.77493286132812,50.33971405029297,47.49546813964844,177.12420654296875,204.0139617919922,20.523822784423828,369.7774353027344,355.74169921875,124.69073486328125,228.9071807861328,263.405029296875,173.2833251953125,239.7258758544922,260.47796630859375,31.674236297607422,82.39794158935547,26.189208984375,69.30066680908203,107.72235870361328,253.0579833984375,241.49505615234375,465.8985900878906,468.2018737792969,579.9266357421875,142.71307373046875,263.59796142578125,705.34912109375,83.99835205078125,76.82259368896484,551.5293579101562,141.5815887451172,157.19357299804688,128.13487243652344,469.0038146972656,1195.3900146484375,60.25650405883789,142.43040466308594,7138.6201171875,174.78225708007812,89.87333679199219,93.42456817626953,149.2161407470703,125.01052856445312,22.019155502319336,74.1163101196289,156.84359741210938,254.6593475341797,664.1083374023438,173.01429748535156,32.61176681518555,112.25199890136719,170.19000244140625,152.20204162597656,269.3841857910156,514.779052734375,21.239416122436523,266.5424499511719,319.82568359375,245.97401428222656,138.7683868408203,354.63800048828125,33.21278762817383,495.7699890136719,483.1752624511719,71.96507263183594,95.68946075439453,128.4220733642578,377.6193542480469,26.342206954956055,164.27125549316406,38.697425842285156,124.82406616210938,233.54905700683594,78.25203704833984,424.8057556152344,293.2004699707031,219.1635284423828,92.9198226928711,42.67854690551758,363.1119689941406,264.07989501953125,40.208831787109375,204.36270141601562,101.47473907470703,230.29893493652344,153.96405029296875,101.7273178100586,160.9698486328125
2025-06-10,119.30931854248047,182.2241668701172,312.8757019042969,297.5400085449219,92.99044799804688,97.99690246582031,310.8998107910156,192.52493286132812,172.50454711914062,178.4368896484375,284.86749267578125,509.8614196777344,205.01446533203125,350.0499267578125,272.82049560546875,91.70149993896484,198.3129119873047,242.2803497314453,762.6599731445312,295.60382080078125,3713.570068359375,133.8157958984375,217.6783905029297,38.27604293823242,971.5430908203125,491.1300048828125,151.0435333251953,70.45569610595703,354.0740661621094,94.29248809814453,24.12236213684082,89.162353515625,321.8360900878906,67.5291976928711,282.1101989746094,63.446807861328125,32.155784606933594,220.13096618652344,79.3731689453125,61.61119842529297,137.58746337890625,214.97000122070312,110.0,200.816650390625,179.4033203125,265.8780822753906,47.052207946777344,69.4417495727539,376.0211486816406,887.1627807617188,66.30673217773438,41.61522674560547,168.80999755859375,54.51381301879883,271.1705017089844,240.4261474609375,50.062744140625,48.48640060424805,179.49740600585938,205.80642700195312,21.256816864013672,361.7575378417969,358.3815612792969,122.75457000732422,227.83665466308594,267.4324035644531,172.85003662109375,241.3933563232422,262.2943115234375,31.6550235748291,85.1104507446289,26.046512603759766,69.86071014404297,110.82606506347656,256.6599426269531,240.8849334716797,469.2435607910156,464.3751220703125,585.0973510742188,143.52586364746094,265.689453125,702.002685546875,84.48822021484375,76.63926696777344,551.3801879882812,142.39634704589844,159.51806640625,128.0086669921875,467.1883239746094,1216.5699462890625,62.164154052734375,143.75852966308594,7398.68017578125,175.10784912109375,91.70999908447266,93.42456817626953,147.6381378173828,126.8093032836914,22.322298049926758,74.03915405273438,157.11376953125,249.196533203125,665.1493530273438,171.4817352294922,32.682518005371094,114.76582336425781,170.9199981689453,155.8452606201172,265.1662902832031,520.6767578125,21.499019622802734,264.2351379394531,320.6835632324219,244.5834197998047,136.3470001220703,357.39227294921875,34.575565338134766,504.3999938964844,482.16204833984375,73.1983642578125,95.97016906738281,126.2713394165039,380.3555603027344,26.871700286865234,164.65719604492188,38.96529769897461,124.51781463623047,232.5970001220703,78.8937759399414,418.7579345703125,293.7806701660156,221.5689239501953,95.86714172363281,43.03047180175781,367.1128845214844,263.1863708496094,40.65099334716797,203.51686096191406,102.15194702148438,230.29893493652344,155.29995727539062,103.90782165527344,163.40480041503906
2025-06-11,118.5173568725586,184.1473846435547,311.21832275390625,296.7699890136719,93.19462585449219,98.06423950195312,309.4560546875,192.3092803955078,171.5316619873047,179.4586944580078,283.29473876953125,508.85491943359375,204.77566528320312,347.8304748535156,273.139892578125,92.27655792236328,196.9492950439453,250.48081970214844,778.3599853515625,295.1893005371094,3658.590087890625,132.53433227539062,216.8176727294922,38.22706985473633,972.9143676757812,488.1400146484375,151.48753356933594,71.17253112792969,358.58673095703125,93.8582763671875,23.492483139038086,89.32720947265625,318.4798583984375,67.38480377197266,284.4922180175781,62.511905670166016,31.869827270507812,219.63565063476562,78.98143768310547,63.01102066040039,138.9599609375,217.8000030517578,107.93000030517578,202.89796447753906,177.28546142578125,264.46661376953125,46.277957916259766,68.85041809082031,373.0926513671875,873.8261108398438,65.61524963378906,41.54703903198242,168.07000732421875,53.49345779418945,269.6649475097656,243.92324829101562,49.904476165771484,49.417877197265625,178.28089904785156,204.83673095703125,21.68684196472168,364.4044189453125,351.12445068359375,122.23367309570312,227.60093688964844,272.5440673828125,174.78997802734375,239.0860595703125,261.8548583984375,31.568557739257812,86.6415786743164,26.17969512939453,69.59033966064453,108.82524108886719,257.2338562011719,242.7349395751953,462.3167724609375,444.6082763671875,586.2882690429688,142.10818481445312,263.726806640625,714.8504028320312,84.58428192138672,76.13754272460938,542.9453125,144.4774169921875,161.4993133544922,127.99891662597656,468.8748474121094,1192.97998046875,61.42445373535156,142.6400146484375,7296.56982421875,174.02256774902344,90.01000213623047,93.50298309326172,146.4308624267578,124.95280456542969,22.487646102905273,73.77872467041016,156.40943908691406,247.0658416748047,665.9623413085938,175.63876342773438,32.74066925048828,116.94125366210938,171.0,156.18801879882812,263.4555358886719,515.7735595703125,21.43171501159668,263.9294738769531,320.5060729980469,244.82998657226562,139.5853729248047,353.8255615234375,34.74104690551758,500.7300109863281,482.2183532714844,73.20800018310547,94.17949676513672,124.79148864746094,376.4339599609375,26.796056747436523,164.02386474609375,38.51565933227539,123.02604675292969,226.66871643066406,80.71037292480469,420.029052734375,300.3276062011719,220.7084503173828,94.65078735351562,42.04126739501953,369.6976013183594,259.235107421875,40.29173278808594,203.08897399902344,102.14226531982422,230.5941925048828,152.82460021972656,105.93324279785156,162.6518096923828
2025-06-12,117.71549987792969,185.03207397460938,310.1556091308594,298.57000732421875,94.47805786132812,99.10318756103516,316.5857849121094,196.36761474609375,173.7255859375,178.5361328125,288.6148376464844,508.7562255859375,207.96630859375,354.1007080078125,274.1755065917969,93.79351806640625,199.13294982910156,253.61050415039062,775.2000122070312,294.09381103515625,3683.469970703125,133.86947631835938,216.6459197998047,37.835296630859375,967.968017578125,490.3399963378906,158.38455200195312,71.17253112792969,356.4340515136719,94.42464447021484,23.197229385375977,90.32608795166016,319.6215515136719,68.1645278930664,292.8292541503906,63.398109436035156,31.938846588134766,221.46827697753906,78.79535675048828,63.61505126953125,139.14234924316406,216.60000610351562,107.69999694824219,203.27459716796875,176.92921447753906,267.4375915527344,46.98691177368164,68.97853088378906,378.2738342285156,876.485595703125,66.46775817871094,41.75160598754883,168.02000427246094,53.223365783691406,273.67327880859375,238.42921447753906,50.270477294921875,48.81340408325195,176.46607971191406,204.11192321777344,21.48160171508789,368.4490966796875,353.75457763671875,124.0912094116211,230.76344299316406,272.0697326660156,176.34584045410156,238.49468994140625,261.9427795410156,31.837553024291992,86.93966674804688,26.312875747680664,69.7544937133789,109.45964813232422,258.9161376953125,246.39561462402344,464.28033447265625,456.94549560546875,584.8392944335938,143.13836669921875,260.92169189453125,727.8375244140625,84.99730682373047,76.21472930908203,549.6991577148438,142.11167907714844,161.90142822265625,128.10574340820312,475.0752868652344,1188.2099609375,61.12273025512695,144.80712890625,7386.31982421875,197.188720703125,91.05000305175781,95.02215576171875,145.90806579589844,127.26140594482422,22.818347930908203,74.28993225097656,157.44178771972656,251.9467315673828,661.1143798828125,176.33799743652344,33.32221603393555,117.49235534667969,171.02000427246094,155.4241180419922,261.2630310058594,518.9959716796875,21.229799270629883,263.466064453125,320.604736328125,248.39039611816406,138.7683868408203,352.9042053222656,34.68264389038086,494.989990234375,474.6094970703125,73.44888305664062,94.46986389160156,124.37712860107422,375.85113525390625,26.72987174987793,164.27125549316406,38.20952606201172,122.95690155029297,224.4701385498047,81.1546401977539,421.36968994140625,308.0060119628906,220.48355102539062,94.42622375488281,42.00321578979492,367.8060607910156,263.61328125,39.75746154785156,202.86012268066406,102.9742660522461,233.40907287597656,152.0682373046875,106.34027099609375,165.0867462158203
2025-06-13,115.90388488769531,183.74351501464844,303.89654541015625,292.1600036621094,93.04878234863281,98.98773956298828,313.1148376464844,194.99522399902344,169.34768676757812,175.85301208496094,286.605224609375,495.0689697265625,206.8109588623047,351.3338317871094,271.3590087890625,91.70149993896484,196.60598754882812,246.31124877929688,780.6300048828125,284.0271911621094,3642.60009765625,132.14297485351562,210.15798950195312,38.23686599731445,951.8751831054688,487.5400085449219,159.26272583007812,69.95489501953125,352.5730895996094,93.87413024902344,22.055574417114258,87.5331039428711,314.4936828613281,67.8949966430664,293.32550048828125,62.414512634277344,31.672611236572266,219.89320373535156,77.31659698486328,64.6792984008789,140.04452514648438,218.9600067138672,101.4800033569336,198.884033203125,174.71238708496094,260.7849426269531,45.0745964050293,66.33726501464844,376.6381530761719,872.7897338867188,65.2458267211914,41.079444885253906,163.02000427246094,52.09047317504883,276.6747131347656,235.06126403808594,49.06366729736328,48.20893859863281,175.37921142578125,197.18707275390625,22.664165496826172,367.9632873535156,345.47467041015625,123.07891082763672,231.0580596923828,268.3812255859375,176.18785095214844,234.1030731201172,258.7300109863281,31.72226905822754,86.21134948730469,26.293851852416992,69.06404876708984,106.00457763671875,258.3916931152344,252.89031982421875,459.7908020019531,473.67431640625,557.794677734375,141.62619018554688,252.75390625,725.2481689453125,83.8254623413086,74.6323471069336,539.5833129882812,139.70668029785156,162.960693359375,125.74600982666016,471.1962890625,1155.4200439453125,58.91335678100586,141.78114318847656,7225.669921875,212.34344482421875,89.91000366210938,93.91463470458984,145.65138244628906,125.86664581298828,22.542768478393555,73.20963287353516,154.64378356933594,251.41171264648438,648.4544677734375,176.55828857421875,32.8472900390625,118.10148620605469,169.33999633789062,151.52627563476562,253.7416229248047,526.3555297851562,20.681747436523438,256.5736999511719,313.4163818359375,247.8084716796875,143.40451049804688,332.7721862792969,35.33482360839844,478.8599853515625,470.5001525878906,71.37732696533203,93.05669403076172,125.5610122680664,372.7000427246094,26.65423011779785,160.92645263671875,37.281558990478516,122.41353607177734,223.7830810546875,77.906494140625,418.4700012207031,303.19976806640625,218.41061401367188,93.56542205810547,40.89036560058594,349.4355773925781,258.8876647949219,39.619285583496094,200.710693359375,101.68756866455078,232.76934814453125,151.23329162597656,108.65644073486328,160.696044921875
2025-06-16,117.82439422607422,183.53195190429688,306.4508361816406,299.29998779296875,92.18344116210938,98.03538513183594,312.80828857421875,195.67161560058594,175.26429748535156,177.5125732421875,286.93536376953125,506.15093994140625,206.98426818847656,348.3878173828125,271.4171142578125,92.58391571044922,197.59771728515625,249.67861938476562,780.6099853515625,290.37310791015625,3603.169921875,132.05856323242188,212.96067810058594,38.187896728515625,961.9441528320312,490.2300109863281,160.24940490722656,69.75850677490234,357.8955078125,94.45613098144531,23.46295928955078,87.38763427734375,317.2298583984375,66.94197845458984,290.3083190917969,63.79739761352539,32.10647964477539,220.37860107421875,78.49177551269531,64.91899871826172,140.1597137451172,221.72999572753906,103.62999725341797,199.32009887695312,177.88916015625,262.6899719238281,45.10258102416992,73.5120620727539,368.7831726074219,868.3994750976562,65.4542236328125,41.14763641357422,164.88999938964844,53.08831787109375,273.0476379394531,235.0016326904297,50.23090744018555,48.82331848144531,177.43333435058594,200.63059997558594,22.390514373779297,366.10589599609375,344.40313720703125,123.69808197021484,231.1857452392578,272.84417724609375,177.53070068359375,236.9823455810547,264.012939453125,31.79911994934082,88.66654205322266,26.312875747680664,68.57781219482422,106.86346435546875,261.2019958496094,243.81739807128906,460.402587890625,454.7935485839844,564.384521484375,141.32374572753906,255.64828491210938,716.6531982421875,84.4498062133789,75.64545440673828,539.9015502929688,142.40618896484375,163.57861328125,127.11524200439453,475.3431701660156,1182.8499755859375,60.246768951416016,144.49754333496094,7221.25,208.2785186767578,88.12000274658203,94.5321044921875,146.08865356445312,126.40531158447266,22.414159774780273,74.01021575927734,155.2227020263672,250.07884216308594,656.1376342773438,175.5621337890625,32.624366760253906,119.52275848388672,172.61000061035156,153.63189697265625,260.2601623535156,519.8313598632812,20.84520149230957,266.5424499511719,319.7763977050781,245.0765380859375,144.1624298095703,332.6533203125,34.955196380615234,479.4100036621094,473.7933044433594,71.0882568359375,94.27628326416016,129.28038024902344,372.5222473144531,26.446212768554688,163.76658630371094,37.683353424072266,122.7691879272461,226.71778869628906,83.1884536743164,423.6537780761719,299.6352233886719,219.66220092773438,94.58528900146484,41.04254913330078,352.0401611328125,259.2946472167969,39.14949417114258,202.50186157226562,100.75883483886719,230.95838928222656,155.3490753173828,109.00532531738281,160.74493408203125
2025-06-17,114.92381286621094,178.3585205078125,304.20849609375,296.8500061035156,91.76535034179688,97.75641632080078,312.61053466796875,194.27964782714844,172.82220458984375,174.45181274414062,281.5860900878906,500.0622863769531,207.13832092285156,349.1541748046875,268.1457214355469,92.17173767089844,196.72042846679688,246.9748077392578,777.5399780273438,288.98150634765625,3604.64990234375,130.401123046875,210.26388549804688,38.78534698486328,949.2894287109375,483.4800109863281,162.71615600585938,68.52123260498047,353.1952209472656,94.27484893798828,22.91181755065918,85.95234680175781,309.83819580078125,66.53768157958984,291.0030822753906,63.622108459472656,31.672611236572266,219.23941040039062,78.06087493896484,64.32455444335938,142.8663787841797,219.38999938964844,102.61000061035156,194.00779724121094,174.2571563720703,258.5837097167969,45.8954963684082,73.70916748046875,367.47076416015625,867.0404052734375,65.10374450683594,40.47547912597656,163.44000244140625,52.218017578125,275.0126647949219,234.21676635742188,49.93415069580078,47.842288970947266,176.725341796875,194.5896453857422,22.48824691772461,369.9399108886719,339.7469482421875,123.37374877929688,237.13751220703125,274.0252990722656,178.70567321777344,233.81224060058594,263.1927185058594,31.578163146972656,88.72814178466797,26.132129669189453,67.70260620117188,102.10052490234375,256.7391357421875,246.8581085205078,454.7782287597656,466.7510681152344,565.1587524414062,140.81336975097656,253.9532928466797,721.4436645507812,82.76888275146484,75.11478424072266,538.509033203125,139.59869384765625,166.8152618408203,126.32865142822266,474.25189208984375,1150.5699462890625,58.397518157958984,143.92828369140625,6992.93017578125,205.39749145507812,88.80000305175781,93.45397186279297,144.98594665527344,124.36603546142578,22.046714782714844,73.11318969726562,152.9456787109375,249.4593505859375,646.5906982421875,175.72499084472656,32.42082977294922,120.41226196289062,167.52999877929688,151.2716522216797,257.9595031738281,506.0866394042969,20.71059226989746,261.7207336425781,315.940673828125,245.55978393554688,146.15074157714844,327.9670715332031,35.12067794799805,475.3999938964844,470.1061096191406,71.37732696533203,93.33739471435547,129.1126708984375,368.8179626464844,26.143646240234375,161.95562744140625,37.338951110839844,121.52440643310547,217.33457946777344,81.70752716064453,419.02606201171875,300.8136291503906,215.6923370361328,93.25666046142578,40.60501480102539,354.3772888183594,257.1701354980469,38.55073165893555,199.9444580078125,100.71045684814453,230.6040496826172,154.1506805419922,110.4783706665039,158.09486389160156
2025-06-18,114.35954284667969,178.3681640625,298.7001647949219,295.19000244140625,91.80424499511719,97.35237121582031,313.5993957519531,191.8093719482422,171.58131408691406,176.6479949951172,281.1783752441406,499.7563781738281,207.4656524658203,349.174072265625,266.5294189453125,92.83719635009766,196.93023681640625,248.8466796875,770.7899780273438,292.54437255859375,3603.6298828125,129.36520385742188,209.67723083496094,38.178104400634766,959.417236328125,485.1400146484375,163.1996307373047,68.59979248046875,355.28863525390625,94.81868743896484,23.236595153808594,85.525634765625,310.0252380371094,66.22000885009766,294.5264587402344,64.11876678466797,31.790939331054688,218.34788513183594,77.5026626586914,64.08485412597656,142.23289489746094,220.5800018310547,101.0,192.70945739746094,173.88107299804688,257.47552490234375,47.07086181640625,73.64019775390625,368.17596435546875,867.1284790039062,65.23635864257812,40.41703414916992,161.36000061035156,52.39057159423828,272.3045959472656,234.3558807373047,49.94404602050781,47.654014587402344,173.48458862304688,195.10125732421875,21.774799346923828,374.3201904296875,338.04229736328125,122.75457000732422,239.0526885986328,274.1802062988281,177.49119567871094,233.93826293945312,267.5284423828125,31.904802322387695,86.55812072753906,26.227258682250977,67.30389404296875,100.9293212890625,258.6589050292969,244.86048889160156,452.60748291015625,456.2930908203125,534.6702270507812,140.74720764160156,255.27162170410156,725.9552001953125,82.34625244140625,75.79019165039062,535.9229125976562,139.89315795898438,164.20632934570312,128.68841552734375,476.4344482421875,1145.469970703125,57.92060089111328,145.28648376464844,6979.669921875,208.05157470703125,88.31999969482422,93.76760864257812,142.8946533203125,124.15443420410156,21.936479568481445,73.27715301513672,152.4632568359375,244.35321044921875,646.6698608398438,174.9108123779297,32.5565185546875,120.68297576904297,166.57000732421875,150.4587860107422,263.278564453125,510.7809753417969,21.114418029785156,264.0675048828125,317.31121826171875,244.86941528320312,143.58168029785156,328.4029846191406,34.896793365478516,473.6199951171875,471.5697326660156,71.67601013183594,96.1153564453125,129.53689575195312,368.7093200683594,26.15310287475586,162.07437133789062,38.08515548706055,121.0600814819336,216.90274047851562,83.168701171875,416.9505310058594,299.187255859375,217.08082580566406,92.82625579833984,41.15669250488281,337.0862731933594,256.2766418457031,38.384925842285156,199.8250732421875,100.44924926757812,229.54107666015625,157.5985107421875,109.69339752197266,151.6310272216797
2025-06-20,114.39913940429688,178.1854248046875,278.2167663574219,297.2099914550781,92.0667724609375,97.8814697265625,316.5956726074219,191.47607421875,168.22593688964844,175.58468627929688,280.8871154785156,503.624755859375,209.3912811279297,353.02581787109375,261.8062744140625,93.18482208251953,197.3974609375,248.171630859375,777.3200073242188,294.6860046386719,3655.330078125,129.23475646972656,210.38209533691406,38.197689056396484,954.4414672851562,484.8500061035156,161.22622680664062,69.19879150390625,355.99951171875,95.58197021484375,23.394065856933594,85.12802124023438,309.3067321777344,66.47029113769531,291.4596252441406,64.58621978759766,31.613447189331055,216.59451293945312,73.90860748291016,63.82598114013672,143.5382080078125,220.4600067138672,101.69000244140625,194.64210510253906,173.069580078125,258.47491455078125,46.31527328491211,74.1033935546875,366.8145446777344,863.2467041015625,65.35002899169922,39.88125228881836,163.3800048828125,52.25552749633789,272.54901123046875,237.81324768066406,49.87479782104492,47.76301956176758,167.25238037109375,196.78367614746094,21.774799346923828,374.95587158203125,340.5652160644531,123.95361328125,235.34019470214844,272.0116271972656,176.17796325683594,233.26934814453125,268.5440368652344,32.26026153564453,84.45568084716797,26.645828247070312,66.94408416748047,103.86710357666016,259.14373779296875,245.6870880126953,449.80517578125,458.2016296386719,528.9536743164062,140.40696716308594,257.9082946777344,717.99755859375,82.93216705322266,76.427001953125,535.3558959960938,141.38525390625,165.87367248535156,128.8729248046875,473.6169128417969,1153.9300537109375,58.1931266784668,143.65866088867188,7157.93994140625,202.427734375,89.69000244140625,92.21903228759766,141.75390625,124.15443420410156,22.019155502319336,73.89447021484375,153.48597717285156,245.9301300048828,647.1061401367188,175.5621337890625,32.73098373413086,120.6443099975586,166.97000122070312,148.19647216796875,267.81109619140625,506.9419860839844,21.34518051147461,260.468505859375,316.906982421875,244.78065490722656,144.339599609375,330.4141845703125,34.88705825805664,470.5299987792969,473.0426940917969,71.35803985595703,96.42510223388672,129.2014923095703,370.98126220703125,26.257110595703125,161.5004119873047,38.534793853759766,122.00848388671875,217.42291259765625,83.25755310058594,416.79168701171875,294.1325988769531,217.5697021484375,92.88240051269531,41.17571258544922,335.29376220703125,254.092529296875,38.41256332397461,198.9991455078125,100.79753112792969,228.28128051757812,156.02684020996094,111.15675354003906,153.69436645507812
2025-06-23,114.96341705322266,176.7045440673828,287.6053771972656,300.95001220703125,93.35020446777344,99.38215637207031,320.5115661621094,194.41688537597656,170.70773315429688,176.17098999023438,264.489990234375,512.121337890625,213.3869171142578,358.25103759765625,264.4001159667969,94.60513305664062,198.0268096923828,251.9241485595703,783.239990234375,295.71240234375,3709.5400390625,130.23231506347656,211.5478515625,37.0517578125,966.0579833984375,487.7699890136719,161.80841064453125,70.48515319824219,361.6380310058594,97.82411193847656,23.65979766845703,85.99114227294922,311.35394287109375,67.25965881347656,290.9335632324219,65.6185073852539,31.96843147277832,218.8233642578125,75.13274383544922,64.05609130859375,140.95635986328125,230.32000732421875,100.44000244140625,194.592529296875,175.692138671875,263.14508056640625,46.791015625,77.69078826904297,364.75775146484375,870.1887817382812,65.41632080078125,40.2319450378418,170.5399932861328,52.758201599121094,276.0098876953125,246.19834899902344,51.23987579345703,48.08012008666992,165.5373077392578,198.4857635498047,20.299039840698242,376.1676330566406,347.7151184082031,125.2411117553711,230.46878051757812,279.9598388671875,177.46156311035156,236.739990234375,271.7372741699219,31.952835083007812,85.07965087890625,26.721933364868164,67.81929779052734,107.97611999511719,258.3125,247.1041259765625,453.6435241699219,460.0517272949219,538.262939453125,141.91917419433594,261.7939147949219,718.9039916992188,82.56717681884766,76.83222961425781,549.0228271484375,144.88970947265625,163.411865234375,130.12562561035156,482.1488037109375,1163.6099853515625,59.156681060791016,143.97824096679688,7339.169921875,204.27273559570312,91.26000213623047,94.07146453857422,143.77871704101562,124.17366027832031,22.07427406311035,74.58894348144531,155.36740112304688,250.03192138671875,658.4971313476562,177.1521453857422,33.24467086791992,117.01860046386719,166.4600067138672,149.97889709472656,269.079345703125,509.1300354003906,21.76823616027832,266.76922607421875,319.293212890625,247.23643493652344,143.5226287841797,340.58917236328125,32.833160400390625,470.9800109863281,482.7812805175781,73.02494049072266,97.99313354492188,131.29299926757812,374.5373840332031,26.663684844970703,164.09315490722656,39.27143478393555,123.2532730102539,222.78195190429688,84.65950012207031,423.961669921875,292.8372802734375,220.86489868164062,93.93968963623047,41.93663787841797,340.4236755371094,259.15570068359375,39.020530700683594,201.1982879638672,102.06488037109375,231.00758361816406,155.0936737060547,108.28817749023438,153.86062622070312
2025-06-24,116.458251953125,178.42584228515625,293.1820373535156,304.19000244140625,93.70022583007812,99.35330200195312,322.35089111328125,192.18186950683594,178.8678436279297,178.11875915527344,269.3926086425781,514.469970703125,215.58213806152344,358.9775695800781,271.96881103515625,95.15141296386719,196.558349609375,261.85137939453125,794.25,304.34796142578125,3577.5400390625,131.65188598632812,217.45030212402344,37.18887710571289,984.3448486328125,493.4800109863281,162.0254669189453,71.15288543701172,368.34283447265625,98.45381927490234,25.293540954589844,85.51593780517578,318.74560546875,67.10562896728516,291.9161682128906,66.11517333984375,32.02759552001953,221.10174560546875,75.98473358154297,64.79434967041016,137.77940368652344,236.1699981689453,102.22000122070312,195.71249389648438,178.0771942138672,264.02569580078125,47.93840408325195,75.93651580810547,368.6754455566406,886.3414916992188,64.6250228881836,40.455997467041016,172.66000366210938,53.020790100097656,274.7682800292969,247.13226318359375,50.86398696899414,48.555763244628906,167.2623748779297,201.7718963623047,20.308813095092773,376.46563720703125,351.08551025390625,124.40570831298828,234.52500915527344,284.4228820800781,178.56744384765625,238.29112243652344,274.6570739746094,32.23143768310547,88.33367919921875,27.1500186920166,68.27635955810547,109.01069641113281,259.78692626953125,242.71527099609375,457.00823974609375,448.1137390136719,553.3285522460938,140.98350524902344,266.3734130859375,717.8980712890625,82.68243408203125,76.86119079589844,549.4306030273438,147.11802673339844,162.11720275878906,131.97067260742188,486.2262268066406,1185.1800537109375,59.77958679199219,147.7032470703125,7277.58984375,212.3927764892578,89.18000030517578,95.4730224609375,144.72927856445312,126.05901336669922,22.331483840942383,75.16767883300781,154.72097778320312,249.6846466064453,669.4320678710938,176.7115478515625,33.15744400024414,115.5006332397461,169.92999267578125,152.495849609375,275.7552490234375,519.4236450195312,21.998994827270508,269.96392822265625,321.4034118652344,247.3054962158203,139.62474060058594,342.4914245605469,32.60927200317383,478.9800109863281,490.65283203125,73.31398010253906,99.59989166259766,134.4796142578125,381.74835205078125,26.73932647705078,164.74627685546875,39.65410232543945,123.09519958496094,225.5694122314453,86.15030670166016,426.0470886230469,297.6484375,222.84983825683594,94.1455307006836,42.36465835571289,348.2274169921875,262.5708923339844,39.26924133300781,204.86024475097656,101.92942810058594,230.44656372070312,155.08387756347656,104.99320983886719,154.28111267089844
2025-06-25,117.42840576171875,178.27197265625,287.2154541015625,302.3699951171875,92.46540832519531,97.55439758300781,313.89605712890625,187.1726837158203,181.73681640625,176.88650512695312,272.1691589355469,517.1145629882812,212.0293731689453,352.7869567871094,272.9366455078125,96.3631591796875,191.87632751464844,262.7250061035156,785.0700073242188,304.5552062988281,3489.5400390625,131.13775634765625,217.57408142089844,36.806907653808594,997.1858520507812,486.2099914550781,161.5715789794922,71.12342834472656,366.92083740234375,97.14669799804688,25.0770206451416,85.14743041992188,313.7259521484375,66.00821685791016,290.1296691894531,66.40733337402344,32.03745651245117,217.17897033691406,75.38735961914062,63.63423538208008,137.4722900390625,232.67999267578125,101.04000091552734,199.21109008789062,178.18605041503906,263.64971923828125,47.024227142333984,76.43914794921875,366.1681213378906,805.9791259765625,62.80702590942383,40.05659866333008,170.36000061035156,52.57814407348633,279.5196838378906,248.27476501464844,50.834312438964844,47.69365310668945,171.00169372558594,200.25672912597656,19.80060386657715,371.668212890625,352.48822021484375,121.87002563476562,234.25003051757812,281.7799072265625,178.25146484375,238.1844482421875,277.3913269042969,31.683839797973633,88.77384948730469,26.93121910095215,67.71233367919922,107.13673400878906,255.9969482421875,243.91580200195312,454.0875549316406,446.35125732421875,545.5576171875,137.90240478515625,263.65740966796875,715.4977416992188,82.57676696777344,76.33052062988281,531.5761108398438,145.03695678710938,162.50953674316406,133.738037109375,488.3691101074219,1192.8499755859375,59.20534896850586,154.10475158691406,7193.18017578125,207.90359497070312,87.83999633789062,94.70852661132812,131.1261749267578,123.1444091796875,22.285554885864258,74.3285140991211,153.37985229492188,243.73370361328125,667.7070922851562,172.02774047851562,32.46928787231445,115.66499328613281,168.60000610351562,152.71128845214844,279.5601806640625,517.454345703125,22.008607864379883,271.02886962890625,317.971923828125,240.5298614501953,139.162109375,340.4405822753906,32.29778289794922,487.2699890136719,489.0765686035156,72.28302764892578,101.0033950805664,137.4054718017578,387.44805908203125,26.39893913269043,166.1217803955078,39.606266021728516,121.00080871582031,226.6294403076172,84.33369445800781,424.5673828125,294.1423034667969,221.7742462158203,92.97596740722656,42.630985260009766,341.9190673828125,252.80189514160156,38.79944610595703,202.7705535888672,99.5205078125,224.97427368164062,156.08580017089844,105.02229309082031,153.75303649902344
2025-06-26,118.2203598022461,179.6182098388672,288.6583251953125,304.92999267578125,92.7376480102539,98.45865631103516,314.84539794921875,190.3193359375,182.18356323242188,178.69512939453125,270.9653625488281,518.5553588867188,209.42979431152344,351.8812255859375,273.90447998046875,96.32343292236328,194.65121459960938,268.2048645019531,803.9500122070312,307.3481750488281,3522.25,130.4241485595703,221.9629669189453,37.53167724609375,1009.635009765625,485.04998779296875,163.40684509277344,71.2805404663086,377.091796875,95.74417114257812,25.756107330322266,85.1377182006836,319.0900573730469,66.57618713378906,294.3576965332031,67.14746856689453,32.1163444519043,218.36769104003906,75.98473358154297,65.33126831054688,138.63363647460938,239.63999938964844,101.93000030517578,199.6669921875,181.1450958251953,260.47357177734375,47.39735794067383,77.88789367675781,365.5021057128906,728.9509887695312,64.54847717285156,40.2319450378418,171.36000061035156,53.433433532714844,284.8771667480469,249.36761474609375,51.140960693359375,48.71431350708008,173.93331909179688,201.8407440185547,20.171985626220703,375.1147766113281,354.08575439453125,122.59732055664062,235.6151885986328,282.6221618652344,178.51806640625,239.21209716796875,281.9712829589844,31.74148178100586,89.71577453613281,27.48297119140625,67.5567398071289,107.17578887939453,254.294921875,242.8628692626953,458.2909851074219,445.8741149902344,541.6968383789062,139.36734008789062,267.255615234375,719.0733032226562,82.77848815917969,77.15064239501953,537.7828979492188,147.99168395996094,164.3043975830078,135.7093505859375,493.508056640625,1193.31005859375,60.86967086791992,154.8137969970703,7280.43994140625,209.97552490234375,88.2300033569336,95.58082580566406,134.0445098876953,123.3367919921875,22.267181396484375,75.62100982666016,153.05181884765625,245.56402587890625,685.7503051757812,173.04302978515625,32.585594177246094,116.18709564208984,169.5399932861328,154.92465209960938,290.9160461425781,518.1605224609375,22.450899124145508,269.66815185546875,321.6597595214844,241.3583221435547,140.431884765625,338.7067565917969,32.93050765991211,495.70001220703125,483.19403076171875,72.83213806152344,101.99068450927734,139.53787231445312,385.6403503417969,26.47458267211914,167.2895050048828,40.696876525878906,120.66490936279297,227.1398162841797,85.12353515625,426.2159118652344,294.7266540527344,224.29696655273438,94.12681579589844,43.39191436767578,342.6816101074219,255.1051483154297,38.78102111816406,205.27818298339844,99.95585632324219,223.14361572265625,159.06211853027344,106.59224700927734,152.3448944091797
2025-06-27,117.97288513183594,175.3102264404297,288.0538635253906,305.1300048828125,92.66959381103516,98.56446838378906,314.1927490234375,191.89756774902344,181.87579345703125,179.4006805419922,269.0431213378906,521.1112060546875,209.68011474609375,351.06512451171875,273.275390625,97.00875854492188,194.8896026611328,267.39080810546875,818.5999755859375,313.04278564453125,3609.489990234375,131.10707092285156,225.81558227539062,37.27702713012695,1026.3154296875,485.67999267578125,164.95594787597656,72.341064453125,379.8862609863281,96.03040313720703,26.82887077331543,86.02992248535156,320.58612060546875,66.4317855834961,297.1764831542969,66.85530090332031,32.45160675048828,218.67477416992188,76.13163757324219,65.66683959960938,138.00975036621094,242.31500244140625,104.19999694824219,197.3441162109375,181.4024200439453,264.6292724609375,47.54661560058594,78.93257141113281,373.64111328125,767.65087890625,64.44322204589844,40.8748779296875,172.3300018310547,53.71853256225586,284.24169921875,252.85476684570312,51.25965881347656,49.22959899902344,177.7624053955078,204.9989776611328,20.103572845458984,376.7436828613281,359.1900329589844,122.53833770751953,238.439453125,280.46331787109375,179.45608520507812,240.48204040527344,280.3697509765625,31.78017807006836,88.41714477539062,27.56859016418457,68.39305114746094,107.56619262695312,257.8671875,243.04000854492188,457.6298828125,446.5459899902344,546.1729125976562,139.7359161376953,271.07183837890625,722.8379516601562,83.3111572265625,77.54624938964844,547.1229248046875,149.22854614257812,164.19651794433594,136.6221923828125,492.0100402832031,1184.5400390625,70.11595153808594,157.54019165039062,7375.509765625,207.4299774169922,89.16000366210938,95.65924072265625,136.8297882080078,126.04938507080078,22.22125244140625,76.38301849365234,154.23855590820312,247.78857421875,694.5042114257812,174.70291137695312,32.527442932128906,115.29759216308594,169.3000030517578,155.26742553710938,304.30706787109375,518.1605224609375,22.450899124145508,273.40087890625,325.3475646972656,241.01312255859375,142.39065551757812,342.52117919921875,33.105712890625,502.6300048828125,485.71783447265625,73.24032592773438,102.60047912597656,140.28173828125,388.7519226074219,26.550222396850586,165.13218688964844,40.76384353637695,121.88992309570312,230.8990020751953,86.00221252441406,429.29443359375,301.04736328125,226.27212524414062,94.66949462890625,43.52507781982422,345.236572265625,260.2874755859375,38.97446823120117,206.6713104248047,99.77204132080078,224.6593017578125,161.3115692138672,106.00109100341797,152.7165069580078
2025-06-30,116.82453918457031,178.49313354492188,291.3979187011719,309.57000732421875,93.3793716430664,99.81505584716797,316.55609130859375,197.33807373046875,181.73681640625,179.82798767089844,271.0624084472656,526.6965942382812,212.79962158203125,355.0760803222656,272.9946594238281,98.0814437866211,195.7263641357422,273.64495849609375,827.9400024414062,314.80938720703125,3712.22998046875,132.17369079589844,229.6277313232422,37.55126953125,1027.716064453125,485.7699890136719,165.76502990722656,71.8697280883789,383.34234619140625,98.01493835449219,27.675268173217773,88.15376281738281,322.33807373046875,66.69169616699219,297.60321044921875,67.56621551513672,32.175506591796875,220.77484130859375,76.41563415527344,66.13665008544922,137.4338836669922,246.50999450683594,103.06999969482422,196.09335327148438,181.33311462402344,266.5982971191406,48.134300231933594,79.63232421875,380.9574279785156,777.7804565429688,64.57718658447266,40.91384506225586,172.41000366210938,51.900291442871094,285.14111328125,255.716064453125,52.021331787109375,48.763858795166016,176.8848876953125,205.35317993164062,19.91788101196289,380.51812744140625,357.1444396972656,124.69073486328125,241.00244140625,285.38134765625,181.1543731689453,241.15505981445312,283.10400390625,31.983341217041016,89.00038146972656,27.96813201904297,68.80148315429688,107.95659637451172,259.7671203613281,246.83843994140625,462.9482727050781,450.9765319824219,557.7053833007812,139.8871307373047,270.8140869140625,729.8095703125,84.4249496459961,77.594482421875,546.0387573242188,149.44451904296875,162.9214630126953,136.7872772216797,493.4683837890625,1174.719970703125,69.14265441894531,157.7798614501953,7385.66015625,215.70787048339844,90.12999725341797,97.05099487304688,138.27471923828125,127.01129150390625,22.267181396484375,76.61450958251953,153.71754455566406,250.482421875,692.4520263671875,175.76446533203125,32.8472900390625,115.34593963623047,172.33999633789062,155.97254943847656,307.8760681152344,522.1387329101562,22.614351272583008,271.3529357910156,327.53662109375,243.2223358154297,143.72933959960938,340.1829528808594,32.90129852294922,512.6799926757812,494.7058410644531,73.63878631591797,102.9295654296875,143.14805603027344,391.6425476074219,27.363370895385742,166.9134521484375,41.127384185791016,121.99861145019531,233.8533172607422,86.69329833984375,434.3789367675781,303.8327941894531,224.97164916992188,94.44493865966797,43.51545715332031,351.6142883300781,258.93731689453125,39.858787536621094,208.3231964111328,100.80719757080078,225.2104949951172,160.4766082763672,104.46990203857422,152.5013427734375
2025-07-01,119.49114227294922,182.6953887939453,295.034423828125,311.6700134277344,93.71967315673828,100.42108917236328,315.9331359863281,196.191162109375,182.4217987060547,181.91485595703125,282.0423583984375,531.50244140625,216.12130737304688,355.24530029296875,278.0597229003906,96.73065185546875,195.5147705078125,262.8143615722656,775.3800048828125,318.31292724609375,3718.590087890625,136.33262634277344,227.3069610595703,37.894065856933594,1032.633056640625,489.6099853515625,162.7078399658203,72.95970153808594,386.0184326171875,98.9594955444336,28.187042236328125,89.25933074951172,324.42462158203125,67.50993347167969,293.1170959472656,67.29354095458984,33.003807067871094,222.20130920410156,78.7757797241211,66.71192169189453,139.7182159423828,238.00999450683594,105.4000015258789,199.62728881835938,184.2327880859375,269.7348327636719,49.32832717895508,83.88003540039062,387.6175537109375,777.6925048828125,64.35710906982422,41.75160598754883,172.67999267578125,52.92574691772461,287.80029296875,247.4004669189453,52.021331787109375,51.558292388916016,176.40626525878906,207.72430419921875,20.729061126708984,386.90478515625,363.49554443359375,124.42536163330078,248.9872589111328,281.9154968261719,179.564697265625,248.89935302734375,283.59228515625,32.47673416137695,89.30939483642578,26.950244903564453,69.69615173339844,112.71952056884766,261.4988708496094,248.15704345703125,470.417724609375,453.70294189453125,560.3551635742188,140.72830200195312,275.63153076171875,724.7899780273438,85.9552001953125,78.24093627929688,554.7123413085938,150.9856719970703,166.687744140625,136.9912109375,488.15081787109375,1205.2900390625,71.4493637084961,153.09609985351562,7667.85009765625,216.03346252441406,90.5,98.43296813964844,140.13787841796875,130.10867309570312,23.002071380615234,77.96488189697266,155.5507354736328,248.0795440673828,697.2206420898438,171.3252410888672,32.944217681884766,119.0683364868164,173.07000732421875,156.10968017578125,309.8031311035156,531.9946899414062,23.239320755004883,269.1962585449219,333.88677978515625,241.3090057373047,141.9280242919922,352.0124816894531,34.26407241821289,521.780029296875,496.61041259765625,74.03726196289062,104.2749252319336,143.85223388671875,392.7413330078125,27.306636810302734,168.49679565429688,42.28495407104492,123.64844512939453,237.043212890625,85.8343734741211,431.16143798828125,317.6332092285156,230.33975219726562,97.747802734375,44.70792770385742,352.0302429199219,262.7594909667969,40.23646545410156,208.31320190429688,101.33928680419922,225.19081115722656,166.1935577392578,105.86540222167969,155.66970825195312
2025-07-02,119.69947052001953,183.42617797851562,294.7126770019531,310.3399963378906,92.83488464355469,99.33406066894531,312.224853515625,190.84869384765625,188.6262664794922,180.85154724121094,288.1877136230469,535.2918701171875,214.54229736328125,349.8906555175781,282.76434326171875,97.8530044555664,194.28366088867188,267.93682861328125,774.5499877929688,321.3526916503906,3685.340087890625,136.0256805419922,226.1578826904297,39.010616302490234,1048.5985107421875,480.4800109863281,160.31275939941406,73.90238189697266,393.4342346191406,98.43473052978516,29.18107032775879,89.60844421386719,328.1844482421875,67.08638000488281,288.98828125,66.796875,33.1418571472168,213.6326446533203,78.5896987915039,63.85474395751953,142.0313262939453,238.8000030517578,106.26000213623047,201.01702880859375,186.2021942138672,269.5864562988281,49.029815673828125,87.29988861083984,343.04388427734375,777.4675903320312,63.792572021484375,41.576255798339844,172.4499969482422,53.104957580566406,287.35064697265625,243.1582489013672,52.149932861328125,52.20240020751953,179.24813842773438,209.94784545898438,21.217721939086914,375.4922790527344,362.219482421875,120.78892517089844,240.32228088378906,278.4786376953125,179.4462127685547,250.12828063964844,285.14495849609375,32.737937927246094,91.52014923095703,27.111967086791992,68.95708465576172,112.5438461303711,257.2833557128906,249.51504516601562,470.8321838378906,450.4019775390625,557.2885131835938,141.02130126953125,275.0863342285156,702.59033203125,85.49999237060547,77.33396911621094,555.6970825195312,151.1427459716797,171.11117553710938,138.72943115234375,487.198486328125,1205.6500244140625,74.34976196289062,157.04083251953125,7768.509765625,226.90615844726562,89.31999969482422,97.81549072265625,138.75001525878906,131.28221130371094,23.2592830657959,77.65623474121094,155.5314178466797,241.9784698486328,705.3301391601562,169.7618408203125,32.508056640625,122.26863098144531,173.30999755859375,158.9694061279297,320.6181945800781,544.7547607421875,23.604690551757812,271.59039306640625,337.95916748046875,234.98193359375,142.2528533935547,349.2483215332031,34.955196380615234,523.1099853515625,493.1578063964844,72.71551513671875,106.74141693115234,150.69573974609375,387.8609924316406,26.767690658569336,171.60409545898438,43.07898712158203,123.79662322998047,233.02886962890625,85.38021850585938,429.7115173339844,299.5378112792969,231.89447021484375,98.74896240234375,45.669593811035156,350.7923583984375,263.7919921875,40.15355682373047,212.83096313476562,100.3718490600586,219.8661346435547,170.11288452148438,107.6195068359375,155.56214904785156
2025-07-03,120.41373443603516,182.0126190185547,297.1402893066406,316.6600036621094,93.35992431640625,99.91124725341797,314.5586242675781,194.0933837890625,189.65870666503906,183.03778076171875,289.537109375,536.1404418945312,213.50245666503906,353.0855407714844,284.26434326171875,98.7866439819336,194.83189392089844,273.1783447265625,795.47998046875,324.6573486328125,3769.260009765625,135.17396545410156,226.7544403076172,38.82452392578125,1059.9410400390625,485.0,163.23239135742188,74.28533935546875,392.8713684082031,98.19620513916016,29.486167907714844,89.97696685791016,326.5997619628906,67.83724212646484,294.0103759765625,67.9627456665039,33.131996154785156,217.29783630371094,79.30460357666016,64.6505355834961,142.4056396484375,238.7899932861328,106.19999694824219,201.71189880371094,186.67723083496094,271.1992492675781,49.02048873901367,87.43785858154297,340.6834716796875,769.4989013671875,63.99351119995117,42.01462173461914,175.5500030517578,52.81623458862305,289.6500549316406,245.27439880371094,52.466468811035156,52.41049575805664,180.035888671875,211.30560302734375,21.032033920288086,374.0420837402344,362.0538635253906,122.843017578125,236.27073669433594,282.6608581542969,180.79891967773438,252.1277618408203,290.443603515625,32.689571380615234,91.86590576171875,27.026348114013672,69.38495635986328,107.94641876220703,259.15362548828125,251.65042114257812,469.2632751464844,450.3727722167969,564.9502563476562,142.212158203125,277.5743103027344,716.3841552734375,85.60652923583984,77.81641387939453,554.9213256835938,150.1316680908203,172.67066955566406,139.97242736816406,494.8870849609375,1209.0799560546875,74.34976196289062,159.1280517578125,7623.240234375,234.14808654785156,91.33000183105469,97.53125762939453,139.86221313476562,130.22412109375,23.314401626586914,78.12885284423828,155.17442321777344,245.69691467285156,712.9539184570312,172.62803649902344,32.769752502441406,123.07112121582031,175.97999572753906,158.86166381835938,328.8573303222656,544.3767700195312,23.845062255859375,276.823974609375,342.22882080078125,238.3926239013672,143.46356201171875,350.72454833984375,34.702110290527344,548.739990234375,496.8824462890625,73.007080078125,107.54082489013672,148.21621704101562,391.29608154296875,26.814970016479492,172.4749298095703,43.56689453125,124.33998107910156,236.29727172851562,89.05290985107422,434.3591003417969,300.5019836425781,231.03399658203125,97.42967987060547,46.09273147583008,355.3874206542969,264.3181457519531,40.1167106628418,213.3185577392578,100.94264221191406,223.5176239013672,170.12271118164062,108.73397064208984,155.659912109375
2025-07-07,118.30069732666016,180.42599487304688,293.00653076171875,315.30999755859375,93.27241516113281,100.2094497680664,312.55120849609375,190.70164489746094,189.39068603515625,181.22915649414062,284.4014892578125,529.3512573242188,211.83680725097656,351.5627746582031,281.517578125,97.88279724121094,194.72608947753906,272.1856689453125,802.1599731445312,319.31451416015625,3790.639892578125,132.7108154296875,230.6859893798828,38.28584289550781,1053.8876953125,478.0299987792969,165.90460205078125,73.29356384277344,386.6009826660156,97.17532348632812,28.846446990966797,90.5103530883789,322.6825256347656,67.02861785888672,300.23333740234375,67.53166198730469,32.589656829833984,215.4949493408203,78.79535675048828,63.93145751953125,141.47463989257812,246.88999938964844,105.75,198.1680450439453,185.4302520751953,268.9136047363281,47.871795654296875,84.55020904541016,339.74322509765625,759.8385620117188,63.84041213989258,41.3716926574707,173.30999755859375,52.766456604003906,289.5419616699219,247.39364624023438,51.8136100769043,51.350196838378906,177.05441284179688,210.9710693359375,20.416316986083984,376.4259033203125,358.1185302734375,121.38844299316406,233.8358917236328,283.14495849609375,180.7791748046875,248.3824005126953,286.4892883300781,32.679893493652344,90.67757415771484,26.950244903564453,69.05432891845703,107.0641860961914,255.17562866210938,252.3392333984375,463.35284423828125,456.740966796875,560.8613891601562,141.85299682617188,275.9585876464844,732.3492431640625,84.90921020507812,76.39805603027344,553.3297729492188,149.05184936523438,173.06298828125,139.58399963378906,493.7759094238281,1188.5400390625,74.48603057861328,158.02952575683594,7575.0,229.15567016601562,92.66999816894531,97.79588317871094,138.4743194580078,129.3295135498047,23.185792922973633,77.34757232666016,154.85606384277344,238.072265625,700.5021362304688,174.86697387695312,32.64374923706055,122.21062469482422,174.82000732421875,154.8267059326172,323.3219909667969,535.1773071289062,23.623920440673828,282.7598876953125,334.2023010253906,239.71734619140625,143.63088989257812,343.0858459472656,34.020721435546875,536.52001953125,497.4172668457031,72.297607421875,107.00464630126953,147.1748046875,388.5539855957031,26.862241744995117,169.35772705078125,43.2033576965332,123.65831756591797,233.2349853515625,91.2940444946289,431.58843994140625,295.7882080078125,230.12466430664062,94.36072540283203,45.94847869873047,353.18896484375,265.07269287109375,39.425838470458984,212.0548095703125,100.91361999511719,223.3404541015625,166.2132110595703,107.67765045166016,153.57704162597656
2025-07-08,120.04668426513672,182.4838104248047,295.7265625,314.9100036621094,92.36817169189453,100.00743865966797,310.26690673828125,189.58413696289062,193.5700225830078,180.1956787109375,288.33331298828125,529.0057983398438,212.4915008544922,352.89642333984375,284.7611083984375,96.75051879882812,193.77391052246094,269.8229675292969,790.219970703125,313.6253356933594,3742.080078125,133.9999237060547,226.61679077148438,39.28485870361328,1052.9571533203125,477.4700012207031,162.75732421875,73.54888153076172,389.3461608886719,97.87181854248047,28.383880615234375,89.3563003540039,325.5368347167969,66.77833557128906,295.796875,67.19855499267578,32.924922943115234,213.26609802246094,79.04019165039062,64.18074798583984,147.07989501953125,241.47000122070312,105.29000091552734,199.2103271484375,186.4792938232422,266.06396484375,48.089786529541016,84.32352447509766,342.2701110839844,750.324951171875,63.74473571777344,41.73211669921875,170.4199981689453,52.56733322143555,291.50726318359375,245.80172729492188,52.15982437133789,51.71683883666992,174.66123962402344,209.96751403808594,21.657520294189453,375.0552062988281,357.9821472167969,120.35647583007812,234.1118927001953,281.16033935546875,178.69580078125,251.54251098632812,277.4717712402344,32.9217529296875,91.33334350585938,26.759984970092773,68.30552673339844,108.24049377441406,254.76002502441406,252.98873901367188,463.7080383300781,450.8499450683594,558.2014770507812,142.01368713378906,277.5049133300781,721.1746826171875,85.7905502319336,76.86119079589844,556.1149291992188,150.9169921875,176.47616577148438,137.04946899414062,492.68463134765625,1206.530029296875,71.94573974609375,159.7871856689453,7518.3701171875,231.36573791503906,91.63999938964844,97.6978759765625,137.7518768310547,129.89703369140625,23.534868240356445,78.59185028076172,152.3378143310547,236.28819274902344,700.8292236328125,171.5085906982422,32.54682540893555,125.69129180908203,178.89999389648438,156.15863037109375,324.6492614746094,544.7647705078125,23.710453033447266,281.87945556640625,333.4331970214844,236.5834503173828,142.63673400878906,342.79852294921875,35.56844711303711,551.510009765625,493.8614501953125,72.22957611083984,106.45870208740234,143.2869110107422,385.5743103027344,26.748783111572266,170.63429260253906,43.432960510253906,123.74723052978516,231.6056671142578,91.03733825683594,423.9318542480469,299.6741943359375,231.28822326660156,95.79228210449219,45.83307647705078,351.1191101074219,264.52667236328125,39.66534423828125,210.7412567138672,100.2847900390625,221.32278442382812,166.2132110595703,110.6624984741211,154.31044006347656
2025-07-09,120.33436584472656,183.30116271972656,289.94525146484375,307.2699890136719,92.56262969970703,100.75778198242188,311.7403259277344,190.26052856445312,193.96710205078125,181.1397247314453,287.8673095703125,532.3609619140625,213.57948303222656,355.2353210449219,286.60205078125,97.54510498046875,192.96600341796875,275.8786315917969,805.8599853515625,313.991455078125,3742.179931640625,134.66749572753906,224.8203887939453,38.520904541015625,1066.4053955078125,478.9100036621094,162.56927490234375,74.5210189819336,397.13720703125,98.66372680664062,28.374038696289062,88.81321716308594,329.32611083984375,67.15377044677734,297.910888671875,67.86475372314453,32.86575698852539,214.60340881347656,78.29590606689453,63.91228103637695,146.8687286376953,246.05999755859375,104.91000366210938,199.4883270263672,186.27146911621094,265.3812561035156,47.985530853271484,85.35835266113281,339.2339172363281,747.70458984375,63.65861129760742,42.27764129638672,170.9499969482422,52.756500244140625,294.7598876953125,249.06515502929688,52.00155258178711,52.09340286254883,177.15414428710938,213.60784912109375,21.54024314880371,375.8895263671875,361.43048095703125,119.77661895751953,233.3331298828125,280.8892517089844,179.86090087890625,253.34690856933594,277.8446044921875,32.55412673950195,91.72681427001953,26.446056365966797,67.56646728515625,113.08299255371094,256.36309814453125,254.91741943359375,465.010498046875,450.8985595703125,561.6102294921875,141.9853057861328,276.7416687011719,724.2820434570312,86.19732666015625,75.49107360839844,564.0026245117188,153.11582946777344,175.82884216308594,137.4573211669922,499.5200500488281,1218.6500244140625,71.59535217285156,162.66334533691406,7700.93017578125,232.65823364257812,92.58000183105469,97.36463165283203,138.73097229003906,129.35838317871094,23.47974967956543,77.99382019042969,151.98085021972656,235.13320922851562,701.4935302734375,171.75950622558594,32.72128677368164,126.18439483642578,210.47000122070312,156.0607147216797,327.9626159667969,549.5684204101562,23.681610107421875,287.459228515625,335.5137634277344,237.769775390625,143.88681030273438,348.28729248046875,35.28615188598633,550.9500122070312,496.0568542480469,72.39479064941406,106.65367889404297,140.8470458984375,388.09857177734375,26.569133758544922,170.85198974609375,43.2033576965332,123.9349365234375,228.0133514404297,94.0979232788086,430.6052551269531,295.00909423828125,231.2393341064453,95.57708740234375,45.48687744140625,354.298095703125,268.00140380859375,39.250816345214844,212.00503540039062,100.82654571533203,222.1889190673828,170.6531524658203,110.28455352783203,154.7700653076172
2025-07-10,123.18152618408203,187.51300048828125,282.537841796875,286.1099853515625,93.62244415283203,102.00836181640625,310.0888977050781,190.83889770507812,196.58787536621094,180.30499267578125,291.6049499511719,535.3609619140625,212.78997802734375,357.3055114746094,286.4656982421875,97.6444091796875,194.95692443847656,273.39678955078125,732.989990234375,321.7979431152344,3728.47998046875,136.20217895507812,226.82225036621094,38.89308547973633,1081.3914794921875,478.2699890136719,160.50079345703125,75.38514709472656,403.2101135253906,99.1980209350586,28.6397705078125,87.88223266601562,334.6705627441406,67.90462493896484,295.0921630859375,67.3651123046875,33.07283401489258,214.524169921875,75.14253997802734,62.91514587402344,147.97250366210938,238.24000549316406,104.94999694824219,204.00497436523438,188.5476531982422,263.97625732421875,48.61105728149414,90.76901245117188,338.7441711425781,742.0139770507812,64.18488311767578,42.43349838256836,169.6999969482422,52.82619094848633,298.1206359863281,251.29383850097656,51.69490051269531,52.66814422607422,178.191162109375,214.2866973876953,21.657520294189453,375.7703552246094,363.6319580078125,119.85523986816406,228.87742614746094,278.2656555175781,179.52520751953125,255.6584930419922,282.78021240234375,32.55412673950195,92.267333984375,26.436548233032227,67.84848022460938,114.14167022705078,250.97991943359375,255.95071411132812,464.0928649902344,452.11578369140625,560.0301513671875,142.80758666992188,279.82440185546875,711.6434326171875,86.58473205566406,75.61650848388672,561.376708984375,154.43124389648438,178.76144409179688,138.95278930664062,497.5061340332031,1236.239990234375,72.62704467773438,163.88172912597656,7689.72021484375,232.35171508789062,92.37999725341797,97.97230529785156,138.13211059570312,130.89744567871094,23.681846618652344,78.70758819580078,152.91673278808594,234.16604614257812,708.1456298828125,174.664306640625,33.27375030517578,129.935791015625,194.58999633789062,155.80606079101562,335.62164306640625,556.7092895507812,23.88352394104004,286.7765808105469,340.13836669921875,237.3545684814453,144.10333251953125,348.5745849609375,35.67552185058594,566.1900024414062,497.0888671875,72.79325866699219,107.44334411621094,143.31666564941406,390.7911682128906,26.37622833251953,173.2072296142578,43.52862548828125,122.66051483154297,223.93031311035156,96.3982925415039,431.5188903808594,291.69781494140625,231.7379913330078,96.29753112792969,45.746524810791016,352.436279296875,268.7757568359375,39.34254837036133,212.7015838623047,102.23902130126953,222.09048461914062,173.3740997314453,111.379638671875,155.28831481933594
2025-07-11,122.2986068725586,185.0609130859375,275.38525390625,280.3900146484375,93.53492736816406,101.33496856689453,308.0716247558594,189.51553344726562,196.4886016845703,179.83792114257812,286.6537780761719,529.2426147460938,211.0858154296875,353.9912414550781,284.3910217285156,98.09137725830078,194.14901733398438,272.38421630859375,729.6199951171875,316.0890197753906,3705.639892578125,135.0281524658203,226.766357421875,39.86272048950195,1079.03076171875,475.8599853515625,159.3131561279297,75.23785400390625,400.830322265625,98.04354858398438,28.206727981567383,86.87364959716797,333.4796447753906,67.72171783447266,292.99798583984375,66.57154083251953,33.625030517578125,213.41470336914062,73.80087280273438,62.10976791381836,149.06668090820312,240.44000244140625,101.7300033569336,203.3498077392578,186.9840087890625,264.1444396972656,48.39307403564453,89.76376342773438,333.6610107421875,739.8726806640625,63.90740203857422,42.1510009765625,165.52000427246094,52.457820892333984,296.9610900878906,254.1294403076172,51.04204177856445,52.90596389770508,180.79371643066406,212.43702697753906,22.556657791137695,373.5354919433594,360.485595703125,118.86259460449219,227.38890075683594,274.548095703125,178.23171997070312,253.2981719970703,281.47515869140625,32.39933776855469,91.86590576171875,26.48410987854004,67.94572448730469,111.71062469482422,247.01181030273438,255.40945434570312,462.58319091796875,455.23175048828125,546.7727661132812,142.44842529296875,279.18011474609375,706.713623046875,87.08834838867188,74.97005462646484,559.0093994140625,152.97840881347656,176.4075164794922,138.1662139892578,499.3315734863281,1223.9300537109375,70.690185546875,164.7006378173828,7632.240234375,227.96177673339844,91.62000274658203,97.51165771484375,136.21188354492188,130.10867309570312,23.56242561340332,77.52119445800781,151.52737426757812,230.0345001220703,708.7503662109375,173.62205505371094,33.21560287475586,127.34463500976562,193.50999450683594,154.20973205566406,332.8196105957031,564.6458129882812,23.739301681518555,283.9273376464844,338.2845764160156,238.46182250976562,144.5659942626953,342.72918701171875,36.317970275878906,559.280029296875,494.49945068359375,72.46282958984375,106.80966186523438,145.97470092773438,385.5346984863281,25.7554988861084,175.2655487060547,43.46166229248047,122.21595001220703,223.54751586914062,97.17826080322266,434.4682922363281,296.1681213378906,229.8802032470703,94.75370788574219,45.3330078125,344.5632019042969,267.0582275390625,38.95876693725586,212.61203002929688,102.07455444335938,222.44482421875,171.72384643554688,111.86418914794922,151.53326416015625
2025-07-14,119.12409210205078,184.16661071777344,274.33685302734375,294.54998779296875,93.83635711669922,101.02713775634766,311.8886413574219,192.3289031982422,195.66465759277344,177.24424743652344,288.3624267578125,531.87744140625,213.53134155273438,358.12164306640625,283.2513732910156,99.53155517578125,194.23558044433594,273.5953674316406,750.260009765625,317.5236511230469,3772.300048828125,135.88758850097656,228.70753479003906,39.04978942871094,1088.6494140625,476.30999755859375,160.02572631835938,75.22802734375,400.6821594238281,98.50152587890625,28.85628890991211,86.16568756103516,334.8575439453125,67.91426086425781,294.8341369628906,66.44418334960938,33.50669860839844,214.86097717285156,73.83026123046875,61.70708465576172,145.5537872314453,242.85000610351562,98.37999725341797,196.30181884765625,186.9444122314453,265.40106201171875,48.29829406738281,88.2952880859375,333.0733337402344,743.294921875,64.1274642944336,43.904449462890625,167.0,51.94011306762695,299.5650939941406,261.01446533203125,52.54560470581055,52.84651184082031,182.28944396972656,213.9030303955078,21.52069664001465,377.885986328125,360.5245361328125,120.79875946044922,224.22457885742188,274.7417297363281,179.52520751953125,251.26943969726562,283.2806396484375,32.17682647705078,91.59367370605469,26.94073486328125,67.5567398071289,110.6617431640625,247.18994140625,258.1254577636719,462.5535583496094,461.132568359375,549.59521484375,142.95880126953125,280.389404296875,712.6693725585938,86.90432739257812,75.16302490234375,561.8143310546875,155.01039123535156,172.25872802734375,139.80734252929688,499.0339050292969,1193.8900146484375,70.32034301757812,163.85177612304688,7592.2001953125,226.69618225097656,93.12000274658203,98.05072021484375,137.18148803710938,130.4068603515625,23.286840438842773,78.08061981201172,148.35305786132812,232.27867126464844,705.9547729492188,174.43270874023438,33.690521240234375,124.73410034179688,191.0800018310547,151.10513305664062,336.2803649902344,567.4802856445312,23.748916625976562,285.9059753417969,338.3831787109375,241.38809204101562,146.9381866455078,341.31243896484375,35.256954193115234,549.530029296875,497.3609619140625,72.45310974121094,107.26786041259766,147.8591766357422,387.5145568847656,25.93694305419922,174.34523010253906,43.69125747680664,122.06775665283203,223.93031311035156,100.25857543945312,436.1466064453125,292.7398681640625,228.1299285888672,93.67770385742188,45.256080627441406,347.1083068847656,267.98150634765625,38.92132568359375,211.92543029785156,102.40347290039062,225.6829376220703,167.4410858154297,110.40084075927734,152.20797729492188
2025-07-15,112.04092407226562,180.78164672851562,270.49603271484375,288.9599914550781,93.09740447998047,100.43071746826172,304.63037109375,188.63328552246094,197.83868408203125,175.3362579345703,283.974365234375,515.7823486328125,210.77772521972656,350.7167663574219,279.2090759277344,98.76677703857422,191.85992431640625,278.896484375,745.8699951171875,307.3623046875,3696.93994140625,136.82373046875,225.1174774169922,38.187896728515625,1024.689453125,470.1300048828125,159.3626251220703,74.02021789550781,399.56640625,97.2707290649414,28.511825561523438,85.48684692382812,336.55047607421875,67.70247650146484,292.4421691894531,65.81716918945312,33.01366424560547,211.2353973388672,72.77259826660156,61.30439376831055,144.63238525390625,236.77000427246094,95.31999969482422,191.4476318359375,185.1333770751953,262.03692626953125,47.786495208740234,84.85572814941406,329.292724609375,743.0601806640625,63.27587890625,43.96289825439453,164.4199981689453,50.92461013793945,295.6344909667969,263.33270263671875,51.952091217041016,52.23212432861328,182.57864379882812,212.65347290039062,20.904977798461914,369.2942810058594,349.35162353515625,117.67337799072266,218.74365234375,273.68646240234375,177.5207977294922,250.0502471923828,281.1709899902344,31.673765182495117,93.05325317382812,26.579240798950195,67.44977569580078,105.60359191894531,243.0832977294922,257.003662109375,454.4427490234375,457.7731628417969,546.95166015625,140.7487030029297,272.4892578125,707.9385986328125,86.410400390625,73.53240203857422,545.5016479492188,153.71463012695312,172.2489013671875,137.49615478515625,501.811767578125,1168.56005859375,70.0672836303711,170.4729461669922,7301.0,232.3121795654297,91.19000244140625,97.40383911132812,133.73080444335938,128.71389770507812,22.60706901550293,76.56627655029297,147.31103515625,227.42408752441406,702.534423828125,174.5967559814453,34.262367248535156,124.0186538696289,192.22000122070312,151.1149444580078,335.5528564453125,544.9736328125,23.10471534729004,282.9973449707031,341.7554931640625,239.10443115234375,146.3476104736328,335.912841796875,34.13753128051758,569.0999755859375,490.0054016113281,72.05464172363281,99.4491958618164,147.82940673828125,386.6533203125,25.803245544433594,173.61294555664062,42.44758605957031,120.26973724365234,221.83970642089844,100.30793762207031,433.3362121582031,284.1012268066406,226.0081024169922,93.12567138671875,43.93859100341797,343.6620178222656,259.6719665527344,38.62178421020508,209.57699584960938,101.37799072265625,222.27748107910156,160.72218322753906,109.42204284667969,149.47967529296875
2025-07-16,112.52702331542969,184.84556579589844,274.0233459472656,289.4700012207031,94.16692352294922,101.4792709350586,306.4696960449219,191.76034545898438,193.3913116455078,175.9424591064453,290.2943420410156,517.923828125,215.0525665283203,352.886474609375,281.4883117675781,99.86927032470703,194.14901733398438,278.7674255371094,742.77001953125,308.5990905761719,3682.6201171875,136.7930450439453,224.4273223876953,37.88427734375,1060.029052734375,471.30999755859375,159.4517059326172,74.06932067871094,407.70306396484375,99.02627563476562,28.580718994140625,85.01165771484375,340.1232604980469,68.04901885986328,295.5983581542969,66.00330352783203,32.796730041503906,212.00802612304688,73.28184509277344,61.17015838623047,143.89334106445312,234.5,97.87999725341797,191.8843994140625,185.8953857421875,264.89642333984375,48.27933883666992,85.1513900756836,337.46112060546875,748.6138916015625,64.06048583984375,44.420745849609375,165.7100067138672,50.0982666015625,294.7991943359375,264.8350524902344,52.3972282409668,52.6978645324707,183.24671936035156,217.23831176757812,20.758380889892578,360.13641357421875,348.14373779296875,118.47929382324219,223.3373565673828,272.93133544921875,178.51806640625,250.48915100097656,280.4546813964844,32.128456115722656,92.75121307373047,26.550701141357422,67.36224365234375,107.27003479003906,243.40985107421875,259.4538879394531,453.5645751953125,459.08770751953125,552.0796508789062,143.54591369628906,271.20068359375,712.8386840820312,86.95275115966797,73.8990478515625,543.4525146484375,154.66680908203125,169.061279296875,135.74819946289062,501.6133117675781,1184.199951171875,70.17434692382812,171.14205932617188,7376.08984375,238.5807342529297,91.23999786376953,98.3447494506836,135.2232666015625,130.1952362060547,22.60706901550293,76.99068450927734,148.32412719726562,231.4241943359375,704.1007690429688,176.8646240234375,34.07821273803711,119.57109832763672,194.19000244140625,150.8896942138672,333.5274658203125,544.9437255859375,23.152788162231445,281.6518859863281,346.7646179199219,238.6002197265625,147.81422424316406,336.7153625488281,33.67029571533203,571.2000122070312,491.9569091796875,73.12369537353516,102.39337921142578,145.9152069091797,386.9305114746094,25.736400604248047,174.5431671142578,42.43802261352539,119.88444519042969,224.5093994140625,99.38976287841797,433.9519348144531,284.8608703613281,226.04721069335938,93.21923065185547,43.92897415161133,346.5141296386719,258.7387390136719,38.6124267578125,210.50242614746094,102.67436218261719,222.2971649169922,162.08758544921875,108.76304626464844,148.1888885498047
2025-07-17,115.43370056152344,185.64089965820312,276.9921569824219,292.1600036621094,94.58500671386719,101.90254974365234,310.41522216796875,189.21165466308594,191.11801147460938,178.57586669921875,289.54681396484375,532.7064208984375,214.74447631835938,352.9561462402344,285.95916748046875,101.26972198486328,194.40870666503906,284.3664245605469,745.8599853515625,312.0125732421875,3649.419921875,138.8111114501953,225.45106506347656,38.373985290527344,1082.694091796875,473.3999938964844,157.81869506835938,75.54225158691406,412.8280029296875,99.45562744140625,28.984235763549805,84.60433959960938,342.6822814941406,68.20304107666016,292.1742248535156,66.91444396972656,34.01946258544922,219.83377075195312,73.99673461914062,60.690773010253906,145.29466247558594,235.02000427246094,101.22000122070312,193.3634796142578,188.616943359375,266.1728210449219,48.64896774291992,85.30908203125,296.2273254394531,758.3230590820312,64.3762435913086,44.693504333496094,167.35000610351562,51.0440788269043,294.88763427734375,258.9648742675781,53.61392593383789,52.727596282958984,184.174072265625,221.7641143798828,21.051578521728516,360.15631103515625,349.74127197265625,120.22871398925781,220.3701934814453,273.0087890625,179.64370727539062,251.3474578857422,284.4581298828125,32.78630828857422,93.10791015625,26.15115737915039,68.64588928222656,107.53470611572266,244.65670776367188,261.2744445800781,455.1630554199219,456.87738037109375,552.1691284179688,143.8323211669922,269.21826171875,707.4007568359375,86.71062469482422,74.61305236816406,550.1467895507812,156.11962890625,170.8267364501953,136.82611083984375,507.6451416015625,1205.6800537109375,71.03084564208984,172.7698974609375,7438.25,245.94679260253906,91.58999633789062,99.06024169921875,136.21188354492188,139.90098571777344,22.579509735107422,78.09992218017578,150.1476287841797,232.18478393554688,717.0284423828125,172.9079132080078,34.514366149902344,121.03105163574219,197.0,149.4598388671875,342.6514587402344,547.0025024414062,23.566232681274414,283.2051086425781,351.51739501953125,237.4336700439453,149.1233673095703,336.7549743652344,33.74816131591797,589.010009765625,492.8951110839844,74.1441650390625,104.78187561035156,145.5184783935547,384.9803771972656,25.774599075317383,175.82962036132812,43.05986022949219,120.69454193115234,222.83102416992188,100.8608169555664,446.9412841796875,280.5561828613281,222.43914794921875,93.09760284423828,43.47698974609375,346.4250183105469,261.1114501953125,38.331607818603516,211.65672302246094,102.74208068847656,222.13967895507812,167.18565368652344,108.21065521240234,146.71224975585938
2025-07-18,113.08257293701172,183.56529235839844,276.7373962402344,297.0299987792969,95.9656753540039,103.316650390625,309.6538391113281,190.25074768066406,189.0531463623047,177.393310546875,286.15869140625,537.3740844726562,216.41014099121094,354.42913818359375,287.644287109375,102.64037322998047,194.8896026611328,281.279052734375,756.0900268554688,304.6908874511719,3713.929931640625,137.2380828857422,226.20309448242188,38.90288162231445,1080.9407958984375,473.79998779296875,157.91766357421875,75.24766540527344,408.52264404296875,100.31431579589844,29.08264923095703,84.7214126586914,344.87713623046875,69.23307037353516,290.6755065917969,66.66951751708984,33.910987854003906,219.85357666015625,74.1142578125,59.406009674072266,144.00851440429688,239.1699981689453,101.91000366210938,188.65821838378906,186.291259765625,265.9155578613281,48.46889114379883,85.9496841430664,271.38909912109375,760.4839477539062,64.27098846435547,44.86884689331055,165.74000549316406,50.307334899902344,293.79693603515625,261.9397888183594,53.42597961425781,52.73750686645508,185.41053771972656,224.21392822265625,20.738832473754883,358.6862487792969,350.0919494628906,120.74960327148438,217.2748565673828,276.7554016113281,178.4390869140625,248.8603057861328,285.8023376464844,32.44771194458008,92.5157241821289,26.52216148376465,67.92627716064453,107.40727233886719,241.17347717285156,260.54620361328125,458.83367919921875,451.77496337890625,549.2373657226562,143.93734741210938,270.1896667480469,706.9227294921875,86.78811645507812,74.43937683105469,562.0233154296875,150.41632080078125,170.86598205566406,136.7581329345703,506.0082092285156,1194.8499755859375,70.53446960449219,172.18069458007812,7422.830078125,242.6839599609375,92.33999633789062,97.46265411376953,136.37350463867188,137.78475952148438,22.47846221923828,78.18672943115234,150.66929626464844,231.37725830078125,716.3543090820312,172.4832763671875,34.87298583984375,121.72718811035156,199.61000061035156,151.6046142578125,344.2147521972656,539.563232421875,25.008472442626953,286.4006652832031,351.03424072265625,237.75990295410156,149.1233673095703,336.9234313964844,32.434059143066406,584.760009765625,491.97564697265625,76.04903411865234,105.78601837158203,147.8492431640625,385.4753112792969,25.726852416992188,177.10618591308594,42.332786560058594,120.69454193115234,223.00770568847656,102.10478210449219,444.2301940917969,275.2775573730469,219.8773193359375,92.83561706542969,43.93859100341797,345.6723327636719,264.67559814453125,38.22864532470703,210.87062072753906,104.30933380126953,223.73414611816406,168.02386474609375,104.44082641601562,145.7998046875
2025-07-21,111.14808654785156,179.28797912597656,276.7471923828125,295.1600036621094,96.55877685546875,104.41331481933594,304.808349609375,189.11361694335938,191.20733642578125,176.97593688964844,287.2362976074219,527.46630859375,218.07579040527344,349.25372314453125,286.0955810546875,103.00786590576172,193.11988830566406,286.1136169433594,751.5499877929688,299.7635803222656,3729.699951171875,134.5370635986328,225.1817626953125,39.03020477294922,1070.5877685546875,474.4100036621094,156.94773864746094,74.81925201416016,406.4116516113281,101.51648712158203,29.318857192993164,84.52629089355469,339.18817138671875,69.55074310302734,290.47705078125,66.95362091064453,33.88140869140625,219.23941040039062,73.85963439941406,59.09919738769531,143.66299438476562,240.52999877929688,105.0999984741211,186.69271850585938,185.04429626464844,265.28228759765625,48.260379791259766,84.79659271240234,270.7622375488281,771.64013671875,64.08919525146484,44.82988357543945,165.4600067138672,49.91905975341797,291.90032958984375,261.5318298339844,53.31717300415039,52.727596282958984,190.60569763183594,222.5019989013672,20.699743270874023,362.0931091308594,354.61175537109375,119.28520965576172,220.2518768310547,275.63238525390625,178.52793884277344,248.36289978027344,285.5080261230469,32.2348747253418,93.17546844482422,25.789663314819336,68.14022064208984,107.27003479003906,240.50057983398438,258.8929748535156,464.1816711425781,448.4350280761719,551.215087890625,143.22134399414062,269.1785583496094,708.3269653320312,86.87528228759766,73.64818572998047,560.2626953125,150.0138702392578,171.5231170654297,136.40853881835938,506.01812744140625,1166.47998046875,72.04306030273438,171.1520538330078,7376.2001953125,240.79547119140625,94.1500015258789,96.54134368896484,136.64169311523438,136.3034210205078,22.285554885864258,75.94896697998047,150.60130310058594,230.1753387451172,705.0922241210938,174.17213439941406,35.086219787597656,121.87222290039062,198.82000732421875,155.6885528564453,340.645751953125,542.5568237304688,25.04693031311035,285.6784362792969,345.8179931640625,237.30514526367188,149.18243408203125,338.14202880859375,32.64821243286133,591.4600219726562,489.8553161621094,76.36003875732422,105.37655639648438,148.40464782714844,383.416259765625,26.14703369140625,177.6405487060547,42.7919921875,123.43110656738281,228.317626953125,105.05677032470703,439.4138488769531,274.7808837890625,220.83555603027344,92.53620910644531,44.02513885498047,347.5440368652344,263.0970458984375,39.77314376831055,208.85057067871094,104.75435638427734,221.74600219726562,169.8087158203125,104.71217346191406,144.59295654296875
2025-07-22,115.26505279541016,181.47998046875,281.1661376953125,299.42999267578125,98.12417602539062,105.97172546386719,308.9319763183594,193.5346221923828,185.77719116210938,178.07901000976562,296.76971435546875,529.509033203125,223.70822143554688,352.5480651855469,290.3910827636719,101.09093475341797,196.69778442382812,276.5636291503906,720.739990234375,300.9212341308594,3773.7099609375,139.10272216796875,229.0839385986328,39.19670867919922,1077.8065185546875,478.1300048828125,155.4829864501953,75.26243591308594,413.4681396484375,105.18978881835938,29.417274475097656,86.53604125976562,351.619140625,70.83104705810547,290.7747802734375,66.77729034423828,34.73929214477539,217.6148223876953,75.21109008789062,59.200965881347656,144.00851440429688,239.82000732421875,105.69000244140625,188.5192413330078,187.57778930664062,267.6965637207031,49.31240463256836,87.71381378173828,275.923828125,782.74755859375,65.3713607788086,45.86246871948242,165.97999572753906,50.854915618896484,292.4408264160156,257.6913146972656,53.435874938964844,48.44675827026367,191.56297302246094,224.03684997558594,20.904977798461914,348.6046447753906,361.4012451171875,121.09359741210938,227.83248901367188,272.9700622558594,178.51806640625,253.7175750732422,285.9593811035156,32.679893493652344,88.650634765625,25.656478881835938,67.74151611328125,116.19042205810547,249.43621826171875,260.2018127441406,465.75054931640625,399.95269775390625,555.2996826171875,146.2572021484375,270.5861511230469,706.5940551757812,88.76387023925781,74.78672790527344,567.9415893554688,148.42361450195312,171.88601684570312,135.990966796875,501.26611328125,1218.9599609375,73.37648010253906,166.80784606933594,7909.52001953125,235.4266815185547,95.3499984741211,98.98182678222656,138.48068237304688,140.47811889648438,23.093931198120117,77.35720825195312,153.79733276367188,232.27867126464844,714.9069213867188,159.4937286376953,35.67744827270508,121.97856903076172,202.8699951171875,154.72877502441406,342.68096923828125,557.8728637695312,25.1911563873291,285.2332458496094,348.6874084472656,239.5492706298828,146.8299102783203,336.9234313964844,33.436668395996094,615.1300048828125,485.8116455078125,77.55543518066406,106.95588684082031,145.38955688476562,391.1673583984375,26.18523406982422,178.590576171875,43.25119400024414,124.08312225341797,228.93597412109375,104.8988037109375,444.5777893066406,277.6929016113281,224.15029907226562,94.632080078125,44.39057540893555,348.45513916015625,265.8470458984375,40.21308135986328,210.85072326660156,106.51509857177734,223.50778198242188,176.1297149658203,105.1870346069336,148.3409881591797
2025-07-23,118.5189437866211,184.81646728515625,280.2647399902344,300.9800109863281,97.1518783569336,104.75000762939453,307.3299560546875,193.71107482910156,185.6481170654297,180.14596557617188,300.19671630859375,529.8840942382812,221.61891174316406,355.5936279296875,290.1573486328125,100.0281753540039,195.6205596923828,281.62652587890625,705.219970703125,305.3934020996094,3771.18994140625,140.1002655029297,227.5286865234375,43.760841369628906,1097.3765869140625,482.6300048828125,156.1361846923828,78.40412139892578,423.77532958984375,104.69364929199219,30.25383186340332,86.62384796142578,356.27459716796875,70.16682434082031,291.24127197265625,67.22795104980469,34.48291778564453,219.1205291748047,75.593017578125,59.94728088378906,146.96469116210938,240.55999755859375,108.08999633789062,196.44078063964844,188.9237060546875,265.6681823730469,49.568302154541016,88.38398742675781,290.4976806640625,778.5040283203125,65.39049530029297,46.20341873168945,143.0,50.88478469848633,311.4455261230469,261.8502197265625,55.19662857055664,52.648319244384766,190.9646759033203,228.25765991210938,21.47182846069336,350.8891296386719,366.6029357910156,121.1132583618164,233.7471466064453,273.0184631347656,178.71554565429688,256.7508850097656,291.1893310546875,32.40901184082031,89.13451385498047,25.5042724609375,67.25527954101562,114.94548797607422,247.8925323486328,265.2991638183594,463.74749755859375,408.37554931640625,558.6090087890625,145.8085174560547,271.11151123046875,711.105712890625,89.11254119873047,75.68406677246094,571.6915283203125,148.05059814453125,174.13204956054688,138.09825134277344,501.861328125,1257.199951171875,74.70014953613281,170.55284118652344,7899.83984375,239.1739501953125,95.41999816894531,86.73037719726562,139.11285400390625,140.11260986328125,23.29602813720703,78.01310729980469,153.7584686279297,232.4289093017578,721.8961181640625,158.9146728515625,35.36729431152344,123.61255645751953,201.36000061035156,156.57977294921875,346.9086608886719,569.2704467773438,25.354610443115234,291.18896484375,352.9964599609375,240.49835205078125,154.0350799560547,339.76690673828125,34.205665588378906,614.4199829101562,493.1765441894531,77.14725494384766,107.8722915649414,151.5089874267578,396.88909912109375,26.50037384033203,199.93592834472656,43.83476257324219,124.83393859863281,229.60337829589844,107.78165435791016,456.1669006347656,284.88037109375,225.87123107910156,96.86827850341797,44.515594482421875,351.8519592285156,267.16741943359375,40.10076141357422,213.32850646972656,105.47993469238281,224.5215301513672,181.0997314453125,106.53410339355469,150.5583953857422
2025-07-24,119.39193725585938,185.08802795410156,276.0221252441406,301.1000061035156,97.2685546875,104.82696533203125,305.6192321777344,190.11349487304688,186.75003051757812,178.5957489013672,299.5462341308594,510.28570556640625,222.63949584960938,354.9267883300781,289.5047302246094,103.7527847290039,193.8893280029297,286.6099548339844,709.260009765625,304.98773193359375,3841.5,140.9059600830078,224.10482788085938,44.77944564819336,1095.41748046875,480.6000061035156,156.6508331298828,78.2366943359375,425.6881103515625,108.68180084228516,29.30901527404785,86.29212951660156,359.51275634765625,70.16682434082031,288.273681640625,66.9046401977539,34.51249694824219,220.78475952148438,75.14253997802734,56.94264602661133,149.56576538085938,243.69000244140625,104.94000244140625,201.3247528076172,184.69793701171875,266.9841613769531,48.73426055908203,85.51604461669922,274.6603698730469,771.9823608398438,64.73027801513672,46.690486907958984,140.0800018310547,50.83500671386719,308.79229736328125,266.6558837890625,55.11749267578125,51.865482330322266,192.64987182617188,227.9723358154297,21.911624908447266,339.1786193847656,363.4273376464844,120.92652130126953,225.9496612548828,252.2039794921875,181.2629852294922,255.3756561279297,290.98321533203125,32.47673416137695,89.83897399902344,26.084564208984375,67.19692993164062,111.26950073242188,264.8930358886719,268.8614196777344,465.2275695800781,409.5050354003906,560.01025390625,144.80609130859375,270.4870300292969,707.3111572265625,89.41277313232422,75.056884765625,578.345947265625,146.5585174560547,168.0216522216797,138.3798370361328,506.8316345214844,1260.75,73.40567779541016,173.5089111328125,7789.39013671875,240.093505859375,98.16000366210938,87.42626953125,140.22390747070312,139.00637817382812,23.286840438842773,77.48260498046875,154.27333068847656,232.28807067871094,723.3336791992188,155.45016479492188,35.454524993896484,120.1995620727539,202.05999755859375,155.5612335205078,343.4871826171875,561.5626831054688,25.287303924560547,292.1981201171875,352.0301513671875,242.31739807128906,152.78500366210938,337.0621337890625,34.30301284790039,609.6799926757812,498.0458068847656,78.1968765258789,108.19401550292969,151.47927856445312,392.6621398925781,26.662717819213867,203.4588623046875,43.50949478149414,124.73515319824219,242.92242431640625,107.05107116699219,458.5304260253906,271.313720703125,215.62391662597656,95.93262481689453,44.294410705566406,350.54473876953125,269.46075439453125,40.325416564941406,199.71559143066406,105.97332763671875,226.97225952148438,178.0329132080078,107.36753845214844,149.94027709960938
2025-07-25,119.2232894897461,184.55459594726562,277.4330749511719,303.2799987792969,97.32689666748047,105.61579132080078,311.6315612792969,191.83876037597656,184.33775329589844,178.9634246826172,297.6337585449219,514.1935424804688,221.32046508789062,371.1299743652344,291.4722595214844,104.30899047851562,194.043212890625,288.0693054199219,735.010009765625,308.3121032714844,3820.909912109375,142.20274353027344,223.40159606933594,45.102657318115234,1100.2266845703125,484.07000732421875,155.52256774902344,79.50715637207031,429.88037109375,106.36333465576172,29.27948760986328,85.78482055664062,363.6957092285156,70.0609359741211,288.184326171875,67.2965316772461,35.26190948486328,221.45835876464844,75.08377075195312,58.83266067504883,148.6155548095703,249.9199981689453,116.8499984741211,203.97520446777344,184.5692596435547,268.8839111328125,50.18435287475586,89.09358978271484,283.1519775390625,783.6079711914062,64.46236419677734,46.5151481628418,142.02999877929688,51.29297637939453,308.5761413574219,270.2177734375,54.76137924194336,52.91587448120117,193.52737426757812,231.82911682128906,21.940946578979492,332.0668640136719,365.61907958984375,121.23119354248047,234.59490966796875,251.43914794921875,182.11212158203125,255.24887084960938,293.014404296875,32.186500549316406,89.63131713867188,26.0560245513916,67.26500701904297,113.0535888671875,262.1915283203125,264.9842834472656,466.6090087890625,410.1087646484375,564.7009887695312,144.7774658203125,276.662353515625,708.9345092773438,90.01325225830078,75.79983520507812,582.6130981445312,148.49232482910156,168.2766571044922,138.87509155273438,509.6392517089844,1263.989990234375,74.23297119140625,173.26922607421875,7792.93017578125,242.35769653320312,97.66000366210938,88.0045394897461,141.746826171875,137.98675537109375,23.165361404418945,78.17709350585938,153.7779083251953,234.84214782714844,732.4544067382812,155.29576110839844,35.44483184814453,120.82801818847656,204.50999450683594,155.13031005859375,346.86932373046875,560.031005859375,25.402685165405273,295.04736328125,353.51904296875,242.3668212890625,154.41896057128906,336.9531555175781,34.52689743041992,601.5499877929688,501.8924560546875,78.54674530029297,110.09505462646484,149.65432739257812,399.4629211425781,26.739118576049805,205.8932342529297,43.6721305847168,124.91297912597656,239.0454864501953,106.96221923828125,468.79876708984375,273.72900390625,219.75021362304688,96.89635467529297,44.544437408447266,353.5850524902344,272.84613037109375,40.325416564941406,196.2427215576172,105.9539794921875,226.0470733642578,179.18667602539062,106.98957824707031,149.2534637451172
2025-07-28,118.58837890625,182.84756469726562,271.4464416503906,304.4700012207031,95.59620666503906,103.84574127197266,305.6785583496094,188.21176147460938,188.88438415527344,177.7212371826172,292.49810791015625,511.6180114746094,215.8709716796875,367.4175720214844,287.8878173828125,105.97762298583984,191.1770477294922,292.1593017578125,736.2899780273438,307.4513854980469,3796.56005859375,140.37649536132812,225.2451934814453,45.59237289428711,1094.878662109375,481.70001220703125,154.7209014892578,78.96549224853516,429.07763671875,103.80633544921875,29.25980567932129,84.36043548583984,364.857177734375,68.67472839355469,284.0555114746094,66.54214477539062,35.21260452270508,218.3082733154297,73.85963439941406,57.80526351928711,149.99766540527344,246.44000244140625,112.38999938964844,201.45379638671875,183.01553344726562,267.1424560546875,49.53987121582031,91.18294525146484,280.09619140625,775.9716796875,63.3524284362793,45.5897102355957,139.94000244140625,51.03411865234375,307.6720886230469,269.24267578125,54.81084442138672,52.96541976928711,192.86923217773438,232.5473175048828,22.322101593017578,338.2449951171875,367.46014404296875,119.15743255615234,228.22683715820312,254.81787109375,180.48294067382812,253.60052490234375,292.6807861328125,31.89627456665039,91.72383880615234,25.884794235229492,66.21473693847656,113.84758758544922,259.14373779296875,265.1712341308594,461.2511291503906,410.2742919921875,564.7606811523438,142.58169555664062,273.3714904785156,703.4169921875,89.07379913330078,74.93146514892578,572.8155517578125,149.2579803466797,171.44467163085938,138.4381103515625,508.4388427734375,1261.030029296875,77.12364959716797,176.514892578125,7845.2998046875,244.9185028076172,97.33000183105469,86.1521224975586,140.08981323242188,136.17835998535156,22.71681785583496,77.54048156738281,152.62188720703125,226.2691192626953,732.6922607421875,152.25587463378906,34.611289978027344,123.45787048339844,204.0,157.7256317138672,346.08282470703125,555.5853881835938,25.287303924560547,298.5000915527344,351.0638122558594,238.6595458984375,153.62168884277344,333.04962158203125,35.04280090332031,592.6300048828125,497.633056640625,78.05108642578125,109.62711334228516,149.2278594970703,396.6515197753906,26.357128143310547,207.159912109375,43.13639450073242,123.87566375732422,233.7846221923828,109.01576232910156,469.2655029296875,274.7613830566406,224.15029907226562,95.04375457763672,44.32325744628906,352.0302429199219,268.16021728515625,39.651451110839844,196.043701171875,103.999755859375,224.30499267578125,185.6161346435547,107.99745178222656,147.90927124023438
2025-07-29,118.88599395751953,185.46630859375,273.26885986328125,306.6099853515625,97.05464172363281,105.06746673583984,285.13983154296875,190.0742645263672,187.03794860839844,177.8404998779297,294.701904296875,514.12451171875,206.72430419921875,352.3589782714844,287.5274353027344,104.59703063964844,195.36087036132812,295.25665283203125,728.739990234375,305.274658203125,3873.85009765625,139.94677734375,221.75550842285156,44.80883026123047,1098.5126953125,476.55999755859375,155.77000427246094,70.58438873291016,426.21337890625,104.31201171875,29.230281829833984,84.74092864990234,360.56585693359375,69.56998443603516,287.5987548828125,66.58133697509766,34.92664337158203,220.5866241455078,73.36019134521484,58.15419387817383,150.717529296875,243.1999969482422,112.11000061035156,205.33517456054688,182.14463806152344,256.654296875,49.710472106933594,90.07913208007812,282.78961181640625,793.09228515625,64.85466766357422,45.60928726196289,142.5,50.695621490478516,309.244384765625,268.9442138671875,61.30979537963867,51.6375732421875,195.87066650390625,235.43991088867188,22.556657791137695,342.1782531738281,367.56732177734375,122.49903106689453,229.31117248535156,254.04339599609375,182.37872314453125,253.10308837890625,291.46405029296875,32.74761199951172,91.0223617553711,26.52216148376465,67.4692153930664,113.57312774658203,258.98541259765625,267.9659423828125,465.247314453125,409.0960388183594,559.8314208984375,145.41709899902344,271.07183837890625,709.2632446289062,89.52899169921875,74.95075988769531,576.833984375,149.00274658203125,172.0625457763672,139.40919494628906,508.5082702636719,1266.0999755859375,76.23795318603516,175.27655029296875,7821.0498046875,247.1629180908203,98.9000015258789,85.56404876708984,141.07635498046875,138.4099884033203,22.707473754882812,77.34757232666016,152.13616943359375,226.75741577148438,728.528564453125,157.0618133544922,35.086219787597656,124.15400695800781,204.19000244140625,158.73435974121094,328.7491760253906,555.1080932617188,25.181541442871094,297.5998840332031,348.9635009765625,243.2071075439453,154.6551971435547,333.8520812988281,34.68264389038086,635.8099975585938,497.98956298828125,78.86746978759766,110.40702056884766,151.42967224121094,396.5327453613281,26.17568588256836,206.99168395996094,42.7919921875,124.84382629394531,234.8250274658203,106.03417205810547,467.71630859375,254.26043701171875,218.80174255371094,84.99482727050781,44.32325744628906,347.8906555175781,271.9427490234375,39.97907257080078,191.83445739746094,105.09296417236328,231.8441619873047,184.5116729736328,109.39295959472656,148.16436767578125
2025-07-30,117.1102523803711,183.61378479003906,268.4678039550781,308.1400146484375,97.07408905029297,108.9442367553711,282.6577453613281,188.4862518310547,188.0107879638672,175.6542510986328,292.5757751464844,512.9008178710938,200.97634887695312,353.6628112792969,282.5987548828125,104.77581024169922,188.81101989746094,300.4188232421875,748.5999755859375,300.1989440917969,3843.110107421875,139.30223083496094,222.63368225097656,44.593353271484375,1091.7738037109375,476.0,156.2747344970703,67.16694641113281,430.2470703125,102.06033325195312,29.663320541381836,83.706787109375,359.7391357421875,69.4737319946289,289.613525390625,66.89484405517578,34.798458099365234,221.0323944091797,72.00874328613281,60.38343048095703,147.38702392578125,248.0,110.5999984741211,202.49610900878906,180.33358764648438,260.3548278808594,48.99016189575195,92.30648040771484,287.5104064941406,779.3156127929688,62.48170852661133,45.4233283996582,140.85000610351562,49.43122100830078,306.76800537109375,272.1678161621094,61.93299102783203,51.6375732421875,196.8778076171875,217.9171905517578,21.89207649230957,352.6671142578125,362.44354248046875,122.48920440673828,257.75079345703125,251.96194458007812,183.39572143554688,247.41680908203125,294.0054931640625,32.718589782714844,91.9066390991211,26.645828247070312,66.85657501220703,110.15200805664062,261.15252685546875,269.74700927734375,460.0374755859375,407.68414306640625,555.6473999023438,142.0470733642578,267.67193603515625,712.02197265625,88.75418853759766,72.16229248046875,572.2584838867188,143.9276885986328,167.50180053710938,140.7493133544922,509.1729736328125,1265.9000244140625,74.63201904296875,179.03155517578125,7633.39990234375,247.7759246826172,99.37999725341797,84.71134185791016,139.7545928955078,137.4192352294922,22.24958610534668,73.87517547607422,148.51272583007812,226.9639892578125,725.722900390625,156.50205993652344,34.9311408996582,120.27690887451172,202.50999450683594,155.7766876220703,325.5832824707031,551.5575561523438,24.71040916442871,299.9742126464844,346.29132080078125,229.05029296875,155.91510009765625,328.90826416015625,33.26145553588867,645.3499755859375,496.6197509765625,78.89662170410156,110.27053833007812,146.21273803710938,396.3743591308594,26.26163101196289,204.52760314941406,42.34235382080078,124.29058074951172,237.11192321777344,106.8239974975586,428.4503173828125,259.100830078125,220.27821350097656,81.5703353881836,44.12131118774414,347.51434326171875,270.801025390625,39.87610626220703,189.7049560546875,104.83174896240234,228.84228515625,187.8842010498047,108.4432373046875,146.00584411621094
2025-07-31,113.89604187011719,183.33248901367188,261.7071228027344,303.1099853515625,98.32835388183594,108.83841705322266,284.0520324707031,199.23980712890625,178.7487335205078,183.6936492919922,286.4887390136719,511.36138916015625,200.63934326171875,354.0310363769531,280.4071960449219,105.78890991210938,179.16415405273438,291.5636901855469,755.489990234375,296.142333984375,3768.3798828125,136.77767944335938,218.31619262695312,44.123226165771484,1083.311279296875,471.8800048828125,153.62232971191406,67.5805892944336,434.1123046875,100.26661682128906,29.299175262451172,81.80435943603516,361.8257141113281,71.04283142089844,283.9363708496094,66.69890594482422,35.04497528076172,220.45785522460938,70.27536010742188,60.18959045410156,145.54420471191406,250.25,106.16999816894531,195.7161407470703,179.2647705078125,258.9992980957031,49.397705078125,91.9910888671875,277.2558288574219,767.70947265625,60.47233581542969,45.14927673339844,138.94000244140625,47.71879959106445,306.2079162597656,269.7102966308594,62.556175231933594,52.856414794921875,192.3108367919922,215.23123168945312,21.89207649230957,351.6042785644531,357.99188232421875,122.25332641601562,246.3157958984375,245.07862854003906,182.49720764160156,249.66009521484375,290.6790771484375,31.586694717407227,87.34008026123047,26.975574493408203,66.02025604248047,109.96575927734375,257.3625183105469,270.4358825683594,454.146728515625,409.92376708984375,562.9618530273438,135.97528076171875,261.516357421875,690.7286987304688,87.39826965332031,73.28152465820312,571.8208618164062,146.47994995117188,166.9231414794922,139.30210876464844,529.2723999023438,1233.6800537109375,72.69518280029297,177.63340759277344,7549.490234375,250.9102020263672,98.31999969482422,83.98606872558594,138.24124145507812,132.66737365722656,21.7636661529541,75.07122039794922,146.1715545654297,227.27383422851562,725.5940551757812,158.3163604736328,34.59190368652344,119.48409271240234,214.80999755859375,143.7305908203125,312.5265197753906,542.4872436523438,24.354656219482422,295.56182861328125,346.8040466308594,228.02212524414062,155.09815979003906,327.8184509277344,32.90129852294922,633.469970703125,517.0445556640625,79.38256072998047,108.94468688964844,155.72422790527344,388.77178955078125,26.17568588256836,203.6072998046875,41.816184997558594,123.02604675292969,234.00054931640625,106.65615844726562,435.0442810058594,243.0506591796875,217.0417022705078,80.61597442626953,43.236576080322266,342.12701416015625,272.68731689453125,40.025875091552734,191.1080322265625,105.5283203125,225.54513549804688,184.45254516601562,108.1912612915039,143.04275512695312
2025-08-01,112.59647369384766,189.345947265625,250.21395874023438,297.0199890136719,99.28121185302734,109.2616958618164,281.00634765625,195.82846069335938,178.67926025390625,181.21922302246094,288.2168273925781,494.91107177734375,204.2113800048828,352.5299987792969,274.4363098144531,103.60379791259766,177.39447021484375,286.5404968261719,742.469970703125,291.1556701660156,3858.860107421875,135.3350830078125,213.64491271972656,42.61491394042969,1069.392822265625,472.8399963378906,154.394287109375,65.90634155273438,424.86553955078125,101.97445678710938,28.61024284362793,81.47265625,350.2313537597656,71.3123779296875,286.18939208984375,65.74858093261719,34.52235412597656,219.417724609375,69.12955474853516,60.5482063293457,145.31385803222656,248.35000610351562,103.3499984741211,195.64663696289062,173.1586456298828,258.2572021484375,50.35495376586914,89.72433471679688,269.0090637207031,754.5880126953125,60.041751861572266,44.47394943237305,135.3300018310547,46.34487533569336,305.3529968261719,268.0189514160156,61.37904357910156,52.05375671386719,189.4091033935547,215.2017059326172,21.110218048095703,354.564208984375,363.9826354980469,120.88720703125,243.742919921875,242.07748413085938,182.27011108398438,246.09033203125,283.9380798339844,32.2348747253418,88.09620666503906,27.014028549194336,66.96353149414062,113.69075775146484,258.7677001953125,273.82098388671875,453.30804443359375,409.9529724121094,556.4226684570312,133.65542602539062,253.11074829101562,695.96728515625,86.526611328125,71.40970611572266,574.784912109375,141.75828552246094,162.35260009765625,136.0067901611328,519.9568481445312,1197.22998046875,72.62704467773438,173.4889373779297,7760.68017578125,241.6655731201172,99.12000274658203,83.24118041992188,133.4617462158203,133.9755859375,21.950557708740234,72.85275268554688,146.34642028808594,226.3817901611328,705.994384765625,157.2644805908203,34.56283187866211,115.63599395751953,212.11000061035156,145.1310577392578,308.9673767089844,555.8240966796875,23.931598663330078,290.6349182128906,339.6946105957031,228.5757598876953,154.3500518798828,340.2325439453125,32.171241760253906,618.6500244140625,511.94061279296875,78.6925277709961,105.86400604248047,153.542236328125,373.98236083984375,26.50037384033203,199.8270721435547,41.09867858886719,124.47830200195312,232.81292724609375,104.95803833007812,436.2062072753906,231.56817626953125,214.5287628173828,79.06278228759766,42.255672454833984,336.0662536621094,272.9553527832031,40.13820266723633,185.97332763671875,106.6505355834961,225.26954650878906,185.0639190673828,106.25305938720703,144.60279846191406
2025-08-04,113.92579650878906,191.25668334960938,253.5550994873047,302.5,100.39935302734375,110.6277084350586,281.44140625,199.02413940429688,181.48863220214844,183.33590698242188,293.129150390625,501.20733642578125,205.0586395263672,359.45172119140625,280.017578125,107.8945541381836,175.7401580810547,295.5544128417969,744.8800048828125,295.429931640625,3967.760009765625,137.2764434814453,217.206787109375,42.8499755859375,1093.155029296875,459.1099853515625,156.98733520507812,65.53208923339844,429.8308410644531,102.27023315429688,29.249961853027344,81.32632446289062,355.8907470703125,71.88031768798828,291.43975830078125,67.1005859375,34.966087341308594,222.9739532470703,69.78569793701172,59.55958557128906,144.9683074951172,258.0199890136719,105.12999725341797,196.01394653320312,174.27694702148438,261.4927062988281,52.33578872680664,91.16324615478516,269.2735290527344,761.080322265625,59.9652099609375,44.405433654785156,136.14999389648438,47.01192855834961,307.3576354980469,274.83428955078125,62.803470611572266,52.291587829589844,195.19261169433594,221.8920135498047,21.178632736206055,360.7522888183594,370.9571533203125,124.04206085205078,243.83164978027344,243.94595336914062,186.07151794433594,247.32901000976562,288.73626708984375,32.19617462158203,90.97564697265625,27.187074661254883,67.060791015625,116.42567443847656,261.0931396484375,273.62420654296875,461.19189453125,412.57232666015625,566.2811279296875,133.75088500976562,256.85760498046875,708.0580444335938,86.81716918945312,72.20088958740234,599.1148071289062,145.15475463867188,164.73594665527344,138.2264862060547,531.3953857421875,1231.8800048828125,72.82170104980469,179.76058959960938,7871.02001953125,249.6842041015625,101.37000274658203,83.71163940429688,133.54794311523438,134.2449188232422,21.987937927246094,73.19033813476562,146.45326232910156,226.8419189453125,712.8447875976562,157.29344177246094,35.06683349609375,117.4343490600586,216.41000366210938,144.46511840820312,310.3930358886719,568.4249877929688,24.210433959960938,301.2010192871094,345.27569580078125,229.070068359375,154.91111755371094,344.6314392089844,32.005760192871094,636.02001953125,528.2278442382812,80.64599609375,107.02413940429688,153.542236328125,377.64501953125,26.43352508544922,201.87551879882812,41.52918243408203,127.6594009399414,236.5524444580078,110.46707916259766,430.9627685546875,234.6944580078125,217.12969970703125,79.54931640625,42.71727752685547,338.8390808105469,279.8154602050781,40.20372772216797,186.07284545898438,107.64698791503906,226.90335083007812,197.73545837402344,104.05319213867188,148.94931030273438
2025-08-05,113.97540283203125,192.5757293701172,242.08154296875,299.20001220703125,99.18397521972656,108.93461608886719,282.59844970703125,201.49441528320312,177.84535217285156,183.7930145263672,291.3233947753906,499.9698486328125,202.2376251220703,360.6485900878906,284.8878173828125,107.19929504394531,179.19302368164062,290.79925537109375,867.1199951171875,293.5006103515625,4011.25,135.73411560058594,216.48370361328125,43.145355224609375,1086.86669921875,464.19000244140625,156.6112518310547,65.37451171875,430.3561096191406,100.12349700927734,28.81692123413086,81.03362274169922,367.3472595214844,71.38938903808594,290.159423828125,66.15026092529297,35.153446197509766,220.7649383544922,68.45384216308594,61.4689826965332,146.88790893554688,255.27999877929688,105.91000366210938,197.58236694335938,175.3457489013672,263.6695251464844,52.39265060424805,89.60607147216797,270.72308349609375,761.6181030273438,60.67327117919922,44.47394943237305,134.27999877929688,48.18672561645508,308.3206481933594,270.7450256347656,62.48693084716797,52.10330581665039,194.7638397216797,224.56814575195312,21.188404083251953,361.3581237792969,375.42828369140625,125.37870788574219,250.85035705566406,242.67771911621094,185.03475952148438,249.72840881347656,285.9005432128906,32.2348747253418,87.77528381347656,26.956348419189453,67.1483154296875,117.72943115234375,260.72698974609375,273.7816467285156,463.5994873046875,416.9930725097656,562.5344848632812,135.37384033203125,257.4423828125,706.614013671875,86.8462142944336,72.81145477294922,604.2672119140625,147.33399963378906,165.67752075195312,137.34645080566406,523.5679931640625,1243.93994140625,72.39344787597656,178.02288818359375,7906.91015625,252.78878784179688,102.2300033569336,84.56433868408203,133.3084716796875,134.13909912109375,23.12798309326172,73.42183685302734,146.21041870117188,228.1189422607422,708.720703125,158.4031982421875,34.679141998291016,118.02413177490234,214.7899932861328,143.68161010742188,306.1259460449219,566.7940063476562,24.210433959960938,296.0466003417969,341.1737060546875,229.4358367919922,153.87759399414062,348.83221435546875,32.60927200317383,628.5,528.2278442382812,80.05315399169922,107.29710388183594,150.49737548828125,377.0213623046875,26.519474029541016,199.43124389648438,41.53874206542969,127.21484375,234.51092529296875,110.0721664428711,425.78887939453125,244.45310974121094,218.01950073242188,81.19607543945312,42.851905822753906,334.164794921875,281.1259765625,39.941627502441406,187.96353149414062,106.41835021972656,226.1553497314453,200.9501953125,103.92720031738281,143.36651611328125
2025-08-06,112.32861328125,190.39346313476562,242.5420379638672,305.17999267578125,98.8047866821289,109.17510986328125,283.0730895996094,204.8861541748047,176.8427276611328,184.30975341796875,276.36309814453125,503.3357849121094,201.13038635253906,362.7231140136719,281.5467834472656,108.7586669921875,179.37576293945312,299.4757385253906,863.6500244140625,292.41229248046875,4072.800048828125,132.29644775390625,219.59536743164062,42.76136016845703,1097.54296875,468.9100036621094,154.98812866210938,65.10861206054688,423.9042053222656,100.45742797851562,28.77755355834961,82.54582977294922,375.6640625,71.34125518798828,281.65362548828125,67.80597686767578,35.508426666259766,222.1715850830078,69.42335510253906,61.5659065246582,146.63836669921875,258.0799865722656,105.72000122070312,193.74070739746094,172.49557495117188,265.9551696777344,52.04197692871094,88.8471908569336,270.6153564453125,755.8101806640625,60.66370391845703,45.785457611083984,134.0399932861328,47.38029479980469,309.5293273925781,270.90423583984375,63.28817367553711,51.99430847167969,196.35928344726562,226.36862182617188,20.738832473754883,363.6823425292969,376.78228759765625,126.59740447998047,252.9697723388672,244.23635864257812,185.6765594482422,251.1621551513672,285.8808898925781,32.32194137573242,88.25916290283203,25.716201782226562,67.59564208984375,116.9942398071289,258.1244812011719,272.4630126953125,465.21771240234375,423.4294738769531,565.6054077148438,134.23776245117188,260.40618896484375,700.9072265625,86.54598236083984,73.84202575683594,594.8575439453125,148.05059814453125,159.32191467285156,138.16783142089844,520.7802124023438,1221.8399658203125,73.46407318115234,179.1813507080078,7870.2001953125,253.5402374267578,104.44000244140625,85.24060821533203,133.2127227783203,135.43771362304688,22.361722946166992,74.08737182617188,148.49330139160156,232.41952514648438,691.1236572265625,161.1536102294922,35.03775405883789,115.86803436279297,215.7100067138672,142.82955932617188,308.7412414550781,552.1045532226562,23.970056533813477,299.72686767578125,324.08544921875,232.83665466308594,153.3066864013672,347.48480224609375,31.986289978027344,625.8800048828125,527.7962646484375,78.86746978759766,107.97953033447266,146.06398010253906,371.1610412597656,26.2520809173584,197.96665954589844,41.14651107788086,130.504638671875,234.79556274414062,110.72377014160156,424.07086181640625,239.36924743652344,220.4542236328125,80.70018768310547,42.736507415771484,336.45245361328125,279.5573425292969,39.64208984375,187.42617797851562,106.15715026855469,227.94664001464844,197.9622802734375,103.21975708007812,143.73936462402344
2025-08-07,113.07264709472656,192.8764190673828,236.8395538330078,292.989990234375,99.48538970947266,109.40599822998047,286.76153564453125,200.9552764892578,181.8162384033203,181.09999084472656,276.3922424316406,493.455810546875,202.19911193847656,364.0695495605469,281.06951904296875,107.81509399414062,181.04930114746094,301.550537109375,870.969970703125,291.61083984375,4060.330078125,144.01365661621094,215.46192932128906,42.278900146484375,1089.9910888671875,461.4700012207031,151.8309783935547,65.35482788085938,413.3987121582031,101.33521270751953,28.551193237304688,82.64337158203125,378.54791259765625,71.74555969238281,276.31390380859375,68.48198699951172,34.75901412963867,221.2998809814453,67.68998718261719,61.624061584472656,147.0030975341797,270.989990234375,101.88999938964844,197.03639221191406,172.16897583007812,266.9248046875,52.07040786743164,89.9017333984375,277.6476135253906,762.0092163085938,61.13255310058594,46.470577239990234,132.6999969482422,47.240909576416016,307.3085021972656,270.6455383300781,64.05973815917969,52.46995162963867,196.71824645996094,225.26670837402344,20.406543731689453,370.8139953613281,376.16864013671875,125.02488708496094,252.4966278076172,242.18397521972656,185.64695739746094,250.4501495361328,281.5536804199219,32.79598617553711,90.62193298339844,25.725814819335938,68.49031066894531,117.15108489990234,257.2437744140625,269.4419860839844,463.1949462890625,419.4371337890625,557.744384765625,135.7079620361328,258.30474853515625,660.5614624023438,88.36677551269531,71.77114868164062,597.1055297851562,148.9536895751953,158.4097442626953,137.79623413085938,516.7127075195312,1236.9599609375,72.3642578125,180.52957153320312,7830.43994140625,246.57955932617188,103.47000122070312,85.59345245361328,134.5919647216797,138.43887329101562,22.642061233520508,72.92025756835938,149.10531616210938,230.3443603515625,719.1103515625,162.2923583984375,35.25098419189453,115.34593963623047,206.14999389648438,142.88832092285156,304.572509765625,556.7490234375,23.69122314453125,280.3162841796875,327.9507751464844,232.94540405273438,153.3165283203125,346.6921691894531,31.918153762817383,620.3300170898438,524.5782470703125,80.26695251464844,107.06312561035156,146.88720703125,372.5766296386719,26.796415328979492,197.8380126953125,40.99344253540039,130.3860626220703,238.43692016601562,107.10044860839844,425.14337158203125,238.2882080078125,217.71640014648438,80.92472839355469,42.399925231933594,328.87646484375,280.06365966796875,40.20372772216797,186.9883270263672,107.0955581665039,229.54107666015625,196.8282470703125,102.67704010009766,145.4465789794922
2025-08-08,113.70755767822266,192.09080505371094,234.3704376220703,290.67999267578125,98.5811538696289,109.11502075195312,286.2176513671875,202.7197723388672,183.52371215820312,180.9409637451172,279.8192138671875,499.9005432128906,198.82928466796875,365.4359436035156,281.24481201171875,109.23541259765625,179.6450653076172,302.751708984375,842.5,294.2821960449219,4035.159912109375,148.47955322265625,214.42312622070312,42.62351608276367,1101.8819580078125,465.3999938964844,155.78977966308594,65.02982330322266,412.8041076660156,99.70368957519531,27.921316146850586,82.62387084960938,380.9297790527344,71.25392150878906,282.9935302734375,70.3336410522461,34.93650436401367,224.14288330078125,68.14046478271484,63.52376174926758,148.7787322998047,259.19000244140625,101.68000030517578,199.0912322998047,171.72364807128906,269.9920959472656,50.96152114868164,89.37939453125,287.9413757324219,758.9390869140625,60.47233581542969,46.9697380065918,133.24000549316406,46.89244842529297,308.6842346191406,273.6204528808594,65.0588150024414,53.04469299316406,201.51455688476562,228.6315155029297,20.426090240478516,379.0381774902344,377.80511474609375,125.95857238769531,262.88665771484375,236.13133239746094,184.0474090576172,250.6549530029297,283.3395080566406,33.299049377441406,90.89418029785156,25.850791931152344,68.40277862548828,118.46461486816406,263.072265625,265.4172668457031,466.1452331542969,414.45159912109375,570.7632446289062,134.11366271972656,257.64068603515625,665.8697509765625,89.95513916015625,74.15315246582031,607.6690063476562,150.4850616455078,157.75262451171875,140.00611877441406,517.9031982421875,1255.969970703125,72.20852661132812,182.45700073242188,7858.68017578125,247.2321319580078,103.33000183105469,85.73066711425781,135.23370361328125,139.6797332763672,22.96912384033203,73.87517547607422,149.12472534179688,231.47116088867188,721.4698486328125,164.23211669921875,35.23159408569336,115.18157958984375,205.4199981689453,144.51406860351562,296.37274169921875,559.9315795898438,23.9604434967041,285.18377685546875,328.58184814453125,232.53018188476562,152.43064880371094,348.9015808105469,31.99602508544922,619.4199829101562,522.4578857421875,79.41171264648438,108.29149627685547,149.2179412841797,373.7744445800781,26.815513610839844,199.87657165527344,41.710079193115234,129.783447265625,240.4490203857422,107.70268249511719,427.10968017578125,244.34596252441406,217.30572509765625,81.09314727783203,43.140411376953125,333.52105712890625,284.4517822265625,40.39094161987305,190.4811248779297,106.7569580078125,231.38157653808594,196.65072631835938,103.50078582763672,144.57334899902344
2025-08-11,113.22145080566406,192.6630401611328,233.7923583984375,284.6199951171875,98.5519790649414,108.63006591796875,285.7034606933594,202.42568969726562,183.0372772216797,181.37823486328125,276.77081298828125,501.5736389160156,198.415283203125,367.1214904785156,276.5791931152344,109.06656646728516,178.010009765625,301.6894836425781,818.6900024414062,293.094970703125,4036.7900390625,147.7122344970703,212.77069091796875,42.042598724365234,1104.781494140625,464.7300109863281,156.03721618652344,63.89723587036133,404.8952941894531,99.01673889160156,28.157520294189453,82.38971710205078,382.1895751953125,70.71088409423828,288.52178955078125,69.23636627197266,34.73929214477539,221.77536010742188,67.7193603515625,62.884063720703125,147.2814483642578,256.0899963378906,100.47000122070312,198.2970733642578,173.47532653808594,270.615478515625,52.364219665527344,87.85179901123047,284.8072204589844,759.476806640625,59.61117935180664,46.82292175292969,132.22000122070312,46.514129638671875,309.4703674316406,273.8094787597656,64.2773666381836,53.52033996582031,201.05587768554688,225.29620361328125,20.0351619720459,380.3294372558594,377.4933776855469,126.1354751586914,262.8768310546875,230.31259155273438,183.58331298828125,250.5574493408203,284.1244812011719,33.49253463745117,90.43512725830078,25.850791931152344,68.80148315429688,118.15094757080078,264.87322998046875,266.0076904296875,464.13232421875,415.0650634765625,570.037841796875,132.2042999267578,255.707763671875,670.0429077148438,89.81954956054688,73.2100830078125,596.737548828125,152.4581298828125,155.54580688476562,140.69064331054688,517.6353759765625,1256.489990234375,72.04306030273438,181.8178253173828,7793.2900390625,249.83250427246094,103.5999984741211,84.31930541992188,132.7529754638672,139.35267639160156,22.96912384033203,73.76908111572266,150.55274963378906,229.94058227539062,724.3646850585938,164.3672332763672,35.163753509521484,114.44676971435547,203.2899932861328,144.9156036376953,297.7688293457031,542.964599609375,23.681610107421875,285.4805603027344,325.1602478027344,234.32943725585938,152.37159729003906,351.29913330078125,31.509319305419922,616.1199951171875,521.5291137695312,78.62449645996094,107.07289123535156,150.44778442382812,372.8736572265625,26.872812271118164,197.7786407470703,41.4776611328125,130.80099487304688,244.26707458496094,106.58705139160156,425.1036682128906,245.787353515625,214.7732391357422,80.75631713867188,42.851905822753906,332.64959716796875,283.1809997558594,40.41902160644531,190.96871948242188,106.0990982055664,233.35987854003906,197.22268676757812,102.56074523925781,146.21188354492188
2025-08-12,116.38606262207031,192.6630401611328,233.06729125976562,283.0299987792969,98.39641571044922,108.620361328125,287.4141845703125,202.68055725097656,187.07763671875,183.7830810546875,276.6640625,511.8199157714844,197.0095672607422,362.8527526855469,281.7610778808594,111.09275817871094,179.78932189941406,310.5545349121094,768.5700073242188,300.0010681152344,4000.669921875,149.59988403320312,216.62966918945312,41.85552215576172,1135.8111572265625,470.3900146484375,144.7941436767578,64.73435974121094,409.0281066894531,97.63328552246094,29.171228408813477,82.89703369140625,392.7701416015625,70.60420989990234,286.9833984375,69.93195343017578,35.321075439453125,221.21072387695312,67.34722137451172,63.49468231201172,148.23165893554688,264.32000732421875,103.73999786376953,204.21343994140625,176.14736938476562,273.70257568359375,53.037132263183594,90.37479400634766,286.4624328613281,769.811767578125,59.99391555786133,47.419952392578125,132.32000732421875,47.440032958984375,308.5663146972656,278.2171325683594,65.0390396118164,53.668983459472656,203.57867431640625,229.19232177734375,20.494503021240234,387.67950439453125,385.7440185546875,126.80380249023438,271.0292053222656,228.82135009765625,180.43357849121094,254.05892944335938,287.35272216796875,33.67634963989258,92.95390319824219,25.533544540405273,68.7625961303711,122.01318359375,266.49609375,265.8994445800781,466.94451904296875,420.2258605957031,570.6240844726562,132.10882568359375,262.6860046386719,656.338623046875,89.18033599853516,74.43510437011719,612.155029296875,154.95150756835938,156.0558319091797,144.02503967285156,525.0460815429688,1292.8900146484375,72.89956665039062,182.9163818359375,7962.2998046875,250.99920654296875,101.88999938964844,86.39714813232422,129.29525756835938,141.27651977539062,23.034536361694336,74.50212860107422,150.6595916748047,228.21282958984375,745.5604858398438,162.70733642578125,35.76468276977539,116.06140899658203,204.5500030517578,150.55670166015625,307.8170471191406,553.5167846679688,24.354656219482422,296.4819030761719,335.0108947753906,230.86932373046875,153.05076599121094,354.77667236328125,32.06416702270508,625.7999877929688,524.5125732421875,79.78102111816406,108.62295532226562,154.31585693359375,372.8141784667969,27.197500228881836,202.01405334472656,42.62039566040039,131.779052734375,247.61402893066406,109.4501724243164,435.9082946777344,254.7473907470703,213.94210815429688,81.80425262451172,44.015525817871094,334.0682678222656,289.78302001953125,40.48454284667969,191.96380615234375,105.86691284179688,229.30487060546875,204.0959014892578,102.85147857666016,146.94775390625
2025-08-13,119.3324203491211,195.40789794921875,240.7196044921875,287.010009765625,99.3881607055664,109.7066650390625,291.8146667480469,204.69009399414062,188.64614868164062,185.7407684326172,280.8871154785156,504.1575012207031,196.55703735351562,369.9440612792969,286.5728759765625,109.08643341064453,183.76158142089844,306.84173583984375,765.52001953125,303.622314453125,4036.429931640625,150.36721801757812,216.0894317626953,42.19028091430664,1136.2225341796875,477.30999755859375,146.5954132080078,66.03437805175781,410.00927734375,97.14669799804688,30.155412673950195,84.23360443115234,400.3881530761719,71.2345199584961,288.8592224121094,68.97183990478516,35.57745361328125,222.98390197753906,68.96308135986328,63.87268829345703,149.60414123535156,254.1999969482422,106.4800033569336,207.6083984375,180.93727111816406,278.85760498046875,53.34041976928711,93.88334655761719,288.3722839355469,766.5656127929688,61.228240966796875,48.163795471191406,134.2899932861328,48.5152702331543,311.9859924316406,267.50152587890625,65.02914428710938,55.07611083984375,202.45187377929688,232.76376342773438,20.719289779663086,387.8284912109375,396.63446044921875,128.69081115722656,277.9789123535156,233.98707580566406,179.12039184570312,260.7303466796875,285.0762634277344,33.6860237121582,94.3399658203125,25.831565856933594,68.51947021484375,128.30645751953125,269.6923522949219,265.9092712402344,469.3125915527344,430.9467468261719,574.3211059570312,133.4358367919922,267.3349304199219,660.4817504882812,89.98419952392578,75.21289825439453,616.7802734375,157.25833129882812,158.62554931640625,144.48463439941406,516.454833984375,1324.06005859375,75.13813018798828,181.3484649658203,8296.6396484375,241.4282684326172,102.63999938964844,87.45567321777344,132.76254272460938,143.66207885742188,23.511112213134766,75.56314086914062,150.970458984375,233.9876708984375,755.4842529296875,160.08241271972656,36.09421920776367,118.51722717285156,208.3699951171875,153.35768127441406,308.1513366699219,558.489501953125,24.845020294189453,298.9156799316406,344.1417236328125,230.0883331298828,153.26731872558594,365.41729736328125,32.65794372558594,618.5700073242188,527.8150634765625,79.90737915039062,108.7009506225586,155.6349639892578,375.1306457519531,27.121105194091797,204.14166259765625,43.3951416015625,132.48048400878906,246.20065307617188,112.08621978759766,431.8565673828125,264.7203063964844,218.22483825683594,82.50598907470703,44.823326110839844,339.8321533203125,293.5059509277344,40.915130615234375,193.4464874267578,106.36030578613281,226.27345275878906,207.28103637695312,104.27607727050781,149.5674285888672
2025-08-14,117.92371368408203,198.5212860107422,241.18992614746094,283.75,98.62005615234375,109.46418762207031,290.14349365234375,204.582275390625,186.8691864013672,183.6240997314453,281.8191223144531,508.5430908203125,195.89273071289062,365.3860778808594,284.5858154296875,109.99027252197266,182.08804321289062,308.9661865234375,749.8300170898438,304.4732360839844,3992.47998046875,149.63055419921875,217.5510711669922,42.58413314819336,1136.349853515625,479.2200012207031,148.67379760742188,64.76390838623047,413.7753601074219,96.41204071044922,29.77157974243164,82.5848388671875,398.419677734375,70.39087677001953,292.6605529785156,67.8941650390625,35.843692779541016,219.27903747558594,67.93480682373047,64.67716217041016,148.92269897460938,247.44000244140625,103.86000061035156,208.6804962158203,177.5427703857422,277.0271301269531,53.0940055847168,88.20658874511719,289.3517150878906,758.1275024414062,60.76895523071289,47.654850006103516,134.6199951171875,47.58937072753906,310.3645935058594,268.3373107910156,65.0489273071289,55.90849304199219,203.23965454101562,231.26829528808594,20.865888595581055,390.99700927734375,389.9521484375,129.0839385986328,277.338134765625,231.10206604003906,180.3743438720703,256.01934814453125,288.6381530761719,33.50221252441406,94.92916870117188,25.81233787536621,67.63453674316406,127.8751220703125,268.4158020019531,266.72601318359375,471.2860107421875,425.8346252441406,580.144775390625,133.68405151367188,264.2125244140625,671.0885620117188,89.0834732055664,75.75736236572266,609.2406005859375,153.77352905273438,159.2042236328125,145.21798706054688,518.3396606445312,1313.6400146484375,74.34976196289062,181.7778778076172,8198.5498046875,242.1995086669922,101.5,85.79927825927734,131.68980407714844,142.95986938476562,23.464391708374023,75.32200622558594,149.34815979003906,235.64027404785156,738.9182739257812,159.4937286376953,35.939144134521484,118.66226959228516,208.00999450683594,154.8267059326172,307.0501403808594,562.8854370117188,25.04693031311035,287.2910461425781,342.66265869140625,229.86093139648438,152.64720153808594,362.1874694824219,32.33671951293945,616.3599853515625,529.2880859375,79.5769271850586,110.74823760986328,154.45469665527344,374.7049560546875,27.455341339111328,204.81459045410156,43.53071975708008,131.761962890625,245.68045043945312,94.47309112548828,425.56048583984375,264.4086608886719,216.60169982910156,82.8521957397461,45.03489303588867,342.7488098144531,291.4673767089844,40.71855926513672,190.27801513671875,105.46588897705078,222.58261108398438,202.58714294433594,104.06287384033203,150.1757354736328
2025-08-15,118.25109100341797,200.4708251953125,242.0227508544922,286.7300109863281,97.77415466308594,108.620361328125,289.4611511230469,202.7001495361328,160.58201599121094,180.22549438476562,287.81878662109375,498.0393981933594,198.4537811279297,366.04437255859375,282.920166015625,108.47062683105469,183.29991149902344,304.11175537109375,754.239990234375,302.23712158203125,4006.909912109375,150.35186767578125,216.3420867919922,42.14105987548828,1111.716064453125,477.20001220703125,148.070068359375,64.40937042236328,404.1520080566406,97.02266693115234,29.289331436157227,82.99459838867188,393.12445068359375,70.10965728759766,291.1690368652344,64.85704040527344,35.81411361694336,214.95123291015625,68.55176544189453,66.48963165283203,150.25685119628906,248.0,102.95999908447266,209.38528442382812,174.71238708496094,277.8681640625,52.60116195678711,89.65534973144531,303.20086669921875,763.9353637695312,61.35263442993164,47.84081268310547,136.6999969482422,47.94778060913086,308.25189208984375,266.49664306640625,64.73239135742188,55.79949188232422,204.3265380859375,228.59214782714844,20.641103744506836,393.12261962890625,389.0364990234375,128.31735229492188,282.3163757324219,233.64593505859375,178.9130096435547,252.26431274414062,285.0370178222656,33.64732360839844,86.93370819091797,25.639291763305664,67.99433898925781,129.3455352783203,267.5549011230469,266.2339782714844,473.7034912109375,426.0683288574219,578.0975952148438,134.51461791992188,262.8743591308594,670.3217163085938,90.0907211303711,75.1837387084961,606.3362426757812,149.5917510986328,159.22381591796875,141.4239959716797,516.0479736328125,1312.3399658203125,74.91427612304688,180.20997619628906,8235.0,245.48208618164062,101.54000091552734,86.10458374023438,132.41773986816406,144.6720733642578,23.492422103881836,74.88795471191406,149.950439453125,232.0720977783203,723.6707763671875,160.38157653808594,35.42544937133789,119.5130844116211,205.83999633789062,154.5916748046875,308.6724548339844,577.2467041015625,24.614261627197266,287.5086975097656,337.5055847167969,230.1970672607422,152.34071350097656,361.8101806640625,32.11283874511719,617.9099731445312,522.0825805664062,78.9452133178711,108.28175354003906,153.16534423828125,378.0608215332031,27.5699405670166,200.59896850585938,43.01744842529297,131.4348907470703,249.9205780029297,99.45886993408203,420.495849609375,296.0804138183594,215.8781280517578,82.78668975830078,44.16939163208008,341.7369384765625,289.9955749511719,41.4112434387207,188.47459411621094,104.71487426757812,223.23219299316406,200.40782165527344,104.16068267822266,151.20596313476562
2025-08-18,117.20944213867188,200.3544464111328,244.09994506835938,289.6499938964844,97.18103790283203,107.36917114257812,291.2312316894531,203.00404357910156,162.33912658691406,181.4775848388672,284.0810852050781,500.56390380859375,195.57501220703125,364.4086608886719,280.6604309082031,110.30810546875,181.0589141845703,303.5359802246094,791.6199951171875,303.8004150390625,4039.949951171875,149.63055419921875,219.42442321777344,42.20998001098633,1112.8033447265625,478.5199890136719,148.18882751464844,65.48285675048828,408.958740234375,95.93498229980469,29.496009826660156,82.20436096191406,395.6146240234375,69.84783935546875,288.71295166015625,65.5918197631836,35.48870849609375,212.69798278808594,68.95506286621094,68.01132202148438,149.07627868652344,253.33999633789062,105.58000183105469,207.47933959960938,175.31607055664062,277.12603759765625,52.724369049072266,89.42866516113281,302.95599365234375,752.5347290039062,60.51061248779297,48.065921783447266,137.05999755859375,47.539588928222656,308.1437683105469,267.0936279296875,64.81151580810547,55.72021484375,203.70828247070312,228.8479766845703,20.84634017944336,390.96722412109375,384.4776916503906,127.53108215332031,283.10491943359375,233.3827667236328,175.6941680908203,252.82997131347656,286.0574951171875,33.52156066894531,87.96430969238281,25.216297149658203,67.2260971069336,128.83578491210938,267.66375732421875,267.5821533203125,472.1543273925781,429.0674133300781,580.5223999023438,133.7126922607422,263.9250793457031,668.4691772460938,89.88733673095703,75.58234405517578,599.6220703125,150.05311584472656,159.5474853515625,141.5706787109375,513.0023193359375,1311.3199462890625,75.36199188232422,181.76788330078125,8151.740234375,246.26318359375,101.38999938964844,86.28185272216797,131.76641845703125,143.8544464111328,23.42700958251953,74.94583129882812,151.27159118652344,232.01576232910156,729.8569946289062,160.77725219726562,35.1249885559082,118.76860809326172,208.30999755859375,155.61997985839844,321.306396484375,571.6488647460938,24.700794219970703,286.56884765625,339.3368225097656,229.78184509277344,153.7346954345703,356.29962158203125,32.41459655761719,625.3300170898438,517.147705078125,78.71196746826172,108.39874267578125,157.40037536621094,377.7638244628906,27.617687225341797,201.57864379882812,42.9302978515625,131.87095642089844,250.46038818359375,98.6394271850586,425.9080505371094,300.4435729980469,215.1936798095703,82.47209167480469,44.34249496459961,340.0206604003906,288.2652893066406,41.55165100097656,189.1222381591797,103.76876831054688,220.6633758544922,198.84974670410156,104.38565063476562,149.44969177246094
2025-08-19,119.15384674072266,199.9858856201172,250.7136688232422,289.239990234375,99.03813171386719,109.27020263671875,297.6291809082031,206.22914123535156,161.0386505126953,184.0414581298828,286.92559814453125,501.1875305175781,198.9640655517578,371.8789367675781,282.6864318847656,109.23541259765625,184.1366729736328,292.764892578125,758.2899780273438,302.8605041503906,4128.7998046875,151.95559692382812,221.4901580810547,42.28874969482422,1105.3101806640625,485.30999755859375,147.48614501953125,65.9654312133789,412.3779296875,97.71915435791016,29.102336883544922,83.75556945800781,395.8704833984375,70.81755065917969,293.0483093261719,65.40568542480469,36.01132583618164,214.8321075439453,69.7026596069336,68.7867202758789,147.51377868652344,248.3699951171875,105.5199966430664,210.64599609375,177.8495635986328,280.6683044433594,53.406768798828125,88.57125091552734,305.5808410644531,756.260009765625,61.65882110595703,48.83913040161133,139.11000061035156,47.94778060913086,310.91485595703125,264.5863037109375,63.82233428955078,56.542694091796875,201.91342163085938,229.6842498779297,20.631330490112305,399.97613525390625,396.6539306640625,129.54586791992188,284.1498718261719,235.16639709472656,176.02000427246094,257.4336242675781,285.203857421875,34.034297943115234,87.23641204833984,25.379728317260742,68.19856262207031,131.6001434326172,272.8885803222656,267.88720703125,473.545654296875,429.51531982421875,581.8839721679688,135.94664001464844,264.44049072265625,674.166015625,87.06898498535156,76.53515625,604.5258178710938,151.5059356689453,161.22467041015625,140.87640380859375,505.7304382324219,1322.5699462890625,74.82667541503906,175.4063720703125,8246.8896484375,231.97601318359375,103.05999755859375,87.24698638916016,133.14566040039062,146.36505126953125,23.660629272460938,75.81392669677734,153.87503051757812,235.3491973876953,737.8178100585938,162.87139892578125,35.59990692138672,119.28609466552734,209.8699951171875,153.02468872070312,324.521484375,569.52734375,24.729639053344727,282.3048400878906,340.0198059082031,232.12484741210938,151.9156036376953,365.3150939941406,32.45352554321289,612.7899780273438,520.1687622070312,80.32527160644531,108.3597412109375,156.6366729736328,386.0098571777344,27.674985885620117,201.27188110351562,42.785030364990234,133.4170379638672,253.44415283203125,96.67472839355469,425.8186950683594,296.3044128417969,218.80174255371094,83.70187377929688,44.43865966796875,339.73297119140625,291.20880126953125,42.06648254394531,191.98184204101562,105.80728149414062,224.8856964111328,199.8753204345703,105.0703353881836,152.736572265625
2025-08-20,118.16180419921875,202.85679626464844,249.9004364013672,288.6300048828125,99.1645278930664,110.13343048095703,299.2707214355469,209.4051971435547,159.78782653808594,182.19308471679688,287.79937744140625,500.3361511230469,201.7080841064453,373.0159606933594,284.7806091308594,107.91442108154297,183.33837890625,289.0520935058594,760.8900146484375,305.1361389160156,4158.10009765625,152.8533935546875,223.69947814941406,42.19028091430664,1105.3004150390625,488.67999267578125,151.37570190429688,65.82754516601562,416.8377990722656,98.13896942138672,28.797239303588867,83.95069122314453,390.1028747558594,70.79815673828125,301.9776916503906,65.74858093261719,35.48870849609375,215.12989807128906,69.33870697021484,68.6413345336914,148.69778442382812,243.82000732421875,104.05000305175781,209.8518524169922,176.88961791992188,282.4592590332031,53.037132263183594,85.31893920898438,303.6219787597656,763.6575317382812,61.69709396362305,48.48678207397461,139.9600067138672,47.828311920166016,311.9761657714844,265.09375,63.901466369628906,56.25531768798828,199.61996459960938,226.4375,20.621557235717773,407.4156188964844,391.3353576660156,131.66876220703125,285.8749694824219,236.4042205810547,179.0117645263672,255.56094360351562,286.754150390625,34.034297943115234,87.4714126586914,25.54315757751465,68.75286102294922,127.7477035522461,275.1942443847656,271.74462890625,475.95318603515625,434.2866516113281,589.009521484375,135.90846252441406,261.2190246582031,700.0905151367188,90.28443145751953,76.83655548095703,597.4039306640625,151.90841674804688,163.5424041748047,140.92530822753906,501.7125549316406,1316.8800048828125,74.2232437133789,175.16668701171875,8031.97021484375,232.4110565185547,104.0,87.76895904541016,133.0211639404297,144.989501953125,23.71669578552246,75.92967224121094,154.95330810546875,237.26473999023438,736.5686645507812,166.80880737304688,35.948829650878906,120.6530532836914,210.88999938964844,152.23141479492188,323.58746337890625,588.6815185546875,24.864248275756836,283.16552734375,336.1693115234375,233.419921875,154.81231689453125,364.52081298828125,32.472999572753906,601.1300048828125,522.6079711914062,80.08230590820312,109.08116149902344,157.1028289794922,387.9204406738281,27.961477279663086,199.4510498046875,42.9884033203125,137.034423828125,254.2195281982422,97.61266326904297,423.3459167480469,292.0191650390625,220.66932678222656,82.88201904296875,44.6309928894043,341.20123291015625,284.6853332519531,42.17880630493164,192.15121459960938,106.2266845703125,226.40139770507812,196.50283813476562,106.15605926513672,153.8060302734375
2025-08-21,116.21741485595703,203.19627380371094,248.86183166503906,286.05999755859375,98.68810272216797,109.73576354980469,301.980224609375,202.4746856689453,159.13075256347656,182.29246520996094,287.1294860839844,500.1678771972656,201.92953491210938,374.2825927734375,285.9007263183594,108.07333374023438,183.1556396484375,287.4934997558594,763.510009765625,304.9085693359375,4127.68994140625,150.8813018798828,226.51406860351562,42.7908935546875,1101.6666259765625,488.5899963378906,150.00990295410156,64.02527618408203,414.16192626953125,98.08171844482422,28.807079315185547,84.17507934570312,387.9867858886719,70.57511901855469,301.52032470703125,65.660400390625,35.37037658691406,214.5144805908203,69.9190673828125,69.2325668334961,150.9590301513672,245.17999267578125,104.69000244140625,202.40676879882812,175.57337951660156,280.0746765136719,50.99943542480469,86.45232391357422,303.2302551269531,759.624267578125,61.496150970458984,48.09528350830078,140.0,47.54954147338867,311.0426330566406,267.352294921875,64.18832397460938,55.997676849365234,200.04873657226562,225.8865203857422,20.797473907470703,401.5354919433594,387.4000244140625,130.91200256347656,290.2814025878906,233.3340301513672,176.9678955078125,254.5660858154297,285.9986267089844,34.053646087646484,86.86898040771484,25.783496856689453,68.71397399902344,126.59100341796875,273.6703186035156,271.7052917480469,474.3251037597656,435.45513916015625,588.2542724609375,134.61962890625,260.6326599121094,703.13818359375,88.23118591308594,77.04071807861328,597.543212890625,151.5452117919922,162.6744842529297,140.84707641601562,501.066650390625,1278.0,74.1453857421875,174.7472381591797,7953.89990234375,230.532470703125,102.87000274658203,86.2424545288086,132.57098388671875,143.30615234375,24.053102493286133,75.88143920898438,154.19561767578125,233.7622833251953,726.734130859375,168.39149475097656,35.5902214050293,121.51227569580078,211.9499969482422,150.94845581054688,319.566162109375,595.8032836914062,24.748868942260742,282.41363525390625,336.0703125,232.757568359375,154.54542541503906,361.27398681640625,32.911033630371094,598.1699829101562,518.3016357421875,78.84803009033203,109.53936004638672,153.33396911621094,380.95135498046875,28.11427116394043,198.21405029296875,42.678504943847656,136.2812042236328,253.38528442382812,97.13875579833984,419.3438415527344,295.4376220703125,220.29779052734375,82.12889862060547,44.40019226074219,340.963134765625,286.6741943359375,42.150726318359375,190.7164306640625,105.80728149414062,225.988037109375,194.471435546875,106.84075164794922,152.67770385742188
2025-08-22,120.66175079345703,204.26318359375,253.98622131347656,290.2300109863281,99.12562561035156,110.58927154541016,299.7948303222656,201.46502685546875,161.7689971923828,185.780517578125,287.4622497558594,511.74072265625,203.9995574951172,374.1130676269531,291.53070068359375,108.61961364746094,186.22377014160156,291.86151123046875,766.239990234375,315.7822570800781,4110.60986328125,153.20635986328125,226.91586303710938,44.07088088989258,1124.60595703125,489.0,146.57562255859375,66.72376251220703,431.78326416015625,99.02627563476562,30.804973602294922,83.84336853027344,397.9782409667969,70.90482330322266,290.9502258300781,65.9543228149414,34.09834671020508,213.99832153320312,71.18799591064453,69.1065673828125,153.51138305664062,247.32000732421875,109.0999984741211,210.24893188476562,181.17477416992188,280.73760986328125,52.6959342956543,89.91159057617188,310.0372314453125,773.671875,62.44342803955078,49.31871032714844,139.67999267578125,49.092716217041016,314.0692138671875,265.1833190917969,65.0588150024414,57.84081268310547,206.13137817382812,232.11441040039062,21.76502799987793,402.2407531738281,402.09918212890625,131.71791076660156,295.2497253417969,235.9558563232422,178.3897247314453,262.768798828125,290.6790771484375,33.99559783935547,86.65887451171875,25.668136596679688,68.19856262207031,133.07052612304688,275.2734069824219,271.3706970214844,475.27239990234375,434.48138427734375,595.2506713867188,136.54811096191406,272.1105651855469,686.6551513671875,89.79048919677734,79.22827911376953,604.6552124023438,155.80551147460938,168.53289794921875,144.73886108398438,504.0378112792969,1321.449951171875,76.28661346435547,177.75326538085938,8212.8095703125,233.70628356933594,102.30999755859375,87.23714447021484,134.86973571777344,143.94102478027344,24.183927536010742,77.8587875366211,154.1373291015625,234.0064239501953,745.8480224609375,165.74725341796875,35.76468276977539,126.87268829345703,215.0500030517578,154.74835205078125,338.87603759765625,587.157470703125,25.72959327697754,282.75,347.6217956542969,231.6503448486328,154.46630859375,370.279541015625,34.663169860839844,606.52001953125,522.260986328125,80.5682373046875,112.58104705810547,157.9062042236328,390.24676513671875,27.474441528320312,203.58676147460938,44.46040725708008,135.31985473632812,247.2901153564453,98.39260864257812,421.17108154296875,299.4014587402344,222.79116821289062,84.67427062988281,46.4293098449707,347.2627258300781,290.771240234375,41.59845733642578,195.03076171875,105.86579895019531,223.4388885498047,200.59519958496094,108.84590911865234,153.66867065429688
2025-08-25,118.20149230957031,201.304931640625,250.88021850585938,285.3399963378906,97.93944549560547,109.60967254638672,295.29547119140625,198.09288024902344,161.27122497558594,184.40916442871094,282.3240966796875,506.3651428222656,203.267822265625,369.9640197753906,286.5339050292969,108.98711395263672,184.9253387451172,292.0898132324219,763.52001953125,312.4577941894531,4139.830078125,149.36199951171875,226.23086547851562,43.74596405029297,1113.7630615234375,486.17999267578125,144.5368194580078,65.00027465820312,428.4433288574219,98.2439193725586,30.755765914916992,82.00923156738281,391.8448486328125,70.0320816040039,286.6744689941406,65.77796936035156,32.35300064086914,210.29586791992188,70.98143005371094,69.01933288574219,153.53079223632812,245.27999877929688,113.02999877929688,206.20870971679688,178.6412811279297,275.4241943359375,51.65339279174805,87.39844512939453,307.5397033691406,769.6484375,62.0032844543457,49.20125961303711,137.25999450683594,48.29623794555664,314.3443908691406,265.26287841796875,66.05789947509766,57.75163269042969,208.56443786621094,228.96604919433594,21.83344078063965,400.0555419921875,398.3099365234375,130.35179138183594,292.9725646972656,233.36328125,176.87901306152344,260.16461181640625,289.3642272949219,30.087173461914062,87.58193969726562,25.456636428833008,67.0316162109375,132.1392822265625,273.22503662109375,271.7643737792969,471.5030822753906,435.9614562988281,589.5362548828125,135.59341430664062,266.92315673828125,676.157958984375,89.14159393310547,78.58660125732422,601.283203125,153.6951141357422,169.81503295898438,144.3770751953125,501.0865173339844,1289.780029296875,77.05552673339844,179.57083129882812,8126.7099609375,232.7571258544922,102.47000122070312,85.54322052001953,132.6571807861328,142.55584716796875,23.492422103881836,77.43437957763672,151.68931579589844,229.19879150390625,743.83544921875,161.52032470703125,35.38667678833008,126.46260833740234,214.35000610351562,153.191162109375,339.1709899902344,570.1248779296875,25.623828887939453,284.32305908203125,346.4141540527344,229.57423400878906,154.4959716796875,364.3917236328125,34.702110290527344,597.0,517.5980834960938,79.39228820800781,112.02536010742188,162.656982421875,386.9403991699219,27.445791244506836,203.7158660888672,44.28609085083008,134.28915405273438,247.08401489257812,97.2177505493164,416.72216796875,296.90826416015625,218.3617401123047,83.64468383789062,46.31391143798828,346.05242919921875,288.6829528808594,41.40188217163086,192.60955810546875,104.32472229003906,220.50588989257812,195.2110137939453,109.29584503173828,152.265625
2025-08-26,117.3582534790039,202.090576171875,250.26295471191406,282.45001220703125,98.04637908935547,109.24110412597656,296.85784912109375,199.17117309570312,163.780029296875,185.611572265625,283.4104309082031,511.7110595703125,199.73431396484375,368.02911376953125,286.3390808105469,109.15596008300781,184.67526245117188,295.8423156738281,769.02001953125,317.2070617675781,4180.169921875,148.9169464111328,226.31338500976562,43.765655517578125,1116.4078369140625,492.2099914550781,145.97190856933594,65.47300720214844,427.4126281738281,96.73643493652344,31.3659610748291,82.08728790283203,394.17950439453125,69.9060287475586,288.06658935546875,67.00261688232422,31.958568572998047,211.4175262451172,70.50926971435547,69.348876953125,152.71559143066406,248.7899932861328,113.69000244140625,204.73956298828125,180.32369995117188,276.275146484375,52.051456451416016,88.52197265625,303.6513366699219,769.0680541992188,61.69709396362305,48.897850036621094,137.8800048828125,48.29623794555664,316.59466552734375,272.5558776855469,66.67119598388672,58.26691436767578,207.35784912109375,228.8479766845703,21.383869171142578,399.2509765625,396.98516845703125,130.54833984375,294.61883544921875,236.48220825195312,176.48406982421875,259.67694091796875,292.9653625488281,28.00718879699707,88.43331146240234,25.59122657775879,66.83712005615234,130.63949584960938,275.5406188964844,273.2305908203125,475.5190734863281,443.4981994628906,587.9461669921875,136.15667724609375,266.1778564453125,677.7614135742188,89.27717590332031,78.76160430908203,613.7564086914062,154.40516662597656,171.1267547607422,145.6678009033203,498.8804626464844,1284.77001953125,76.54940795898438,181.52822875976562,8068.25,231.57064819335938,103.18000030517578,86.30154418945312,132.21658325195312,141.4015655517578,23.286840438842773,77.69480895996094,151.5144500732422,231.0204315185547,754.9885864257812,160.85443115234375,35.3963737487793,126.82386779785156,212.5800018310547,155.88441467285156,347.7935485839844,585.334716796875,26.03727149963379,290.0710754394531,352.0562438964844,231.66021728515625,157.75851440429688,363.85552978515625,34.380882263183594,596.0,519.0924072265625,79.479736328125,112.91251373291016,163.88681030273438,390.3556213378906,27.27389907836914,205.4835968017578,44.89619827270508,135.45860290527344,246.5540008544922,99.41938018798828,423.2366943359375,292.5937805175781,217.7946319580078,83.37775421142578,46.708194732666016,348.3936767578125,289.57794189453125,41.149147033691406,194.63218688964844,104.5197982788086,221.69680786132812,195.18142700195312,109.05131530761719,151.8731231689453
2025-08-27,117.74515533447266,201.7996063232422,251.92861938476562,285.95001220703125,98.11445617675781,109.49327850341797,295.3943786621094,199.78875732421875,163.6605682373047,185.3830108642578,281.8347473144531,513.0672607421875,195.70977783203125,367.4007568359375,286.9429931640625,109.3843994140625,186.70468139648438,298.0660705566406,769.6799926757812,319.04730224609375,4205.41015625,149.9375,222.74354553222656,44.090572357177734,1108.405517578125,495.7200012207031,147.70387268066406,66.56619262695312,428.8100280761719,95.5533447265625,31.828529357910156,82.38971710205078,397.0879211425781,70.02239227294922,288.9217529296875,67.05159759521484,32.08675765991211,211.62596130371094,71.12898254394531,69.71717834472656,154.5401153564453,245.64999389648438,116.7300033569336,203.49871826171875,180.8185272216797,277.4229431152344,52.487430572509766,91.27165222167969,303.4358825683594,777.6953735351562,62.328609466552734,49.132747650146484,137.97999572753906,48.35597610473633,319.81781005859375,271.9688415527344,66.52281951904297,58.217369079589844,207.61712646484375,231.73069763183594,21.79434585571289,402.3201904296875,397.6669921875,130.7842559814453,293.0317077636719,238.63619995117188,175.06224060058594,260.25238037109375,293.6620178222656,28.752113342285156,88.5119857788086,25.793109893798828,66.93437194824219,130.6982879638672,276.3816833496094,272.3449401855469,476.29852294921875,442.5342102050781,587.0020751953125,137.87509155273438,267.98651123046875,680.7393188476562,89.15127563476562,78.85882568359375,613.358642578125,154.36569213867188,175.4466094970703,146.06871032714844,503.5509033203125,1285.239990234375,75.97515869140625,181.35845947265625,8033.81982421875,233.15260314941406,104.05000305175781,86.39019012451172,132.80084228515625,142.01718139648438,23.42700958251953,77.97451782226562,152.4761962890625,229.76217651367188,761.4821166992188,158.45147705078125,35.49329376220703,129.48941040039062,216.52999877929688,156.47203063964844,353.0339660644531,584.6475219726562,26.35456657409668,291.49566650390625,345.6519775390625,232.22369384765625,158.0254364013672,364.7888488769531,35.02333068847656,603.1699829101562,516.789794921875,79.94624328613281,111.99610900878906,165.87045288085938,389.1875305175781,27.751380920410156,206.13905334472656,45.30293655395508,136.00369262695312,246.71102905273438,99.6958236694336,421.25054931640625,295.95379638671875,216.04437255859375,83.75907897949219,46.890907287597656,347.57025146484375,289.5282287597656,41.4393196105957,194.61227416992188,105.02698516845703,222.26766967773438,189.50140380859375,110.28375244140625,152.4422149658203
2025-08-28,123.96524047851562,201.66380310058594,250.99783325195312,288.489990234375,96.97686004638672,108.41668701171875,296.2843322753906,199.73974609375,164.53668212890625,185.56187438964844,279.5250244140625,511.4536437988281,195.0261993408203,365.5755920410156,287.36181640625,111.18214416503906,187.1759796142578,306.4049072265625,781.9000244140625,323.5293884277344,4197.08984375,146.7530517578125,224.1837615966797,44.868412017822266,1107.279052734375,499.8599853515625,147.9711151123047,65.16769409179688,431.030029296875,93.25395965576172,31.97615623474121,81.38484954833984,397.60235595703125,69.05268859863281,288.2555236816406,68.02151489257812,32.20508575439453,206.78199768066406,70.54861450195312,69.92072296142578,154.6177520751953,247.3300018310547,118.13999938964844,203.7865753173828,179.7100830078125,276.0772705078125,51.86190414428711,90.44378662109375,304.0235595703125,773.5538940429688,62.47213363647461,49.11317825317383,137.64999389648438,47.79844284057617,319.27734375,274.6054382324219,68.18465423583984,57.95972442626953,211.76528930664062,237.16168212890625,22.11686134338379,404.5351867675781,396.8974914550781,129.94883728027344,293.65277099609375,239.50364685058594,174.90426635742188,259.19903564453125,295.41845703125,28.336118698120117,89.02082061767578,25.966154098510742,66.47731018066406,130.5022430419922,273.1177062988281,272.6204528808594,475.7459716796875,444.1992492675781,586.8231201171875,137.59825134277344,268.5628356933594,678.2593994140625,89.06410217285156,78.55742645263672,609.03173828125,155.38145446777344,176.83724975585938,146.85096740722656,506.4326477050781,1283.1099853515625,75.83890533447266,179.93035888671875,8074.7998046875,237.61178588867188,103.98999786376953,84.94246673583984,132.867919921875,141.38232421875,22.98781394958496,77.37650299072266,151.20359802246094,231.09555053710938,760.2330322265625,159.97625732421875,35.435142517089844,129.6944580078125,215.02999877929688,157.48077392578125,359.6901550292969,577.3263549804688,26.277647018432617,294.46368408203125,345.58270263671875,230.44422912597656,158.83615112304688,363.5775146484375,35.510040283203125,612.1699829101562,514.6093139648438,79.14930725097656,112.3470687866211,170.96836853027344,385.7425842285156,27.63678741455078,206.6057891845703,45.3126220703125,135.89468383789062,245.9258270263672,101.30509185791016,421.5583801269531,294.4053039550781,217.4132843017578,83.19661712646484,46.80435562133789,347.08416748046875,289.5381774902344,41.121063232421875,194.47276306152344,103.69073486328125,221.03738403320312,185.44850158691406,110.8706283569336,151.8731231689453
2025-08-29,124.65966796875,204.06918334960938,254.7210693359375,314.70001220703125,97.01575469970703,107.6795425415039,299.37945556640625,200.41946411132812,160.0466766357422,183.6439666748047,281.5802917480469,509.6518859863281,196.26821899414062,366.03436279296875,286.4754333496094,108.12299346923828,188.3686065673828,295.22686767578125,747.2899780273438,327.7740173339844,4198.52978515625,148.08055114746094,222.08395385742188,44.70103073120117,1104.0074462890625,502.9800109863281,147.2486114501953,64.21238708496094,415.3016357421875,94.5896987915039,31.38564109802246,82.01898956298828,394.15972900390625,69.40177917480469,289.9658203125,67.68841552734375,32.18528747558594,208.47935485839844,71.06996154785156,70.89965057373047,155.85997009277344,245.25,119.62999725341797,204.31271362304688,177.51670837402344,274.1181335449219,53.19825744628906,90.40437316894531,312.093994140625,773.3965454101562,63.26631164550781,48.60422897338867,138.17999267578125,47.64910888671875,318.9432678222656,273.8094787597656,66.57563018798828,58.05881881713867,212.92196655273438,237.9192657470703,22.214595794677734,401.237548828125,396.2350769042969,130.03729248046875,299.3406677246094,237.32041931152344,174.37107849121094,258.1261291503906,295.7618713378906,28.14263153076172,86.83013916015625,25.93731117248535,67.08995819091797,130.51205444335938,275.7963562011719,273.1911926269531,471.937255859375,443.66375732421875,591.6033935546875,139.211669921875,266.1877746582031,683.8565673828125,89.88733673095703,79.10188293457031,613.119873046875,153.37953186035156,177.2416229248047,147.14431762695312,503.5011901855469,1301.0400390625,75.30359649658203,173.94830322265625,8117.64990234375,223.58169555664062,103.68000030517578,85.07049560546875,133.57669067382812,142.98870849609375,23.137327194213867,77.65623474121094,152.5538787841797,231.9875946044922,752.8074340820312,161.28871154785156,35.3479118347168,130.4267578125,213.5,157.4122314453125,357.1141662597656,578.4121704101562,26.33533477783203,293.7612609863281,339.94061279296875,231.30429077148438,156.79953002929688,363.2300109863281,35.860469818115234,603.52001953125,515.4457397460938,80.23780059814453,112.08384704589844,166.02914428710938,387.4650573730469,27.971025466918945,205.076416015625,45.341670989990234,135.3892364501953,248.20111083984375,100.52513122558594,412.7200927734375,301.7875671386719,219.971435546875,83.35868835449219,46.958229064941406,348.9889831542969,289.5381774902344,41.40188217163086,192.79885864257812,103.88581848144531,222.81881713867188,185.57669067382812,111.79006958007812,153.4528045654297
2025-09-02,124.2132568359375,205.54345703125,250.99783325195312,319.1600036621094,96.9574203491211,106.77752685546875,299.2015075683594,200.3110809326172,156.87083435058594,183.65390014648438,280.80712890625,507.68182373046875,193.03317260742188,370.9813232421875,284.60528564453125,108.51036071777344,181.7995147705078,296.0706481933594,743.5900268554688,327.675048828125,4179.83984375,144.37429809570312,218.37530517578125,44.66164779663086,1091.8914794921875,501.1400146484375,148.01068115234375,62.53813934326172,412.33831787109375,93.59742736816406,30.66718864440918,82.33118438720703,390.9842224121094,69.00420379638672,293.18756103515625,66.4245834350586,31.868484497070312,203.99273681640625,70.60762786865234,71.81073760986328,157.0536651611328,244.10000610351562,122.87999725341797,202.2975616455078,174.4499053955078,271.89190673828125,52.87601852416992,89.82066345214844,315.69830322265625,759.0045166015625,61.24738311767578,48.14421844482422,136.77999877929688,47.151309967041016,318.7663879394531,273.99853515625,68.00587463378906,57.99936294555664,211.38638305664062,230.51071166992188,22.17550277709961,403.4028625488281,395.7870178222656,130.1556854248047,305.6496276855469,235.38082885742188,172.880126953125,255.79502868652344,294.07415771484375,27.96849250793457,84.2760238647461,25.706586837768555,67.15802764892578,130.06112670898438,271.61956787109375,270.7310791015625,467.8424072265625,443.83050537109375,588.2045288085938,135.8511962890625,262.8288879394531,689.6400146484375,90.39097595214844,78.32408905029297,613.9266967773438,152.13694763183594,177.67555236816406,145.5504608154297,501.9410705566406,1276.0,72.68162536621094,170.55284118652344,8169.85009765625,222.76104736328125,103.19000244140625,84.46974182128906,130.22433471679688,144.55662536621094,23.34290885925293,77.10643768310547,153.4767608642578,230.86080932617188,745.2352905273438,161.5492706298828,35.299442291259766,130.6806182861328,212.63999938964844,155.50247192382812,348.1278076171875,575.6231079101562,26.107175827026367,307.70086669921875,334.4073791503906,230.4639892578125,156.21621704101562,358.35491943359375,34.945465087890625,592.010009765625,507.1752014160156,80.55852508544922,110.41677856445312,169.10372924804688,386.0098571777344,27.770483016967773,203.1497802734375,44.95429992675781,137.33172607421875,252.04246520996094,101.48279571533203,408.0824279785156,300.7454528808594,218.41685485839844,81.25183868408203,46.66011428833008,347.29248046875,290.8607482910156,40.9993782043457,191.9220428466797,103.40788269042969,222.1692352294922,189.29432678222656,112.18131256103516,149.99916076660156
2025-09-03,124.2231674194336,205.48524475097656,249.0186004638672,317.510009765625,97.1518783569336,106.7193374633789,300.3189392089844,201.52279663085938,155.5566864013672,183.19677734375,277.8025207519531,502.1181335449219,188.96051025390625,373.0159606933594,283.7189025878906,109.94061279296875,183.7711944580078,300.19049072265625,725.2899780273438,320.2840881347656,4189.47998046875,145.49464416503906,221.44532775878906,44.307186126708984,1076.9249267578125,501.489990234375,149.01028442382812,61.523746490478516,411.4165954589844,92.61471557617188,30.83449935913086,81.76533508300781,387.91748046875,69.35328674316406,293.4759216308594,66.29722595214844,31.957584381103516,204.0919952392578,70.64698028564453,71.06442260742188,153.3949432373047,248.8300018310547,123.66999816894531,197.9794158935547,173.41770935058594,270.3482971191406,52.4589958190918,90.94849395751953,314.9735412597656,749.8165283203125,61.87888717651367,48.46720886230469,136.77000427246094,46.822757720947266,317.2137451171875,274.5357666015625,68.8699722290039,57.2264404296875,230.44195556640625,233.0884552001953,21.259729385375977,404.8629455566406,397.1507568359375,131.3791961669922,307.54229736328125,237.91494750976562,172.91964721679688,254.8099365234375,293.8877258300781,28.14263153076172,84.03205871582031,25.69697380065918,67.08995819091797,131.43348693847656,271.6791076660156,268.7531433105469,465.5137023925781,440.4564208984375,589.6058959960938,136.910888671875,263.4151916503906,688.8622436523438,89.34497833251953,78.33380889892578,608.7672729492188,149.89833068847656,176.54136657714844,145.23756408691406,502.1696472167969,1268.5999755859375,73.12187194824219,170.39306640625,8190.22998046875,220.931884765625,103.83999633789062,84.37125396728516,129.90826416015625,142.97909545898438,23.165361404418945,77.33792877197266,153.651611328125,231.6683349609375,743.843994140625,157.515380859375,35.1056022644043,127.44874572753906,212.24000549316406,154.03343200683594,349.0323486328125,561.5786743164062,26.15572166442871,310.0158996582031,335.21905517578125,229.84115600585938,156.31507873535156,360.44989013671875,34.34202575683594,592.1199951171875,506.79925537109375,79.91708374023438,110.16329956054688,174.87608337402344,384.643798828125,27.732284545898438,204.55999755859375,44.944618225097656,138.2236785888672,248.8610382080078,103.1019515991211,405.4806213378906,299.8494873046875,218.19056701660156,81.30903625488281,46.67934799194336,348.086181640625,286.4454650878906,40.943214416503906,190.5570068359375,104.25645446777344,220.87005615234375,189.46197509765625,109.4621353149414,149.5576171875
2025-09-04,127.45721435546875,206.59095764160156,247.83303833007812,319.92999267578125,98.08528137207031,105.37116241455078,296.8776550292969,205.22679138183594,157.53787231445312,186.69476318359375,274.1324462890625,506.77105712890625,187.83401489257812,372.5072937011719,282.4429016113281,111.98666381835938,185.35816955566406,303.87347412109375,730.1599731445312,327.1506652832031,4232.9599609375,146.76072692871094,221.56076049804688,45.60686492919922,1086.0047607421875,506.9100036621094,147.8028564453125,62.577537536621094,416.4710998535156,91.07861328125,31.257699966430664,81.62875366210938,396.6229553222656,69.37268829345703,291.0496826171875,66.61072540283203,32.33378982543945,205.3129119873047,70.28302764892578,71.42303466796875,153.03585815429688,248.77999877929688,123.91000366210938,197.5724334716797,177.0204620361328,272.040283203125,51.814510345458984,86.52621459960938,301.7121276855469,755.43359375,62.759185791015625,49.20125961303711,136.17999267578125,47.37034225463867,316.85015869140625,280.84375,69.24739837646484,57.62281036376953,231.9975128173828,233.82635498046875,22.126266479492188,408.81610107421875,403.3028259277344,132.90858459472656,307.5620422363281,240.9169158935547,172.3173370361328,259.1209716796875,298.1168212890625,28.297420501708984,86.95860290527344,25.67774772644043,66.37034606933594,135.34474182128906,273.0581359863281,268.6350402832031,467.6023254394531,448.09716796875,591.9512329101562,137.47413635253906,267.1716003417969,689.470458984375,89.92608642578125,79.4810562133789,616.5062866210938,153.3696746826172,176.52162170410156,147.19322204589844,504.77313232421875,1287.7900390625,73.71866607666016,171.4316864013672,8407.76953125,220.48696899414062,105.04000091552734,85.18868255615234,131.52696228027344,141.29574584960938,22.93174934387207,79.18858337402344,154.64248657226562,233.81861877441406,752.2212524414062,155.51771545410156,35.37698745727539,128.4739532470703,213.25,157.30340576171875,354.00732421875,564.9851684570312,26.563495635986328,317.3270568847656,338.38653564453125,231.18568420410156,156.87860107421875,363.1803894042969,35.333038330078125,601.9600219726562,507.7579040527344,79.8101806640625,111.19668579101562,182.47335815429688,390.36553955078125,28.247966766357422,207.1023406982422,45.583778381347656,139.7598419189453,248.32913208007812,104.47427368164062,410.2870178222656,302.28424072265625,219.4696502685547,80.5368423461914,47.285194396972656,348.2052001953125,290.7016296386719,41.35507583618164,193.07785034179688,104.83191680908203,221.40151977539062,200.09228515625,109.94140625,150.31312561035156
2025-09-05,127.72508239746094,206.16419982910156,249.8024444580078,326.3699951171875,97.84220123291016,104.85710906982422,296.49114990234375,198.52806091308594,162.02784729003906,186.27737426757812,277.5970153808594,484.377685546875,190.9438934326172,369.5650634765625,282.3357849121094,109.70222473144531,187.94540405273438,332.4541015625,728.4099731445312,322.76751708984375,4219.41015625,147.6278076171875,218.76116943359375,44.87826156616211,1081.6748046875,499.7699890136719,148.02059936523438,64.5177001953125,419.3055419921875,91.7369384765625,31.070703506469727,83.05313110351562,395.5545654296875,69.38239288330078,290.8507995605469,65.5428466796875,32.20508575439453,202.9901885986328,70.64698028564453,71.51026916503906,149.1248016357422,246.85000610351562,120.4000015258789,198.74380493164062,176.4150390625,270.6748046875,51.60600662231445,88.24762725830078,307.1871337890625,761.0900268554688,63.92652130126953,46.9697380065918,135.0500030517578,47.659061431884766,317.26287841796875,277.81915283203125,70.70743560791016,57.89105224609375,234.5003662109375,233.56069946289062,21.76192855834961,417.9342346191406,410.4149169921875,129.91888427734375,303.54010009765625,242.23269653320312,172.07049560546875,259.67694091796875,288.85400390625,27.71695899963379,90.12511444091797,25.562387466430664,66.08832550048828,139.0795440673828,276.47100830078125,269.2281494140625,464.76141357421875,455.0120544433594,580.6019287109375,138.81069946289062,263.0475158691406,685.43212890625,89.9745101928711,77.30323028564453,620.1617431640625,153.1527099609375,177.80377197265625,144.8072967529297,491.884765625,1305.7099609375,72.30984497070312,166.79786682128906,8502.0,230.17654418945312,104.83999633789062,85.68109893798828,129.7262725830078,142.19227600097656,23.249462127685547,77.90287017822266,155.44874572753906,228.98280334472656,753.8111572265625,155.9037322998047,34.853599548339844,128.44468688964844,213.89999389648438,157.4314422607422,346.3482666015625,571.1209716796875,26.24310302734375,308.690185546875,336.3078918457031,227.11260986328125,155.7317657470703,369.7831115722656,35.146610260009766,598.1400146484375,505.6902770996094,78.82858276367188,110.11454772949219,186.619140625,388.3559875488281,28.25751495361328,207.3009796142578,45.051143646240234,138.0155487060547,248.9595184326172,103.24539947509766,411.8995056152344,307.1636047363281,216.76390075683594,81.07070922851562,46.92937469482422,340.4968566894531,293.1678466796875,41.54228973388672,192.48001098632812,105.13428497314453,216.58865356445312,199.6090850830078,106.84075164794922,150.4308624267578
2025-09-08,127.1100082397461,203.47752380371094,250.40992736816406,326.7900085449219,97.21993255615234,104.31396484375,296.43170166015625,197.32623291015625,161.33094787597656,187.48974609375,274.2204895019531,487.5060119628906,186.43795776367188,369.0364685058594,281.4104309082031,109.79161834716797,187.04132080078125,343.13580322265625,740.6099853515625,321.96612548828125,4242.8798828125,147.8052520751953,221.3000946044922,44.93733596801758,1087.35302734375,493.7799987792969,148.73318481445312,64.61618041992188,419.00823974609375,89.57112884521484,31.060861587524414,82.13607025146484,393.1308898925781,68.5484390258789,296.1805725097656,65.52323913574219,32.1060905456543,201.28289794921875,70.02726745605469,68.09856414794922,149.4547576904297,250.60000610351562,117.16999816894531,197.1753692626953,176.66317749023438,272.4459228515625,50.51607131958008,87.90137481689453,301.81982421875,753.052978515625,63.524654388427734,47.16547775268555,135.2100067138672,47.768577575683594,317.1253356933594,274.6551818847656,71.66091918945312,57.821510314941406,233.70193481445312,235.64649963378906,21.436975479125977,415.2822570800781,411.38470458984375,128.90257263183594,305.965087890625,249.6011505126953,171.6952667236328,260.1060791015625,287.4115905761719,26.73017692565918,90.51246643066406,25.456636428833008,65.57291412353516,139.58926391601562,275.02252197265625,270.7107238769531,469.8196716308594,450.3138122558594,582.9671630859375,138.0946807861328,266.396484375,694.984619140625,90.06167602539062,77.39073181152344,624.5941162109375,151.87069702148438,178.70127868652344,145.4917755126953,495.06463623046875,1314.6500244140625,72.5446548461914,168.08612060546875,8543.0,235.79249572753906,106.4000015258789,86.04548645019531,129.71670532226562,137.64649963378906,22.94108772277832,77.63987731933594,154.46762084960938,230.9359130859375,755.4210815429688,157.03285217285156,34.55313491821289,127.13632202148438,212.72999572753906,157.82542419433594,345.1585998535156,556.2398071289062,26.2528133392334,305.6925354003906,341.16802978515625,225.53085327148438,152.46922302246094,372.5632019042969,35.107357025146484,609.0800170898438,513.0303955078125,77.17640686035156,108.8471908569336,187.69029235839844,389.14788818359375,27.598587036132812,206.43698120117188,44.557247161865234,139.58143615722656,239.24777221679688,103.87965393066406,412.994384765625,311.89678955078125,213.76300048828125,80.38430786132812,46.78512954711914,339.5841369628906,297.2449951171875,40.55006790161133,190.23817443847656,104.71487426757812,215.59461975097656,200.43740844726562,107.44718170166016,148.89044189453125
2025-09-09,125.2449722290039,204.08859252929688,246.90220642089844,325.19000244140625,97.14159393310547,105.09957885742188,295.8172912597656,197.13905334472656,162.77452087402344,186.30718994140625,274.00518798828125,488.3970031738281,187.36224365234375,365.416015625,279.6864013671875,115.99931335449219,187.78189086914062,334.22113037109375,731.97998046875,320.9074401855469,4291.1201171875,146.96432495117188,221.38475036621094,44.75025939941406,1088.091064453125,492.7200012207031,149.38638305664062,62.50859832763672,414.360107421875,90.16267395019531,31.070703506469727,82.22386932373047,390.5390319824219,68.76177978515625,296.98602294921875,65.97391510009766,31.878385543823242,200.57814025878906,69.62396240234375,69.54271697998047,150.27967834472656,256.5299987792969,115.41000366210938,192.9068603515625,173.3680877685547,267.8054504394531,51.90929412841797,87.75297546386719,308.60723876953125,766.8546752929688,63.74473571777344,46.88164520263672,136.41000366210938,47.49976348876953,315.7593994140625,274.84423828125,71.8992919921875,57.63274002075195,239.4706268310547,234.65280151367188,21.417280197143555,410.6139221191406,406.87841796875,129.09991455078125,269.1365051269531,252.5446014404297,171.2707061767578,255.71701049804688,292.25885009765625,26.710830688476562,91.38375091552734,25.610450744628906,65.99108123779297,134.73696899414062,275.9154357910156,267.5675964355469,468.6417236328125,448.3031005859375,580.38330078125,138.83934020996094,262.35186767578125,703.5300903320312,91.10767364501953,77.0893325805664,611.7752075195312,150.96340942382812,180.6639404296875,148.8457489013672,495.2733154296875,1285.31005859375,72.00656127929688,170.53285217285156,8276.25,238.7883758544922,106.91999816894531,86.67578887939453,128.73971557617188,138.9966278076172,23.09060287475586,77.99052429199219,154.90476989746094,228.41941833496094,750.511962890625,158.9822540283203,34.630672454833984,129.16720581054688,204.02999877929688,156.26922607421875,339.5052490234375,554.3373413085938,26.039215087890625,306.4840087890625,339.4654846191406,226.46014404296875,150.02728271484375,358.8116455078125,35.107357025146484,604.3699951171875,514.7596435546875,78.0608139038086,109.23715209960938,190.0210418701172,388.80145263671875,28.095172882080078,207.2115936279297,43.859981536865234,138.71920776367188,239.07049560546875,104.23641967773438,407.5001220703125,338.8451232910156,212.5724639892578,80.46057891845703,47.4775276184082,341.2607421875,290.8110656738281,40.784080505371094,189.371337890625,104.90994262695312,215.702880859375,199.8260040283203,108.22969055175781,146.9673614501953
2025-09-10,123.13192749023438,205.27188110351562,238.2014923095703,323.79998779296875,97.22972869873047,105.08018493652344,290.5450744628906,197.05039978027344,162.69488525390625,186.23764038085938,272.5762939453125,487.0704345703125,186.55348205566406,361.41656494140625,280.03704833984375,118.28373718261719,185.28121948242188,366.8818054199219,747.5499877929688,319.92791748046875,4252.89990234375,145.37503051757812,217.5298614501953,46.19762420654297,1085.355224609375,490.0799865722656,147.75335693359375,61.55329132080078,419.1370849609375,89.71424865722656,30.864025115966797,81.17021179199219,400.9163513183594,69.06238555908203,294.6492614746094,66.74788665771484,31.729883193969727,199.9130859375,68.03042602539062,71.69442749023438,153.1328887939453,257.42999267578125,114.12999725341797,191.17959594726562,174.3208770751953,266.2519836425781,52.66750717163086,86.49653625488281,302.0782165527344,767.8974609375,63.01753234863281,46.950164794921875,132.13999938964844,47.539588928222656,317.4495849609375,281.9779968261719,74.42208862304688,56.967098236083984,239.09136962890625,232.15377807617188,22.2542781829834,391.7022399902344,404.8114318847656,129.49459838867188,269.68853759765625,250.3711395263672,170.05624389648438,256.0779113769531,294.8984069824219,26.546367645263672,92.867431640625,26.321853637695312,65.95218658447266,133.8841552734375,270.7862243652344,272.4403991699219,467.9092102050781,454.982666015625,575.7919311523438,135.04925537109375,260.7817687988281,704.2281494140625,89.41277313232422,77.031005859375,614.2752685546875,151.44662475585938,179.19439697265625,150.70362854003906,497.2209777832031,1252.8699951171875,72.64248657226562,177.09413146972656,8335.8896484375,324.62994384765625,105.11000061035156,86.30154418945312,127.45625305175781,138.56924438476562,22.959779739379883,77.99052429199219,152.8550262451172,231.37725830078125,760.4891967773438,159.53233337402344,34.95591735839844,128.31773376464844,204.5,156.5548553466797,335.7593078613281,553.64013671875,26.2528133392334,309.2442321777344,335.941650390625,225.90650939941406,153.24038696289062,354.9095764160156,35.48021697998047,387.7799987792969,507.41015625,79.70327758789062,107.9892807006836,191.4591522216797,379.1101379394531,27.885080337524414,208.89988708496094,43.69534683227539,138.61021423339844,236.7656707763672,104.3553466796875,415.37322998046875,337.7348327636719,211.726318359375,79.93624877929688,47.31404495239258,335.4372863769531,292.7899169921875,40.70920181274414,188.9030303955078,106.69485473632812,214.2560577392578,199.85560607910156,110.03923034667969,146.60433959960938
2025-09-11,125.72114562988281,213.5937042236328,239.22048950195312,324.5199890136719,98.22856140136719,105.4681396484375,297.9082946777344,199.4540557861328,169.39500427246094,190.8287353515625,276.7064208984375,495.9505615234375,189.23974609375,371.27056884765625,286.8747863769531,118.66116333007812,189.3111572265625,357.01416015625,751.1099853515625,325.83477783203125,4354.5400390625,147.01832580566406,218.45126342773438,46.24686050415039,1116.1478271484375,496.9100036621094,150.900634765625,61.356319427490234,427.5315246582031,91.19310760498047,31.956472396850586,82.00923156738281,406.6144714355469,69.4987564086914,301.09271240234375,66.31681823730469,32.52189636230469,202.9901885986328,69.39772033691406,72.37289428710938,153.57933044433594,260.19000244140625,117.87000274658203,193.73077392578125,176.76242065429688,271.98089599609375,53.2835578918457,85.8831558227539,310.09429931640625,784.5027465820312,64.00308227539062,46.323768615722656,135.6999969482422,49.35157012939453,323.90570068359375,280.1373596191406,74.95842742919922,58.328189849853516,240.30899047851562,237.28956604003906,21.96871566772461,400.135009765625,414.7938537597656,131.44827270507812,274.75543212890625,250.4978485107422,173.9464874267578,259.8037414550781,299.82415771484375,26.69148063659668,95.52112579345703,26.5045108795166,65.75769805908203,137.32484436035156,277.5127258300781,277.3724670410156,478.6888427734375,461.71124267578125,585.083984375,137.56005859375,266.2673034667969,717.7393188476562,91.28199005126953,78.11019134521484,628.6080322265625,157.26504516601562,179.805908203125,153.01132202148438,497.8569641113281,1282.719970703125,72.72074890136719,176.9443359375,8532.98046875,304.3906555175781,107.81999969482422,88.02501678466797,129.74542236328125,140.09422302246094,23.23077392578125,79.94832611083984,154.09848022460938,233.62144470214844,764.8516235351562,162.0318145751953,35.1414909362793,129.3917694091797,207.02999877929688,159.07627868652344,344.34259033203125,565.9613647460938,26.2528133392334,312.9740295410156,346.9783630371094,229.56436157226562,155.86029052734375,366.0597839355469,35.352657318115234,438.1000061035156,517.7389526367188,81.1222152709961,110.10481262207031,195.1982879638672,384.8714599609375,28.162019729614258,210.9357452392578,43.869667053222656,139.571533203125,237.76048278808594,105.91127014160156,412.9446105957031,344.38665771484375,212.56260681152344,80.69890594482422,47.429443359375,340.7646789550781,299.9697265625,41.3176383972168,191.48362731933594,107.0167236328125,217.021728515625,200.69381713867188,109.68710327148438,147.7719268798828
2025-09-12,122.25891876220703,211.77027893066406,233.7237548828125,319.04998779296875,98.6986083984375,106.16648864746094,294.6082458496094,197.40505981445312,167.05545043945312,188.74185180664062,270.50146484375,492.0995178222656,187.8243865966797,370.97137451171875,285.2189025878906,117.87651824951172,187.69534301757812,357.2523498535156,756.1300048828125,321.8671875,4322.14990234375,144.1483154296875,216.87466430664062,45.77425003051758,1105.5489501953125,493.739990234375,150.67300415039062,60.73585891723633,427.6702880859375,91.0118179321289,31.01165199279785,81.24826049804688,405.8625793457031,69.5084457397461,300.8143005371094,65.18035125732422,32.14569091796875,200.87591552734375,68.0402603149414,72.6733627319336,152.4729766845703,257.9800109863281,118.5,188.65821838378906,171.6808624267578,269.7447204589844,53.26460266113281,82.75688934326172,307.011962890625,775.777099609375,63.572509765625,46.44121551513672,134.32000732421875,48.67374801635742,320.495849609375,280.2666931152344,76.51777648925781,58.11955642700195,240.90782165527344,235.11695861816406,21.889938354492188,402.3996276855469,414.0787048339844,130.757568359375,272.50787353515625,247.01829528808594,171.77427673339844,256.867919921875,301.1488342285156,26.343202590942383,95.99311828613281,26.51412582397461,65.16448974609375,134.56053161621094,275.7567138671875,275.95904541015625,477.154541015625,462.2801208496094,576.8154907226562,135.75570678710938,264.8362731933594,709.38330078125,91.06891632080078,78.57687377929688,613.40869140625,155.6871795654297,177.80377197265625,152.92332458496094,506.6910095214844,1259.5400390625,71.41954803466797,177.59349060058594,8414.8203125,288.8873291015625,107.5,87.7098617553711,129.41018676757812,139.414306640625,22.305654525756836,80.55221557617188,153.3893280029297,233.13316345214844,754.0298461914062,160.30435180664062,35.31729507446289,127.6928482055664,205.11000061035156,159.39146423339844,330.76470947265625,557.793701171875,26.36931610107422,311.7769470214844,341.42535400390625,225.87686157226562,154.0807342529297,357.540771484375,34.90130615234375,425.45001220703125,511.4890441894531,81.57899475097656,109.61736297607422,194.385009765625,379.4764099121094,28.23841667175293,208.37353515625,43.772823333740234,138.23361206054688,238.08551025390625,105.51485443115234,398.9004211425781,343.31536865234375,211.45082092285156,80.41291046142578,47.24673080444336,336.7369079589844,293.297119140625,41.15850830078125,188.1358184814453,107.79700469970703,215.52503967285156,194.21502685546875,109.70665740966797,145.40733337402344
2025-09-15,124.62989807128906,211.062255859375,233.06729125976562,321.07000732421875,98.38524627685547,105.81732177734375,286.799072265625,193.95718383789062,170.1715545654297,188.68214416503906,268.5538330078125,482.76397705078125,185.34034729003906,362.8427734375,282.00457763671875,118.43272399902344,185.47357177734375,361.4416809082031,760.7899780273438,323.7965393066406,4233.2998046875,143.2996826171875,220.907958984375,45.56747817993164,1097.3809814453125,491.5400085449219,148.72328186035156,60.3123779296875,432.05084228515625,90.28142547607422,30.745922088623047,80.1263198852539,409.75042724609375,69.4114761352539,289.7569885253906,65.660400390625,32.17538833618164,198.23556518554688,67.4697265625,71.20011138916016,152.6670684814453,258.0899963378906,118.66000366210938,187.1592559814453,170.64866638183594,267.7559509277344,52.942359924316406,86.46686553955078,302.2358093261719,778.797119140625,62.462562561035156,46.74462127685547,132.64999389648438,48.40460968017578,321.3114929199219,285.33099365234375,77.45140838623047,58.56663131713867,251.26751708984375,232.89495849609375,21.4566707611084,400.452880859375,414.0982971191406,129.71168518066406,271.50238037109375,249.74734497070312,170.05624389648438,257.3653564453125,303.1014404296875,25.87883949279785,98.4715576171875,26.302627563476562,64.88031768798828,131.12962341308594,273.226806640625,278.61785888671875,471.89837646484375,464.18292236328125,579.3497314453125,134.23776245117188,263.4847717285156,700.8677978515625,90.48782348632812,78.22686004638672,608.6478271484375,154.49391174316406,177.46844482421875,153.1677703857422,512.1166381835938,1260.1300048828125,71.44889831542969,177.52359008789062,8277.9501953125,298.7351379394531,106.30000305175781,88.27122497558594,126.40265655517578,136.607177734375,22.399099349975586,80.79573059082031,152.34988403320312,230.66360473632812,755.2025146484375,155.99058532714844,35.13172149658203,128.08338928222656,204.14999389648438,158.7906494140625,324.2461853027344,570.3341064453125,26.116886138916016,312.4001770019531,342.9200134277344,225.5407257080078,156.57211303710938,354.54217529296875,34.1163444519043,419.20001220703125,511.26348876953125,81.04446411132812,109.3053970336914,209.39108276367188,373.3092041015625,28.28616714477539,209.69436645507812,43.366085052490234,139.9084930419922,236.1352996826172,109.18165588378906,400.5626525878906,340.9534606933594,212.76925659179688,80.09830474853516,47.40059280395508,336.35992431640625,292.39215087890625,41.06489944458008,187.6575469970703,108.23592376708984,213.51954650878906,198.27781677246094,109.89250183105469,143.4940643310547
2025-09-16,126.177490234375,209.75286865234375,232.0286865234375,318.510009765625,96.51487731933594,103.62531280517578,288.8405456542969,193.37596130371094,172.76995849609375,186.4027557373047,267.2619934082031,481.25927734375,187.48739624023438,355.6318359375,277.55322265625,118.39791870117188,184.93495178222656,357.38140869140625,750.6699829101562,323.5788879394531,4223.93017578125,143.66226196289062,217.5377960205078,46.50285720825195,1101.100830078125,490.989990234375,146.8428192138672,60.007076263427734,436.7386474609375,90.28142547607422,30.70655632019043,79.4921875,410.97711181640625,67.84056091308594,288.3648986816406,65.57223510742188,32.14569091796875,197.8186492919922,68.0402603149414,71.2195053100586,154.8312225341797,263.0899963378906,118.69000244140625,189.0751190185547,171.27394104003906,261.9041442871094,52.29787826538086,87.57489013671875,305.2787170410156,766.62841796875,61.95543670654297,46.24546813964844,132.75,48.593997955322266,320.74151611328125,291.4897155761719,78.16651916503906,58.07981491088867,250.92816162109375,233.72451782226562,22.0770320892334,397.76629638671875,412.86395263671875,127.92574310302734,268.4464416503906,250.99490356445312,169.70968627929688,255.3854217529297,303.3860168457031,26.081998825073242,98.63685607910156,26.15842628479004,64.90970611572266,131.16880798339844,271.9271545410156,280.9701843261719,466.691650390625,465.232421875,582.788330078125,133.0730743408203,266.21759033203125,691.4647827148438,91.22388458251953,76.54488372802734,607.3330078125,154.33612060546875,180.4765625,152.35618591308594,505.8364562988281,1276.0999755859375,71.17496490478516,174.65724182128906,8209.98046875,303.1943054199219,105.38999938964844,87.85759735107422,126.06741333007812,136.01466369628906,22.333688735961914,78.01000213623047,153.53504943847656,230.0251007080078,749.3294067382812,157.2644805908203,34.662906646728516,129.89950561523438,204.9499969482422,161.66664123535156,316.29217529296875,572.7943115234375,25.786785125732422,311.30206298828125,338.7825012207031,222.7627410888672,156.7797393798828,350.6898193359375,34.5775146484375,425.9700012207031,508.7259216308594,80.37386322021484,107.71630096435547,209.40103149414062,372.8241271972656,28.00922393798828,211.0946502685547,43.15303421020508,138.302978515625,234.0471649169922,108.51766967773438,398.1240539550781,333.005126953125,212.5232696533203,81.22322845458984,46.53509521484375,337.3321838378906,290.33367919921875,40.943214416503906,186.9700469970703,106.0121078491211,211.29673767089844,193.33741760253906,112.17153930664062,144.68128967285156
2025-09-17,125.71123504638672,214.1659393310547,236.3692626953125,319.2799987792969,96.91637420654297,104.28485870361328,290.0297546386719,194.3118133544922,177.33961486816406,185.38746643066406,268.85723876953125,481.2988586425781,189.8848114013672,357.05804443359375,283.0857849121094,117.77131652832031,185.18502807617188,343.6520690917969,751.8099975585938,332.44403076171875,4232.56982421875,144.71151733398438,220.66439819335938,45.764400482177734,1113.7860107421875,492.3299865722656,147.14962768554688,59.800254821777344,446.6395568847656,91.46819305419922,30.69671630859375,80.21411895751953,407.35638427734375,68.24783325195312,287.4500732421875,66.34620666503906,32.44268798828125,198.50357055664062,68.8862075805664,71.72350311279297,155.36500549316406,259.25,118.68000030517578,191.52703857421875,170.162353515625,263.1934814453125,52.65802764892578,87.2286376953125,303.78192138671875,766.1070556640625,61.84061813354492,46.118228912353516,134.17999267578125,47.876304626464844,319.64093017578125,288.0372314453125,76.35885620117188,58.348060607910156,249.3612518310547,231.26548767089844,21.90963363647461,397.4080505371094,408.504638671875,128.91244506835938,265.55816650390625,252.51539611816406,170.5513153076172,256.0096130371094,305.8979797363281,26.372228622436523,98.56715393066406,26.5045108795166,65.69364929199219,130.3454132080078,273.89154052734375,278.5881652832031,474.99664306640625,464.055419921875,594.9227294921875,133.22581481933594,260.4140319824219,690.2581787109375,91.60160064697266,76.49626922607422,607.2632446289062,153.0146484375,182.14334106445312,153.9207305908203,506.81024169921875,1273.9599609375,70.7444839477539,170.0730743408203,8137.31005859375,298.0133361816406,104.55000305175781,88.28107452392578,126.87200164794922,137.1802520751953,22.473857879638672,78.760009765625,155.74990844726562,228.74806213378906,733.8768310546875,160.48773193359375,34.78010940551758,129.99716186523438,203.97999572753906,162.76976013183594,317.6391296386719,583.1931762695312,26.146013259887695,302.8531799316406,341.1581115722656,223.69203186035156,156.51280212402344,347.7210388183594,34.1359748840332,425.3999938964844,511.3668518066406,80.32527160644531,108.89594268798828,211.6127471923828,373.0815124511719,28.209768295288086,212.3558807373047,43.9471435546875,138.78857421875,235.8496551513672,108.89425659179688,397.098876953125,334.79864501953125,213.67445373535156,80.25084686279297,47.70832824707031,343.4532165527344,290.6220703125,41.38316345214844,184.97731018066406,106.56806182861328,213.0552215576172,193.8797607421875,112.76819610595703,144.1612548828125
2025-09-18,126.60406494140625,215.31045532226562,234.71337890625,323.0400085449219,96.61280822753906,103.23735046386719,294.0730895996094,202.61624145507812,188.91799926757812,187.8261260986328,269.953369140625,486.466552734375,185.8506317138672,351.83184814453125,284.8585510253906,121.41157531738281,186.2333984375,342.8380126953125,766.469970703125,338.0540466308594,4132.830078125,145.3287353515625,216.2611846923828,46.552085876464844,1119.0509033203125,490.5,148.4956512451172,60.174495697021484,462.79412841796875,89.69286346435547,30.95260238647461,79.54095458984375,421.8094482421875,68.05389404296875,289.2001647949219,67.28673553466797,33.09609603881836,198.03701782226562,69.11245727539062,72.13057708740234,154.15191650390625,268.07000732421875,115.43000030517578,193.8399658203125,171.50222778320312,262.6678161621094,52.67698669433594,87.06045532226562,310.96087646484375,772.5209350585938,62.07026290893555,46.216102600097656,132.8699951171875,48.67374801635742,318.9432678222656,295.5888977050781,79.08029174804688,58.874610900878906,251.8363800048828,234.29727172851562,22.0179500579834,399.06976318359375,408.974853515625,129.66233825683594,261.09259033203125,258.28533935546875,169.44236755371094,257.09228515625,307.35015869140625,26.31418228149414,104.22504425048828,26.60064697265625,65.12528991699219,130.2473602294922,274.9629821777344,279.4481201171875,471.17578125,464.54583740234375,582.420654296875,134.1709442138672,262.30218505859375,688.154296875,92.57980346679688,76.87545013427734,617.9306640625,153.25132751464844,182.488525390625,155.71014404296875,505.2501525878906,1287.0999755859375,70.53903198242188,176.01551818847656,8178.47998046875,293.27734375,103.69000244140625,88.98030853271484,125.57893371582031,136.694580078125,22.567302703857422,79.65611267089844,152.82591247558594,227.2362823486328,750.9691772460938,156.10638427734375,34.750816345214844,128.24940490722656,206.19000244140625,165.59654235839844,320.3330383300781,596.3511962890625,26.60232925415039,310.62933349609375,345.01849365234375,224.1270294189453,156.3941650390625,347.0756530761719,34.0869140625,480.1099853515625,477.25067138671875,80.1600570678711,110.37777709960938,214.8658905029297,374.03179931640625,27.885080337524414,215.8118896484375,44.62504196166992,138.67958068847656,235.2389678955078,112.28357696533203,400.6123962402344,328.14404296875,216.81309509277344,81.08023834228516,48.28532791137695,335.4968566894531,296.9168395996094,40.877689361572266,189.68019104003906,106.77288055419922,213.3120880126953,196.8479766845703,111.43794250488281,144.32806396484375
2025-09-19,125.31440734863281,215.7760009765625,234.86033630371094,322.6700134277344,97.07305145263672,103.83869171142578,296.9569396972656,202.9708709716797,189.25650024414062,186.99996948242188,279.32928466796875,484.6152648925781,186.1202392578125,350.3956298828125,282.61822509765625,123.27149200439453,185.58900451660156,342.43096923828125,774.530029296875,337.50982666015625,4140.35986328125,144.3026123046875,216.3231658935547,46.61116409301758,1124.679931640625,492.8500061035156,148.0601806640625,59.47525405883789,462.37786865234375,90.31037139892578,30.037311553955078,79.18973541259766,419.0889892578125,67.99571228027344,288.384765625,66.82626342773438,32.65059280395508,198.65245056152344,65.84668731689453,72.61519622802734,151.5995330810547,265.2900085449219,113.79000091552734,191.8744659423828,170.0531768798828,263.31256103515625,52.73385238647461,86.86258697509766,308.9322204589844,778.3741455078125,62.242496490478516,46.56845474243164,131.8000030517578,48.474388122558594,318.46173095703125,299.6184387207031,79.02069091796875,58.596431732177734,254.74070739746094,232.19378662109375,22.1656551361084,400.3036193847656,407.2213134765625,129.2084503173828,249.06610107421875,259.6498718261719,168.09576416015625,255.4049072265625,308.87103271484375,26.227113723754883,104.037841796875,26.360309600830078,65.09588623046875,124.80691528320312,275.0820617675781,280.6440734863281,474.1552734375,463.87890625,580.5422973632812,134.4764404296875,266.8436584472656,696.3108520507812,92.08585357666016,76.96294403076172,616.1079711914062,154.43475341796875,182.9126434326172,156.3653106689453,514.6705322265625,1265.5899658203125,69.355224609375,176.4449462890625,8094.7001953125,305.181640625,103.93000030517578,87.80835723876953,124.5157699584961,137.69505310058594,22.455169677734375,79.58793640136719,151.5824432373047,227.5555419921875,750.94921875,157.2548065185547,34.85824203491211,126.65787506103516,205.9499969482422,164.33583068847656,323.0761413574219,589.6575927734375,26.36931610107422,309.1156311035156,344.2860107421875,224.35440063476562,156.443603515625,344.3352355957031,33.782737731933594,495.5,476.6492004394531,80.85979461669922,110.65074920654297,219.41831970214844,373.0320129394531,27.70363426208496,214.6797637939453,44.537879943847656,138.53091430664062,234.58889770507812,113.16559600830078,404.6833190917969,329.97674560546875,217.05906677246094,80.13643646240234,48.477664947509766,338.89959716796875,296.1312561035156,40.69983673095703,188.01626586914062,107.40687561035156,213.78628540039062,195.49700927734375,110.35221862792969,143.13104248046875
2025-09-22,125.32433319091797,215.8923797607422,235.1444854736328,324.3900146484375,97.03387451171875,103.82899475097656,297.36322021484375,203.38462829589844,199.63026428222656,187.57728576660156,279.9067077636719,489.4067687988281,186.02395629882812,352.5299987792969,280.02728271484375,123.02283477783203,185.6370849609375,336.9019775390625,775.9199829101562,337.371337890625,4121.0,143.92459106445312,216.827392578125,46.93608093261719,1118.1455078125,493.7099914550781,145.9521026611328,59.396461486816406,467.8882751464844,90.96647644042969,30.224306106567383,77.42390441894531,420.2859802246094,68.30601501464844,287.1617431640625,66.37560272216797,32.8683967590332,201.0942840576172,67.04676055908203,72.81874084472656,151.4442596435547,262.75,113.22000122070312,189.06520080566406,168.96144104003906,264.9093933105469,51.425926208496094,86.33824157714844,313.048583984375,785.0831298828125,62.47213363647461,46.118228912353516,130.47999572753906,48.165374755859375,317.0663757324219,299.4990234375,78.6234130859375,58.49708938598633,252.38531494140625,233.43812561035156,22.26412582397461,405.2190856933594,403.6064758300781,128.97164916992188,254.20201110839844,264.49395751953125,168.4423065185547,254.45884704589844,306.5749816894531,25.104890823364258,106.67063903808594,26.12958335876465,64.88031768798828,119.50371551513672,276.6991882324219,281.0196228027344,472.9179382324219,471.1861572265625,580.8702392578125,134.84877014160156,262.4512939453125,695.004638671875,91.64035034179688,78.73243713378906,617.3629760742188,151.7326202392578,184.67803955078125,157.14756774902344,511.21240234375,1258.050048828125,69.73677825927734,183.37611389160156,7925.22998046875,324.4519958496094,103.44999694824219,87.97577667236328,124.89888000488281,136.98599243164062,22.464513778686523,80.07494354248047,148.6973114013672,226.43814086914062,755.1925048828125,156.31871032714844,34.85824203491211,126.51142120361328,205.92999267578125,167.16256713867188,323.7054138183594,593.3330688476562,25.786785125732422,304.36688232421875,341.8509826660156,223.68214416503906,157.62008666992188,343.94805908203125,33.282325744628906,514.7899780273438,475.1548156738281,80.05315399169922,110.47526550292969,227.4519805908203,374.4079895019531,27.617687225341797,217.08306884765625,43.956825256347656,138.16424560546875,233.869873046875,112.8583755493164,405.72845458984375,334.49481201171875,222.21473693847656,80.29851531982422,47.59292984008789,341.6278076171875,297.2251281738281,40.400299072265625,197.24270629882812,107.15327453613281,214.36915588378906,193.92906188964844,109.56971740722656,141.92422485351562
2025-09-23,124.93743896484375,215.91180419921875,230.74513244628906,324.8599853515625,98.81611633300781,104.88619995117188,301.6246032714844,204.6356964111328,199.9786834716797,185.81546020507812,280.699462890625,489.1791076660156,187.0541534423828,352.1410217285156,269.4004821777344,124.7236099243164,186.97396850585938,337.0511169433594,777.5800170898438,337.85614013671875,4120.0,143.9014434814453,218.8891143798828,48.17668151855469,1113.75634765625,494.1000061035156,153.02850341796875,58.83509826660156,467.0557556152344,91.03401184082031,30.224306106567383,78.19462585449219,419.6033935546875,69.3241958618164,300.6949462890625,66.16986083984375,33.72970962524414,199.1090545654297,66.56476593017578,74.14659118652344,152.7738037109375,265.75,112.02999877929688,188.3306121826172,167.82008361816406,263.6398620605469,52.449520111083984,86.783447265625,318.79962158203125,790.2083740234375,62.845306396484375,46.9697380065918,129.82000732421875,48.28499221801758,317.5970153808594,304.08575439453125,80.45093536376953,58.199039459228516,251.84637451171875,234.43553161621094,23.898731231689453,407.41815185546875,402.5386962890625,130.05702209472656,254.64559936523438,265.3419189453125,166.43231201171875,254.7807159423828,306.86932373046875,25.636980056762695,106.66566467285156,26.408376693725586,65.37027740478516,120.81724548339844,277.73095703125,282.867919921875,475.0758361816406,477.3458251953125,566.440185546875,134.72467041015625,260.2053527832031,739.187744140625,91.96963500976562,78.09075164794922,612.9406127929688,154.12901306152344,188.2483367919922,157.1964569091797,506.0252380371094,1257.030029296875,69.39436340332031,178.2027130126953,7980.10986328125,310.2933349609375,103.7300033569336,87.76895904541016,123.84529113769531,137.83103942871094,22.548614501953125,80.26001739501953,148.14358520507812,224.0531005859375,755.4111328125,158.04615783691406,35.46379852294922,129.15745544433594,204.02999877929688,166.97543334960938,325.03271484375,565.652587890625,25.95183563232422,307.3348083496094,339.2477111816406,224.93768310546875,158.71746826171875,342.0019836425781,33.84161376953125,490.32000732421875,466.8748474121094,83.62964630126953,110.11454772949219,226.2617950439453,369.7553405761719,27.49354362487793,218.1457061767578,44.25703430175781,138.47145080566406,235.88905334472656,115.09809875488281,403.26995849609375,340.7574462890625,224.31044006347656,80.4701156616211,47.458290100097656,336.0127258300781,295.9323425292969,40.57815170288086,193.80520629882812,109.0064697265625,215.5941925048828,197.597412109375,111.45750427246094,139.92266845703125
2025-09-24,123.38984680175781,213.37063598632812,234.25286865234375,323.5199890136719,98.75735473632812,105.60394287109375,301.8128967285156,206.2906951904297,200.54617309570312,185.30783081054688,273.2711486816406,486.9615478515625,185.7543487548828,352.80926513671875,265.2121276855469,122.46585083007812,185.40625,337.4190673828125,698.02001953125,336.8766784667969,4176.89013671875,143.538818359375,219.5478973388672,49.10220718383789,1110.0462646484375,497.0899963378906,152.98892211914062,58.096458435058594,465.5989074707031,90.41649627685547,29.889684677124023,79.15071105957031,413.48980712890625,69.48906707763672,306.621337890625,65.9543228149414,33.48220443725586,198.5631103515625,67.24349212646484,74.03028869628906,154.4818572998047,260.739990234375,111.2300033569336,184.54852294921875,166.03359985351562,264.82012939453125,52.16518783569336,84.41896057128906,321.4092712402344,776.9378662109375,62.34774398803711,46.52930450439453,130.58999633789062,48.00588607788086,318.009765625,298.78265380859375,79.36833190917969,59.53031921386719,247.34519958496094,233.49737548828125,24.066133499145508,414.55255126953125,401.42193603515625,130.09649658203125,258.2436828613281,260.75128173828125,166.39273071289062,253.16160583496094,307.5365905761719,25.395122528076172,106.41372680664062,26.744848251342773,65.11549377441406,123.20909881591797,277.1456298828125,280.703369140625,469.32470703125,476.9338684082031,565.2874145507812,134.06591796875,260.5035400390625,758.402587890625,92.7250747680664,78.4018783569336,604.384765625,152.46238708496094,190.44769287109375,154.38031005859375,506.9394226074219,1242.280029296875,69.6780776977539,176.74456787109375,8036.6298828125,304.98388671875,103.47000122070312,87.38488006591797,122.85874938964844,138.09329223632812,22.51123809814453,79.71455383300781,148.0658721923828,225.35829162597656,744.0725708007812,157.30307006835938,35.64937210083008,133.36569213867188,203.60000610351562,170.93484497070312,321.5325622558594,574.706787109375,25.883872985839844,308.6803283691406,339.000244140625,224.8091583251953,159.5479736328125,340.5225524902344,33.959354400634766,468.0899963378906,461.217041015625,84.82504272460938,110.12431335449219,221.8680877685547,367.478515625,27.044706344604492,214.07395935058594,44.4410400390625,139.1850128173828,234.81544494628906,112.40250396728516,402.2049560546875,344.7952575683594,226.6521453857422,79.98391723632812,47.2948112487793,335.99285888671875,292.17340087890625,40.41902160644531,191.61317443847656,109.26004791259766,216.76980590820312,197.60726928710938,112.05416107177734,139.00038146972656
2025-09-25,120.91967010498047,211.96424865722656,227.864501953125,320.1700134277344,98.68881225585938,104.61463165283203,300.3560791015625,206.694580078125,198.71434020996094,183.5360870361328,265.4024353027344,487.0209655761719,186.50535583496094,350.7148132324219,258.8808288574219,121.67017364501953,184.25210571289062,334.2269592285156,712.1500244140625,336.57977294921875,4136.06982421875,139.32640075683594,221.5397186279297,49.32866668701172,1129.04931640625,494.9599914550781,147.42677307128906,57.8600959777832,459.5830383300781,90.6770248413086,29.997941970825195,77.7555923461914,409.5921325683594,68.82965850830078,297.1351623535156,66.47356414794922,33.442604064941406,200.55828857421875,65.58110046386719,72.31474304199219,155.97640991210938,262.0799865722656,105.83000183105469,180.13111877441406,164.3463592529297,265.0680847167969,51.22689437866211,83.09326171875,311.876708984375,770.1403198242188,61.64464569091797,46.832706451416016,128.66000366210938,47.5174560546875,318.8056640625,295.67840576171875,78.59361267089844,60.195960998535156,246.08766174316406,233.75411987304688,24.282766342163086,412.8311462402344,399.14923095703125,129.82020568847656,250.81092834472656,274.308837890625,165.63031005859375,251.5327911376953,307.5660400390625,24.91140365600586,105.46078491210938,26.85059928894043,64.65493774414062,121.57205963134766,273.96099853515625,285.8825378417969,468.9782409667969,475.0604553222656,563.7867431640625,132.45252990722656,259.2712097167969,734.4114990234375,91.3304214477539,78.05186462402344,605.6397705078125,150.9141082763672,193.7418212890625,155.4265594482422,503.83905029296875,1209.5400390625,67.74095153808594,177.4636688232422,7906.68994140625,288.0469055175781,104.58000183105469,88.0841064453125,121.34539794921875,135.90780639648438,22.053348541259766,79.38338470458984,147.80357360839844,227.41470336914062,740.4155883789062,158.2681121826172,35.31729507446289,135.79693603515625,202.7100067138672,167.1231689453125,320.0532531738281,553.3213500976562,25.825620651245117,299.65765380859375,336.57513427734375,224.27529907226562,158.6878204345703,337.6828918457031,33.939727783203125,487.20001220703125,455.7659606933594,84.05725860595703,111.37217712402344,218.04962158203125,364.8552551269531,27.025606155395508,212.99147033691406,44.2957763671875,140.19590759277344,234.3623504638672,106.83291625976562,404.5041809082031,338.6698913574219,228.2657470703125,78.72552490234375,47.15056228637695,332.2726135253906,293.1181335449219,40.57815170288086,193.81517028808594,108.499267578125,214.537109375,198.31727600097656,113.06163024902344,138.47055053710938
2025-09-26,122.40774536132812,213.97198486328125,234.1450958251953,322.8800048828125,99.98141479492188,105.85610961914062,301.41650390625,209.5907745361328,203.01516723632812,185.51687622070312,267.16412353515625,494.2873840332031,187.0445098876953,355.1430969238281,259.8548889160156,121.93870544433594,187.4164276123047,332.6656799316406,708.8400268554688,338.06390380859375,4198.02978515625,142.420166015625,220.4379119873047,49.74220275878906,1138.0635986328125,500.0299987792969,152.1278839111328,57.948726654052734,461.6048583984375,91.96026611328125,30.135730743408203,77.6482925415039,413.54913330078125,69.66358947753906,305.26904296875,65.85635375976562,33.67030334472656,202.73211669921875,65.88603210449219,73.43905639648438,155.4329376220703,262.4700012207031,105.7699966430664,183.8105010986328,166.7283477783203,268.7874755859375,52.13675308227539,85.7347640991211,313.75762939453125,777.4789428710938,62.40867614746094,47.664642333984375,129.55999755859375,48.37470245361328,324.6131896972656,293.48956298828125,78.81211853027344,60.841739654541016,246.6964569091797,237.48707580566406,24.72588348388672,417.0003356933594,401.73541259765625,131.3397216796875,252.20077514648438,277.1061096191406,166.07586669921875,254.6051483154297,310.1270446777344,24.891881942749023,105.97758483886719,27.11977767944336,64.35115814208984,123.55218505859375,278.3956604003906,290.1523742675781,469.6018981933594,478.10107421875,561.6301879882812,133.24490356445312,262.5605773925781,758.3726806640625,91.94520568847656,79.35467529296875,611.297119140625,150.69712829589844,195.96092224121094,156.56085205078125,508.2411804199219,1204.4300537109375,67.80943298339844,177.96302795410156,8032.77978515625,280.265625,106.0999984741211,89.00984954833984,122.8012924194336,136.41290283203125,22.202865600585938,80.47430419921875,148.14358520507812,228.62599182128906,746.0203247070312,159.1269989013672,35.8642463684082,136.16796875,202.9600067138672,166.650390625,322.3807067871094,561.6782836914062,25.854745864868164,309.5738525390625,340.0890808105469,225.60995483398438,161.49560546875,339.4800109863281,34.85224914550781,487.760009765625,457.8712158203125,86.09819793701172,112.80526733398438,215.72877502441406,365.30072021484375,27.03515625,215.54376220703125,44.566932678222656,141.8113555908203,233.8994140625,108.07170867919922,413.29296875,337.2193603515625,231.41424560546875,79.81231689453125,47.54484558105469,334.69329833984375,297.62286376953125,40.8215217590332,195.95738220214844,110.0696029663086,216.04864501953125,198.55393981933594,114.6559829711914,140.7958984375
2025-09-29,122.7648696899414,216.4452362060547,242.01295471191406,322.0299987792969,101.40133666992188,106.47685241699219,302.96246337890625,208.13282775878906,204.04058837890625,186.00460815429688,268.13299560546875,494.5843811035156,187.31411743164062,353.68695068359375,263.4588623046875,120.35728454589844,186.16607666015625,326.0726623535156,716.02001953125,338.687255859375,4273.83984375,141.9572296142578,216.73521423339844,49.7717399597168,1156.8699951171875,499.25,152.97903442382812,58.234336853027344,467.402587890625,92.8093490600586,28.935022354125977,78.43852996826172,414.9242248535156,70.56542205810547,306.3330383300781,66.34620666503906,35.472129821777344,202.40457153320312,65.98440551757812,73.24520111083984,151.49278259277344,272.5,103.27999877929688,185.02369689941406,165.3884735107422,270.681884765625,52.34526824951172,88.17839050292969,314.8211669921875,768.9991455078125,62.01215362548828,47.831024169921875,130.4499969482422,48.75349044799805,326.4114990234375,292.50335693359375,79.71595001220703,60.72251510620117,243.88198852539062,242.4742431640625,24.617565155029297,418.83123779296875,398.51239013671875,130.4911651611328,252.47775268554688,272.7103576660156,166.33334350585938,254.936767578125,309.76397705078125,25.05782699584961,105.96166229248047,27.273595809936523,64.71372985839844,125.1598129272461,280.518798828125,293.5030212402344,471.6607666015625,482.5541076660156,564.6215209960938,132.3284149169922,265.154296875,759.6389770507812,91.70124816894531,79.79217529296875,618.7772827148438,151.94956970214844,193.7714080810547,157.5876007080078,511.3613586425781,1191.3599853515625,68.04424285888672,181.61837768554688,8095.14013671875,279.5735168457031,107.55000305175781,89.90605926513672,123.10777282714844,136.15065002441406,22.286964416503906,80.32820129394531,149.1441650390625,229.4898681640625,748.8524780273438,157.29344177246094,36.21585464477539,134.32257080078125,203.83999633789062,162.80917358398438,322.2130432128906,558.5406494140625,25.728530883789062,306.26947021484375,341.0294189453125,226.45025634765625,161.7724151611328,340.48284912109375,34.449954986572266,481.6099853515625,461.78094482421875,87.17697143554688,114.3066177368164,227.26351928710938,366.15203857421875,26.80596351623535,216.27865600585938,44.470088958740234,142.23748779296875,234.38204956054688,110.46007537841797,412.4469299316406,338.2974548339844,232.37844848632812,80.555908203125,47.11209487915039,337.4611511230469,301.33209228515625,40.48454284667969,196.86407470703125,111.40585327148438,216.77969360351562,189.31405639648438,111.72160339355469,140.3641815185547
2025-09-30,127.58393096923828,224.57308959960938,241.62103271484375,317.6700134277344,102.21411895751953,109.11502075195312,306.95623779296875,211.45262145996094,203.83152770996094,187.1293487548828,276.18768310546875,486.32794189453125,186.79931640625,355.64178466796875,265.6406555175781,123.08251190185547,187.48605346679688,328.0714111328125,717.6400146484375,328.6446838378906,4290.240234375,144.4029083251953,214.5284423828125,47.96991729736328,1147.333984375,502.739990234375,155.34442138671875,58.79570770263672,472.8932189941406,93.09879302978516,28.452774047851562,77.98975372314453,417.8326721191406,71.04058837890625,310.7678527832031,67.03199768066406,35.15532302856445,203.7445831298828,65.97455596923828,73.07073974609375,150.7066650390625,271.989990234375,101.37000274658203,197.15573120117188,165.57705688476562,271.6241149902344,52.39265060424805,87.17916870117188,318.19891357421875,770.4945068359375,62.60210037231445,47.997413635253906,128.92999267578125,48.83323287963867,335.0884094238281,299.665771484375,81.47395324707031,60.57349395751953,243.0735626220703,243.15565490722656,24.223684310913086,424.08502197265625,396.93524169921875,131.6160125732422,257.364501953125,275.0105895996094,166.8184814453125,255.90830993652344,309.50885009765625,24.90164566040039,107.40251159667969,27.215913772583008,64.98810577392578,123.55218505859375,284.7947998046875,301.86480712890625,470.1858825683594,489.64556884765625,565.2874145507812,133.39764404296875,258.8141174316406,770.3283081054688,92.9405746459961,80.08385467529297,627.7713623046875,153.03436279296875,190.0926513671875,155.4363555908203,514.6903686523438,1227.6099853515625,68.22034454345703,186.3423309326172,8034.66015625,278.0706481933594,107.80999755859375,90.04393768310547,121.4124526977539,136.41290283203125,23.81014060974121,80.75677490234375,149.26072692871094,231.88430786132812,753.40380859375,156.531005859375,36.29399108886719,132.80917358398438,203.02000427246094,163.85321044921875,319.1163330078125,560.0546875,25.60231590270996,311.15167236328125,345.9786376953125,226.86544799804688,165.43040466308594,343.7991027832031,33.7238655090332,493.3900146484375,457.429443359375,87.44911193847656,113.09774780273438,234.86483764648438,366.77716064453125,26.968307495117188,218.01658630371094,44.276405334472656,143.2483673095703,235.78070068359375,112.20429992675781,419.9915771484375,338.4150695800781,232.56539916992188,79.63117980957031,46.976016998291016,338.67144775390625,305.906494140625,41.13978576660156,199.7436065673828,111.76673126220703,218.16278076171875,192.73585510253906,110.28375244140625,143.56275939941406
2025-10-01,137.7528839111328,237.02674865722656,238.78939819335938,315.7300109863281,101.28382873535156,109.35749816894531,303.09130859375,207.54176330566406,216.7738494873047,186.5719757080078,292.1404113769531,481.7245788574219,187.7706298828125,359.1824645996094,263.4542236328125,123.98760986328125,185.739013671875,331.53204345703125,711.3400268554688,325.082763671875,4247.9599609375,147.31149291992188,212.5930633544922,47.615455627441406,1122.9281005859375,498.20001220703125,156.81495666503906,58.5593376159668,476.5304870605469,92.34622192382812,27.91147232055664,77.08244323730469,420.0881042480469,70.17755126953125,310.01214599609375,67.35530853271484,34.65041732788086,202.13653564453125,65.44338989257812,74.50521087646484,150.01763916015625,267.6400146484375,101.18000030517578,211.69432067871094,165.15028381347656,267.50799560546875,53.34041976928711,85.27967071533203,327.5936279296875,761.355712890625,61.9928092956543,46.705474853515625,126.08999633789062,49.91974639892578,334.8427429199219,299.7255554199219,82.55657196044922,60.94108963012695,245.05966186523438,252.00411987304688,24.519094467163086,423.9556884765625,388.9316711425781,131.13250732421875,244.10899353027344,279.2308654785156,161.0360870361328,255.08395385742188,304.8774719238281,24.989498138427734,112.40819549560547,27.206300735473633,65.4388656616211,125.67935943603516,276.85791015625,296.982177734375,462.07891845703125,489.4395751953125,570.2166748046875,131.74606323242188,260.0264892578125,762.8897094726562,92.52096557617188,79.65606689453125,617.592041015625,153.84303283691406,189.66854858398438,153.41224670410156,516.439208984375,1289.8199462890625,72.59356689453125,187.00149536132812,8036.47998046875,285.7530822753906,105.68000030517578,90.9598388671875,118.7784652709961,139.0354766845703,25.4267635345459,80.88339233398438,148.80413818359375,231.4241943359375,750.4921264648438,155.23785400390625,35.737274169921875,131.4129180908203,202.4199981689453,163.98126220703125,311.6606140136719,597.5763549804688,25.446971893310547,314.9820251464844,345.7707824707031,224.70042419433594,165.3018798828125,338.794921875,34.43033218383789,488.7799987792969,452.69268798828125,87.37568664550781,111.3399429321289,255.5396270751953,361.30029296875,26.30938148498535,220.16171264648438,44.131141662597656,143.0303497314453,229.75271606445312,112.80882263183594,423.4255065917969,341.3552551269531,230.96163940429688,80.4415054321289,46.53862762451172,345.07025146484375,299.9598388671875,41.027462005615234,197.8405303955078,110.20616149902344,217.21437072753906,192.58795166015625,109.54037475585938,144.18089294433594
2025-10-02,137.87216186523438,229.44204711914062,239.4066619873047,320.9100036621094,100.78441619873047,110.04613494873047,305.8958740234375,206.88174438476562,222.59786987304688,185.2680206298828,291.0638427734375,485.7438659667969,185.6823272705078,359.7808837890625,265.317138671875,122.9134292602539,184.5063934326172,336.29534912109375,720.530029296875,326.9824523925781,4253.7099609375,147.82069396972656,215.5328826904297,47.654842376708984,1142.0887451171875,495.9200134277344,157.3412322998047,58.0078239440918,486.1935119628906,92.1050033569336,28.39372444152832,76.3995132446289,427.94287109375,69.65390014648438,306.8302307128906,66.92424011230469,35.214725494384766,201.4119415283203,65.90570068359375,75.0673599243164,148.8433380126953,270.0899963378906,103.80000305175781,209.15853881835938,165.49766540527344,271.7629699707031,51.6439208984375,87.82222747802734,335.05816650390625,760.027587890625,61.393192291259766,47.145904541015625,125.76000213623047,49.620704650878906,335.1375427246094,298.301025390625,81.96062469482422,58.97396469116211,245.9479217529297,254.53224182128906,24.007047653198242,424.5726013183594,386.962646484375,131.1719970703125,253.85275268554688,279.45501708984375,159.39244079589844,255.87887573242188,301.7767639160156,25.126157760620117,113.44278717041016,27.129390716552734,64.77252197265625,125.79698944091797,277.23492431640625,292.66290283203125,464.72186279296875,489.7926940917969,573.754638671875,130.08489990234375,264.73687744140625,756.5280151367188,93.17479705810547,79.07272338867188,625.3709106445312,156.6043243408203,189.59951782226562,151.85748291015625,512.4942626953125,1300.5400390625,72.95555877685547,188.64939880371094,8071.60986328125,285.5256652832031,104.97000122070312,90.8416519165039,118.2133560180664,138.22926330566406,25.30528450012207,82.07170867919922,147.70643615722656,228.7375946044922,753.3938598632812,152.39097595214844,35.55170440673828,131.75465393066406,203.02000427246094,166.30567932128906,315.6942138671875,597.6360473632812,25.43726348876953,319.9039306640625,345.14715576171875,220.64093017578125,164.73837280273438,341.45587158203125,33.468753814697266,471.1499938964844,447.95587158203125,87.39525604248047,113.04864501953125,253.45028686523438,363.5326843261719,25.793699264526367,219.58570861816406,43.927772521972656,141.21670532226562,226.67962646484375,114.5232925415039,421.55426025390625,346.6672058105469,230.7451629638672,81.57597351074219,46.56778335571289,343.2051696777344,301.6801452636719,40.62495422363281,197.15301513671875,109.26980590820312,214.29013061523438,193.41627502441406,108.8556900024414,143.72955322265625
2025-10-03,140.7946014404297,226.87179565429688,240.36688232421875,318.8999938964844,101.58739471435547,110.6280746459961,307.6896057128906,207.6796875,216.5647735595703,182.8990478515625,291.5434265136719,487.0704345703125,184.74989318847656,362.8527526855469,266.1701354980469,121.56076049804688,185.0790252685547,336.4842834472656,715.510009765625,326.7449645996094,4215.080078125,149.3714141845703,215.27464294433594,47.75330352783203,1142.2362060546875,498.75,153.36947631835938,58.746463775634766,493.4085388183594,92.09535217285156,28.11815071105957,76.09708404541016,428.1506042480469,70.14844512939453,301.0529479980469,66.9439468383789,35.65032958984375,201.11415100097656,66.55492401123047,75.10613250732422,149.01803588867188,271.2200012207031,103.05000305175781,213.79258728027344,165.35870361328125,274.3318176269531,52.402130126953125,87.08023071289062,345.1618957519531,766.0676879882812,61.21910858154297,46.8620719909668,127.55999755859375,50.248687744140625,337.66302490234375,295.8604431152344,82.99357604980469,59.738956451416016,245.9678955078125,253.8607177734375,23.93811798095703,427.408447265625,387.0116271972656,131.68507385253906,280.6605224609375,281.063232421875,161.0162811279297,255.16246032714844,304.2102355957031,25.223773956298828,109.68777465820312,27.36011505126953,65.31147766113281,127.50263977050781,274.7546691894531,293.93792724609375,461.99969482421875,494.82440185546875,576.8553466796875,130.50497436523438,265.89959716796875,735.9470825195312,95.3411865234375,80.08385467529297,632.243408203125,156.46624755859375,190.4871368408203,154.0967254638672,514.0940551757812,1314.0400390625,70.37271118164062,187.38101196289062,8178.0,282.9154357910156,104.79000091552734,90.15227508544922,119.3531494140625,137.90875244140625,25.576278686523438,82.05223083496094,147.920166015625,230.80419921875,758.451904296875,149.30300903320312,35.84471130371094,129.87020874023438,203.0,166.6306915283203,309.7178039550781,597.6360473632812,25.621732711791992,319.3382873535156,345.8499450683594,222.2071990966797,164.68893432617188,344.1366882324219,33.61593246459961,469.1700134277344,450.944580078125,89.5096664428711,114.28596496582031,251.5101318359375,367.6006164550781,25.84144401550293,219.31756591796875,44.08272171020508,140.06707763671875,226.80767822265625,113.8890380859375,422.1116638183594,353.01800537109375,232.9884796142578,82.7294921875,46.72330093383789,347.0643310546875,303.00274658203125,40.877689361572266,199.3550262451172,110.49877166748047,217.10569763183594,196.6605987548828,110.78260040283203,143.66087341308594
2025-10-06,140.76478576660156,223.2637176513672,243.15933227539062,323.42999267578125,102.7037353515625,112.17993927001953,306.37158203125,205.7193145751953,222.9164581298828,182.14256286621094,287.8537292480469,488.8623046875,180.2430877685547,364.7378234863281,265.6603088378906,122.7343978881836,182.06053161621094,333.620361328125,721.5900268554688,328.4764404296875,4174.43017578125,148.12158203125,215.34693908691406,48.32437515258789,1160.5208740234375,500.0199890136719,154.09429931640625,58.90403747558594,490.9605712890625,90.6866683959961,28.629928588867188,75.56049346923828,434.165283203125,71.00180053710938,303.57861328125,67.91973114013672,35.887935638427734,197.57049560546875,66.69263458251953,74.47612762451172,149.4741668701172,281.739990234375,102.04000091552734,210.53085327148438,165.26937866210938,277.45611572265625,51.93772888183594,87.71340942382812,344.6104736328125,776.9871215820312,60.17461013793945,46.764198303222656,125.05000305175781,49.86989974975586,340.4930725097656,297.07574462890625,84.76152038574219,57.81156921386719,251.01797485351562,254.43353271484375,23.987354278564453,431.3985290527344,381.3983459472656,130.77731323242188,292.0167541503906,282.086669921875,157.4913787841797,253.8964385986328,304.8511047363281,24.696651458740234,113.48759460449219,26.85059928894043,64.77252197265625,123.89527893066406,272.8795471191406,299.49267578125,463.8012390136719,504.3876037597656,575.2254638671875,129.83668518066406,270.2423095703125,739.167724609375,96.05355834960938,80.06440734863281,633.5780639648438,153.77398681640625,190.86192321777344,154.58563232421875,525.2435302734375,1345.27001953125,69.62915802001953,185.30364990234375,8068.75,288.3039855957031,103.30000305175781,89.45303344726562,119.12328338623047,135.69410705566406,24.69788360595703,81.99378204345703,146.11329650878906,225.91944885253906,758.6607055664062,149.56602478027344,36.28422164916992,129.78231811523438,205.0,166.0791473388672,312.9229736328125,583.1732788085938,25.107162475585938,318.6337890625,345.0284118652344,221.24560546875,166.88372802734375,334.5155334472656,33.939727783203125,478.2200012207031,449.5724182128906,90.50812530517578,114.79661560058594,241.6005859375,363.4136657714844,24.705036163330078,221.42294311523438,43.898719787597656,141.83116149902344,221.57752990722656,114.45392608642578,422.7884521484375,351.61651611328125,233.5886688232422,82.57695770263672,46.38310623168945,346.5087890625,302.9729309082031,38.79027557373047,200.55067443847656,111.72772216796875,215.06069946289062,193.42613220214844,111.70203399658203,142.620849609375
2025-10-07,137.7329864501953,225.8242950439453,246.1575469970703,314.19000244140625,102.43933868408203,114.60472106933594,307.0256042480469,208.63522338867188,210.62127685546875,180.579833984375,289.24346923828125,492.8023986816406,181.6029052734375,365.96453857421875,265.6014709472656,123.8582992553711,182.0023193359375,334.53521728515625,714.5999755859375,324.4989929199219,4085.929931640625,148.53819274902344,208.27964782714844,47.83207321166992,1147.6881103515625,502.29998779296875,155.54400634765625,58.2835807800293,482.3678894042969,91.7962417602539,28.255935668945312,77.17999267578125,429.5058898925781,71.52543640136719,306.9693908691406,67.99857330322266,35.630531311035156,197.6995391845703,66.83036041259766,74.74752044677734,150.337890625,276.7799987792969,97.9800033569336,207.60720825195312,163.35386657714844,276.71221923828125,51.666351318359375,91.69048309326172,352.04547119140625,774.27197265625,60.4163932800293,46.44121551513672,126.69000244140625,49.45124816894531,337.4762878417969,300.58221435546875,84.48341369628906,56.88762283325195,246.6465606689453,253.12994384765625,23.908578872680664,435.3985900878906,378.9296875,132.03041076660156,292.06622314453125,286.42388916015625,160.38258361816406,250.99154663085938,303.3819885253906,24.725934982299805,108.01390838623047,26.927505493164062,65.44866180419922,119.72917175292969,277.4134826660156,297.9309997558594,465.6028137207031,501.2783203125,576.2491455078125,130.04672241210938,265.78033447265625,747.9825439453125,95.95597839355469,80.45331573486328,627.10400390625,153.1822967529297,188.90911865234375,152.51263427734375,520.682373046875,1309.1199951171875,67.4180908203125,184.80429077148438,7840.10986328125,281.03680419921875,101.8499984741211,89.02955627441406,121.6614761352539,136.7528533935547,24.548368453979492,81.39962768554688,148.18243408203125,229.1039276123047,745.9805297851562,150.5498809814453,36.616302490234375,129.2453155517578,202.25999450683594,162.96676635742188,310.4081726074219,580.942138671875,24.980945587158203,322.2755432128906,340.7225646972656,220.8193359375,167.348388671875,334.60491943359375,33.76311111450195,477.8299865722656,452.2697448730469,92.02540588378906,114.78679656982422,223.87078857421875,366.3504943847656,24.981975555419922,220.53907775878906,43.772823333740234,141.38519287109375,224.25662231445312,114.22599792480469,421.1361999511719,356.4090270996094,228.1280059814453,81.96682739257812,46.16926956176758,349.6238708496094,299.2239074707031,38.752838134765625,197.0832977294922,112.36170196533203,214.93228149414062,186.4346160888672,111.76072692871094,140.0796661376953
2025-10-08,139.9695587158203,224.28213500976562,247.87222290039062,311.4100036621094,101.5482177734375,114.6338119506836,304.1814270019531,209.1868896484375,216.5448760986328,182.34164428710938,288.3430480957031,485.2587890625,180.2624969482422,364.41864013671875,263.3365478515625,125.11150360107422,180.93466186523438,343.57452392578125,727.4099731445312,320.3929443359375,4027.760009765625,149.61830139160156,203.87844848632812,47.11330795288086,1146.477783203125,499.8399963378906,156.65611267089844,58.89418411254883,497.64044189453125,93.03125762939453,28.462614059448242,76.09708404541016,431.6624755859375,70.97270202636719,308.8586730957031,69.31932067871094,35.5909309387207,197.3422088623047,67.28284454345703,74.56336975097656,149.20242309570312,281.04998779296875,101.58000183105469,203.81845092773438,163.51268005371094,279.052978515625,51.454647064208984,94.73760223388672,356.82159423828125,790.5428466796875,60.2809944152832,46.539085388183594,126.51000213623047,49.68051528930664,340.43408203125,301.3990783691406,86.47978210449219,56.0332145690918,244.97984313964844,256.5369873046875,23.554088592529297,424.1546630859375,375.9712219238281,131.24105834960938,294.8261413574219,282.1255798339844,157.79832458496094,248.04736328125,299.7732238769531,24.969972610473633,105.80830383300781,27.05248260498047,64.79212188720703,117.74903869628906,275.3201904296875,303.19915771484375,463.0885314941406,504.17181396484375,572.8701782226562,129.69349670410156,266.3070068359375,753.58642578125,95.50708770751953,79.75328063964844,633.7772827148438,153.84303283691406,186.1179962158203,152.19970703125,521.5468139648438,1328.530029296875,67.59419250488281,188.86911010742188,7756.830078125,285.37738037109375,100.76000213623047,89.86666870117188,121.24961853027344,134.85877990722656,23.997034072875977,79.64636993408203,146.38528442382812,228.3242645263672,748.6239013671875,151.25125122070312,36.420963287353516,128.20059204101562,203.42999267578125,165.241943359375,304.0570068359375,561.638427734375,24.55375862121582,326.5028381347656,344.57305908203125,223.39682006835938,166.6563262939453,335.1708679199219,33.331390380859375,489.3599853515625,453.4069519042969,91.38912963867188,114.59039306640625,223.21414184570312,372.3531494140625,25.067920684814453,222.8828125,42.74629211425781,139.45262145996094,223.17315673828125,115.7620849609375,424.3810119628906,362.544189453125,228.9052734375,82.22422790527344,45.67355728149414,348.572265625,302.7342224121094,38.677947998046875,198.74722290039062,111.76673126220703,217.3230438232422,188.4561309814453,111.52597045898438,140.78610229492188
2025-10-09,139.2737579345703,223.74868774414062,246.95118713378906,310.32000732421875,100.86275482177734,113.39232635498047,299.5335693359375,205.876953125,219.32247924804688,182.46109008789062,289.13580322265625,486.4566650390625,180.00025939941406,359.4717102050781,257.5811462402344,125.56902313232422,180.38145446777344,343.0971984863281,734.0399780273438,321.0063781738281,3967.280029296875,145.87649536132812,206.2902374267578,47.15269470214844,1148.869140625,496.739990234375,156.1000518798828,57.21993637084961,495.8960876464844,93.22423553466797,28.000049591064453,75.91171264648438,422.1062316894531,71.05997467041016,312.348876953125,68.95463562011719,35.6899299621582,190.33433532714844,67.48941040039062,74.37920379638672,147.16441345214844,275.44000244140625,98.8499984741211,203.3411102294922,161.08108520507812,270.31488037109375,51.06972122192383,92.96671295166016,352.67572021484375,795.1762084960938,59.932830810546875,45.71694564819336,125.95999908447266,49.14223861694336,336.8277282714844,298.201416015625,86.59898376464844,55.556331634521484,241.7362060546875,253.30770874023438,23.042041778564453,416.7913818359375,369.9954833984375,128.3993682861328,287.46636962890625,280.9267578125,157.72901916503906,243.67031860351562,301.2522277832031,25.233535766601562,104.9001693725586,26.456443786621094,65.03710174560547,115.5826644897461,275.5880126953125,294.738525390625,453.5165710449219,498.0317687988281,561.79443359375,128.7960968017578,264.478515625,755.7901000976562,94.170166015625,79.70468139648438,631.2872924804688,150.76617431640625,184.98377990722656,152.80599975585938,519.1123046875,1307.5699462890625,66.58649444580078,192.32470703125,7619.240234375,294.12298583984375,99.72000122070312,88.35986328125,119.92784118652344,140.5604705810547,23.58587074279785,80.54248809814453,146.2784423828125,227.4788360595703,734.1152954101562,152.79034423828125,36.07911682128906,127.99552917480469,201.72000122070312,163.1637420654297,302.75518798828125,567.6547241210938,24.57317352294922,320.4496765136719,339.3169860839844,219.76853942871094,160.33885192871094,330.8517761230469,32.507179260253906,484.4100036621094,458.27532958984375,89.70542907714844,115.12068176269531,220.5775604248047,367.302978515625,24.9246768951416,220.9263916015625,42.852821350097656,137.32180786132812,222.80873107910156,112.46195983886719,416.68707275390625,360.358642578125,227.81314086914062,81.29949951171875,45.78047180175781,344.2865295410156,301.2127685546875,38.21928024291992,194.9111785888672,111.07422637939453,214.90264892578125,186.66140747070312,110.44026184082031,140.68797302246094
2025-10-10,135.8045654296875,223.5644073486328,236.0753173828125,303.5,101.51884460449219,113.5184097290039,299.0281677246094,202.6063995361328,209.01841735839844,178.4497528076172,283.94873046875,474.6263732910156,181.3212127685547,359.202392578125,252.06106567382812,121.04356384277344,179.1002960205078,322.82086181640625,703.030029296875,313.7058410644531,4075.31005859375,143.9322967529297,205.2174530029297,44.34657287597656,1114.356689453125,489.1300048828125,155.7723846435547,55.8017463684082,486.91693115234375,94.15049743652344,27.2520694732666,76.05805206298828,408.6424255371094,71.84542846679688,316.20703125,66.96366119384766,35.13552474975586,186.5723114013672,64.72531127929688,75.50353240966797,144.50526428222656,266.0199890136719,95.06999969482422,201.33236694335938,160.23745727539062,269.8586120605469,50.1555290222168,86.71418762207031,347.8601989746094,787.572021484375,59.6426887512207,44.80672073364258,122.62999725341797,47.64704132080078,328.6061706542969,290.37158203125,82.41751861572266,54.99004364013672,237.02542114257812,244.943115234375,21.6339168548584,413.0799255371094,368.0950012207031,127.30412292480469,277.1982727050781,270.7805480957031,155.94676208496094,240.37283325195312,296.67724609375,25.20425033569336,97.85816955566406,26.052675247192383,65.69364929199219,116.9214859008789,275.687255859375,288.946533203125,449.2205810546875,495.3736572265625,554.7589721679688,128.45242309570312,258.5755920410156,761.3640747070312,93.1455078125,77.5560073852539,629.8629150390625,146.69326782226562,178.4053955078125,148.4937286376953,507.74432373046875,1273.6700439453125,63.807987213134766,182.92669677734375,7450.89990234375,290.16119384765625,102.1500015258789,88.10381317138672,120.25349426269531,145.77647399902344,23.156017303466797,77.35740661621094,145.4138641357422,225.44976806640625,712.1734619140625,156.316650390625,36.36235809326172,123.76774597167969,196.89999389648438,151.27561950683594,300.4178771972656,562.4054565429688,23.45665168762207,307.04345703125,330.35894775390625,223.20846557617188,155.90972900390625,330.4447021484375,31.123685836791992,438.9200134277344,456.8561706542969,88.29582977294922,109.00276947021484,213.29461669921875,361.746826171875,24.971010208129883,213.09078979492188,40.97407531738281,139.1255645751953,225.34991455078125,107.24915313720703,412.20806884765625,347.431640625,221.82115173339844,79.00199890136719,44.0114631652832,340.9234619140625,299.7509460449219,37.94315719604492,190.3378143310547,112.29342651367188,216.60186767578125,178.93028259277344,108.30794525146484,138.45094299316406
2025-10-13,137.40496826171875,223.3704071044922,238.64239501953125,307.9700012207031,101.4111328125,113.28563690185547,295.3217468261719,202.57684326171875,218.50611877441406,181.39605712890625,286.17034912109375,476.9825134277344,177.9411163330078,352.43023681640625,255.76727294921875,123.24164581298828,179.24586486816406,354.712158203125,710.0,320.51043701171875,4097.97021484375,144.00946044921875,208.75050354003906,44.78964614868164,1136.7547607421875,491.92999267578125,153.22052001953125,56.008567810058594,500.25689697265625,92.72250366210938,27.64574432373047,75.10195922851562,404.6062927246094,71.32179260253906,315.2126770019531,66.49056243896484,35.214725494384766,186.5524444580078,65.25647735595703,76.02691650390625,147.45556640625,273.5199890136719,98.30999755859375,203.9974365234375,159.9496307373047,268.01385498046875,51.62786102294922,91.74984741210938,346.06793212890625,793.1693725585938,59.97151184082031,41.4300651550293,122.55000305175781,48.42454528808594,330.0373229980469,296.38836669921875,84.9204330444336,55.25828170776367,244.16143798828125,248.2119140625,22.15580940246582,408.6420593261719,371.6412353515625,127.02784729003906,268.07769775390625,270.19573974609375,157.18443298339844,239.91160583496094,303.6580810546875,25.78994369506836,102.06524658203125,26.28339958190918,65.45846557617188,116.18316650390625,274.45703125,290.0140075683594,452.0119934082031,494.177001953125,556.5103759765625,128.44285583496094,261.61651611328125,767.2870483398438,93.27237701416016,78.57687377929688,636.0681762695312,149.0107879638672,180.88092041015625,151.69125366210938,510.81488037109375,1284.739990234375,65.92121887207031,188.0801239013672,7584.89990234375,305.06744384765625,102.87999725341797,87.82805633544922,122.04460906982422,144.62060546875,23.10929298400879,77.60091400146484,143.27670288085938,221.95529174804688,724.098388671875,155.34254455566406,36.56746292114258,126.7262191772461,202.47999572753906,159.3422088623047,301.9958190917969,555.5325317382812,23.845006942749023,314.7934875488281,335.7535705566406,221.1068115234375,157.04669189453125,329.79931640625,31.663345336914062,448.0,450.5028381347656,89.245361328125,112.1353759765625,218.39865112304688,362.0643310546875,24.70073699951172,217.8676300048828,41.593868255615234,140.12652587890625,221.67601013183594,113.03675842285156,416.8065185546875,351.5086975097656,222.21473693847656,79.29752349853516,44.8668098449707,340.5762023925781,301.0636291503906,37.84794235229492,192.83871459960938,112.13737487792969,214.4679412841797,187.36155700683594,109.78490447998047,139.57925415039062
2025-10-14,137.21609497070312,222.23561096191406,239.2694854736328,306.5899963378906,102.06722259521484,114.8180923461914,301.00030517578125,206.3990478515625,217.2218475341797,184.91964721679688,287.5894775390625,481.64532470703125,181.15609741210938,359.56146240234375,256.8850402832031,121.97850036621094,179.96409606933594,342.2121887207031,704.6699829101562,330.161865234375,4055.989990234375,145.32101440429688,209.79507446289062,44.13980484008789,1175.2725830078125,495.9700012207031,153.10137939453125,56.6290283203125,522.7642822265625,93.87068939208984,28.501981735229492,76.48731994628906,412.1741027832031,72.09756469726562,316.1374206542969,67.67332458496094,35.76913070678711,186.84031677246094,66.1712875366211,77.20938110351562,147.89227294921875,270.5400085449219,99.27999877929688,205.0017852783203,161.32920837402344,270.8008728027344,53.95664596557617,93.98571014404297,345.1422424316406,804.1182250976562,60.251983642578125,41.84113693237305,124.12000274658203,48.873104095458984,331.1328430175781,298.9285583496094,84.03646087646484,56.77833938598633,245.7084197998047,246.22694396972656,22.09672737121582,416.3236999511719,379.8211364746094,129.43539428710938,258.7889404296875,269.1528625488281,156.7091827392578,243.4740447998047,297.85052490234375,26.053503036499023,102.13594818115234,26.25455665588379,66.15421295166016,120.32764434814453,277.5722351074219,296.50775146484375,454.59552001953125,495.50115966796875,565.1480102539062,127.69819641113281,266.2970886230469,779.6615600585938,94.2092056274414,80.58941650390625,654.235595703125,150.42100524902344,180.60476684570312,151.89659118652344,510.3379211425781,1303.0400390625,66.17559051513672,179.8006591796875,7737.009765625,296.1435241699219,103.05000305175781,89.44318389892578,123.16524505615234,147.19459533691406,22.913055419921875,79.17884826660156,144.89898681640625,225.82553100585938,731.8694458007812,154.95289611816406,36.9776725769043,127.75143432617188,202.05999755859375,159.30282592773438,309.5304260253906,570.3440551757812,24.427541732788086,315.47821044921875,340.51470947265625,222.5343475341797,157.59042358398438,332.8871765136719,31.957704544067383,443.760009765625,457.4106750488281,89.40199279785156,113.3236083984375,210.5585479736328,367.10455322265625,25.221973419189453,219.12887573242188,42.54292297363281,142.81231689453125,225.970458984375,115.21702575683594,422.0618896484375,352.75335693359375,223.4249267578125,80.12691497802734,45.770755767822266,345.61590576171875,307.3484191894531,38.60966491699219,195.289794921875,113.61991882324219,215.47564697265625,188.84072875976562,109.83381652832031,140.75665283203125
2025-10-15,138.81646728515625,220.9949493408203,234.87014770507812,305.0799865722656,103.20315551757812,114.96358489990234,293.4983215332031,197.43460083007812,226.5701904296875,184.91964721679688,290.9855651855469,476.4479064941406,184.57504272460938,354.86383056640625,252.38462829589844,124.92253112792969,178.58587646484375,349.3720397949219,644.989990234375,327.9895324707031,4027.030029296875,144.09429931640625,201.8771209716797,43.78535079956055,1183.4700927734375,496.3900146484375,154.5709228515625,56.34341812133789,529.2855834960938,94.61361694335938,28.383880615234375,75.73609924316406,418.8417053222656,73.02847290039062,317.80792236328125,68.52095794677734,35.87803649902344,186.06607055664062,65.6597900390625,78.18830871582031,147.62054443359375,272.6099853515625,96.44000244140625,204.95208740234375,161.43836975097656,271.4654541015625,54.60139465332031,94.25282287597656,344.16729736328125,808.8598022460938,60.048885345458984,41.34197998046875,121.11000061035156,48.334835052490234,327.7178955078125,298.96844482421875,86.0328369140625,57.42410659790039,251.21762084960938,246.32569885253906,22.0474910736084,418.1645202636719,380.3893127441406,126.94891357421875,259.34295654296875,273.63629150390625,155.9071807861328,243.08151245117188,301.40997314453125,26.28778076171875,108.23994445800781,26.542966842651367,65.73284149169922,120.53437805175781,280.518798828125,286.3569641113281,446.8448791503906,489.84173583984375,560.06298828125,127.46163177490234,264.5281982421875,789.662841796875,93.03816986083984,79.35467529296875,636.615966796875,151.34800720214844,181.30502319335938,159.04454040527344,510.19879150390625,1304.0,66.97784423828125,179.60093688964844,7645.22021484375,300.7193908691406,102.12000274658203,90.08333587646484,122.140380859375,146.8255157470703,22.791576385498047,78.7989730834961,143.2086944580078,212.7682342529297,733.2407836914062,153.64756774902344,37.085113525390625,126.51142120361328,202.8000030517578,160.5142822265625,306.86767578125,574.14892578125,24.01976776123047,315.99420166015625,348.51263427734375,219.11427307128906,155.21768188476562,330.36529541015625,31.957704544067383,435.8999938964844,453.82989501953125,90.34171295166016,114.61003112792969,218.26930236816406,366.85650634765625,25.164058685302734,221.15480041503906,41.89407730102539,143.8628387451172,223.2421112060547,115.6431655883789,420.47930908203125,353.94903564453125,222.08680725097656,80.1650390625,45.148685455322266,342.947265625,301.4116516113281,38.44779968261719,196.41571044921875,114.39046478271484,211.10902404785156,187.4207305908203,109.16868591308594,139.44189453125
2025-10-16,140.25782775878906,221.62994384765625,229.29502868652344,299.82000732421875,103.02689361572266,113.99366760253906,277.6520080566406,191.9771270751953,226.70956420898438,183.6356201171875,289.5076904296875,463.04364013671875,185.97372436523438,342.2171936035156,248.23721313476562,126.67303466796875,179.0323486328125,352.17633056640625,652.1699829101562,320.51043701171875,4007.909912109375,142.93704223632812,196.7694549560547,43.95273208618164,1152.736572265625,488.80999755859375,152.18788146972656,55.89038848876953,536.1339721679688,94.61361694335938,27.763845443725586,76.17512512207031,418.1294250488281,72.48544311523438,317.5990905761719,68.09713745117188,35.630531311035156,182.9989013671875,64.40069580078125,78.86677551269531,147.23236083984375,266.6700134277344,99.05999755859375,209.7452392578125,164.88232421875,268.41058349609375,54.582149505615234,95.76649475097656,342.87725830078125,799.5439453125,59.47827911376953,41.06793212890625,118.0,48.5341911315918,326.2867736816406,298.68951416015625,86.13216400146484,56.967098236083984,251.3872833251953,243.669189453125,21.4862117767334,417.5177917480469,379.4978942871094,122.34101104736328,264.3978271484375,268.9774475097656,151.84759521484375,242.34544372558594,294.360107421875,27.058937072753906,109.4139404296875,26.15842628479004,66.23259735107422,120.95767974853516,281.47125244140625,280.9899597167969,439.7376403808594,483.79974365234375,547.196044921875,126.91120910644531,257.4228515625,773.2200317382812,92.74541473388672,75.67958068847656,621.6558227539062,149.31649780273438,178.6618194580078,156.47286987304688,508.3902587890625,1359.6099853515625,65.39290618896484,181.5784149169922,7605.8798828125,310.0097961425781,101.16999816894531,89.29545593261719,121.15383911132812,148.29220581054688,22.642061233520508,76.35416412353516,145.32643127441406,208.29681396484375,721.614013671875,151.94287109375,36.440494537353516,125.3299789428711,201.99000549316406,161.6075439453125,294.3922119140625,566.9275512695312,22.67023468017578,320.67791748046875,344.48394775390625,216.33851623535156,155.26710510253906,329.1042785644531,32.301124572753906,440.20001220703125,443.65142822265625,89.21598815917969,110.91767883300781,224.88563537597656,366.36041259765625,25.289541244506836,222.64447021484375,39.79259490966797,141.2761688232422,223.0451202392578,115.46479034423828,413.9797668457031,349.5583801269531,220.43385314941406,81.6427001953125,44.37110137939453,332.7389221191406,294.5799255371094,38.42875671386719,192.90846252441406,113.32731628417969,210.71385192871094,184.8962860107422,108.21990203857422,140.5604248046875
2025-10-17,141.07293701171875,224.267578125,233.57679748535156,303.6600036621094,103.33045196533203,113.99366760253906,277.9493408203125,192.95236206054688,223.99168395996094,184.611083984375,292.4438171386719,465.538330078125,185.79888916015625,345.68804931640625,248.25682067871094,124.9722671508789,181.5170135498047,347.3832092285156,670.6799926757812,343.82061767578125,4030.169921875,145.89193725585938,201.44639587402344,44.48441696166992,1142.6988525390625,492.4200134277344,155.3057098388672,55.34872055053711,522.3778076171875,94.05401611328125,27.862262725830078,77.707275390625,407.4058532714844,72.51454162597656,322.85931396484375,69.12218475341797,36.23443603515625,186.71127319335938,65.000732421875,79.98139953613281,148.56192016601562,263.05999755859375,99.81999969482422,207.89559936523438,165.24952697753906,274.49053955078125,54.524410247802734,99.7040023803711,343.4582824707031,800.68505859375,60.164939880371094,41.55730056762695,121.6500015258789,48.50428771972656,326.8394775390625,298.9883728027344,83.91727447509766,58.00033950805664,253.2935333251953,245.8911895751953,21.9293270111084,424.04522705078125,383.9159851074219,122.80477142333984,272.04449462890625,274.15289306640625,152.08523559570312,244.62228393554688,293.3938293457031,27.361547470092773,110.19660949707031,26.321853637695312,67.0655288696289,123.86176300048828,283.68365478515625,280.5748596191406,446.3202819824219,485.6633605957031,558.23193359375,128.1375732421875,259.2215576171875,783.7498168945312,93.46754455566406,76.28237915039062,622.9107666015625,150.52947998046875,181.9362335205078,155.15277099609375,510.3478698730469,1349.280029296875,65.91143798828125,182.9866180419922,7639.06005859375,288.5269775390625,101.5999984741211,89.90605926513672,121.22087860107422,149.30239868164062,22.903709411621094,76.58792877197266,147.0749969482422,211.9321746826172,728.99755859375,153.9690399169922,36.56746292114258,126.218505859375,202.86000061035156,160.98703002929688,296.1673278808594,575.7725830078125,22.893537521362305,325.24261474609375,344.12762451171875,217.9147491455078,156.15689086914062,328.389404296875,32.016578674316406,447.6400146484375,444.72283935546875,89.36283111572266,109.36611938476562,224.25881958007812,371.4899597167969,25.4246768951416,221.4427947998047,41.25491714477539,142.55462646484375,225.88182067871094,115.77200317382812,413.8802490234375,349.4897766113281,222.4016571044922,82.37675476074219,44.40997314453125,339.17742919921875,293.7048645019531,38.60966491699219,193.44650268554688,113.96129608154297,212.87738037109375,183.43167114257812,109.78490447998047,141.34535217285156
2025-10-20,142.14649963378906,226.70005798339844,237.29026794433594,307.95001220703125,103.4969253540039,114.27494049072266,276.7502136230469,190.90335083007812,227.1177520751953,186.52220153808594,296.8674621582031,467.9440002441406,187.5375213623047,343.20458984375,249.2471160888672,126.98136138916016,181.546142578125,347.2937316894531,683.1300048828125,346.65753173828125,3968.570068359375,147.3577880859375,204.30160522460938,45.56747817993164,1141.55712890625,494.0799865722656,156.15963745117188,56.796451568603516,527.95361328125,95.39515686035156,28.403564453125,77.34388732910156,409.5624694824219,72.81513977050781,325.5440979003906,69.63472747802734,36.303733825683594,190.91004943847656,65.61060333251953,79.942626953125,149.92059326171875,265.3699951171875,100.19000244140625,207.22933959960938,167.65135192871094,277.88262939453125,55.47710037231445,101.42542266845703,348.6775817871094,811.712646484375,60.30033874511719,42.07603454589844,124.13999938964844,49.12230682373047,332.8008728027344,301.5185852050781,84.70191955566406,57.622806549072266,256.5172119140625,246.02943420410156,22.27397346496582,431.0005187988281,380.9673156738281,122.202880859375,280.9375305175781,276.46282958984375,153.75856018066406,247.6842498779297,298.1265869140625,27.088224411010742,114.80001068115234,26.456443786621094,67.0655288696289,123.89129638671875,288.63427734375,287.18719482421875,446.98345947265625,496.2073974609375,563.5956420898438,128.32102966308594,258.3768615722656,785.5645751953125,93.60416412353516,76.55460357666016,624.5941162109375,152.639892578125,183.71151733398438,158.379638671875,513.5376586914062,1357.260009765625,66.1560287475586,182.4073486328125,7681.080078125,274.5319519042969,100.97000122070312,90.12272644042969,121.24961853027344,149.23440551757812,23.071914672851562,76.9190902709961,147.6190185546875,206.07989501953125,735.3773193359375,153.9690399169922,36.79209899902344,127.26322937011719,205.8699951171875,164.52293395996094,298.6624450683594,574.4976196289062,23.35956382751465,330.4423522949219,349.2054748535156,218.22207641601562,158.8855743408203,328.8858337402344,32.801536560058594,453.3500061035156,448.8581237792969,90.76264190673828,113.21558380126953,213.31451416015625,378.2367248535156,25.193017959594727,224.40228271484375,42.07807922363281,142.0491943359375,226.63038635253906,115.29630279541016,416.4183349609375,357.2126770019531,223.64138793945312,82.85342407226562,45.78047180175781,341.67742919921875,293.82415771484375,38.84769821166992,195.40936279296875,114.60504150390625,212.79837036132812,187.85516357421875,110.23484802246094,142.32650756835938
2025-10-21,144.81048583984375,226.0455322265625,245.45208740234375,310.57000732421875,102.74291229248047,113.89667510986328,276.50244140625,190.85409545898438,224.9971923828125,187.427978515625,294.72418212890625,474.55706787109375,186.84786987304688,342.5263977050781,249.7373504638672,123.76879119873047,181.61407470703125,340.7503967285156,707.0399780273438,352.3511657714844,4006.2099609375,145.83790588378906,210.0279083251953,46.03024673461914,1112.0341796875,491.2900085449219,157.5596466064453,58.913883209228516,521.46337890625,95.18289184570312,29.496009826660156,77.21620178222656,413.47991943359375,72.28180694580078,326.9660339355469,69.70372009277344,35.37312316894531,195.03933715820312,67.64679718017578,80.48541259765625,149.25094604492188,261.9700012207031,102.95999908447266,219.54037475585938,171.7404022216797,275.9187927246094,56.160335540771484,97.48792266845703,344.42333984375,808.6237182617188,60.754886627197266,42.399017333984375,126.06999969482422,49.620704650878906,336.2552795410156,305.4534912109375,85.46670532226562,66.18675231933594,250.84832763671875,248.2119140625,24.853893280029297,429.8662109375,382.9363708496094,123.4362564086914,292.0167541503906,274.9033508300781,155.24375915527344,252.35568237304688,292.9303894042969,27.0101318359375,114.25631713867188,26.43721580505371,69.7896957397461,126.24410247802734,281.8879089355469,288.9069519042969,445.5184326171875,480.1216125488281,569.2379760742188,128.81349182128906,266.75421142578125,785.0361328125,93.51634216308594,76.82682800292969,629.5143432617188,164.33590698242188,180.3582000732422,155.7003631591797,514.4021606445312,1385.5699462890625,66.8800048828125,180.92922973632812,7792.1298828125,272.5213623046875,101.30999755859375,91.29468536376953,122.1595458984375,148.78756713867188,23.22142791748047,77.32818603515625,147.28871154785156,208.16529846191406,753.0857543945312,148.0658721923828,36.64560317993164,125.56431579589844,204.5500030517578,166.28598022460938,312.41015625,577.0574951171875,23.65083122253418,332.40716552734375,350.56158447265625,219.02503967285156,171.07557678222656,336.0346984863281,32.88984298706055,459.0400085449219,454.6851501464844,90.34171295166016,112.30232238769531,213.48367309570312,376.78814697265625,25.14475440979004,226.6466827392578,42.44608688354492,142.62400817871094,225.6355743408203,116.08912658691406,422.2211608886719,358.08489990234375,222.89361572265625,83.94974517822266,46.276187896728516,344.4552001953125,295.9124450683594,38.37162780761719,197.28256225585938,113.70771789550781,212.29452514648438,188.92393493652344,110.24462890625,143.3370819091797
2025-10-22,144.99935913085938,223.39813232421875,244.10975646972656,308.1499938964844,103.19336700439453,113.74149322509766,280.4962463378906,191.88845825195312,219.58132934570312,184.0835418701172,289.6741027832031,468.0133056640625,185.70176696777344,342.197265625,248.2078094482422,128.23455810546875,183.7493438720703,338.4035339355469,701.0900268554688,349.15716552734375,3997.260009765625,145.12814331054688,207.82630920410156,46.57177734375,1111.7193603515625,491.80999755859375,158.39373779296875,55.88053894042969,510.78857421875,94.26627349853516,29.52553367614746,78.4340591430664,403.5972595214844,72.88302612304688,328.9348449707031,69.64458465576172,35.56122589111328,192.11109924316406,67.24349212646484,79.48709106445312,150.97842407226562,252.30999755859375,100.88999938964844,216.88525390625,166.3511962890625,273.74664306640625,55.890892028808594,97.57695007324219,339.9524841308594,815.5590209960938,61.64464569091797,41.6943244934082,125.25,48.92294692993164,333.8371887207031,296.74700927734375,83.56964874267578,66.87226104736328,252.03599548339844,244.46910095214844,25.90752410888672,439.0006408691406,381.0456848144531,123.21917724609375,284.617431640625,280.2250061035156,155.4021759033203,248.25344848632812,289.99212646484375,26.73680877685547,110.95935821533203,26.49489974975586,69.38792419433594,125.16121673583984,280.60809326171875,285.61566162109375,445.3600769042969,477.8067932128906,568.5712280273438,129.740478515625,270.3714904785156,793.3422241210938,93.58464813232422,76.37960052490234,620.0222778320312,164.91775512695312,185.95030212402344,154.61497497558594,517.2640380859375,1381.43994140625,67.58441925048828,180.05035400390625,7697.16015625,270.05517578125,101.20999908447266,90.03408813476562,121.2687759399414,148.6418914794922,23.09994888305664,77.08467864990234,147.85214233398438,209.1328582763672,736.7487182617188,152.8000946044922,36.8702392578125,128.29820251464844,203.02999877929688,166.71934509277344,313.5936279296875,582.4361572265625,23.408109664916992,329.5691223144531,346.7408142089844,221.34475708007812,175.95950317382812,331.4375915527344,34.24390411376953,454.29998779296875,450.8787841796875,90.11656951904297,111.18283081054688,213.96121215820312,385.3109436035156,24.662128448486328,227.5206298828125,42.22333908081055,141.78160095214844,223.9808349609375,114.29537200927734,406.5943908691406,354.2822265625,221.6145477294922,83.01548767089844,46.00403594970703,342.6198425292969,292.0341796875,37.89554977416992,192.72911071777344,114.50750732421875,213.84556579589844,186.03431701660156,112.20088195800781,144.33787536621094
2025-10-23,146.5798797607422,222.97805786132812,244.76622009277344,309.8399963378906,102.16514587402344,112.68428802490234,279.95111083984375,191.56338500976562,227.4562530517578,188.3238067626953,286.64996337890625,473.3591613769531,184.83731079101562,340.4518737792969,249.95303344726562,134.5801544189453,183.47756958007812,342.3713073730469,716.3900146484375,352.0635070800781,3850.0,143.90914916992188,202.37814331054688,48.137298583984375,1107.11376953125,490.1600036621094,158.03627014160156,56.25477981567383,517.3385620117188,94.81623077392578,28.97439193725586,77.03942108154297,413.25238037109375,72.30119323730469,326.7074890136719,69.26017761230469,35.17512130737305,190.9199676513672,66.91888427734375,79.21836853027344,151.93919372558594,254.58999633789062,102.54000091552734,221.4894561767578,179.85897827148438,272.7746276855469,55.11141586303711,98.42777252197266,341.0062255859375,818.3921508789062,61.24812316894531,42.07603454589844,123.95999908447266,49.46121597290039,337.05474853515625,305.21441650390625,85.25812530517578,66.41525268554688,253.23365783691406,247.05648803710938,26.803604125976562,437.9757385253906,377.1859436035156,123.58425903320312,288.1587829589844,277.77862548828125,155.8972625732422,252.6501007080078,290.4161071777344,26.892993927001953,115.40841674804688,25.235525131225586,68.53541564941406,125.35810852050781,281.7589416503906,289.8756408691406,445.5184326171875,478.6993408203125,570.969482421875,129.80807495117188,268.0163269042969,790.6998291015625,91.93545532226562,76.00042724609375,616.884765625,169.2273406982422,193.26841735839844,155.77859497070312,517.2838745117188,1437.75,68.17142486572266,181.92796325683594,7679.41015625,277.3944091796875,98.2699966430664,91.56060028076172,119.48724365234375,147.16546630859375,23.053226470947266,77.37689208984375,147.8618621826172,207.2165069580078,761.4033813476562,153.61834716796875,36.48933029174805,132.60411071777344,204.6699981689453,167.4678955078125,312.5087890625,573.4218139648438,23.398401260375977,333.70709228515625,353.5310974121094,221.1762237548828,177.40293884277344,329.3922424316406,35.333038330078125,456.0899963378906,453.6607360839844,89.87184143066406,112.54782104492188,225.26370239257812,380.0623474121094,23.764448165893555,232.47621154785156,42.233028411865234,141.12750244140625,216.68226623535156,113.86921691894531,413.91009521484375,353.26300048828125,216.4982452392578,82.96781921386719,46.48030471801758,343.2151184082031,290.43316650390625,36.56254196166992,196.23635864257812,113.0542221069336,213.4998016357422,186.07388305664062,113.44309997558594,143.63145446777344
2025-10-24,147.14646911621094,222.7240753173828,242.6498260498047,312.8800048828125,102.1161880493164,112.49031066894531,278.2070007324219,190.3123016357422,227.73500061035156,186.27334594726562,285.5439758300781,474.37884521484375,186.0222930908203,336.8414001464844,249.93344116210938,133.09820556640625,183.85610961914062,352.1564636230469,735.9500122070312,354.6722717285156,3805.56005859375,143.3690948486328,204.4716796875,46.57177734375,1118.5587158203125,492.1000061035156,160.74700927734375,56.9638786315918,519.5550537109375,95.02850341796875,28.935022354125977,76.6072769165039,416.92254638671875,72.48544311523438,330.8340759277344,69.61500549316406,35.76913070678711,189.42112731933594,66.75165557861328,80.05873107910156,150.96871948242188,258.1499938964844,86.94000244140625,221.7678985595703,176.09742736816406,274.96661376953125,55.631065368652344,101.06927490234375,337.1360778808594,825.8291015625,61.33515930175781,41.95858383178711,125.16999816894531,49.31169891357422,346.20404052734375,302.7040710449219,86.81748962402344,69.20698547363281,260.0003967285156,247.3330078125,26.14385414123535,444.8216247558594,378.80230712890625,123.44612884521484,287.51580810546875,299.6695251464844,156.0952911376953,241.1776123046875,296.2334899902344,26.51229476928711,117.78030395507812,24.860597610473633,68.31002807617188,125.58452606201172,277.2845458984375,289.79656982421875,441.47979736328125,476.1099548339844,570.8699951171875,129.38319396972656,269.6261901855469,799.3749389648438,91.40848541259766,76.49626922607422,618.7573852539062,166.17019653320312,193.52484130859375,160.2277374267578,520.3146362304688,1434.3199462890625,67.61376953125,186.02272033691406,7430.919921875,280.62322998046875,97.2699966430664,90.55606079101562,119.34355926513672,147.20433044433594,23.137327194213867,77.55221557617188,149.1697540283203,205.8074493408203,767.1670532226562,153.5404052734375,36.479557037353516,131.79368591308594,204.80999755859375,166.39431762695312,312.084716796875,575.6729125976562,23.854717254638672,333.0918884277344,352.8580017089844,221.15640258789062,176.62188720703125,331.626220703125,35.15642547607422,464.17999267578125,460.0046081542969,90.82138061523438,114.03064727783203,232.93466186523438,378.8022766113281,24.266376495361328,234.02545166015625,42.79471206665039,140.6418914794922,214.49563598632812,113.68092346191406,423.8833312988281,355.2721252441406,213.12344360351562,83.1489486694336,46.90797805786133,344.6238708496094,291.1093444824219,36.96244430541992,196.9138946533203,112.97618865966797,212.0673065185547,187.1228485107422,112.86600494384766,143.18991088867188
2025-10-27,145.71505737304688,222.7631378173828,245.7068328857422,313.5299987792969,102.63519287109375,112.88796997070312,276.4925231933594,190.3221435546875,230.30355834960938,185.88516235351562,284.956787109375,479.7742614746094,184.28366088867188,335.983642578125,250.766845703125,135.1769256591797,182.82730102539062,360.03228759765625,749.0,358.74908447265625,3814.2099609375,144.3026123046875,208.7723388671875,45.88255310058594,1113.3233642578125,488.07000732421875,162.64352416992188,57.40706253051758,523.86865234375,94.16978454589844,28.954710006713867,76.4403076171875,416.5367126464844,72.33028411865234,334.15521240234375,70.36408233642578,35.64042663574219,187.2869873046875,66.93856048583984,80.56684875488281,150.6969757080078,263.3500061035156,90.47000122070312,219.77903747558594,176.62347412109375,277.42633056640625,54.76498794555664,99.38741302490234,337.2738952636719,829.0557861328125,61.22877883911133,41.63560104370117,126.54000091552734,49.31169891357422,349.1650085449219,311.6396179199219,88.76420593261719,68.92880249023438,269.4019470214844,248.29092407226562,26.39002799987793,465.53826904296875,377.4210510253906,123.30799102783203,289.1875915527344,305.1568908691406,158.26368713378906,243.1992645263672,299.8915710449219,28.532928466796875,120.99760437011719,25.13939094543457,68.65299987792969,126.71662902832031,273.4847717285156,287.7604675292969,440.311767578125,477.5812072753906,569.5662841796875,128.43690490722656,269.516845703125,809.1170043945312,91.85737609863281,76.68099975585938,614.3848876953125,166.07156372070312,193.5347137451172,162.33985900878906,528.1749877929688,1419.7099609375,67.10501098632812,191.24607849121094,7438.330078125,278.711669921875,95.79000091552734,90.654541015625,119.73627471923828,148.2533721923828,23.146671295166016,77.5035171508789,148.4361114501953,203.4590301513672,769.3333740234375,149.2445831298828,36.586997985839844,132.22332763671875,203.27999877929688,184.85194396972656,315.8421630859375,583.00390625,23.534324645996094,334.977294921875,357.856689453125,219.12417602539062,177.20521545410156,333.6914367675781,35.48021697998047,465.4100036621094,466.7620849609375,91.20314025878906,114.92427825927734,229.15391540527344,380.7171936035156,24.642824172973633,235.1079559326172,43.220821380615234,141.98973083496094,217.36187744140625,113.93859100341797,426.2821044921875,358.6827392578125,214.71737670898438,85.05559539794922,46.46086502075195,345.06036376953125,290.3834533691406,37.35282897949219,199.61407470703125,113.80525207519531,211.1880645751953,190.8536376953125,113.40397644042969,144.7499542236328
2025-10-28,144.97947692871094,222.28445434570312,248.2347412109375,311.0799865722656,101.17610931396484,111.646484375,265.09588623046875,188.0071563720703,226.62991333007812,184.2427978515625,285.866943359375,479.6851806640625,177.4748992919922,329.0918273925781,249.46279907226562,136.54946899414062,178.7023468017578,370.8914794921875,755.0,358.1142272949219,3803.0,142.1192626953125,203.45489501953125,47.1231575012207,1107.064453125,481.44000244140625,161.64065551757812,57.85024642944336,521.284423828125,91.25592803955078,27.41938018798828,75.76262664794922,409.8493347167969,71.21513366699219,333.74755859375,71.57640838623047,35.32362365722656,188.48806762695312,66.71231079101562,80.32256317138672,149.58091735839844,261.4200134277344,87.61000061035156,215.6919403076172,178.36032104492188,266.0896911621094,53.93739700317383,97.70557403564453,334.2309875488281,802.8493041992188,59.43959045410156,40.95676040649414,126.16999816894531,49.002689361572266,342.16729736328125,308.601318359375,85.84413146972656,69.41561889648438,267.9049072265625,245.0023651123047,26.212785720825195,464.14520263671875,377.89129638671875,121.05830383300781,291.6210632324219,304.6500549316406,155.7190399169922,241.2953643798828,301.0845947265625,28.161991119384766,120.09246063232422,25.07209587097168,68.75099182128906,126.22441101074219,257.64080810546875,284.04412841796875,438.2330627441406,476.4630126953125,563.1676635742188,126.21598815917969,263.8027648925781,802.28662109375,90.97911071777344,76.5643310546875,614.3848876953125,164.52328491210938,189.56993103027344,161.54782104492188,538.6585083007812,1404.5799560546875,65.97013854980469,200.77394104003906,7461.330078125,278.1470947265625,96.30000305175781,89.91590881347656,118.8167724609375,145.81532287597656,22.894367218017578,80.0652084350586,148.0741424560547,199.06275939941406,762.2083129882812,145.9325714111328,36.0498161315918,130.5048828125,202.4600067138672,178.30213928222656,288.90887451171875,651.9013671875,23.563451766967773,328.65618896484375,358.3021240234375,215.8428497314453,176.6416778564453,351.9308776855469,35.185855865478516,456.8299865722656,463.98016357421875,90.59622955322266,116.54458618164062,221.8709716796875,372.9881286621094,24.806915283203125,234.90931701660156,42.9302978515625,142.74293518066406,216.68226623535156,112.09529113769531,424.3710632324219,360.5056457519531,214.08767700195312,91.86233520507812,45.94571304321289,344.1476745605469,290.9601745605469,37.43851852416992,197.27261352539062,112.38121795654297,201.76329040527344,197.55322265625,112.51388549804688,142.669921875
2025-10-29,142.34530639648438,219.93988037109375,242.74781799316406,297.0799865722656,100.15768432617188,118.43585968017578,259.6651306152344,187.16981506347656,234.7039337158203,183.33702087402344,285.55377197265625,473.74530029296875,173.93939208984375,325.2120666503906,243.49171447753906,138.99620056152344,171.1027374267578,383.8289794921875,759.4400024414062,355.3269348144531,3709.1201171875,140.04391479492188,201.67843627929688,47.576072692871094,1080.54296875,475.760009765625,163.3087921142578,60.059852600097656,581.933837890625,89.07536315917969,27.429224014282227,74.3778076171875,436.51971435546875,70.09996795654297,331.29150390625,70.30494689941406,34.947418212890625,182.5422821044922,70.51911163330078,78.75910186767578,150.5222930908203,266.05999755859375,83.83999633789062,212.81800842285156,179.442138671875,255.36793518066406,53.302276611328125,96.32051849365234,331.23724365234375,784.7487182617188,56.97342300415039,40.42549133300781,70.5999984741211,50.17891311645508,339.0090026855469,313.0741271972656,89.67796325683594,68.68042755126953,274.6317138671875,216.87681579589844,27.059627532958984,466.07562255859375,370.3383483886719,120.73269653320312,289.5140380859375,300.4004821777344,149.13461303710938,237.5268096923828,301.2325134277344,26.502534866333008,123.00405883789062,24.899051666259766,66.97733306884766,122.24729919433594,246.1819305419922,283.5400085449219,427.631591796875,476.0314636230469,551.8731079101562,121.93829345703125,261.4773864746094,805.31787109375,89.51532745361328,76.14625549316406,614.4644775390625,162.3537139892578,193.06129455566406,160.3939666748047,538.1417846679688,1394.1700439453125,63.93517303466797,206.77627563476562,7333.31005859375,272.669921875,94.5199966430664,91.9643783569336,112.44731140136719,141.9688720703125,22.698129653930664,80.28923034667969,145.53074645996094,195.3616180419922,770.1781005859375,142.97125244140625,35.62983703613281,134.74241638183594,197.86000061035156,175.9777069091797,276.18682861328125,650.3375244140625,23.369272232055664,325.06396484375,364.4094543457031,208.67552185058594,174.35791015625,343.27288818359375,36.13762664794922,455.3399963378906,444.59124755859375,90.25360870361328,114.6493148803711,264.27520751953125,366.69775390625,24.266376495361328,239.1002197265625,42.523555755615234,140.42384338378906,211.77713012695312,111.906982421875,425.48583984375,348.1764831542969,212.88731384277344,92.85379791259766,45.3333625793457,338.5722351074219,293.3269348144531,38.28593063354492,200.8197021484375,111.7569808959961,195.14419555664062,193.456298828125,113.90281677246094,141.22763061523438
2025-10-30,142.5043487548828,222.92921447753906,244.217529296875,300.7699890136719,100.59835815429688,118.22248077392578,259.675048828125,189.02182006835938,231.5181427001953,197.40158081054688,285.77886962890625,449.56005859375,174.29876708984375,327.3265075683594,239.88356018066406,138.3596649169922,169.56924438476562,374.3719787597656,738.8800048828125,355.9815979003906,3705.6298828125,138.39288330078125,201.8512725830078,47.83207321166992,1080.5921630859375,478.5199890136719,188.49966430664062,58.181434631347656,579.6080322265625,88.11050415039062,27.881946563720703,75.14388275146484,433.3837585449219,70.99209594726562,339.2861633300781,71.86224365234375,35.284027099609375,182.62168884277344,71.01094055175781,74.93840789794922,148.9889373779297,254.07000732421875,80.88999938964844,213.85223388671875,178.78709411621094,255.00096130371094,53.54285430908203,96.5678482055664,317.0467224121094,819.6021118164062,58.3274040222168,40.8780517578125,65.19000244140625,51.08599853515625,340.1736145019531,309.55767822265625,89.66802215576172,68.22341918945312,281.3485412597656,212.29457092285156,26.54758071899414,464.4835205078125,371.81756591796875,121.81806945800781,282.5301513671875,302.20361328125,147.05532836914062,239.1068572998047,305.10748291015625,27.019893646240234,120.92591857910156,25.07209587097168,67.59468078613281,122.19805908203125,250.3388671875,292.4651794433594,425.5528869628906,480.3373718261719,550.9774780273438,124.38130187988281,260.6326599121094,823.1666259765625,88.773681640625,76.96294403076172,610.580078125,164.14854431152344,192.9429473876953,161.5966796875,522.4512329101562,1377.010009765625,63.49491500854492,202.63156127929688,7245.7099609375,254.4358367919922,95.1500015258789,91.0878677368164,112.28448486328125,143.31903076171875,22.698129653930664,80.5911865234375,146.32313537597656,194.42225646972656,769.5023193359375,141.9873809814453,35.9619140625,133.83438110351562,197.3800048828125,174.5889434814453,280.6050109863281,651.463134765625,23.49549102783203,320.4000549316406,361.94476318359375,208.10055541992188,175.40586853027344,345.4274597167969,35.63720703125,442.92999267578125,461.9971008300781,90.48855590820312,113.14684295654297,266.98138427734375,366.092529296875,23.82236099243164,241.77169799804688,42.939979553222656,141.0184783935547,207.48268127441406,110.37089538574219,444.2877197265625,337.87603759765625,215.30772399902344,90.62301635742188,45.52775573730469,342.29248046875,288.3846130371094,37.09574508666992,202.4039306640625,109.82576751708984,198.1475067138672,196.21726989746094,112.18131256103516,141.3845977783203
2025-10-31,145.48643493652344,213.00387573242188,245.0503692626953,301.3399963378906,99.903076171875,116.64153289794922,247.24774169921875,188.66717529296875,232.06570434570312,201.1740264892578,292.0718688964844,448.23345947265625,173.84225463867188,339.78363037109375,237.8539581298828,138.5884246826172,168.802490234375,367.5700988769531,732.22998046875,357.8166809082031,3674.429931640625,137.87596130371094,201.75314331054688,47.66468811035156,1065.594482421875,477.5400085449219,189.42311096191406,58.81416702270508,573.7537841796875,87.04916381835938,28.374038696289062,75.67424011230469,432.9781799316406,71.32179260253906,335.90533447265625,72.05936431884766,35.66023254394531,181.91693115234375,71.68966674804688,76.36506652832031,153.06495666503906,254.3699951171875,81.5,214.18040466308594,180.09718322753906,254.30667114257812,53.29265594482422,95.65766906738281,312.3691101074219,832.2430419921875,57.48599624633789,40.48452377319336,66.69000244140625,50.17891311645508,340.4104919433594,307.7645568847656,88.47615814208984,68.64067840576172,281.2687072753906,211.27740478515625,26.42941665649414,457.39886474609375,371.8567810058594,122.52848815917969,275.190185546875,299.6208190917969,144.84732055664062,239.3816375732422,306.7639465332031,26.51229476928711,120.36132049560547,25.177846908569336,67.51628875732422,121.84367370605469,251.95599365234375,285.744140625,414.060546875,482.45599365234375,549.2957763671875,123.82124328613281,258.9532165527344,809.0172729492188,88.51018524169922,77.60462188720703,610.65966796875,164.19786071777344,192.2328338623047,161.34091186523438,514.5512084960938,1416.2900390625,63.19161605834961,202.23207092285156,7210.81982421875,260.1011657714844,94.44000244140625,91.3537826538086,112.09292602539062,141.90089416503906,23.034536361694336,81.857421875,147.09591674804688,193.5110626220703,767.9918823242188,140.5944061279297,35.668907165527344,132.9263153076172,198.5399932861328,178.17410278320312,282.873291015625,649.2319946289062,23.49549102783203,317.204833984375,364.6173095703125,206.43511962890625,176.47360229492188,342.4884948730469,35.38209915161133,453.82000732421875,457.8993835449219,89.99910736083984,113.57892608642578,254.5845184326172,353.4521789550781,23.88992691040039,245.30714416503906,43.220821380615234,138.8876953125,206.89170837402344,108.83479309082031,446.55706787109375,334.7496337890625,216.82293701171875,91.9195327758789,45.37224578857422,338.03656005859375,287.88739013671875,37.83842468261719,203.69923400878906,108.97720336914062,197.35714721679688,192.31825256347656,111.85853576660156,141.86703491210938
2025-11-03,143.82640075683594,207.06431579589844,243.42388916015625,303.6400146484375,99.43305206298828,116.31175994873047,240.79623413085938,188.40118408203125,236.65524291992188,197.78977966308594,289.9872741699219,447.847412109375,171.56942749023438,338.9458312988281,234.68702697753906,140.7864990234375,170.20980834960938,360.5295104980469,724.0999755859375,358.6994934082031,3576.139892578125,136.7881622314453,199.8781280517578,47.891143798828125,1051.8367919921875,475.67999267578125,188.87698364257812,57.20268630981445,567.1243286132812,86.37376403808594,28.255935668945312,73.64120483398438,433.00787353515625,70.29389953613281,339.0077209472656,73.38011169433594,35.472129821777344,180.69601440429688,71.54212188720703,76.64844512939453,149.4935760498047,242.0500030517578,81.12000274658203,212.8677520751953,176.82196044921875,255.34811401367188,52.339969635009766,92.25439453125,308.4201354980469,819.2874145507812,57.13783645629883,40.376304626464844,65.13999938964844,49.93967819213867,337.419921875,307.4358215332031,86.90687561035156,67.77635192871094,283.564208984375,207.91969299316406,26.764217376708984,459.2695617675781,370.64202880859375,122.61729431152344,276.9015197753906,297.00872802734375,144.1542205810547,238.60635375976562,305.01873779296875,26.004695892333984,121.39690399169922,25.355762481689453,66.60497283935547,118.7131576538086,255.8053741455078,285.24005126953125,408.0025939941406,478.59149169921875,541.4144897460938,123.2032470703125,262.2425842285156,817.9415893554688,88.02225494384766,77.01155853271484,616.8350219726562,159.9474334716797,193.10073852539062,160.99658203125,513.776123046875,1406.8800048828125,61.29362869262695,206.61647033691406,7072.31982421875,255.38665771484375,91.69999694824219,88.80303955078125,110.25392150878906,139.4822998046875,23.043880462646484,80.86390686035156,144.79708862304688,191.35049438476562,767.0478515625,140.857421875,35.561466217041016,134.66432189941406,196.36000061035156,177.996826171875,273.9678649902344,639.7196044921875,23.534324645996094,312.5310363769531,360.83612060546875,203.50076293945312,175.03018188476562,343.1835021972656,36.32405090332031,445.7200012207031,467.1192321777344,90.62559509277344,114.59039306640625,264.2055358886719,355.357177734375,23.67757225036621,245.16810607910156,42.823768615722656,139.15528869628906,200.26290893554688,105.37610626220703,444.2279968261719,327.1345520019531,215.29788208007812,89.69828796386719,45.31391906738281,334.22698974609375,286.94268798828125,37.58134460449219,204.17747497558594,107.88479614257812,194.3933868408203,190.6161346435547,111.27165985107422,142.12303161621094
2025-11-04,145.20811462402344,210.90353393554688,237.9957275390625,300.8599853515625,99.79537200927734,116.68033599853516,249.4378662109375,192.3514404296875,229.16860961914062,197.1427764892578,290.3787536621094,447.47119140625,175.1729278564453,343.3043212890625,236.0695037841797,135.962646484375,170.87950134277344,349.9786682128906,706.1300048828125,357.57861328125,3675.89990234375,138.1305694580078,198.33689880371094,45.47730255126953,1043.05859375,487.6600036621094,193.9608154296875,56.89620590209961,544.2540893554688,87.14564514160156,25.697057723999023,75.18316650390625,424.1341857910156,70.73027038574219,342.5874328613281,71.28072357177734,35.48202896118164,182.750732421875,71.62080383300781,76.29666137695312,148.86276245117188,239.92999267578125,79.54000091552734,212.6390380859375,176.9013671875,256.5482177734375,53.60059356689453,91.88834381103516,311.79791259765625,816.4049682617188,57.42797088623047,40.63209533691406,64.44999694824219,50.17891311645508,338.99908447265625,303.03277587890625,84.63239288330078,66.43512725830078,277.51605224609375,202.89305114746094,26.39987564086914,469.33929443359375,375.2756652832031,126.23848724365234,278.8304748535156,293.2270202636719,145.53050231933594,240.363037109375,304.9201354980469,25.82898712158203,118.84278106689453,25.12242889404297,67.28111267089844,119.75666809082031,250.3388671875,287.7406921386719,413.7042236328125,475.6882019042969,550.0520629882812,124.65167236328125,270.5404052734375,839.2604370117188,88.23694610595703,77.8125991821289,622.7713012695312,158.36956787109375,181.2556915283203,161.3507537841797,511.0931701660156,1420.3499755859375,59.90436935424805,198.43690490722656,7146.02978515625,245.79913330078125,93.83000183105469,89.32501220703125,110.28265380859375,138.8023681640625,22.707473754882812,79.92884063720703,143.96559143066406,196.88340759277344,764.1759033203125,143.83822631835938,35.40519714355469,132.5455322265625,192.02999877929688,170.2355499267578,253.82955932617188,625.5257568359375,23.446943283081055,306.9144592285156,356.19378662109375,205.939453125,173.6164093017578,340.5424499511719,35.44096755981445,416.3500061035156,469.1774597167969,90.5277099609375,114.06011199951172,249.1123504638672,359.7723693847656,23.590702056884766,241.87100219726562,42.349239349365234,140.7806396484375,203.188232421875,105.4355697631836,430.9701232910156,324.23358154296875,217.354248046875,88.89749145507812,45.129241943359375,337.5999755859375,290.632080078125,37.43851852416992,203.71914672851562,109.11375427246094,198.2561492919922,191.97189331054688,111.64334106445312,122.53987121582031
2025-11-05,145.8939971923828,211.76321411132812,242.81640625,300.9599914550781,99.17842864990234,116.15657806396484,245.8206787109375,191.84906005859375,239.8211212158203,197.1427764892578,313.0453186035156,454.4703674316406,174.27932739257812,340.80096435546875,232.9221649169922,138.12095642089844,172.51007080078125,356.97943115234375,639.530029296875,362.8457336425781,3661.81005859375,136.08607482910156,195.134033203125,46.535831451416016,1056.5013427734375,488.7699890136719,195.4005889892578,56.204158782958984,565.6930541992188,86.6728744506836,26.47456169128418,75.53673553466797,434.4620361328125,70.3714828491211,352.0040283203125,71.06388092041016,34.967220306396484,184.4381866455078,73.44060516357422,76.75592803955078,148.15432739257812,238.0,81.80999755859375,211.02804565429688,178.30076599121094,256.8160095214844,54.63988494873047,90.1174545288086,313.23565673828125,808.7417602539062,57.805152893066406,41.005950927734375,64.0,50.06926345825195,338.4463806152344,303.93927001953125,86.50958251953125,68.32276916503906,284.1929626464844,202.9226837158203,26.685441970825195,470.8517761230469,366.2239074707031,126.52462768554688,262.08306884765625,298.9969787597656,144.7681121826172,240.50042724609375,307.31610107421875,26.082788467407227,122.18952941894531,25.200204849243164,67.13412475585938,119.29397583007812,248.71180725097656,283.7673645019531,413.99127197265625,464.0750732421875,550.6093139648438,124.08196258544922,281.3028259277344,841.8430786132812,88.21744537353516,77.04876708984375,608.1796264648438,162.04798889160156,183.6227264404297,162.5017852783203,503.96826171875,1439.72998046875,60.765316009521484,194.9613494873047,7181.8701171875,247.91868591308594,94.94000244140625,89.85681915283203,111.58528137207031,138.76351928710938,22.997159957885742,79.05221557617188,142.61563110351562,196.27281188964844,769.3036499023438,144.55905151367188,35.52239990234375,132.7212677001953,189.97000122070312,177.0118865966797,253.08990478515625,641.6519165039062,23.67024803161621,314.46600341796875,358.91583251953125,204.6407928466797,172.02468872070312,333.3836364746094,35.86288070678711,409.1099853515625,467.19439697265625,90.43961334228516,114.79661560058594,274.373779296875,354.87103271484375,23.706533432006836,247.28343200683594,42.6688232421875,142.41587829589844,201.6615447998047,108.3293685913086,434.1253356933594,321.2052001953125,213.8810577392578,88.57337188720703,45.430564880371094,337.34210205078125,283.51190185546875,37.79081344604492,205.27349853515625,109.09424591064453,198.1178436279297,196.8901824951172,111.19342041015625,118.6311264038086
2025-11-06,146.6096954345703,213.9807891845703,236.46722412109375,294.8599853515625,99.8932876586914,115.9334945678711,243.03594970703125,195.0605010986328,232.49378967285156,196.33653259277344,308.8663024902344,452.9358825683594,172.977783203125,339.10540771484375,253.73770141601562,137.36505126953125,170.08364868164062,353.60833740234375,587.1400146484375,362.77630615234375,3673.659912109375,136.85757446289062,194.6532745361328,46.78314971923828,1052.43701171875,493.1499938964844,196.59213256835938,55.92734146118164,566.3192749023438,84.72386169433594,25.952945709228516,75.89031219482422,457.82830810546875,70.15814971923828,358.2088623046875,70.01911926269531,34.80882263183594,183.5249786376953,71.64048767089844,76.86341857910156,148.42605590820312,196.4600067138672,79.80999755859375,209.4966278076172,177.2288818359375,250.9939422607422,54.42818069458008,86.84278869628906,309.6510925292969,805.9971313476562,56.770328521728516,40.11066818237305,61.630001068115234,50.91654586791992,335.870361328125,304.0986633300781,87.26443481445312,68.39230346679688,284.7818298339844,201.44134521484375,26.911922454833984,469.0209045410156,361.5511169433594,126.23848724365234,248.40219116210938,304.5038757324219,146.06520080566406,239.75457763671875,309.0317687988281,25.731372833251953,120.12831115722656,25.3946533203125,67.6730728149414,118.45721435546875,244.69375610351562,281.7115173339844,411.1107482910156,459.9359130859375,550.5795288085938,122.67216491699219,279.3848876953125,856.1519165039062,87.8856430053711,74.39495086669922,605.9087524414062,161.58450317382812,190.07290649414062,160.77032470703125,493.9715576171875,1439.6199951171875,60.55007553100586,187.84042358398438,7195.0498046875,241.47088623046875,95.0,89.76818084716797,108.0605239868164,137.5202178955078,23.22142791748047,80.29898071289062,142.94822692871094,196.90220642089844,828.9280395507812,146.0202178955078,35.64937210083008,134.93768310546875,173.92999267578125,170.5901336669922,250.07211303710938,644.3214111328125,23.602285385131836,312.62030029296875,368.7152099609375,202.45985412597656,173.11221313476562,331.28863525390625,35.676456451416016,396.1400146484375,460.5215759277344,90.82138061523438,115.15995788574219,277.06011962890625,351.0412292480469,23.88027572631836,240.8282470703125,42.62039566040039,142.48526000976562,197.9876251220703,97.92356872558594,433.5679626464844,315.1484375,214.4812469482422,89.23116302490234,45.5374755859375,334.2864990234375,284.7052307128906,37.91459274291992,203.0316619873047,108.05060577392578,197.20895385742188,189.8739471435547,111.99547576904297,117.71546936035156
2025-11-07,145.8641815185547,214.09800720214844,240.7979736328125,297.17999267578125,102.478515625,117.77632904052734,247.76307678222656,199.2767333984375,229.0491485595703,195.3809814453125,313.3780822753906,456.8067321777344,172.84181213378906,345.4087829589844,254.6691131591797,138.33975219726562,172.16067504882812,347.482666015625,602.510009765625,365.5636291503906,3718.260009765625,137.2047576904297,196.28033447265625,47.35693359375,1064.994140625,499.05999755859375,202.2320098876953,56.856658935546875,559.6798095703125,86.39306640625,26.307252883911133,77.35369873046875,468.2550964355469,71.54847717285156,358.666259765625,70.04869079589844,34.98702621459961,183.7036590576172,72.00444793701172,77.18586730957031,150.4446563720703,204.30999755859375,81.7699966430664,208.7707061767578,178.9756622314453,254.03887939453125,54.89008712768555,86.81311798095703,312.94024658203125,811.3289794921875,57.74712371826172,40.18937301635742,63.70000076293945,51.066062927246094,341.83172607421875,306.09100341796875,84.90057373046875,70.2898941040039,279.1528625488281,198.6564483642578,27.148252487182617,474.2448425292969,363.5495300292969,127.68894958496094,249.32215881347656,298.61688232421875,147.5305938720703,240.92245483398438,309.8106689453125,25.340909957885742,118.83084106445312,25.81270980834961,69.1331558227539,119.65821838378906,250.7257843017578,287.2860412597656,416.2481689453125,449.56842041015625,549.27587890625,125.19242095947266,289.3423156738281,849.5509033203125,89.9739761352539,74.57122039794922,608.2095336914062,162.560791015625,191.0986328125,159.72750854492188,493.6933288574219,1439.3499755859375,59.76739501953125,187.91033935546875,7251.240234375,236.9742431640625,97.08999633789062,89.64015197753906,108.27327728271484,138.85093688964844,23.230937957763672,80.70806884765625,143.77972412109375,204.09780883789062,840.5401000976562,149.41990661621094,35.727508544921875,134.69358825683594,176.11000061035156,168.31495666503906,252.4784698486328,654.939453125,24.12656593322754,322.18621826171875,369.6951599121094,203.80809020996094,174.9609832763672,337.7424621582031,35.97081756591797,393.42999267578125,466.5553283691406,91.74153137207031,116.1812515258789,277.9356689453125,353.243896484375,23.967147827148438,240.74879455566406,43.32735061645508,143.31776428222656,203.8875732421875,102.7498779296875,432.47308349609375,317.7455749511719,217.91506958007812,91.47146606445312,45.99431228637695,333.3539733886719,285.69964599609375,38.11454391479492,205.56243896484375,110.08911895751953,199.48118591308594,194.9010772705078,114.6559829711914,118.3849868774414
2025-11-10,145.48643493652344,213.65841674804688,239.6124267578125,298.7200012207031,102.17493438720703,119.80964660644531,248.8036346435547,200.85292053222656,234.03689575195312,197.09300231933594,316.7643737792969,456.28021240234375,174.56101989746094,343.96258544921875,253.3847198486328,143.0740966796875,171.54920959472656,356.3927307128906,584.6900024414062,364.908935546875,3728.090087890625,140.13648986816406,197.0114288330078,48.2769660949707,1065.4173583984375,496.9800109863281,203.97958374023438,56.678707122802734,567.3826904296875,88.60258483886719,26.4647216796875,77.06888580322266,479.13690185546875,72.35942077636719,362.593994140625,71.05402374267578,34.76921844482422,183.88230895996094,71.68966674804688,75.76899719238281,151.05606079101562,204.0800018310547,79.83999633789062,209.9938507080078,180.72244262695312,256.44903564453125,55.17877960205078,88.67304992675781,299.1534729003906,814.6539916992188,57.55369567871094,40.6812858581543,63.79999923706055,51.165748596191406,344.94073486328125,310.7430725097656,87.95967864990234,70.58794403076172,290.0215759277344,200.20689392089844,27.286108016967773,457.020751953125,362.8833923339844,129.11965942382812,235.84902954101562,302.95843505859375,148.02565002441406,239.7251434326172,312.45318603515625,25.49709701538086,121.27840423583984,26.308547973632812,69.10374450683594,121.2923812866211,259.0694274902344,293.55242919921875,416.40655517578125,443.43817138671875,550.2610473632812,125.09586334228516,288.6566162109375,856.9097900390625,90.4228744506836,75.57986450195312,614.3151245117188,165.35166931152344,193.66290283203125,162.3739013671875,502.8155517578125,1432.5699462890625,59.48367691040039,198.7964630126953,7336.81005859375,238.5292510986328,98.0999984741211,88.89167785644531,107.80908966064453,138.53038024902344,23.192901611328125,81.40937042236328,142.3319549560547,204.342041015625,837.1739501953125,151.0564422607422,35.981449127197266,135.37705993652344,177.49000549316406,168.9846954345703,261.3247375488281,652.160400390625,24.31103515625,332.1391906738281,387.2648010253906,202.35081481933594,176.99758911132812,340.1154479980469,36.21611404418945,400.7699890136719,464.1305236816406,90.9780044555664,117.53642272949219,292.5015563964844,352.24176025390625,23.967147827148438,246.05197143554688,43.69534683227539,145.40890502929688,202.7745361328125,105.12834930419922,431.4777526855469,315.16802978515625,220.2764434814453,88.71636199951172,46.24702835083008,332.1932373046875,291.7063293457031,37.94315719604492,209.2390899658203,109.65019989013672,198.04869079589844,192.62501525878906,115.63410949707031,117.94192504882812
2025-11-11,148.52818298339844,219.96920776367188,237.66259765625,301.8599853515625,103.00730895996094,119.97583770751953,252.70823669433594,204.27122497558594,227.6553497314453,196.7247314453125,331.2392578125,461.88311767578125,179.4854736328125,349.00927734375,257.1105651855469,142.69613647460938,173.5777130126953,349.9985656738281,572.1799926757812,367.1705017089844,3756.239990234375,145.83021545410156,200.67678833007812,48.42536163330078,1068.4974365234375,497.07000732421875,203.3639678955078,56.32279586791992,564.48046875,90.9182357788086,26.366304397583008,78.051025390625,470.8963928222656,73.12149810791016,363.0215759277344,70.67948913574219,34.630619049072266,184.38853454589844,71.93558502197266,78.04578399658203,151.628662109375,200.6300048828125,82.70999908447266,214.58810424804688,182.5883331298828,259.9105224609375,55.688804626464844,89.87012481689453,310.44879150390625,807.6793212890625,58.50148010253906,40.592742919921875,64.26000213623047,51.713985443115234,347.83258056640625,309.52777099609375,87.3339614868164,70.7568359375,291.1692810058594,197.17510986328125,27.630754470825195,460.0158386230469,366.6157531738281,129.425537109375,240.84457397460938,307.4568176269531,150.49110412597656,240.79486083984375,311.2009582519531,26.092548370361328,118.58488464355469,26.19188117980957,70.17186737060547,123.48768615722656,266.09356689453125,298.1781005859375,422.3258972167969,448.3129577636719,555.6246948242188,127.04642486572266,290.07769775390625,853.9882202148438,93.09671783447266,76.17721557617188,617.9306640625,166.33782958984375,197.38113403320312,163.80038452148438,505.47869873046875,1445.06005859375,61.782798767089844,192.91395568847656,7301.2099609375,233.8939666748047,99.22000122070312,88.95076751708984,107.96382141113281,140.91986083984375,24.257930755615234,82.18859100341797,145.30575561523438,206.57774353027344,854.40283203125,152.7416534423828,36.00098419189453,137.525146484375,178.0,171.35836791992188,259.9144592285156,671.892333984375,24.33045196533203,331.21636962890625,388.0962829589844,205.33474731445312,177.1854248046875,342.62750244140625,36.902957916259766,395.6000061035156,467.7865295410156,91.5555419921875,117.28108978271484,286.5418701171875,360.8538513183594,24.30498695373535,245.45611572265625,43.87935256958008,144.85391235351562,208.7926788330078,101.12458801269531,419.673095703125,320.9209899902344,221.181640625,90.59441375732422,46.28590393066406,336.23101806640625,293.95758056640625,38.75248718261719,207.18655395507812,109.72823333740234,200.81488037109375,189.49789428710938,117.15998840332031,118.26683807373047
2025-11-12,150.61563110351562,227.84303283691406,241.5524444580078,301.739990234375,103.52630615234375,119.92696380615234,253.56048583984375,206.0936737060547,229.70620727539062,195.878662109375,329.115478515625,467.44635009765625,178.08682250976562,349.1888122558594,256.44378662109375,141.15451049804688,172.81097412109375,353.2403869628906,569.510009765625,369.7593994140625,3788.699951171875,148.2218780517578,205.64059448242188,47.02057647705078,1076.5377197265625,502.3999938964844,202.87744140625,55.35393142700195,569.53955078125,90.3779067993164,26.700925827026367,77.15727233886719,474.3389892578125,73.2387466430664,361.3709716796875,72.89715576171875,35.036521911621094,183.91209411621094,72.98811340332031,78.42687225341797,148.7948455810547,196.50999450683594,84.38999938964844,218.17800903320312,182.240966796875,258.9286193847656,56.545257568359375,91.02764129638672,322.6402282714844,800.0062866210938,57.66007995605469,40.30743408203125,,51.863502502441406,344.9012756347656,307.83428955078125,88.4066390991211,71.37279510498047,286.8677062988281,196.13818359375,26.51803970336914,471.2597351074219,363.5691223144531,130.90557861328125,237.88681030273438,308.6916809082031,152.53079223632812,240.86354064941406,315.92388916015625,26.258493423461914,119.38845825195312,26.25993537902832,70.0738754272461,122.19805908203125,263.9010009765625,296.75482177734375,424.61248779296875,448.28350830078125,558.4906005859375,126.97882080078125,289.84918212890625,838.3430786132812,93.49681854248047,78.54705047607422,612.3629150390625,168.7145233154297,194.19549560546875,167.16494750976562,507.9232177734375,1447.81005859375,62.810062408447266,193.5531463623047,7287.3798828125,224.82147216796875,98.08999633789062,89.60076904296875,107.42225646972656,140.2496337890625,24.600261688232422,83.04573822021484,144.78729248046875,208.41891479492188,850.8076782226562,151.5337371826172,36.02051544189453,134.76194763183594,178.16000366210938,174.00784301757812,259.79608154296875,679.0339965820312,24.65084457397461,337.5969543457031,390.53131103515625,203.3718719482422,175.6728057861328,342.2700500488281,35.391910552978516,398.80999755859375,466.01019287109375,90.5179214477539,118.93087005615234,281.8258972167969,364.4653625488281,24.75865364074707,244.62191772460938,44.19893264770508,146.31077575683594,209.48216247558594,103.04718780517578,419.7825622558594,332.2994689941406,219.95175170898438,91.69073486328125,46.548343658447266,336.8572082519531,293.9476318359375,38.84769821166992,209.14178466796875,109.34783172607422,201.33847045898438,189.89373779296875,115.53629302978516,119.37940216064453
2025-11-13,146.0132598876953,226.92474365234375,242.5714569091797,297.1700134277344,102.59601593017578,118.75389099121094,254.40284729003906,208.01463317871094,222.23948669433594,193.25088500976562,328.8414611816406,456.3994140625,175.93055725097656,350.0166320800781,257.8949279785156,134.52049255371094,171.77243041992188,338.0853271484375,557.2899780273438,361.78436279296875,3819.2900390625,148.93165588378906,201.66851806640625,47.000789642333984,1052.643798828125,513.1099853515625,204.6051483154297,54.53335952758789,550.1878051757812,87.42546081542969,25.726581573486328,77.38316345214844,462.4679260253906,72.23240661621094,363.3894958496094,76.26800537109375,34.531620025634766,186.52268981933594,72.35855865478516,77.43016052246094,150.98812866210938,195.2100067138672,83.0999984741211,219.96798706054688,180.6033477783203,259.84112548828125,56.85319900512695,88.95994567871094,323.28033447265625,773.7407836914062,57.33125686645508,40.09098815917969,64.52999877929688,51.79372787475586,339.5814208984375,303.0029296875,81.80171203613281,71.42247772216797,278.573974609375,192.63235473632812,26.606664657592773,470.931396484375,360.57147216796875,131.9021453857422,234.18716430664062,298.773681640625,151.194091796875,240.7261505126953,305.1469421386719,26.356109619140625,115.67926025390625,26.14327049255371,69.64271545410156,119.3530502319336,265.7562255859375,285.0226135253906,424.2958068847656,447.1163024902344,552.8582763671875,126.06149291992188,285.6355895996094,843.8173217773438,93.81884765625,77.8223876953125,599.7333984375,168.2608642578125,191.90736389160156,162.9248046875,500.12261962890625,1412.1800537109375,64.6004409790039,186.62196350097656,7255.56982421875,215.49147033691406,98.3499984741211,89.2166748046875,108.1185531616211,140.861572265625,24.524188995361328,82.42236328125,144.73838806152344,209.62130737304688,838.4785766601562,151.13433837890625,35.698204040527344,136.20700073242188,174.57000732421875,171.87054443359375,252.2318878173828,692.2517700195312,24.233362197875977,330.214111328125,375.8321838378906,204.23435974121094,171.98513793945312,336.43182373046875,35.62739944458008,393.92999267578125,472.7018737792969,90.27320098876953,116.15178680419922,261.2306823730469,370.497802734375,24.855178833007812,234.65110778808594,43.898719787597656,145.5106658935547,211.34375,99.8560791015625,412.9147644042969,325.8899230957031,217.91506958007812,91.49054718017578,45.984596252441406,334.0738830566406,282.9902038574219,39.14286804199219,203.7748260498047,108.98694610595703,202.03988647460938,184.53012084960938,116.19163513183594,119.2907943725586
2025-11-14,145.94369506835938,226.99313354492188,240.2591094970703,299.3900146484375,102.84083557128906,118.57792663574219,256.18670654296875,211.1078338623047,225.00714111328125,192.46453857421875,329.565673828125,454.98876953125,178.31991577148438,349.2087707519531,254.27694702148438,133.0186309814453,172.47125244140625,340.5514831542969,554.3699951171875,354.29534912109375,3856.8701171875,148.93165588378906,200.57186889648438,48.20771789550781,1041.1197509765625,508.94000244140625,203.92001342773438,53.48539733886719,550.6649780273438,88.45784759521484,25.60848045349121,76.65637969970703,457.6403503417969,72.24217987060547,360.49114990234375,76.87909698486328,34.551422119140625,185.786376953125,71.43392181396484,76.03282928466797,152.9678955078125,206.9600067138672,82.81999969482422,219.97793579101562,181.74472045898438,256.4688415527344,56.49714279174805,87.23853302001953,320.8676452636719,772.7865600585938,57.46665954589844,39.79584503173828,63.41999816894531,51.42491149902344,339.7689514160156,303.6504211425781,81.78178405761719,70.06138610839844,276.43817138671875,191.71395874023438,26.882381439208984,470.30450439453125,354.977783203125,132.06988525390625,234.56304931640625,299.5871276855469,150.57032775878906,239.4307098388672,299.3591003417969,26.483009338378906,112.95088195800781,26.658550262451172,69.73090362548828,119.2250747680664,264.78399658203125,286.0307922363281,419.0989990234375,456.84625244140625,543.0662841796875,126.43807983398438,283.9363098144531,839.6792602539062,93.55538177490234,77.00959777832031,594.0660400390625,165.97303771972656,197.2332000732422,161.2031707763672,506.96923828125,1403.0799560546875,62.78071594238281,189.92774963378906,7271.89013671875,220.7210235595703,98.80000305175781,87.83147430419922,108.4086685180664,141.66778564453125,23.830015182495117,82.27625274658203,144.45469665527344,211.5282440185547,828.5296020507812,151.40708923339844,35.9033088684082,138.96044921875,179.61000061035156,171.35836791992188,249.3817596435547,690.7677001953125,24.233362197875977,328.9340515136719,373.2981872558594,207.98159790039062,173.57687377929688,330.58990478515625,36.24555206298828,389.8299865722656,464.1869201660156,90.05784606933594,114.7376937866211,256.9026794433594,359.38543701171875,24.70073699951172,235.69387817382812,43.94770431518555,145.19261169433594,212.83102416992188,100.50025177001953,416.2093200683594,315.4424133300781,219.43028259277344,91.50007629394531,45.78047180175781,328.0500793457031,279.4937744140625,39.09526062011719,203.42567443847656,109.10789489746094,206.64361572265625,180.3441162109375,117.70126342773438,118.95603942871094
2025-11-17,143.6574249267578,228.5952606201172,236.4574432373047,291.9599914550781,103.1835708618164,120.94361877441406,256.9794616699219,206.0936737060547,227.69517517089844,190.30459594726562,334.4298095703125,437.90185546875,175.28948974609375,349.0990295410156,248.1489715576172,131.61622619628906,172.28683471679688,340.74041748046875,543.22998046875,338.4940185546875,3855.260009765625,147.3423614501953,190.87704467773438,47.366825103759766,1007.5226440429688,503.260009765625,204.7242889404297,52.52642059326172,548.6968994140625,87.36756896972656,24.958919525146484,77.4028091430664,451.08160400390625,72.75022888183594,363.5389099121094,76.66226196289062,33.67030334472656,182.84117126464844,70.0075912475586,76.61913299560547,150.2505645751953,210.64999389648438,80.72000122070312,219.21221923828125,178.69776916503906,253.37435913085938,55.58294677734375,85.17084503173828,325.87030029296875,764.2379760742188,57.10881805419922,39.0579719543457,62.70000076293945,50.35833740234375,337.3310852050781,298.9784240722656,80.78517150878906,67.46836853027344,285.04132080078125,187.43783569335938,26.212785720825195,474.7324523925781,350.7359924316406,130.30369567871094,231.58551025390625,291.2372131347656,148.84747314453125,236.91835021972656,296.1644592285156,26.31706428527832,113.07855224609375,26.38632583618164,69.26054382324219,112.32416534423828,259.3075256347656,285.5345153808594,413.6150817871094,461.76025390625,534.2296752929688,125.7911148071289,281.12396240234375,852.7815551757812,93.95547485351562,73.96407318115234,587.6217041015625,163.8040313720703,193.2782745361328,156.8646697998047,504.296142578125,1388.9599609375,61.53821563720703,186.3623046875,7156.64013671875,217.75958251953125,99.55999755859375,87.13887786865234,106.8420181274414,143.5909881591797,23.849035263061523,78.90611267089844,142.64498901367188,211.6879425048828,817.5947265625,148.8061981201172,35.942378997802734,134.558837890625,174.2100067138672,164.23733520507812,243.30674743652344,701.5350952148438,23.59257698059082,321.6106872558594,367.68505859375,207.9915008544922,173.6361846923828,325.24566650390625,35.126983642578125,390.239990234375,459.5346984863281,90.25360870361328,110.8096694946289,260.056640625,357.3117980957031,24.584909439086914,232.59539794921875,43.026817321777344,144.29806518554688,212.59463500976562,100.82727813720703,411.8497619628906,314.1291809082031,217.44281005859375,91.35458374023438,44.19614028930664,323.8055725097656,278.9956970214844,39.04765319824219,199.09619140625,110.012451171875,205.45811462402344,179.43370056152344,116.11270141601562,116.96720123291016
2025-11-18,142.98146057128906,228.46824645996094,235.15428161621094,292.2300109863281,102.72332000732422,120.73833465576172,256.31549072265625,206.83250427246094,224.12109375,189.02056884765625,336.66119384765625,439.89862060546875,176.33848571777344,347.6229553222656,247.2371368408203,131.7256317138672,172.18978881835938,338.6024169921875,533.77001953125,337.90875244140625,3827.889892578125,148.38389587402344,190.0426788330078,47.54490280151367,1002.936767578125,504.3699951171875,205.50872802734375,51.41913986206055,543.558349609375,87.84034729003906,25.352590560913086,77.91352844238281,459.925537109375,72.5645980834961,360.1923522949219,76.2581558227539,33.6505126953125,182.99041748046875,70.88689422607422,76.15986633300781,150.75103759765625,212.0800018310547,83.7699966430664,224.25396728515625,178.42979431152344,253.58261108398438,56.218074798583984,87.11980438232422,319.5874328613281,766.4906616210938,57.23454666137695,39.31376647949219,61.34000015258789,50.21878433227539,336.8475036621094,294.8742370605469,79.8483657836914,67.48823547363281,284.40252685546875,187.48721313476562,26.38018226623535,475.76727294921875,329.62506103515625,131.34957885742188,231.5756072998047,284.161376953125,151.2733154296875,237.4286651611328,295.2178955078125,26.766094207763672,112.02027893066406,26.33771514892578,69.7896957397461,114.16507720947266,257.75982666015625,283.3013610839844,410.5168151855469,465.624755859375,525.0049438476562,125.94559478759766,281.1338806152344,858.2858276367188,98.36634826660156,73.80740356445312,590.8190307617188,164.2001953125,196.8682861328125,157.23854064941406,490.6824035644531,1396.449951171875,61.13709259033203,181.1289825439453,7147.1298828125,218.38356018066406,98.33000183105469,86.77278900146484,106.33914184570312,144.50404357910156,24.200876235961914,80.05546569824219,143.78952026367188,211.24644470214844,813.9398803710938,151.8162384033203,35.63960266113281,136.2919158935547,173.07000732421875,162.57278442382812,247.95176696777344,722.4822998046875,23.476070404052734,325.73876953125,363.6217346191406,212.1055450439453,172.73651123046875,322.2798767089844,35.36247253417969,383.82000732421875,460.78472900390625,89.6662826538086,111.1631851196289,252.57473754882812,356.70654296875,24.710390090942383,229.94378662109375,43.43827819824219,144.69564819335938,209.8761444091797,102.35346984863281,405.1412048339844,307.3275146484375,217.2657012939453,90.03553009033203,44.6335334777832,319.2628479003906,280.7787780761719,39.49516296386719,197.1309814453125,109.7273178100586,208.74789428710938,178.86961364746094,117.44471740722656,116.3173828125
2025-11-19,143.5381317138672,227.53042602539062,236.21249389648438,291.19000244140625,100.85295104980469,118.97872161865234,246.4846649169922,206.80291748046875,234.08668518066406,190.68283081054688,335.1050720214844,446.8426818847656,175.31863403320312,343.26446533203125,248.30584716796875,135.92286682128906,171.76272583007812,352.4448547363281,531.0900268554688,341.8565979003906,3808.550048828125,147.5275115966797,186.37771606445312,47.96039581298828,998.5476684570312,501.260009765625,206.0548553466797,50.66777801513672,549.75048828125,87.8499984741211,25.667530059814453,77.06888580322266,468.1759338378906,71.27490234375,359.2859802246094,77.26349639892578,33.62080001831055,182.55262756347656,71.42039489746094,74.8016128540039,148.8668975830078,202.31500244140625,83.01000213623047,221.17123413085938,178.2908477783203,259.3650207519531,55.33274841308594,84.99276733398438,311.5517272949219,757.1876831054688,57.00243377685547,38.910396575927734,61.16999816894531,50.2586555480957,338.59442138671875,299.665771484375,81.41304016113281,68.05451965332031,292.4168395996094,187.26007080078125,26.05522918701172,478.6727600097656,327.6853942871094,130.42208862304688,226.4316864013672,282.76971435546875,152.13473510742188,236.5846710205078,299.02386474609375,26.24873161315918,116.44587707519531,26.075212478637695,69.6819076538086,113.36767578125,258.49395751953125,283.11279296875,409.0122375488281,460.90692138671875,527.7713012695312,125.3662338256836,282.4258117675781,850.0294799804688,97.91744232177734,73.21004486083984,594.4445190429688,164.98263549804688,193.80538940429688,159.65863037109375,484.0543518066406,1404.4300537109375,61.28384017944336,186.28240966796875,7119.89990234375,223.37542724609375,98.69999694824219,85.66463470458984,105.94264221191406,142.8916473388672,23.658851623535156,80.95157623291016,143.78952026367188,209.41464233398438,817.2959594726562,151.5824432373047,34.72150802612305,132.43190002441406,171.94000244140625,163.60696411132812,252.4685821533203,699.9812622070312,23.51490592956543,328.338623046875,370.049560546875,215.58511352539062,171.79730224609375,328.201416015625,35.185855865478516,386.29998779296875,461.27337646484375,89.09852600097656,111.94879150390625,257.8280334472656,361.37969970703125,24.39185905456543,231.43345642089844,43.74197769165039,144.9242401123047,208.09336853027344,103.47333526611328,404.9321594238281,302.92706298828125,217.6100616455078,89.628173828125,45.4888801574707,322.1853332519531,283.1296691894531,39.21903610229492,197.44021606445312,108.31148529052734,213.0552215576172,172.80340576171875,115.78709411621094,115.27374267578125
2025-11-20,144.19418334960938,224.15032958984375,235.92832946777344,286.95001220703125,101.3132095336914,118.18690490722656,245.07742309570312,208.5859832763672,219.6825714111328,189.1400146484375,328.90997314453125,438.7264099121094,173.9782257080078,344.97991943359375,246.18801879882812,129.6568603515625,171.83067321777344,344.88720703125,519.6099853515625,341.0234069824219,3849.81005859375,146.2622528076172,182.0996856689453,47.55479049682617,976.739990234375,501.1199951171875,206.43215942382812,49.78789138793945,542.8129272460938,86.95268249511719,24.919551849365234,77.45191955566406,460.192626953125,71.81227111816406,360.62060546875,74.35588836669922,33.34360122680664,182.28396606445312,71.47967529296875,74.30326080322266,147.50283813476562,187.72999572753906,81.4800033569336,220.9425048828125,176.69293212890625,259.6030578613281,55.890892028808594,85.68528747558594,309.20794677734375,745.0442504882812,57.21520233154297,38.516868591308594,59.77000045776367,50.67731475830078,335.02154541015625,289.5048828125,77.76544952392578,67.59751892089844,289.41278076171875,184.7714385986328,25.22808265686035,473.91650390625,325.60858154296875,132.9776611328125,220.88217163085938,284.6023864746094,150.16436767578125,236.6141357421875,294.20233154296875,26.561100006103516,109.96158599853516,25.97798728942871,69.77989959716797,114.44071197509766,259.40673828125,282.0905456542969,404.3697814941406,459.2885437011719,525.303466796875,126.37047576904297,281.2802734375,847.0281372070312,96.95135498046875,72.38745880126953,594.623779296875,163.03152465820312,186.2224578857422,156.12684631347656,476.308837890625,1399.4100341796875,60.10003662109375,180.40989685058594,7163.330078125,208.6772003173828,99.01000213623047,85.9416732788086,104.8885269165039,141.9105987548828,23.202411651611328,80.22105407714844,144.96337890625,212.29855346679688,816.03125,151.62139892578125,34.71174621582031,129.9701690673828,170.42999267578125,157.18521118164062,249.2338409423828,735.0167236328125,23.398401260375977,324.4487609863281,366.294189453125,216.53677368164062,170.76910400390625,326.4399108886719,34.52845001220703,385.6000061035156,461.37677001953125,88.7950668334961,111.26139068603516,239.28236389160156,357.6590270996094,24.63317108154297,213.01133728027344,43.4970588684082,147.17051696777344,207.3447723388672,101.26333618164062,398.1937255859375,305.3282470703125,217.6494140625,88.13453674316406,45.18756866455078,321.8373718261719,284.8629150390625,38.80961608886719,195.66453552246094,108.79326629638672,214.18145751953125,170.7549285888672,115.46148681640625,114.10209655761719
2025-11-21,150.34725952148438,230.8225860595703,246.76502990722656,290.79998779296875,102.36100006103516,118.12824249267578,249.15049743652344,211.12754821777344,223.4531707763672,194.1168670654297,332.7048034667969,444.6174011230469,174.4055938720703,345.5982971191406,252.3454132080078,130.8901824951172,175.36355590820312,338.30413818359375,521.989990234375,350.0400085449219,3897.8798828125,148.6847686767578,189.4462890625,48.356109619140625,998.5870361328125,504.0400085449219,208.00100708007812,51.814598083496094,547.0867919921875,86.84654235839844,26.139938354492188,79.48495483398438,469.4523620605469,72.33987426757812,364.2161560058594,75.00640106201172,33.9376106262207,184.8709716796875,75.0660171508789,76.247802734375,147.17901611328125,189.6300048828125,85.12999725341797,226.12350463867188,182.20126342773438,264.8895568847656,56.37204360961914,88.94017028808594,316.830078125,746.8949584960938,58.55950927734375,39.26457595825195,60.84000015258789,52.650978088378906,335.9098205566406,286.33709716796875,79.19059753417969,69.87261962890625,299.0638122558594,189.8375701904297,25.42502212524414,488.5634460449219,336.3257141113281,134.63531494140625,224.65110778808594,291.5018615722656,152.9070281982422,243.16001892089844,293.84735107421875,27.078462600708008,109.4299545288086,26.230770111083984,71.48495483398438,121.24317169189453,263.5438232421875,275.6987609863281,408.556884765625,451.95184326171875,537.7623901367188,129.0162811279297,294.6878356933594,863.5507202148438,98.75668334960938,73.51361846923828,600.7791748046875,166.4781494140625,188.94834899902344,155.60545349121094,470.0268249511719,1452.3499755859375,61.44037628173828,178.6521453857422,7388.81982421875,196.86114501953125,100.43000030517578,87.12898254394531,107.78973388671875,142.13400268554688,23.81100082397461,82.10093688964844,147.63394165039062,213.15338134765625,836.1182861328125,151.22203063964844,35.278228759765625,131.67369079589844,172.1199951171875,160.8393096923828,260.4469909667969,753.8659057617188,24.1848201751709,337.26953125,376.2587585449219,217.1018524169922,168.416748046875,335.44659423828125,35.5096549987793,388.3599853515625,463.90496826171875,90.54728698730469,112.30232238769531,236.28761291503906,365.3880615234375,25.02892303466797,217.42071533203125,44.55509567260742,150.51010131835938,206.3302764892578,104.2958755493164,408.1869201660156,313.5901184082031,222.57876586914062,91.81044006347656,46.44142532348633,326.02227783203125,286.7157287597656,39.25712585449219,199.7346649169922,109.27503967285156,214.00363159179688,176.07894897460938,115.52069091796875,120.1769027709961
2025-11-24,152.6832275390625,224.20895385742188,238.70120239257812,289.8500061035156,102.6156005859375,119.30132293701172,245.979248046875,209.2065887451172,230.33602905273438,194.31593322753906,329.51123046875,443.1173400878906,174.41531372070312,343.7930603027344,251.57083129882812,137.1363067626953,175.10153198242188,375.8536376953125,524.5999755859375,353.055419921875,3851.52001953125,147.32693481445312,193.71238708496094,48.830963134765625,1003.2811889648438,507.80999755859375,209.7088623046875,51.1620979309082,556.2011108398438,85.89134216308594,24.368410110473633,77.76619720458984,482.47747802734375,72.59391021728516,370.72998046875,75.1443862915039,34.0465087890625,181.24917602539062,74.01876068115234,76.12078094482422,146.95330810546875,188.0800018310547,83.12999725341797,225.71578979492188,181.66529846191406,266.6054382324219,56.94942855834961,92.39290618896484,324.58026123046875,752.773681640625,58.55950927734375,38.94974899291992,60.66999816894531,52.2921257019043,333.72857666015625,292.9217224121094,82.31995391845703,70.53826904296875,317.8470153808594,190.00546264648438,25.27731704711914,498.55364990234375,329.7229919433594,134.82276916503906,226.72845458984375,298.0484924316406,151.39212036132812,238.01751708984375,293.8276672363281,26.70752716064453,113.38076782226562,26.075212478637695,71.1321792602539,121.04627990722656,263.2164306640625,273.33660888671875,403.538330078125,442.4180908203125,535.2247314453125,128.72659301757812,295.0762939453125,867.7188110351562,100.70840454101562,73.63113403320312,602.18359375,167.93405151367188,188.51219177246094,160.18988037109375,471.89849853515625,1470.1400146484375,60.589210510253906,182.31747436523438,7263.52001953125,198.36663818359375,99.0,86.04061126708984,106.29077911376953,141.32781982421875,23.98216438293457,82.36392211914062,143.77972412109375,211.434326171875,836.5664672851562,147.15020751953125,35.62983703613281,131.16163635253906,170.16000366210938,162.57278442382812,252.04452514648438,759.4009399414062,24.12656593322754,347.2919616699219,381.8619384765625,213.29513549804688,171.92047119140625,336.382080078125,35.03867721557617,404.6300048828125,459.8072509765625,91.92752075195312,113.02899932861328,252.09715270996094,367.32281494140625,24.729698181152344,218.71176147460938,44.57468795776367,147.95571899414062,204.22244262695312,104.74185180664062,408.02764892578125,312.6884765625,220.88645935058594,90.74354553222656,46.41226577758789,327.3343811035156,286.07818603515625,38.28593063354492,199.525146484375,109.15705108642578,209.2813720703125,171.92263793945312,114.42547607421875,120.97441864013672
2025-11-25,156.26173400878906,226.44606018066406,244.19793701171875,294.42999267578125,102.74291229248047,118.85163879394531,247.9910125732422,209.482421875,241.85731506347656,196.30667114257812,336.2236633300781,449.8428039550781,174.599853515625,350.03656005859375,253.87496948242188,137.06666564941406,176.29531860351562,382.8842468261719,528.8900146484375,359.7112731933594,3948.070068359375,150.8218536376953,194.93896484375,48.90021514892578,1013.3977661132812,508.57000732421875,212.2209930419922,53.33710479736328,563.16845703125,86.25798797607422,25.3132266998291,78.39476776123047,491.7371826171875,73.09219360351562,373.2498474121094,75.2232437133789,34.551422119140625,182.75161743164062,75.53034973144531,76.67774963378906,145.75608825683594,195.49000549316406,85.47000122070312,229.48468017578125,184.62294006347656,271.2273864746094,56.29505920410156,90.95838928222656,331.14862060546875,740.4323120117188,59.0914306640625,39.4416618347168,60.7599983215332,53.10950469970703,336.6303405761719,292.3140869140625,82.66876220703125,72.30669403076172,323.00689697265625,190.52886962890625,25.297012329101562,513.2901000976562,343.9178161621094,135.74041748046875,235.31484985351562,298.40130615234375,154.4219512939453,243.72921752929688,298.7576599121094,26.404916763305664,114.29441833496094,25.783546447753906,71.15178680419922,129.03988647460938,267.70074462890625,274.2596130371094,403.7164611816406,443.7422180175781,543.8026733398438,130.41641235351562,302.9355773925781,886.7341918945312,102.80648803710938,74.16971588134766,615.4705200195312,169.8950653076172,188.3337860107422,162.74771118164062,474.8752136230469,1506.02001953125,62.30132293701172,177.59349060058594,7453.3798828125,195.14768981933594,101.37999725341797,87.50497436523438,108.41835021972656,141.92030334472656,24.457622528076172,82.49054718017578,145.25685119628906,212.68368530273438,848.5369873046875,153.3358612060547,35.561466217041016,132.07740783691406,173.44000244140625,160.8393096923828,262.7349853515625,785.2012939453125,24.679969787597656,361.7004089355469,388.7467041015625,215.20840454101562,170.86834716796875,341.0097961425781,35.22510528564453,401.6099853515625,465.3726806640625,90.5179214477539,114.00118255615234,260.5640563964844,372.144775390625,24.96135711669922,220.72776794433594,45.378013610839844,151.4642791748047,203.7890625,106.71399688720703,416.8662414550781,319.7743225097656,225.4419403076172,91.69404602050781,47.53976821899414,332.5331726074219,291.5867919921875,38.64775085449219,205.58045959472656,109.35369873046875,213.61834716796875,177.71180725097656,112.98491668701172,125.91695404052734
2025-11-26,153.44862365722656,222.40170288085938,242.84579467773438,301.3800048828125,103.82008361816406,119.96605682373047,246.28646850585938,210.68423461914062,249.34864807128906,195.37103271484375,339.6341247558594,450.4885559082031,176.03738403320312,351.6822204589844,253.90438842773438,137.97177124023438,176.51853942871094,395.3543701171875,533.1699829101562,361.030517578125,3967.949951171875,149.59515380859375,195.161865234375,48.99913787841797,1023.5241088867188,511.2300109863281,211.63516235351562,53.74244689941406,570.2452392578125,87.36756896972656,25.02781105041504,78.61084747314453,493.8931579589844,73.5416259765625,367.05474853515625,74.9768295288086,34.947418212890625,183.67698669433594,76.1231460571289,78.0360107421875,146.71778869628906,195.97999572753906,87.19000244140625,227.1875457763672,184.79165649414062,272.744873046875,56.8820686340332,92.6995849609375,333.3643493652344,742.6689453125,59.5556526184082,39.64826583862305,60.79999923706055,53.05966567993164,335.6137390136719,295.48187255859375,83.31656646728516,72.33648681640625,319.6534729003906,192.36572265625,25.39548110961914,512.20556640625,348.2281494140625,135.56280517578125,243.33740234375,297.1566162109375,154.7487030029297,244.35733032226562,303.33270263671875,27.019893646240234,115.6090316772461,26.20160484313965,71.4163589477539,129.23678588867188,266.8651428222656,274.0710754394531,403.7659606933594,445.45867919921875,542.2702026367188,130.8509521484375,303.4635009765625,881.1801147460938,102.48445892333984,74.74748992919922,620.0222778320312,169.16217041015625,190.05853271484375,165.21702575683594,483.3475341796875,1486.550048828125,62.937255859375,180.03038024902344,7566.669921875,203.00193786621094,101.51000213623047,87.63359069824219,107.74139404296875,143.7366943359375,24.44811248779297,82.40287017822266,145.02207946777344,215.25755310058594,857.9481811523438,152.43966674804688,35.85447692871094,132.89471435546875,173.4600067138672,162.6515655517578,262.0446472167969,782.49853515625,24.7091007232666,368.3688049316406,391.41912841796875,215.48597717285156,171.90061950683594,341.7463073730469,34.9896125793457,409.67999267578125,466.7098693847656,91.81005096435547,115.5429458618164,270.9014892578125,369.37664794921875,24.922746658325195,223.1807403564453,45.29964065551758,152.1997833251953,204.63043212890625,109.70690155029297,417.68243408203125,323.13592529296875,226.9473114013672,92.79003143310547,47.57864761352539,331.7975769042969,293.9376220703125,38.92387390136719,207.24639892578125,110.35658264160156,214.7248077392578,179.23577880859375,113.241455078125,125.72004699707031
2025-11-28,152.58383178710938,222.44076538085938,244.95237731933594,303.3399963378906,104.14323425292969,120.99249267578125,245.39454650878906,209.8074951171875,251.62298583984375,196.97357177734375,340.5113525390625,452.74359130859375,176.0665283203125,352.9888000488281,255.95355224609375,140.13998413085938,176.5865020751953,400.7143249511719,540.1400146484375,362.32000732421875,3954.330078125,149.68772888183594,195.27468872070312,49.66196060180664,1030.649169921875,513.8099975585938,210.76138305664062,54.25653839111328,572.2630004882812,88.07190704345703,25.372278213500977,78.95459747314453,494.7575378417969,73.70772552490234,367.4531555175781,75.83433532714844,35.13622283935547,185.08987426757812,76.77519989013672,78.52458953857422,148.3075408935547,198.3699951171875,88.02999877929688,225.5168914794922,184.4034881591797,272.9134826660156,56.67035675048828,93.4145736694336,333.1083679199219,745.5390625,59.720062255859375,39.74665451049805,61.470001220703125,53.369022369384766,337.18304443359375,297.30487060546875,83.9145278930664,73.0418701171875,319.4937438964844,192.88914489746094,25.81890106201172,505.7676696777344,349.64862060546875,135.2075958251953,243.11978149414062,302.41943359375,155.74874877929688,244.6419219970703,308.6965026855469,27.234647750854492,117.24481201171875,26.56132698059082,71.65154266357422,129.2564697265625,267.3724670410156,276.6019592285156,406.16143798828125,449.0877685546875,547.8429565429688,131.21786499023438,303.60296630859375,878.5974731445312,102.78697967529297,74.97271728515625,620.7593383789062,170.40017700195312,192.03106689453125,166.90916442871094,489.82867431640625,1476.719970703125,63.23075866699219,176.7745361328125,7507.2900390625,200.02069091796875,101.69999694824219,87.91062927246094,108.01216888427734,144.47491455078125,24.476642608642578,82.6171646118164,144.9340362548828,214.91937255859375,858.1573486328125,153.40403747558594,36.04005432128906,134.86410522460938,175.42999267578125,165.55711364746094,262.5771789550781,778.0904541015625,24.7091007232666,364.5086669921875,393.2769470214844,215.17868041992188,173.60781860351562,342.0448303222656,35.5587158203125,418.010009765625,469.7420959472656,92.72042083740234,116.87847137451172,275.28912353515625,368.2752990722656,25.11579704284668,224.59095764160156,45.554351806640625,150.99713134765625,206.88726806640625,108.29963684082031,419.5138244628906,323.1947326660156,228.09848022460938,92.90641784667969,47.675846099853516,332.4437255859375,296.08929443359375,39.14286804199219,208.04446411132812,110.18943786621094,215.238525390625,178.1373291015625,114.37613677978516,126.20247650146484
2025-12-01,149.20413208007812,219.9105987548828,252.2323760986328,305.1199951171875,100.86275482177734,117.80565643310547,243.88821411132812,207.84779357910156,254.1167755126953,194.70411682128906,332.6555480957031,451.9190673828125,171.21005249023438,350.24603271484375,255.76727294921875,138.4690704345703,174.36386108398438,383.92840576171875,533.2100219726562,357.4000549316406,3946.989990234375,147.9904327392578,194.3656005859375,49.62239074707031,1023.4060668945312,508.54998779296875,206.5314483642578,53.63369369506836,564.6096801757812,85.38961029052734,25.51990509033203,78.51263427734375,492.9393615722656,71.48008728027344,358.67840576171875,74.947265625,34.62944793701172,184.50282287597656,76.49856567382812,77.2933578491211,149.69119262695312,205.5800018310547,92.0199966430664,222.89161682128906,184.0153350830078,270.63226318359375,55.93900680541992,94.05011749267578,324.6590270996094,725.7156982421875,59.420249938964844,39.500694274902344,62.689998626708984,52.66049575805664,328.0534362792969,287.3432312011719,82.61894226074219,72.4755859375,314.5035705566406,194.42970275878906,26.222631454467773,500.50390625,350.0502624511719,134.2859344482422,239.61795043945312,299.5675354003906,155.3922882080078,242.88523864746094,304.59478759765625,27.49820899963379,115.42051696777344,26.532161712646484,71.00025177001953,128.203125,266.3280029296875,270.2796936035156,403.013671875,434.0460510253906,541.3148803710938,130.71575927734375,302.25823974609375,855.2327880859375,100.84501647949219,74.7279052734375,613.6183471679688,168.84521484375,194.41993713378906,165.7384490966797,484.5820007324219,1468.0899658203125,64.38272857666016,179.69082641601562,7517.08984375,199.02032470703125,101.23999786376953,87.2180404663086,106.90003204345703,145.2228240966797,24.029708862304688,82.25676727294922,144.22972106933594,214.00820922851562,852.6002807617188,152.10845947265625,34.96568298339844,137.62124633789062,174.8800048828125,165.50787353515625,262.9223937988281,748.0913696289062,24.851360321044922,363.06982421875,387.4154357910156,212.214599609375,166.7691192626953,339.8553466796875,35.91194534301758,438.2900085449219,466.3896789550781,89.56838989257812,115.99466705322266,268.7325134277344,369.4064025878906,24.893789291381836,224.1937255859375,45.6229248046875,150.21192932128906,204.53146362304688,111.09434509277344,408.24664306640625,316.7655334472656,227.63604736328125,92.35358428955078,48.025760650634766,328.41790771484375,290.72015380859375,38.79057312011719,208.1442108154297,107.50524139404297,213.32196044921875,180.54205322265625,115.0766830444336,125.2868423461914
2025-12-02,147.92181396484375,219.18768310546875,255.74989318847656,310.25,99.40367126464844,116.55438232421875,242.0251007080078,206.7689666748047,264.6704406738281,196.3763427734375,333.5130310058594,453.7867126464844,170.7632598876953,344.7904357910156,251.7571258544922,140.72682189941406,175.79061889648438,379.4435729980469,537.75,357.78692626953125,3826.77001953125,146.9488983154297,204.03102111816406,48.949676513671875,1022.10693359375,506.6499938964844,203.6817169189453,53.208580017089844,578.93212890625,85.1773452758789,25.43132781982422,77.41263580322266,498.2547607421875,70.97201538085938,349.2662658691406,75.76533508300781,34.748687744140625,183.26902770996094,76.75543975830078,75.84717559814453,147.4439697265625,216.97999572753906,91.7699966430664,225.32797241210938,186.59307861328125,268.6783752441406,54.9863166809082,98.94577026367188,325.880126953125,719.8765869140625,59.942501068115234,39.81551742553711,63.2400016784668,53.029727935791016,331.42889404296875,288.20989990234375,83.42619323730469,73.18096923828125,315.40179443359375,194.7259521484375,26.49834632873535,497.8272705078125,346.8174743652344,133.88951110839844,239.35086059570312,295.75518798828125,153.827880859375,243.7586669921875,303.5693359375,27.45915985107422,118.68011474609375,26.104379653930664,69.73715209960938,127.71090698242188,264.5373840332031,271.9173278808594,404.6469421386719,436.645263671875,543.2454223632812,130.6095428466797,303.4635009765625,828.0953369140625,99.56664276123047,74.68872833251953,606.3776245117188,169.9148712158203,191.01010131835938,166.34837341308594,487.82757568359375,1447.1600341796875,63.9298210144043,181.22885131835938,7601.10009765625,199.17881774902344,99.83999633789062,86.3176498413086,107.13213348388672,144.34864807128906,23.915599822998047,82.1301498413086,142.6841278076172,214.89120483398438,855.40869140625,150.61805725097656,34.399200439453125,135.4647674560547,176.47999572753906,168.1278076171875,261.4233093261719,740.0032958984375,24.929847717285156,353.1565856933594,388.64739990234375,210.8267059326172,167.54330444335938,335.87451171875,35.676456451416016,449.3500061035156,462.5664367675781,89.02999877929688,116.87847137451172,265.51885986328125,363.8105163574219,24.63317108154297,227.967529296875,45.53475570678711,149.10867309570312,207.99591064453125,108.27982330322266,409.3016662597656,318.06903076171875,228.5018768310547,92.70274353027344,48.2881965637207,327.6524658203125,288.7179260253906,38.66679382324219,207.8748779296875,106.2762222290039,211.94874572753906,176.20761108398438,113.84333038330078,122.52018737792969
2025-12-03,148.36912536621094,224.92208862304688,267.3410339355469,307.239990234375,99.36449432373047,115.41062927246094,243.1548614501953,206.48193359375,267.9622497558594,198.2974090576172,340.471923828125,467.0191345214844,171.12261962890625,343.5437316894531,255.26724243164062,137.90213012695312,176.17884826660156,378.4888916015625,543.5499877929688,365.15692138671875,3822.919921875,149.34056091308594,200.5400848388672,49.948856353759766,1062.7012939453125,503.6000061035156,198.3000030517578,53.99949264526367,587.8973388671875,85.22559356689453,25.628162384033203,76.80369567871094,504.5238952636719,70.53235626220703,333.96771240234375,76.6326904296875,35.72248840332031,183.7864227294922,78.28678894042969,73.2870101928711,148.75894165039062,222.47999572753906,94.97000122070312,227.1875457763672,189.36990356445312,262.1719055175781,55.140289306640625,101.3191146850586,325.7127380371094,725.1614990234375,59.9908561706543,40.55339050292969,66.94999694824219,53.33908462524414,333.67926025390625,287.383056640625,83.26673889160156,74.20426940917969,319.9927978515625,196.9776153564453,27.15238380432129,484.35443115234375,350.61846923828125,131.8479766845703,254.1495361328125,296.57843017578125,155.3031768798828,245.3877716064453,307.7598571777344,27.65439224243164,120.86349487304688,26.415494918823242,69.87529754638672,131.05799865722656,264.3683166503906,275.6590576171875,406.494873046875,441.56689453125,551.0272216796875,129.89498901367188,305.4557189941406,803.8123779296875,99.50810241699219,75.90303039550781,614.2366943359375,171.43019104003906,187.76876831054688,170.9033203125,475.6119689941406,1434.8800048828125,64.63873291015625,179.36123657226562,7679.419921875,205.74546813964844,98.61000061035156,86.02082824707031,109.65618896484375,143.81439208984375,24.314985275268555,84.49976348876953,143.51560974121094,213.40699768066406,865.62646484375,147.78338623046875,33.99876022338867,137.7098846435547,177.3699951171875,172.4319610595703,262.10382080078125,721.7225341796875,25.704919815063477,355.3992004394531,397.7575378417969,213.5032958984375,167.19590759277344,337.6161193847656,37.135162353515625,466.44000244140625,470.7308654785156,88.81465148925781,118.72464752197266,257.3603820800781,363.08624267578125,24.440120697021484,229.2089080810547,46.45563888549805,149.1484375,206.39234924316406,110.91595458984375,407.1617126464844,332.9365234375,231.44374084472656,95.25357055664062,49.503173828125,327.64251708984375,291.457275390625,38.72391891479492,212.9325714111328,105.4896469116211,213.539306640625,176.4846954345703,116.2311019897461,120.67903900146484
2025-12-04,147.43475341796875,223.42742919921875,263.9018859863281,305.8500061035156,98.75735473632812,115.39108276367188,243.20440673828125,204.2550048828125,268.7702331542969,198.2974090576172,335.28729248046875,470.9928283691406,173.69656372070312,346.7951354980469,256.512451171875,138.70779418945312,174.14064025878906,378.9065856933594,550.6099853515625,368.1524963378906,3840.5,149.48715209960938,199.74502563476562,50.067569732666016,1058.4794921875,503.2300109863281,197.78366088867188,53.880855560302734,595.5108642578125,85.4957504272461,25.41164207458496,76.21441650390625,507.4349365234375,70.0536117553711,336.2784729003906,76.64254760742188,35.95103073120117,183.1098175048828,79.23524475097656,74.99703979492188,149.4164276123047,221.19000244140625,96.25,225.86497497558594,189.73812866210938,262.2611999511719,55.380863189697266,103.09664154052734,328.4110107421875,718.5999145507812,59.58466339111328,41.07482147216797,66.05999755859375,53.269229888916016,337.25213623046875,290.7401428222656,85.16029357910156,74.80036926269531,317.76715087890625,199.5748748779297,27.57849884033203,485.24005126953125,346.2408142089844,130.6785430908203,250.29159545898438,301.8411865234375,157.54087829589844,244.74005126953125,311.6742248535156,27.89842987060547,120.49742889404297,27.0668888092041,69.52005004882812,124.77729797363281,260.1107177734375,278.4083251953125,401.1100769042969,443.0987548828125,539.6630249023438,128.29205322265625,294.8471984863281,812.6053466796875,99.5276107788086,76.41223907470703,617.1390380859375,167.6468505859375,188.4824676513672,172.05435180664062,478.70819091796875,1422.81005859375,64.67810821533203,183.1566162109375,7519.669921875,212.2824249267578,99.51000213623047,85.99114227294922,108.08953094482422,142.6973876953125,24.4386043548584,84.48992919921875,142.1950225830078,213.3224639892578,870.068115234375,144.73439025878906,33.3639030456543,137.2864532470703,178.5,172.60025024414062,255.69346618652344,720.8549194335938,25.910951614379883,354.2282409667969,401.25457763671875,213.25547790527344,170.03460693359375,333.7646789550781,37.6988639831543,463.739990234375,468.0093688964844,88.16858673095703,119.67719268798828,264.2851257324219,361.498779296875,24.507686614990234,231.8009033203125,46.573204040527344,149.38697814941406,205.89743041992188,114.02779388427734,403.4590759277344,326.8405456542969,233.4705810546875,91.90743255615234,49.930850982666016,325.1475524902344,292.51318359375,39.28569030761719,213.52114868164062,104.49659729003906,211.6029815673828,174.82217407226562,115.57988739013672,118.55236053466797
2025-12-05,144.6216278076172,220.8582000732422,261.2074279785156,306.739990234375,97.78790283203125,114.90229797363281,238.1865234375,200.197021484375,267.3338317871094,199.18466186523438,325.1643981933594,473.9234313964844,173.7257080078125,344.291748046875,255.6005859375,138.60830688476562,172.78182983398438,388.0652160644531,550.9500122070312,367.3589782714844,3822.659912109375,149.64146423339844,206.88836669921875,48.67267990112305,1060.2496337890625,504.3399963378906,197.4261932373047,53.67324447631836,599.5064086914062,86.14220428466797,25.460853576660156,76.676025390625,507.34552001953125,69.45760345458984,338.3003234863281,76.84953308105469,36.07027053833008,185.81622314453125,79.74899291992188,73.9026107788086,147.19863891601562,225.0,99.69999694824219,224.98985290527344,190.18600463867188,257.5697937011719,55.9005126953125,104.39751434326172,327.3914489746094,733.9301147460938,59.0527458190918,40.828861236572266,66.27999877929688,53.63846206665039,332.9193115234375,282.8505554199219,85.67852783203125,75.70626068115234,321.4599304199219,201.05621337890625,28.192895889282227,484.2847900390625,349.6324768066406,128.2703094482422,255.06951904296875,301.7922058105469,156.2636260986328,245.05410766601562,310.6290588378906,28.005807876586914,121.1337890625,26.998830795288086,69.07598876953125,121.98149108886719,257.0368957519531,276.41339111328125,396.9770202636719,446.9036865234375,542.8573608398438,127.14297485351562,291.4504699707031,807.0560913085938,98.9128189086914,77.02918243408203,622.714111328125,165.87399291992188,188.859130859375,173.64808654785156,481.01788330078125,1414.8599853515625,64.84549713134766,182.1877899169922,7538.080078125,215.50137329101562,98.88999938964844,85.53600311279297,108.36997985839844,142.2393341064453,24.752410888671875,86.05328369140625,140.3265838623047,209.37709045410156,876.382080078125,143.9843292236328,33.070892333984375,137.2273712158203,173.52000427246094,173.0556182861328,254.10569763183594,716.4268188476562,25.783409118652344,365.59033203125,401.6519775390625,214.65325927734375,169.82618713378906,331.5154724121094,38.03510665893555,466.760009765625,469.4501647949219,88.74613952636719,121.3858871459961,277.3785095214844,361.17132568359375,24.401512145996094,232.74435424804688,46.56340408325195,152.348876953125,207.50099182128906,115.65874481201172,399.5573425292969,324.31201171875,232.87680053710938,92.01412200927734,49.82392883300781,329.2627868652344,293.72845458984375,39.69511413574219,214.42893981933594,103.9361572265625,211.8162078857422,177.49407958984375,114.9878921508789,116.81951141357422
2025-12-08,141.58982849121094,217.966552734375,261.1192321777344,301.3900146484375,97.25910949707031,113.13292694091797,236.33834838867188,198.81137084960938,267.4934387207031,198.6463165283203,316.6284484863281,473.5956115722656,177.9411163330078,342.48651123046875,231.441650390625,139.30453491210938,172.3839111328125,398.8647155761719,553.1199951171875,359.3541564941406,3766.9599609375,146.9962921142578,206.10609436035156,46.882080078125,1050.22216796875,497.2300109863281,197.47584533691406,52.427555084228516,592.876953125,87.6280746459961,25.5986385345459,74.75102233886719,504.4146423339844,68.90069580078125,336.4676818847656,77.72673797607422,36.11995315551758,182.0650634765625,79.7391128540039,74.78206634521484,145.9327392578125,225.42999267578125,101.20999908447266,223.22972106933594,190.37510681152344,255.05052185058594,53.918155670166016,102.06388092041016,327.2528381347656,732.297119140625,58.60786437988281,40.14017868041992,65.7300033569336,54.01767349243164,331.63616943359375,286.0880432128906,87.9707260131836,75.36779022216797,314.0396423339844,198.76507568359375,27.826236724853516,482.74249267578125,344.99847412109375,128.56761169433594,253.62527465820312,303.0074462890625,155.4813995361328,243.51332092285156,310.79669189453125,28.30841636657715,122.14418029785156,26.532161712646484,69.32269287109375,118.831298828125,258.5787658691406,279.5397644042969,386.8531799316406,459.9293212890625,537.8021850585938,126.49601745605469,286.6990661621094,796.3867797851562,98.81524658203125,76.46121215820312,620.5499267578125,162.38775634765625,187.99676513671875,173.962890625,488.8430480957031,1381.3699951171875,62.56122970581055,185.323974609375,7438.35986328125,218.43309020996094,98.11000061035156,85.2094955444336,108.74713897705078,142.837646484375,24.505168914794922,85.42400360107422,135.32785034179688,209.63072204589844,876.0534057617188,144.45188903808594,33.13926315307617,136.9319610595703,174.41000366210938,173.55059814453125,248.92811584472656,701.3674926757812,25.842273712158203,353.70233154296875,399.595458984375,209.6073760986328,170.24305725097656,325.5641174316406,37.817543029785156,465.75,463.404541015625,86.29890441894531,121.83760070800781,283.96502685546875,350.8328552246094,23.976802825927734,232.36697387695312,46.72994613647461,152.78619384765625,202.3636932373047,116.6233901977539,395.416748046875,319.2998046875,233.00546264648438,92.67365264892578,49.969730377197266,324.8890686035156,294.63494873046875,39.32377243041992,211.68560791015625,103.00210571289062,208.49386596679688,177.58314514160156,114.43534088134766,116.33708190917969
2025-12-09,139.8005828857422,217.83956909179688,264.0880432128906,300.75,96.9927978515625,113.46529388427734,238.38523864746094,198.98953247070312,266.4759826660156,195.366455078125,309.3541564941406,475.0658874511719,174.39590454101562,345.2791442871094,226.25491333007812,137.83251953125,170.21951293945312,404.0257873535156,546.6500244140625,360.9709777832031,3496.77001953125,146.46881103515625,206.83738708496094,47.178863525390625,1059.4090576171875,491.42999267578125,196.60206604003906,52.239715576171875,590.7499389648438,87.02986145019531,25.10654640197754,75.60548400878906,496.9234313964844,68.8127670288086,335.9398193359375,78.36740112304688,36.139827728271484,182.23422241210938,79.97622680664062,76.45301055908203,145.7168426513672,229.99000549316406,100.80999755859375,221.98667907714844,189.1807861328125,251.22206115722656,54.495540618896484,101.92486572265625,326.46099853515625,733.0294799804688,58.07594299316406,39.687618255615234,66.20999908447266,53.558624267578125,329.9188232421875,284.21527099609375,90.80110168457031,76.81124114990234,317.3353271484375,199.72300720214844,28.321720123291016,486.07586669921875,340.423583984375,128.87484741210938,247.68994140625,304.2815246582031,156.4517364501953,242.04122924804688,296.30255126953125,28.366981506347656,122.24591827392578,26.56132698059082,69.164794921875,115.36608123779297,256.7086181640625,275.2918395996094,387.8466491699219,461.421630859375,534.9262084960938,126.0228500366211,282.73455810546875,793.4724731445312,97.21483612060547,76.20659637451172,610.386962890625,163.5069122314453,189.057373046875,175.93045043945312,489.8385925292969,1371.4200439453125,62.354469299316406,184.7446746826172,7318.2900390625,219.41363525390625,94.25,86.16923522949219,109.02759552001953,141.86660766601562,24.086763381958008,86.73171997070312,136.5897674560547,212.6273193359375,859.3822631835938,146.4780731201172,33.01229476928711,137.7394256591797,173.1699981689453,174.2336883544922,244.89453125,690.7162475585938,25.940385818481445,352.79931640625,397.9959716796875,207.50575256347656,170.64999389648438,319.6028137207031,37.87687683105469,465.8500061035156,462.1143798828125,86.45552825927734,123.88999938964844,281.4278869628906,346.4970703125,23.658267974853516,234.57167053222656,46.945472717285156,152.74642944335938,199.30508422851562,117.55821228027344,397.1387023925781,319.28009033203125,229.1655731201172,94.0509033203125,50.125247955322266,324.55108642578125,289.9132995605469,38.21928024291992,209.1118621826172,102.88411712646484,207.5814666748047,178.60243225097656,116.67510986328125,113.9642562866211
2025-12-10,142.6136932373047,219.9789581298828,266.7237548828125,300.1000061035156,96.43061065673828,111.5981674194336,238.9217987060547,199.1280975341797,274.4660339355469,200.04202270507812,310.86224365234375,493.99066162109375,175.08551025390625,339.1552734375,232.08876037597656,137.9319610595703,171.15126037597656,410.6685791015625,568.3900146484375,372.5368347167969,3421.1298828125,153.9000701904297,210.0794219970703,47.52511215209961,1071.3251953125,490.42999267578125,196.8105926513672,52.79335403442383,611.6124267578125,87.45440673828125,25.864368438720703,76.3715591430664,521.1357421875,68.40241241455078,339.4258117675781,79.09676361083984,36.85527038574219,184.6122589111328,82.21891784667969,77.16632843017578,148.58230590820312,220.3000030517578,100.70999908447266,229.1366424560547,194.77420043945312,255.34811401367188,55.32312774658203,106.53253936767578,337.5769958496094,726.8241577148438,58.67556381225586,40.26808166503906,66.56999969482422,54.686283111572266,337.7752380371094,282.5118713378906,93.88062286376953,80.43478393554688,320.5810852050781,207.66294860839844,28.777563095092773,466.40399169921875,346.2013244628906,129.0730743408203,253.892333984375,306.42779541015625,158.79837036132812,248.81283569335938,305.7680969238281,28.825777053833008,123.57250213623047,25.851600646972656,69.2832260131836,118.16187286376953,260.6180419921875,283.7976379394531,390.1317443847656,462.4593200683594,536.2297973632812,127.36505889892578,285.8424072265625,811.5274047851562,98.33706665039062,78.16513061523438,621.7567138671875,164.07144165039062,189.62237548828125,176.79620361328125,476.43829345703125,1405.8499755859375,64.77657318115234,183.55612182617188,7504.3701171875,220.87948608398438,93.62999725341797,86.92119598388672,109.16297912597656,146.82960510253906,24.514678955078125,88.7178726196289,136.775634765625,209.30194091796875,885.5940551757812,145.8936004638672,32.7493896484375,141.60926818847656,175.66000366210938,180.38137817382812,256.7881774902344,724.2557373046875,26.862619400024414,354.9526672363281,407.55322265625,205.76100158691406,173.41921997070312,324.7082214355469,39.488868713378906,475.8299865722656,462.6700134277344,87.18968963623047,126.60033416748047,297.4065856933594,351.03131103515625,23.542438507080078,242.447021484375,48.5521240234375,154.72434997558594,193.33633422851562,117.08086395263672,397.2780456542969,323.9864196777344,233.02525329589844,96.6405258178711,52.05949783325195,323.78570556640625,295.62109375,38.00980758666992,215.0574188232422,101.92056274414062,207.4227752685547,185.15357971191406,117.94792938232422,116.24846649169922
2025-12-11,142.0172576904297,218.8066864013672,264.9111022949219,300.92999267578125,95.91773986816406,111.69591522216797,246.04623413085938,204.7003936767578,269.4385681152344,203.21221923828125,312.8335876464844,495.3317565917969,176.493896484375,346.4859313964844,238.97169494628906,138.33975219726562,170.88922119140625,404.1053161621094,581.030029296875,381.78155517578125,3469.10009765625,155.47474670410156,210.1781463623047,46.95132827758789,1089.5997314453125,495.8500061035156,196.9197998046875,53.53483200073242,621.8101196289062,88.61222076416016,27.399696350097656,75.87065887451172,520.02294921875,68.13861083984375,343.1209411621094,78.13084411621094,36.91489028930664,187.8858184814453,82.81169891357422,78.98384857177734,147.90518188476562,224.52000427246094,101.36000061035156,231.07577514648438,200.3278045654297,259.1963806152344,55.746543884277344,104.82451629638672,356.56219482421875,746.3506469726562,58.63688278198242,41.07482147216797,68.16000366210938,55.344913482666016,337.0350341796875,287.3133544921875,95.64462280273438,80.48455810546875,313.2906188964844,208.16659545898438,28.856840133666992,479.9563903808594,352.4424743652344,134.0778045654297,263.6163635253906,304.5362854003906,161.49154663085938,252.6206512451172,312.9363098144531,28.76720428466797,124.2976303100586,26.075212478637695,68.19773864746094,117.29557037353516,263.34368896484375,287.6882629394531,400.6828308105469,469.3180236816406,560.6201782226562,128.3886260986328,295.305419921875,813.9627075195312,97.3416976928711,80.54475402832031,630.4036865234375,166.98326110839844,185.46913146972656,177.36679077148438,481.3265075683594,1421.5799560546875,66.69652557373047,180.70957946777344,7511.16015625,196.95030212402344,93.95999908447266,86.80247497558594,110.85535430908203,146.1822509765625,24.533695220947266,90.00591278076172,137.69515991210938,216.4693603515625,895.4334716796875,147.04306030273438,32.946319580078125,141.23507690429688,178.0,179.4508056640625,275.8417053222656,744.790283203125,27.313928604125977,364.79644775390625,410.3547668457031,209.349609375,176.09912109375,327.7237243652344,39.89434051513672,477.260009765625,468.546142578125,87.72708129882812,127.26811218261719,306.2913818359375,350.20782470703125,23.45556640625,242.60589599609375,48.689273834228516,154.63490295410156,193.34620666503906,122.80909729003906,401.4982604980469,332.23480224609375,233.6784210205078,97.45523834228516,52.07893753051758,343.56689453125,298.1114196777344,38.29545593261719,217.2421112060547,101.74358367919922,210.29884338378906,187.31088256835938,117.94792938232422,115.84478759765625
2025-12-12,138.8463134765625,218.1619415283203,266.07708740234375,297.6400146484375,95.93746185302734,111.5688247680664,253.75692749023438,205.05670166015625,258.565673828125,201.1186981201172,313.1884460449219,490.3844909667969,175.51287841796875,352.859130859375,238.25595092773438,128.54290771484375,171.69479370117188,357.92413330078125,564.280029296875,379.4703674316406,3445.7099609375,155.8315887451172,211.05233764648438,46.35776138305664,1076.991455078125,499.5199890136719,196.78077697753906,52.33858108520508,594.2584838867188,87.7631607055664,27.183177947998047,76.94119262695312,506.7493896484375,68.23631286621094,344.61492919921875,76.68197631835938,37.15337371826172,186.59231567382812,82.93025207519531,77.6060562133789,147.1888427734375,227.49000549316406,101.18000030517578,225.0694122314453,198.1780242919922,261.4478759765625,56.112220764160156,103.37468719482422,355.42388916015625,742.5798950195312,58.94635772705078,41.33061218261719,68.75,54.81601333618164,333.096923828125,298.6596374511719,88.02056121826172,80.52437591552734,310.11474609375,206.64915466308594,28.361358642578125,482.3643493652344,354.60174560546875,134.08773803710938,265.5552062988281,303.0662536621094,161.6004638671875,253.2193145751953,314.0603332519531,28.80625343322754,119.08506774902344,25.98771095275879,69.58912658691406,117.51215362548828,262.7965393066406,284.8000793457031,413.5388488769531,474.6251525878906,569.138427734375,127.56785583496094,297.5566101074219,812.22607421875,97.45880889892578,80.45662689208984,626.5838623046875,167.28038024902344,184.14088439941406,175.5172576904297,476.4084167480469,1393.6400146484375,66.43069458007812,174.80679321289062,7517.81005859375,188.15513610839844,94.11000061035156,87.2081298828125,111.64835357666016,147.76138305664062,24.58124351501465,88.43272399902344,139.72987365722656,220.6120147705078,881.2320556640625,149.6731719970703,33.46818923950195,139.27554321289062,176.0,176.5006866455078,275.0132141113281,739.295166015625,27.07846450805664,367.3764953613281,402.5361633300781,211.79823303222656,177.32989501953125,327.1166687011719,39.0141716003418,452.95001220703125,471.8138122558594,87.2537841796875,125.3728256225586,286.1837463378906,351.31903076171875,23.72583770751953,228.5733184814453,48.87541198730469,155.19149780273438,193.17794799804688,122.53064727783203,389.3651428222656,337.276611328125,237.46881103515625,97.88198852539062,51.92341613769531,345.7537536621094,294.7943115234375,38.93339538574219,213.8902587890625,102.1368637084961,213.82945251464844,185.63845825195312,117.23751831054688,116.82936096191406
2025-12-15,139.76083374023438,222.19654846191406,269.1144714355469,294.30999755859375,97.51554870605469,113.1720199584961,254.561767578125,209.76792907714844,260.62054443359375,202.56422424316406,320.6499938964844,488.2585754394531,175.08551025390625,353.1683349609375,240.22671508789062,129.19932556152344,172.55859375,337.916259765625,551.7899780273438,379.4803161621094,3488.7099609375,155.2110137939453,217.26492309570312,46.3874397277832,1070.1385498046875,506.3800048828125,198.5482177734375,51.98267364501953,586.1779174804688,87.36581420898438,28.147676467895508,78.0117416381836,513.90283203125,69.13519287109375,348.91766357421875,77.1255111694336,36.9447021484375,187.50772094726562,83.03893280029297,77.8698959350586,147.00238037109375,226.97999572753906,103.98999786376953,227.2571563720703,200.34771728515625,258.9781799316406,56.86281967163086,100.32608032226562,357.0076599121094,753.5357666015625,59.0914306640625,41.89139938354492,68.97000122070312,55.235137939453125,336.2552795410156,299.8251647949219,87.81127166748047,81.60945129394531,308.91632080078125,205.5284423828125,28.153255462646484,475.3190002441406,351.9790954589844,137.42752075195312,271.7773742675781,302.4978332519531,159.8083038330078,253.847412109375,315.5393371582031,28.532928466796875,122.19606018066406,25.97798728942871,70.03319549560547,117.8665542602539,261.9510192871094,286.36822509765625,414.28399658203125,478.7463073730469,566.3521118164062,128.1375732421875,307.28857421875,821.4182739257812,96.19017791748047,80.89728546142578,632.1989135742188,164.11106872558594,183.88314819335938,174.90731811523438,472.7148742675781,1412.469970703125,66.73591613769531,176.0752410888672,7632.35009765625,183.15338134765625,95.13999938964844,87.63359069824219,111.58065795898438,148.32046508789062,25.132776260375977,89.11116027832031,141.97000122070312,222.03045654296875,879.8377685546875,154.30996704101562,33.734039306640625,139.34446716308594,175.07000732421875,177.46096801757812,283.2579345703125,750.5946655273438,26.872432708740234,368.8451232910156,399.0291748046875,213.4636688232422,180.75421142578125,326.8778076171875,38.47024917602539,454.6700134277344,470.49542236328125,87.35238647460938,126.62979125976562,284.1341247558594,352.52947998046875,23.465219497680664,229.10958862304688,48.72846603393555,155.75804138183594,194.16778564453125,122.89860534667969,393.0279541015625,336.5464782714844,237.9834442138672,97.05757904052734,52.205291748046875,344.81939697265625,295.53143310546875,38.84769821166992,214.85791015625,103.49370574951172,216.51705932617188,183.5009307861328,116.19164276123047,119.11357116699219
2025-12-16,138.35923767089844,218.50384521484375,266.5473937988281,293.9800109863281,96.6476058959961,111.99895477294922,250.37852478027344,207.36280822753906,258.19659423828125,201.1585693359375,322.0595397949219,483.4007568359375,173.9879608154297,350.8743591308594,237.52061462402344,128.68115234375,171.73361206054688,339.3979797363281,555.0599975585938,377.67498779296875,3417.419921875,152.34091186523438,216.43809509277344,44.53748321533203,1056.274169921875,499.8399963378906,196.49282836914062,52.8328971862793,585.3529663085938,85.81356048583984,27.75400161743164,77.5403060913086,511.200439453125,68.30471801757812,340.3520812988281,76.4355697631836,36.567108154296875,186.68185424804688,82.62398529052734,76.50186920166016,144.00933837890625,227.94000244140625,104.19999694824219,223.448486328125,195.67990112304688,258.1327819824219,56.12184143066406,103.66266632080078,348.32666015625,750.3291625976562,58.73358917236328,41.655277252197266,67.69999694824219,54.546573638916016,333.096923828125,297.5837707519531,85.99744415283203,81.39044189453125,307.3283996582031,205.33998107910156,26.94428253173828,468.1540222167969,347.72955322265625,136.5355987548828,255.37615966796875,297.12725830078125,158.94432067871094,245.99624633789062,311.1319274902344,27.908193588256836,122.02249908447266,25.598819732666016,69.44110870361328,115.74016571044922,256.75836181640625,280.7308044433594,420.7616882324219,471.47247314453125,563.25732421875,128.6107177734375,304.77838134765625,808.3934936523438,95.36071014404297,80.57413482666016,627.820556640625,161.63504028320312,175.2396240234375,173.64808654785156,474.2779235839844,1386.449951171875,66.0860824584961,177.50350952148438,7530.240234375,186.8477325439453,92.9000015258789,87.03004455566406,111.4259262084961,147.48675537109375,24.276948928833008,88.0394287109375,142.04827880859375,217.7563018798828,870.8947143554688,153.86187744140625,33.458335876464844,129.76336669921875,174.27999877929688,174.35247802734375,277.626708984375,744.3515014648438,26.990163803100586,366.4734802246094,398.462890625,212.1551055908203,178.59043884277344,326.3005676269531,37.19449996948242,463.3399963378906,470.7120361328125,86.68189239501953,124.86219024658203,286.6712341308594,348.93780517578125,23.233558654785156,225.34571838378906,48.69906997680664,154.1478729248047,195.98910522460938,122.41130828857422,394.1128845214844,329.7386169433594,233.44091796875,97.09637451171875,51.972015380859375,343.0500183105469,290.8795471191406,38.80009078979492,213.21189880371094,102.726806640625,217.09225463867188,183.58009338378906,113.15265655517578,121.328857421875
2025-12-17,135.84432983398438,219.12905883789062,268.2130432128906,292.9700012207031,97.18020629882812,112.13581085205078,249.30538940429688,206.93722534179688,247.6528778076172,199.2843475341797,321.3399963378906,484.2947998046875,173.36631774902344,351.103759765625,241.56997680664062,126.07025146484375,175.92649841308594,324.203125,550.0,372.57647705078125,3393.35009765625,151.5419158935547,212.61843872070312,44.804588317871094,1053.1690673828125,504.2699890136719,197.03895568847656,51.80471420288086,558.4772338867188,86.1552505493164,27.586692810058594,78.30638122558594,494.2210388183594,68.64667510986328,341.58709716796875,74.9078369140625,36.269004821777344,186.43312072753906,82.62398529052734,76.10122680664062,146.72760009765625,221.3000030517578,102.38999938964844,221.3900146484375,195.22207641601562,260.4801025390625,57.295860290527344,104.56632995605469,342.4469909667969,740.1651000976562,59.942501068115234,41.19287872314453,68.33000183105469,55.12537384033203,332.031005859375,291.0589294433594,85.1303939819336,80.1460952758789,297.6710205078125,199.81573486328125,27.489309310913086,470.20684814453125,351.742431640625,137.12030029296875,257.4732971191406,297.2644348144531,159.74871826171875,247.70387268066406,310.5699157714844,27.381067276000977,116.90071105957031,25.90993309020996,69.73715209960938,110.4832763671875,254.47039794921875,276.6317443847656,419.5992736816406,469.2290954589844,562.7099609375,132.37661743164062,308.8624267578125,804.9601440429688,95.92671203613281,80.8189468383789,617.3683471679688,160.6149139404297,172.96971130371094,171.9658203125,474.00909423828125,1384.6800537109375,64.67810821533203,170.7317657470703,7472.5498046875,176.75509643554688,92.8499984741211,88.05905151367188,112.85719299316406,147.2023162841797,23.81100082397461,87.87228393554688,144.59165954589844,213.49154663085938,859.6411743164062,154.50479125976562,33.81281280517578,129.9701690673828,175.30999755859375,170.61041259765625,280.9501953125,747.7722778320312,27.04903221130371,362.9110412597656,386.9981994628906,212.8688507080078,175.88075256347656,326.38018798828125,38.104331970214844,453.07000732421875,480.81634521484375,85.56767272949219,125.06840515136719,276.2442626953125,349.82086181640625,23.51348304748535,221.19451904296875,49.130123138427734,154.71441650390625,197.35508728027344,121.51627349853516,380.5166015625,327.2029113769531,234.29202270507812,97.92078399658203,52.23445510864258,342.35418701171875,284.3050842285156,38.92387390136719,211.56590270996094,103.00210571289062,217.95509338378906,183.75823974609375,115.84630584716797,120.36397552490234
2025-12-18,136.0828857421875,217.67347717285156,264.5093688964844,299.239990234375,97.84101867675781,112.98628997802734,251.03433227539062,202.82974243164062,252.869873046875,201.3380126953125,319.77276611328125,484.48358154296875,169.286865234375,352.0911560058594,238.99131774902344,129.15948486328125,175.89736938476562,328.0415954589844,563.280029296875,372.4872131347656,3426.610107421875,151.02996826171875,212.79718017578125,43.993377685546875,1053.1591796875,503.3900146484375,197.6942901611328,52.59562683105469,562.3932495117188,84.83729553222656,27.89179039001465,76.34209442138672,497.3705139160156,68.98863983154297,339.21661376953125,75.84418487548828,36.37831115722656,188.94052124023438,82.75242614746094,76.01329040527344,144.93179321289062,230.94000244140625,100.55000305175781,223.10044860839844,195.14247131347656,261.5045471191406,57.90211486816406,107.18794250488281,341.100830078125,736.4043579101562,60.048885345458984,41.655277252197266,68.0,54.55655288696289,332.9488830566406,300.5324401855469,86.58544158935547,80.80310821533203,303.3536071777344,200.53973388671875,27.21183967590332,464.9352722167969,350.0071716308594,137.68519592285156,257.859130859375,294.4517517089844,158.9641876220703,246.50656127929688,308.6176452636719,27.42987823486328,121.92475128173828,25.608543395996094,69.43123626708984,106.64398193359375,250.710205078125,280.60174560546875,416.27099609375,464.633544921875,563.4463500976562,131.62344360351562,305.62506103515625,808.9923095703125,96.10236358642578,80.01594543457031,625.7161865234375,160.20884704589844,166.6357421875,170.15565490722656,481.8342590332031,1389.4200439453125,64.61903381347656,173.9278564453125,7561.6201171875,178.3101043701172,91.79000091552734,86.4264907836914,110.47819519042969,146.50592041015625,23.81100082397461,87.84278106689453,142.3515167236328,211.22764587402344,864.3816528320312,153.2384490966797,34.21651840209961,127.1539306640625,175.89999389648438,172.44186401367188,282.7746887207031,746.6952514648438,26.970542907714844,367.21771240234375,389.0646057128906,211.60987854003906,176.962646484375,323.80255126953125,37.70875549316406,458.1300048828125,477.1625671386719,86.0311050415039,125.07823181152344,290.5216369628906,350.3466796875,23.41695785522461,224.41220092773438,48.92439270019531,153.93914794921875,198.23605346679688,124.70856475830078,383.4230041503906,323.759521484375,231.99600219726562,99.00707244873047,52.360809326171875,343.94464111328125,287.2237243652344,38.47636413574219,213.0822296142578,103.48387908935547,216.51705932617188,187.3900604248047,114.9878921508789,120.86610412597656
2025-12-19,136.42088317871094,221.58111572265625,266.7531433105469,300.0799865722656,97.13088989257812,111.92074584960938,251.77955627441406,202.89903259277344,255.77264404296875,202.66390991210938,322.6903381347656,485.9538269042969,167.4608612060547,349.1190185546875,235.2753143310547,134.81973266601562,173.85919189453125,338.46319580078125,594.2000122070312,373.4692687988281,3392.340087890625,151.7203369140625,214.71875,44.23080062866211,1048.392822265625,494.5299987792969,201.51710510253906,53.159149169921875,572.7201538085938,84.05628204345703,30.627822875976562,76.9608383178711,503.44097900390625,67.58169555664062,339.5652160644531,77.29306030273438,36.269004821777344,186.6321258544922,84.38257598876953,75.94489288330078,144.99066162109375,234.25,99.47000122070312,223.58770751953125,195.28179931640625,262.1709289550781,57.83475112915039,107.24751281738281,337.23052978515625,750.6854858398438,59.35255432128906,41.66511154174805,67.94000244140625,54.79605484008789,334.9425964355469,306.0312194824219,87.56211853027344,81.97777557373047,308.2072448730469,199.96449279785156,27.469491958618164,471.3329162597656,340.1573791503906,137.7644805908203,256.6028137207031,294.9711608886719,159.1925811767578,245.4859161376953,312.7686767578125,27.224885940551758,124.24677276611328,25.754377365112305,69.13520050048828,106.30926513671875,250.710205078125,285.2963562011719,418.6951599121094,468.5768127441406,569.4369506835938,129.61495971679688,308.9520568847656,818.6636352539062,96.24873352050781,79.87885284423828,632.2587890625,160.4069366455078,166.8439178466797,174.11045837402344,483.7656555175781,1402.510009765625,57.805633544921875,180.76951599121094,7399.7099609375,190.1360321044922,91.0,86.13955688476562,108.5827407836914,145.3191375732422,23.953636169433594,87.45931243896484,141.31459045410156,210.6828155517578,871.2134399414062,152.78060913085938,33.763580322265625,126.91759490966797,178.1699981689453,173.4912109375,289.5400390625,765.8934326171875,27.137331008911133,359.74554443359375,393.2868957519531,211.2926483154297,180.6549530029297,319.3241271972656,37.65930938720703,463.7300109863281,482.7091369628906,85.7254409790039,126.18789672851562,294.85955810546875,352.4203796386719,23.310779571533203,228.39454650878906,49.061546325683594,153.66085815429688,194.73199462890625,124.72845458984375,388.02142333984375,323.0491027832031,231.80796813964844,98.85188293457031,52.6426887512207,347.1653137207031,290.7400817871094,37.91459274291992,215.61605834960938,102.19586181640625,214.55340576171875,188.89425659179688,115.1358871459961,120.35413360595703
2025-12-22,137.6932373046875,222.6459197998047,265.205078125,300.4700012207031,98.09746551513672,112.0478286743164,256.6086730957031,206.1454315185547,258.3661804199219,205.5948486328125,326.6429138183594,492.6594543457031,167.57740783691406,354.52471923828125,240.001220703125,134.67025756835938,177.14942932128906,340.19683837890625,600.1900024414062,377.7742004394531,3413.81005859375,152.61239624023438,215.24623107910156,45.071693420410156,1076.1212158203125,499.95001220703125,203.751220703125,52.59562683105469,578.8724975585938,84.37844848632812,31.69074249267578,77.62870025634766,515.919677734375,68.16792297363281,338.6688537597656,76.98751831054688,36.30875015258789,191.030029296875,84.18497467041016,76.57026672363281,147.00238037109375,234.88999938964844,101.91000366210938,226.74005126953125,198.566162109375,265.9405212402344,58.34477615356445,107.89299011230469,340.7741394042969,750.1015625,60.2423095703125,41.07482147216797,68.62000274658203,55.564456939697266,340.69671630859375,313.52239990234375,88.10029602050781,82.65470123291016,310.9236755371094,204.1101837158203,27.935245513916016,470.38623046875,341.52789306640625,138.2996368408203,254.90133666992188,296.7450256347656,160.3346405029297,246.8893280029297,318.56634521484375,27.566537857055664,126.24063110351562,26.14327049255371,69.2832260131836,105.3248291015625,253.72433471679688,292.8890075683594,420.7616882324219,477.90625,572.8900756835938,131.98072814941406,312.528076171875,816.8171997070312,95.35094451904297,79.66340637207031,630.8325805664062,158.46571350097656,163.32504272460938,176.8453826904297,482.7701110839844,1412.4100341796875,56.338584899902344,183.4662322998047,7397.06982421875,196.48480224609375,91.75,86.3176498413086,111.09712982177734,144.23040771484375,23.972654342651367,87.74446105957031,139.5831298828125,213.57608032226562,882.8255004882812,155.5665740966797,34.14759063720703,127.01607513427734,179.05999755859375,172.47154235839844,296.5815734863281,777.2627563476562,27.2943058013916,364.4788818359375,395.99908447265625,211.0745391845703,184.29762268066406,322.28985595703125,37.90654754638672,481.239990234375,491.4668273925781,86.85936737060547,128.51524353027344,281.4179382324219,353.73004150390625,23.45556640625,231.90020751953125,49.53178787231445,155.6288299560547,193.77183532714844,128.25888061523438,388.04132080078125,320.81927490234375,232.1840362548828,97.69771575927734,53.33279800415039,349.98834228515625,290.7500305175781,38.06693649291992,221.17257690429688,103.11026000976562,217.8459930419922,189.10205078125,116.57644653320312,121.870361328125
2025-12-23,137.53419494628906,223.50558471679688,265.30303955078125,297.5799865722656,97.98896789550781,112.5659408569336,257.05584716796875,207.4024200439453,259.5831604003906,207.9176788330078,326.7414855957031,495.103271484375,169.5005645751953,354.93365478515625,239.9914093017578,136.64337158203125,176.29531860351562,348.0379333496094,591.02001953125,379.1033630371094,3463.610107421875,151.7823944091797,216.53125,44.705657958984375,1074.479736328125,500.510009765625,205.90589904785156,52.73403549194336,578.8824462890625,85.34495544433594,31.159282684326172,78.50281524658203,513.743896484375,68.41217803955078,339.2265930175781,76.8988037109375,36.35843276977539,189.7066650390625,84.15533447265625,76.25757598876953,147.6990966796875,232.6999969482422,100.68000030517578,229.54434204101562,199.00408935546875,263.3147277832031,57.796260833740234,106.89002990722656,339.7348327636719,752.2886962890625,60.2809944152832,41.04530334472656,67.72000122070312,55.524539947509766,339.3642578125,314.3193054199219,89.03710174560547,82.37596893310547,315.2680358886719,201.55136108398438,27.915424346923828,472.38922119140625,340.1278076171875,137.83384704589844,254.34738159179688,297.71527099609375,160.83119201660156,247.14447021484375,321.3665771484375,27.234647750854492,126.548828125,26.522441864013672,68.94770812988281,103.10984802246094,251.82432556152344,295.5985412597656,422.34136962890625,476.8981628417969,573.5368041992188,131.5558624267578,312.8468322753906,824.1329956054688,95.11674499511719,79.2325439453125,637.0859985351562,158.61427307128906,164.94073486328125,176.58961486816406,484.6915283203125,1414.5999755859375,56.45673751831055,188.97950744628906,7338.0498046875,193.4738311767578,92.06999969482422,86.90141296386719,110.34280395507812,140.92503356933594,23.658851623535156,88.01976013183594,140.0624542236328,214.07395935058594,883.4927368164062,157.86549377441406,34.27560043334961,127.1440658569336,176.02000427246094,172.9962158203125,288.25799560546875,783.0570678710938,27.029407501220703,359.95391845703125,396.2375183105469,211.2133331298828,184.3770294189453,322.49884033203125,37.77798080444336,475.4700012207031,494.51788330078125,87.44112396240234,128.3483123779297,281.36822509765625,352.0433349609375,23.610004425048828,231.08587646484375,49.46321105957031,154.9728240966797,195.66244506835938,128.72630310058594,391.9032287597656,320.46405029296875,231.72879028320312,97.17396545410156,52.963443756103516,351.2706298828125,291.7063293457031,38.00980758666992,219.01779174804688,103.25773620605469,218.52037048339844,186.15306091308594,117.82952880859375,121.63407135009766
2025-12-24,137.4944305419922,224.58018493652344,264.52899169921875,298.2099914550781,98.47225189208984,112.72234344482422,259.1126403808594,206.90753173828125,260.13177490234375,207.63853454589844,329.1761169433594,497.6762390136719,169.78224182128906,355.71160888671875,241.04051208496094,137.4605255126953,177.68325805664062,348.93463134765625,591.1500244140625,380.0158996582031,3456.02001953125,152.13145446777344,216.8194580078125,44.81447982788086,1076.8629150390625,501.3399963378906,206.07469177246094,52.89221954345703,580.21435546875,85.7647476196289,30.755765914916992,78.81710052490234,514.2505493164062,68.5001220703125,338.61907958984375,76.8988037109375,36.54723358154297,190.22406005859375,84.39244842529297,77.31290435791016,147.68930053710938,232.05999755859375,100.94999694824219,230.1807861328125,198.61593627929688,264.15020751953125,57.83475112915039,106.73114776611328,339.8139953613281,750.8932495117188,60.6678466796875,41.153526306152344,67.94999694824219,55.344913482666016,340.89410400390625,315.53460693359375,89.35602569580078,82.50537872314453,315.258056640625,203.31675720214844,27.776689529418945,472.4091491699219,342.46453857421875,138.46810913085938,256.45440673828125,298.47967529296875,161.50650024414062,247.26223754882812,324.5612487792969,27.33226203918457,127.37071228027344,26.434938430786133,69.1845474243164,103.45439910888672,253.1274871826172,295.90625,422.1426696777344,480.0606994628906,576.6217041015625,132.714599609375,313.9325866699219,824.8316650390625,94.92156219482422,79.36963653564453,641.4343872070312,158.80245971679688,164.276611328125,178.70472717285156,485.8563232421875,1417.1600341796875,59.07576370239258,188.38023376464844,7385.2900390625,195.60328674316406,92.4000015258789,86.9706802368164,110.80701446533203,140.98388671875,23.801490783691406,88.08858489990234,141.34396362304688,213.85791015625,884.1101684570312,158.4304962158203,34.43313980102539,126.4449462890625,176.47000122070312,173.0160369873047,290.0627136230469,781.6010131835938,27.20600700378418,358.7432861328125,395.62158203125,211.35211181640625,184.992431640625,323.7926330566406,37.5505256652832,475.75,495.0828857421875,87.59889221191406,129.84097290039062,284.5703430175781,351.9639587402344,23.803056716918945,230.30130004882812,49.708126068115234,156.33450317382812,196.99874877929688,129.4821014404297,391.3458251953125,323.2069396972656,232.61949157714844,97.62982177734375,53.40083694458008,353.0201721191406,292.50323486328125,38.39066696166992,219.22727966308594,103.77884674072266,219.53196716308594,187.4989013671875,117.63218688964844,123.55399322509766
2025-12-26,137.56399536132812,224.66810607910156,265.6165771484375,300.7099914550781,98.44266510009766,113.07426452636719,259.8181457519531,205.67034912109375,261.2489929199219,207.8080291748047,328.1608581542969,498.53057861328125,171.3460235595703,355.71160888671875,242.5896759033203,136.95228576660156,177.8191375732422,350.8376159667969,583.8400268554688,377.9725341796875,3448.699951171875,152.2943572998047,216.56588745117188,44.765018463134766,1076.0223388671875,498.29998779296875,206.81939697265625,52.98119354248047,579.458984375,86.18453979492188,30.21446418762207,78.30638122558594,515.7606811523438,68.35356140136719,339.68475341796875,77.03679656982422,36.38824462890625,190.18426513671875,84.54064178466797,77.79171752929688,147.21827697753906,233.9499969482422,103.08999633789062,229.35426330566406,199.20314025878906,264.3193054199219,57.266990661621094,106.89996337890625,346.32720947265625,755.426025390625,61.01601028442383,40.88789367675781,67.5,55.57443618774414,337.74566650390625,313.9308166503906,89.26632690429688,82.68456268310547,314.5489501953125,203.8225555419922,27.70732307434082,475.4684753417969,344.87030029296875,137.42752075195312,256.91595458984375,298.99908447265625,162.39035034179688,247.76275634765625,323.31890869140625,27.42987823486328,127.63104248046875,26.434938430786133,68.94770812988281,103.26736450195312,252.56045532226562,294.5464782714844,422.01348876953125,477.37255859375,576.77099609375,133.06222534179688,314.3509521484375,826.6581420898438,94.88224792480469,78.63518524169922,643.2994384765625,160.52577209472656,162.2545166015625,178.92115783691406,485.5476989746094,1420.0999755859375,59.99143600463867,190.2978973388672,7382.16015625,196.09852600097656,92.25,86.69364166259766,110.42985534667969,141.02310180664062,23.858545303344727,87.88211059570312,141.5885009765625,213.36004638671875,884.4288940429688,158.3125457763672,34.54145431518555,125.79503631591797,176.58999633789062,173.0556182861328,282.6904602050781,782.8576049804688,27.264875411987305,356.2591857910156,397.18133544921875,211.52066040039062,183.7914276123047,323.8822021484375,37.37251281738281,477.1400146484375,498.5765686035156,87.37210845947266,129.89988708496094,285.51800537109375,351.4480285644531,23.79340362548828,230.8872528076172,49.58076858520508,156.15560913085938,198.95863342285156,130.5760498046875,390.7585754394531,327.40020751953125,231.02613830566406,97.513427734375,53.449432373046875,352.8809814453125,293.0610656738281,38.54301071166992,218.7783660888672,103.72968292236328,219.27410888671875,186.62806701660156,117.5236587524414,124.28257751464844
2025-12-29,137.10675048828125,225.50823974609375,265.86151123046875,301.2300109863281,98.88650512695312,113.1720199584961,261.4676208496094,206.5215301513672,262.3961181640625,208.0472869873047,324.90814208984375,494.5072326660156,172.44447326660156,355.7914123535156,243.0112762451172,136.42413330078125,178.4888153076172,348.1076965332031,580.5499877929688,372.2888488769531,3415.81005859375,151.38677978515625,216.61325073242188,44.89362335205078,1076.30908203125,501.04998779296875,205.91583251953125,53.00096893310547,575.0955810546875,86.5555191040039,30.234146118164062,78.26710510253906,511.3097229003906,68.5196533203125,338.887939453125,76.672119140625,36.487613677978516,190.0847625732422,83.97750854492188,78.19235229492188,148.17015075683594,231.00999450683594,103.70999908447266,229.6629638671875,198.0884552001953,264.09051513671875,57.83475112915039,105.95657348632812,344.8424377441406,757.1085205078125,61.19976043701172,40.622257232666016,67.27999877929688,56.03348159790039,336.04803466796875,310.7394104003906,88.69825744628906,82.5551528930664,313.979736328125,203.91183471679688,27.895605087280273,472.3692626953125,342.572998046875,137.56626892089844,256.4295959472656,299.6361389160156,162.84716796875,247.5370330810547,319.2171325683594,27.488447189331055,125.7149887084961,26.619659423828125,69.23388671875,102.3026123046875,251.64527893066406,293.7127685546875,423.7720031738281,483.1441650390625,575.079345703125,134.394775390625,313.1855163574219,828.8139038085938,94.5185317993164,78.33161163330078,635.5799560546875,160.1692352294922,162.16529846191406,177.0224609375,484.9404296875,1419.469970703125,60.267120361328125,187.99070739746094,7355.259765625,193.51345825195312,91.77999877929688,87.0201416015625,110.24610137939453,141.4742889404297,23.77296257019043,87.54781341552734,141.4221954345703,214.6563720703125,886.888671875,159.18740844726562,34.67930221557617,126.62218475341797,175.58999633789062,171.68946838378906,279.74151611328125,778.399658203125,27.029407501220703,355.0455322265625,393.8929138183594,212.6606903076172,183.0469970703125,323.6732177734375,37.481300354003906,478.9700012207031,499.1886901855469,87.66792297363281,129.32049560546875,280.61004638671875,349.7414855957031,23.90923500061035,230.20201110839844,49.002769470214844,155.5194854736328,201.08677673339844,129.62132263183594,392.35113525390625,324.5487976074219,232.1048583984375,96.67931365966797,52.97315979003906,352.4933166503906,290.88946533203125,38.54301071166992,216.6335906982422,103.95582580566406,220.4542694091797,185.19314575195312,118.92474365234375,124.03643798828125
2025-12-30,136.79859924316406,224.43365478515625,264.5485534667969,299.5400085449219,99.35993194580078,113.3870849609375,260.1658935546875,206.95703125,259.32379150390625,206.39239501953125,323.9815979003906,491.2189636230469,173.31732177734375,355.5520324707031,243.96234130859375,135.7265625,179.55645751953125,348.56597900390625,572.1099853515625,370.3744201660156,3398.85009765625,151.75912475585938,216.04876708984375,45.596012115478516,1071.2757568359375,503.7099914550781,205.74703979492188,52.82301330566406,573.8829956054688,86.98507690429688,30.332565307617188,78.0903091430664,510.2863464355469,68.8030014038086,338.6788024902344,76.2975845336914,36.189510345458984,189.39822387695312,83.12785339355469,78.02623748779297,149.4654998779297,228.1300048828125,105.02999877929688,229.7028045654297,196.8443603515625,263.05615234375,58.07532501220703,105.1025619506836,345.2581787109375,761.7699584960938,61.41252899169922,40.20904541015625,67.54000091552734,55.82391357421875,335.0511474609375,310.9488830566406,88.55873107910156,81.9578628540039,314.1394958496094,203.406005859375,28.232532501220703,471.6119384765625,341.48846435546875,137.59600830078125,257.1343078613281,296.0198059082031,162.0328369140625,246.16307067871094,318.8917541503906,27.478683471679688,124.04528045654297,26.81410789489746,69.14506530761719,102.27307891845703,251.7447509765625,293.2562255859375,425.5801696777344,482.28436279296875,574.6016235351562,135.09967041015625,312.7173156738281,825.7299194335938,95.0198745727539,78.12596130371094,629.7454833984375,159.62451171875,162.3833770751953,176.17642211914062,485.3187255859375,1414.3199462890625,60.24742889404297,187.31153869628906,7327.2001953125,195.32598876953125,91.47000122070312,87.07951354980469,109.65618896484375,141.3958282470703,23.763450622558594,87.41015625,140.9135284423828,216.02784729003906,885.1658325195312,159.19723510742188,34.78761291503906,127.57734680175781,175.41000366210938,171.90725708007812,278.7618408203125,771.8572998046875,26.803754806518555,356.8063659667969,391.1112060546875,212.82920837402344,182.6400604248047,324.5987548828125,38.124114990234375,474.489990234375,496.919189453125,87.84539794921875,127.99478149414062,279.39306640625,351.34881591796875,23.947843551635742,228.79180908203125,48.5521240234375,154.4062957763672,201.73019409179688,128.8157958984375,389.8826904296875,327.725830078125,230.6500701904297,96.6405258178711,52.78848648071289,351.50921630859375,287.76165771484375,38.75248718261719,216.16473388671875,104.30977630615234,220.28567504882812,179.51284790039062,119.37861633300781,124.45980072021484
2025-12-31,135.2578582763672,223.2125244140625,262.88287353515625,296.010009765625,98.49198913574219,112.72234344482422,257.145263671875,206.01675415039062,256.3511962890625,204.6776885986328,322.6213684082031,487.11614990234375,172.18948364257812,351.9515380859375,242.19749450683594,134.67025756835938,177.6555633544922,344.8297424316406,567.9299926757812,366.96221923828125,3391.5,150.541259765625,213.18968200683594,45.05190658569336,1058.44970703125,502.6499938964844,204.04908752441406,52.239715576171875,569.3905029296875,86.76053619384766,30.056995391845703,77.60905456542969,507.1468200683594,68.32424926757812,336.39794921875,75.92304229736328,36.02058792114258,187.129638671875,82.0015640258789,77.54742431640625,149.56362915039062,226.47999572753906,103.66999816894531,227.9601287841797,194.31637573242188,261.106689453125,57.75776672363281,103.99037170410156,346.9903869628906,758.2565307617188,60.967655181884766,39.48101806640625,67.16999816894531,55.095428466796875,332.27777099609375,307.1990051269531,87.26313781738281,80.95243072509766,313.3904724121094,201.18441772460938,28.00461196899414,465.2342224121094,339.27001953125,136.56532287597656,254.23594665527344,290.29638671875,160.84112548828125,243.27890014648438,317.70855712890625,27.342025756835938,121.19563293457031,26.726606369018555,68.9871826171875,101.20004272460938,249.56622314453125,291.3704528808594,423.6230163574219,478.0050964355469,568.0935668945312,134.13406372070312,309.03173828125,818.7034912109375,94.43004608154297,77.30338287353516,621.0086669921875,158.5647735595703,161.2038116455078,174.65155029296875,481.4758605957031,1394.18994140625,62.72861099243164,186.27281188964844,7292.77001953125,193.04794311523438,91.20999908447266,86.4264907836914,108.48603820800781,140.7681121826172,23.67786979675293,86.73171997070312,140.1896514892578,213.91427612304688,875.346435546875,157.67356872558594,34.48237228393555,127.06529235839844,174.2100067138672,169.33335876464844,276.0108642578125,769.7929077148438,26.587913513183594,351.782470703125,386.5312805175781,210.09312438964844,182.03460693359375,322.4789733886719,37.95599365234375,469.7200012207031,492.1165771484375,87.05657958984375,126.68871307373047,274.7145690917969,349.5882873535156,23.976802825927734,225.9415740966797,48.2092399597168,152.67686462402344,200.9779052734375,127.06549835205078,387.3844299316406,325.70318603515625,228.92807006835938,96.20407104492188,52.36648941040039,348.6165771484375,284.1158142089844,38.78104782104492,212.9325714111328,103.69035339355469,217.8955841064453,176.7321014404297,118.73727416992188,123.87889099121094
2026-01-02,137.1266326904297,224.01358032226562,254.7014923095703,286.7300109863281,99.47827911376953,113.21112823486328,254.37298583984375,201.7311553955078,268.2016906738281,208.4958953857422,322.9466552734375,490.5235900878906,171.43429565429688,343.3641662597656,247.3726806640625,139.22438049316406,176.84228515625,346.3441467285156,563.4500122070312,370.54107666015625,3303.820068359375,151.2161407470703,211.91062927246094,46.6347541809082,1073.00634765625,496.8500061035156,204.77674865722656,52.911991119384766,594.7752685546875,86.59456634521484,30.430984497070312,76.30281066894531,518.6519165039062,68.8030014038086,337.51348876953125,75.34831237792969,36.040462493896484,183.95558166503906,80.30225372314453,78.29983520507812,152.9884490966797,219.7899932861328,106.79000091552734,229.4339141845703,194.823974609375,261.2260437011719,58.63346481323242,106.01615905761719,350.65283203125,756.2276611328125,60.65766525268555,39.78600311279297,65.58999633789062,55.27505874633789,338.92999267578125,319.88470458984375,90.36258697509766,80.61396789550781,314.90850830078125,200.77777099609375,29.332502365112305,468.751953125,340.96588134765625,135.8815155029297,262.524169921875,285.680419921875,158.88473510742188,246.4396514892578,320.92291259765625,27.29281234741211,127.1193618774414,26.94049644470215,68.20761108398438,102.59794616699219,250.34213256835938,302.19873046875,426.3253173828125,491.2481384277344,560.3814086914062,134.3464813232422,312.1894226074219,821.847412109375,94.42022705078125,78.65476989746094,632.7574462890625,160.26828002929688,163.69178771972656,178.95068359375,470.84320068359375,1411.3900146484375,62.30523681640625,188.6199493408203,7278.8701171875,193.84031677246094,90.33999633789062,87.40602111816406,105.02391815185547,139.50282287597656,23.944128036499023,87.92144012451172,138.70272827148438,211.9161834716797,890.3046264648438,157.57528686523438,34.57099151611328,128.5718994140625,170.10000610351562,171.24398803710938,280.3055725097656,774.2208862304688,27.03921890258789,360.6563720703125,395.94940185546875,208.9944610595703,185.85594177246094,326.27069091796875,39.75588607788086,480.4200134277344,482.765625,88.45674133300781,127.57832336425781,286.83477783203125,346.3158874511719,23.706533432006836,231.61221313476562,48.72846603393555,153.34278869628906,197.5530548095703,128.35833740234375,396.14337158203125,331.9092102050781,229.511962890625,97.9789810180664,52.92587661743164,344.411865234375,291.5170593261719,38.58110046386719,215.75570678710938,104.68340301513672,216.59640502929688,185.89578247070312,121.01651763916016,123.97735595703125
2026-01-05,142.076904296875,215.0944366455078,258.6501159667969,288.6600036621094,98.23554229736328,111.51017761230469,261.56695556640625,203.4632110595703,283.61328125,210.65921020507812,316.1257629394531,504.5507507324219,172.85638427734375,350.36572265625,250.7010040283203,139.39378356933594,176.64630126953125,342.15960693359375,591.1599731445312,377.5695495605469,3268.300048828125,154.33447265625,213.66897583007812,48.544071197509766,1107.32080078125,498.5199890136719,204.50799560546875,53.178924560546875,612.35791015625,86.32121276855469,30.991968154907227,75.55638122558594,528.2593383789062,67.87481689453125,339.5552978515625,74.89250183105469,35.682735443115234,184.5326690673828,80.64804077148438,78.58321380615234,160.7899932861328,226.72000122070312,108.0999984741211,234.3731231689453,201.31312561035156,261.76312255859375,58.33515167236328,107.40641021728516,359.8188171386719,764.05615234375,59.57221984863281,40.48452377319336,66.98999786376953,53.69833755493164,350.9317321777344,323.445068359375,88.38931274414062,82.77416229248047,316.9058837890625,202.08692932128906,31.63153648376465,476.166015625,339.2601623535156,136.51577758789062,273.7604675292969,289.0811462402344,164.475830078125,246.52853393554688,329.363037109375,26.8892765045166,134.89730834960938,27.125221252441406,67.04318237304688,103.75958251953125,251.85415649414062,309.04705810546875,430.2894592285156,505.57830810546875,565.7948608398438,132.62770080566406,309.81866455078125,823.3245239257812,95.70799255371094,80.07469940185547,640.2974243164062,161.981689453125,173.40586853027344,183.51544189453125,470.7536315917969,1446.6300048828125,63.535980224609375,187.89083862304688,7321.2099609375,190.75010681152344,90.58000183105469,88.23714447021484,105.87494659423828,137.23712158203125,23.93461799621582,88.99317932128906,137.31365966796875,212.7154083251953,903.1614990234375,157.14276123046875,34.246055603027344,137.837890625,173.11000061035156,174.5405731201172,277.2379150390625,761.1761474609375,27.735803604125977,356.6671142578125,402.089111328125,211.61932373046875,186.85841369628906,330.60986328125,43.31611633300781,494.19000244140625,501.82537841796875,86.31705474853516,131.4727783203125,289.119140625,346.9226379394531,23.851318359375,229.80474853515625,49.45341110229492,152.90545654296875,198.82005310058594,127.82131958007812,389.1461486816406,337.4541931152344,229.5713348388672,98.92948150634766,54.45683288574219,351.6881408691406,295.5215148925781,38.30497360229492,216.4839324951172,103.64119720458984,217.6278076171875,189.76507568359375,123.69042205810547,127.3741226196289
2026-01-06,146.98126220703125,218.75784301757812,270.3588562011719,293.1700134277344,99.2317123413086,112.45840454101562,261.0999450683594,205.7891082763672,295.27423095703125,213.50042724609375,325.4403991699219,506.8852844238281,172.43466186523438,348.75,255.1650848388672,140.88856506347656,180.0365753173828,342.50830078125,626.6500244140625,381.3074645996094,3244.919921875,159.2989959716797,212.9134063720703,48.85074996948242,1099.923828125,499.04998779296875,207.5240936279297,52.89221954345703,619.3054809570312,85.06182861328125,31.78915786743164,75.8215560913086,543.2218627929688,68.763916015625,344.7842712402344,74.54568481445312,35.84172821044922,186.44308471679688,83.6020736694336,78.8568115234375,153.6165008544922,229.3800048828125,107.45999908447266,235.5979766845703,202.5373077392578,270.06817626953125,58.22929763793945,107.79369354248047,367.5989990234375,779.9306030273438,61.02926254272461,40.86821746826172,68.76000213623047,55.33493423461914,356.0146484375,326.6564025878906,88.9474105834961,81.80854797363281,314.1394958496094,207.6310272216797,30.551387786865234,481.9159240722656,344.3871765136719,135.70310974121094,277.7705993652344,296.4314270019531,164.86312866210938,251.03260803222656,331.41326904296875,26.90896224975586,139.14137268066406,26.075212478637695,66.94449615478516,104.70463562011719,259.036376953125,312.1138916015625,434.3230895996094,515.9256591796875,577.5073852539062,133.41949462890625,320.6064758300781,824.9115600585938,98.60794067382812,79.49693298339844,644.5261840820312,164.61618041992188,168.9254913330078,184.70584106445312,476.3885192871094,1485.1500244140625,64.34335327148438,187.0119171142578,7239.72998046875,191.89903259277344,90.38999938964844,88.93963623046875,107.55764770507812,136.2955322265625,24.181856155395508,90.26155853271484,136.86366271972656,212.14596557617188,924.941650390625,152.5226593017578,34.3543701171875,134.558837890625,175.00999450683594,180.6189422607422,294.6444396972656,774.4503173828125,28.16748809814453,361.3428039550781,410.6627502441406,209.7202606201172,188.98248291015625,338.46209716796875,43.14799499511719,508.7699890136719,508.1817932128906,86.47482299804688,132.7676544189453,329.6095886230469,364.4284362792969,23.494176864624023,229.7153778076172,50.13917922973633,152.98497009277344,196.58302307128906,132.44566345214844,379.3221740722656,344.3114013671875,231.2042694091797,102.05254364013672,55.035850524902344,355.42572021484375,298.6891784667969,38.37162780761719,220.40443420410156,104.17212677001953,217.27078247070312,194.9505615234375,119.43782043457031,127.35444641113281
2026-01-07,147.1903839111328,228.02865600585938,268.4482421875,293.7900085449219,97.71280670166016,111.14847564697266,257.3539123535156,205.14578247070312,291.4736633300781,210.52960205078125,336.74609375,494.7655334472656,166.177490234375,348.99932861328125,258.6317138671875,138.42715454101562,175.88204956054688,342.2392883300781,620.9099731445312,375.9988098144531,3318.080078125,157.2433624267578,216.78802490234375,48.3165397644043,1063.14697265625,496.1199951171875,206.24002075195312,51.972782135009766,592.8968505859375,83.07025146484375,31.60216522216797,75.71350860595703,535.5419311523438,67.96273803710938,339.0473327636719,74.04032135009766,34.82817840576172,185.7664794921875,83.09820556640625,77.96760559082031,152.30152893066406,230.52000427246094,103.04000091552734,234.58226013183594,198.43679809570312,267.3031311035156,57.08486557006836,104.53653717041016,362.96649169921875,768.539306640625,60.56965637207031,39.95325469970703,68.70999908447266,54.027652740478516,341.140869140625,322.76690673828125,87.69168090820312,81.5397720336914,322.00921630859375,208.95010375976562,30.105451583862305,469.0110168457031,344.1603698730469,134.68234252929688,273.02593994140625,290.8060302734375,160.8013916015625,243.96044921875,323.8660583496094,26.82038116455078,135.61944580078125,26.250213623046875,66.64846801757812,102.31245422363281,252.4012908935547,307.4391784667969,431.32269287109375,491.05047607421875,577.0894165039062,130.33917236328125,318.0166320800781,822.3564453125,98.07709503173828,76.64726257324219,623.3823852539062,161.3478240966797,170.99716186523438,181.79380798339844,481.3265075683594,1470.8699951171875,62.246158599853516,188.87962341308594,7146.4501953125,190.99771118164062,90.8499984741211,87.48517608642578,107.95413970947266,134.38291931152344,24.039220809936523,89.35697174072266,135.0343780517578,208.8990936279297,904.6553955078125,152.5128173828125,33.91127395629883,135.77003479003906,174.57000732421875,178.3816375732422,299.2657470703125,810.084228515625,27.922210693359375,359.0746154785156,406.66900634765625,207.88088989257812,184.3472442626953,329.8236389160156,41.901912689208984,519.7000122070312,506.15716552734375,85.1535415649414,130.91925048828125,307.50396728515625,365.7811279296875,23.137035369873047,228.0072479248047,49.5513801574707,153.104248046875,195.2863006591797,130.2478485107422,374.6739807128906,337.13848876953125,222.15878295898438,102.23683166503906,53.8483772277832,353.7557373046875,290.9891052246094,38.20976257324219,216.09487915039062,103.27739715576172,214.1864776611328,189.84425354003906,116.91191101074219,123.73121643066406
2026-01-08,145.1489715576172,218.95321655273438,276.12994384765625,276.5799865722656,98.1763687133789,113.32843017578125,262.8587341308594,208.9365234375,280.93994140625,209.3931121826172,325.3812561035156,500.1598205566406,167.0503692626953,351.0439147949219,257.98974609375,135.77639770507812,180.36973571777344,331.2597351074219,612.97998046875,380.7308654785156,3313.989990234375,159.15936279296875,216.7593536376953,49.66196060180664,1075.83447265625,499.7699890136719,201.5615692138672,53.24812698364258,604.4363403320312,82.51378631591797,31.188806533813477,79.42603302001953,540.9664916992188,68.24609375,334.39599609375,73.2872314453125,35.096473693847656,189.30865478515625,84.73823547363281,78.75910186767578,156.27589416503906,224.10000610351562,107.36000061035156,234.01463317871094,201.03443908691406,270.27703857421875,58.20781326293945,109.50170135498047,370.9644470214844,773.8143920898438,61.47908401489258,41.12400817871094,69.5,55.095428466796875,346.8653564453125,313.5917053222656,85.04070281982422,84.74520874023438,325.58453369140625,211.70729064941406,31.879274368286133,477.35186767578125,354.51300048828125,136.67433166503906,275.51739501953125,296.6764221191406,160.86097717285156,250.61776733398438,326.63934326171875,27.174705505371094,132.11949157714844,26.512718200683594,68.45431518554688,107.8449935913086,253.3363800048828,323.2994384765625,436.836669921875,512.3678588867188,577.2387084960938,133.77676391601562,323.6446228027344,813.0545043945312,97.01542663574219,78.12596130371094,636.4176635742188,163.6554718017578,175.51718139648438,181.68560791015625,475.9902648925781,1465.199951171875,64.2547378540039,184.81459045410156,7385.580078125,187.83819580078125,91.62999725341797,89.4343490600586,110.48787689208984,136.69766235351562,24.048728942871094,90.19273376464844,138.44837951660156,212.9451904296875,902.7432250976562,156.11061096191406,34.13774490356445,142.01300048828125,173.57000732421875,180.04476928710938,301.15582275390625,798.8544921875,28.295032501220703,363.1832580566406,401.02606201171875,210.6449432373047,185.7765350341797,339.3975830078125,43.93915557861328,514.489990234375,509.9803771972656,86.80020904541016,131.2652130126953,283.7723083496094,365.2440185546875,23.3300838470459,226.45799255371094,49.913856506347656,157.28866577148438,195.9000244140625,132.78379821777344,376.5949401855469,342.2197265625,227.47325134277344,103.74987030029297,54.49608612060547,350.1275329589844,297.97198486328125,38.62870788574219,221.9008026123047,103.46421813964844,216.06085205078125,195.75213623046875,121.27305603027344,124.89300537109375
2026-01-09,147.8974151611328,214.99676513671875,275.0031433105469,276.0199890136719,98.54130554199219,114.28644561767578,262.90838623046875,210.03515625,300.4313659667969,209.99127197265625,321.4287109375,504.421630859375,165.26541137695312,349.8769836425781,260.4588317871094,139.6728057861328,175.754638671875,343.70391845703125,631.6900024414062,373.4041442871094,3421.169921875,157.27439880371094,218.63475036621094,49.43442916870117,1073.0457763671875,499.1000061035156,200.18789672851562,55.61097717285156,613.8687133789062,81.6839599609375,31.621849060058594,80.02513885498047,548.5173950195312,68.38286590576172,334.3462219238281,73.20795440673828,34.977230072021484,192.15435791015625,84.234375,78.46595764160156,159.08248901367188,215.55999755859375,103.76000213623047,237.37049865722656,200.93490600585938,270.2671203613281,59.555355072021484,112.9375991821289,369.04412841796875,792.0938110351562,59.102840423583984,41.30109786987305,69.8499984741211,54.8858642578125,349.2834777832031,320.7224426269531,84.94104766845703,82.49542999267578,328.7104797363281,210.50721740722656,32.33511734008789,470.42608642578125,369.38134765625,135.03912353515625,274.8027038574219,298.146484375,164.83334350585938,251.99070739746094,326.0450744628906,27.35186767578125,139.6400909423828,26.36688232421875,69.57926177978516,117.3940200805664,250.49134826660156,333.2543029785156,441.19818115234375,536.5610961914062,573.591064453125,131.2275390625,326.90185546875,814.4817504882812,95.87511444091797,77.76364135742188,664.9019165039062,163.6554718017578,174.62506103515625,183.29904174804688,477.15509033203125,1485.1199951171875,64.9045639038086,184.63479614257812,7581.669921875,197.14321899414062,93.80000305175781,89.31561279296875,110.02367401123047,137.22732543945312,24.229402542114258,88.77686309814453,138.78099060058594,214.95326232910156,917.2035522460938,159.84600830078125,34.05897521972656,139.98452758789062,171.52000427246094,175.99581909179688,308.25103759765625,794.406494140625,27.981081008911133,367.89874267578125,407.8512268066406,211.0028839111328,187.0966339111328,351.58892822265625,44.70064926147461,525.1799926757812,510.3382263183594,87.57917022705078,131.03787231445312,303.2643737792969,365.572265625,23.156339645385742,230.00338745117188,49.5905647277832,156.85134887695312,198.52308654785156,133.60922241210938,379.9194030761719,339.3880615234375,226.07785034179688,104.80706024169922,54.182044982910156,347.68218994140625,310.4136047363281,38.52396774291992,223.87599182128906,102.8939437866211,219.08567810058594,196.96934509277344,122.95040893554688,125.20806884765625
2026-01-12,147.36962890625,214.95767211914062,275.2872619628906,277.8900146484375,98.82732391357422,113.95407104492188,263.15679931640625,206.5215301513672,306.4762878417969,209.11398315429688,320.876708984375,506.8058166503906,168.2272491455078,349.56781005859375,263.73779296875,144.60560607910156,174.79440307617188,350.9173278808594,631.72998046875,357.4782409667969,3523.0,157.26663208007812,214.63037109375,47.43608093261719,1077.15966796875,498.6700134277344,201.59144592285156,54.75086212158203,625.9448852539062,82.97262573242188,31.110071182250977,80.46709442138672,558.5420532226562,68.24609375,340.7903137207031,73.33678436279297,34.99710464477539,192.0648193359375,84.2047348022461,78.52458953857422,159.3081817626953,214.8699951171875,101.80999755859375,237.9978790283203,202.4775848388672,269.5410461425781,58.57887649536133,112.23253631591797,371.1624450683594,775.77392578125,58.92682647705078,41.025630950927734,68.19999694824219,55.394805908203125,356.24169921875,323.2955017089844,87.58204650878906,82.5252914428711,332.2957763671875,209.7534637451172,31.61171531677246,472.66827392578125,369.6771240234375,134.02825927734375,274.54461669921875,305.94757080078125,165.1014862060547,251.41781616210938,321.3899841308594,27.263286590576172,142.44985961914062,26.172435760498047,69.56939697265625,119.01834106445312,249.0787811279297,338.1274719238281,440.7510986328125,544.78369140625,564.3624877929688,129.61495971679688,322.0906982421875,824.0232543945312,95.30494689941406,76.69623565673828,661.9498901367188,166.32958984375,174.00057983398438,183.5449676513672,475.06439208984375,1491.989990234375,64.6288833618164,184.71470642089844,7591.75,203.26048278808594,95.5999984741211,88.54386138916016,108.97924041748047,138.64952087402344,24.029708862304688,88.68836975097656,140.33636474609375,216.29197692871094,925.120849609375,162.35267639160156,34.265750885009766,136.7251739501953,171.42999267578125,167.5712432861328,297.98919677734375,765.9332885742188,27.72599220275879,361.3726501464844,411.4277648925781,209.64073181152344,192.4068145751953,355.9181213378906,44.65120315551758,533.4199829101562,512.7301635742188,87.85525512695312,131.55184936523438,320.6915283203125,359.435302734375,23.183683395385742,233.77719116210938,49.120323181152344,156.1456756591797,195.5040740966797,132.96279907226562,383.67181396484375,335.96435546875,227.1268768310547,104.77796173095703,53.377315521240234,341.15142822265625,308.4213562011719,38.59177780151367,225.9309844970703,103.23807525634766,216.7650146484375,204.11422729492188,122.37812805175781,123.38660430908203
2026-01-13,145.70663452148438,215.65130615234375,271.2112731933594,270.6300048828125,100.04048156738281,114.00294494628906,255.36663818359375,195.62437438964844,304.1121826171875,211.07791137695312,319.65447998046875,492.1130676269531,170.61048889160156,343.683349609375,262.888427734375,148.45217895507812,175.20594787597656,353.3085021972656,641.510009765625,355.8975830078125,3505.75,156.3202667236328,211.57264709472656,48.44514846801758,1077.4365234375,495.239990234375,207.30511474609375,54.582786560058594,632.663818359375,84.74942779541016,30.4998779296875,81.47870635986328,563.76806640625,68.93978118896484,344.49542236328125,74.78349304199219,35.404510498046875,191.75636291503906,83.4538803100586,78.83727264404297,160.80960083007812,217.39999389648438,101.70999908447266,234.57228088378906,203.43304443359375,272.0673828125,59.25264358520508,114.56616973876953,366.9159851074219,793.0439453125,58.85837173461914,41.73398208618164,66.75,54.566532135009766,358.5709533691406,326.34722900390625,89.57527160644531,82.8637466430664,335.9909362792969,212.15357971191406,32.315303802490234,477.6508483886719,374.4097595214844,130.66864013671875,271.9340515136719,297.10760498046875,165.5384521484375,253.61061096191406,307.9298095703125,27.282968521118164,143.8113555908203,26.619659423828125,70.29962921142578,121.40067291259766,252.64999389648438,338.68328857421875,440.0258483886719,551.760986328125,543.1445922851562,129.81773376464844,321.7021789550781,822.3864135742188,94.78394317626953,75.48194122314453,663.9445190429688,167.79539489746094,174.30787658691406,179.79673767089844,468.5832824707031,1484.780029296875,65.27871704101562,185.58364868164062,7673.31982421875,200.88705444335938,94.62999725341797,88.83079528808594,106.04902648925781,140.72886657714844,23.915599822998047,87.52814483642578,141.09938049316406,204.86297607421875,934.4921264648438,163.0309600830078,34.44298553466797,135.5927734375,169.3699951171875,163.63116455078125,288.6773376464844,756.86767578125,27.313928604125977,364.2178649902344,414.1598205566406,208.44760131835938,192.6350860595703,354.28594970703125,45.39291763305664,511.79998779296875,510.5453796386719,89.02863311767578,131.27508544921875,317.65899658203125,353.9150085449219,22.753992080688477,234.9689178466797,48.679473876953125,157.17935180664062,187.7436981201172,133.63906860351562,389.255615234375,329.47216796875,226.91903686523438,103.37161254882812,53.04364013671875,325.9228820800781,309.83587646484375,37.78778076171875,226.92857360839844,104.18196105957031,214.39471435546875,205.91529846191406,124.85469818115234,122.69741821289062
2026-01-14,145.3083038330078,216.76495361328125,282.7142333984375,261.2799987792969,101.13526916503906,115.45951843261719,255.34677124023438,194.01107788085938,301.1396179199219,210.46978759765625,324.2575988769531,504.1235656738281,174.06268310546875,345.0896301269531,263.9451904296875,146.23989868164062,176.5287322998047,338.642578125,629.219970703125,356.15606689453125,3472.659912109375,160.89694213867188,206.4894561767578,49.44431686401367,1079.7208251953125,493.1499938964844,212.580810546875,54.96835708618164,634.870361328125,86.56527709960938,29.70269012451172,83.04032135009766,561.522705078125,69.29151916503906,348.5292053222656,73.73313903808594,35.95103073120117,193.25880432128906,85.65705108642578,77.51811218261719,164.11666870117188,213.1300048828125,101.4000015258789,236.9522705078125,203.37332153320312,274.166015625,60.1705322265625,116.09544372558594,369.0540466308594,790.777587890625,59.846031188964844,41.73398208618164,67.5,55.644290924072266,361.2358093261719,318.0197448730469,89.90415954589844,80.86283874511719,335.87109375,209.783203125,32.74141311645508,477.1725158691406,370.6729736328125,130.74790954589844,272.1127624511719,302.8604431152344,171.74526977539062,255.7144775390625,304.9287414550781,27.676664352416992,143.0812225341797,26.7654972076416,70.49698638916016,119.5007095336914,260.62799072265625,340.28125,437.12481689453125,565.9923706054688,544.9683227539062,131.58482360839844,318.43499755859375,832.5466918945312,97.0645751953125,77.0193862915039,635.0214233398438,168.3599395751953,179.5019073486328,177.84884643554688,457.34332275390625,1485.56005859375,64.5599594116211,182.91688537597656,7580.759765625,192.2672576904297,95.0199966430664,88.9990005493164,106.65827178955078,143.1220703125,24.324495315551758,89.68144226074219,143.1634521484375,205.30255126953125,932.3610229492188,168.1720428466797,34.98453903198242,139.226318359375,166.52999877929688,162.88868713378906,276.41656494140625,752.110595703125,27.608259201049805,360.9846496582031,414.4876403808594,209.7699737548828,197.35964965820312,352.6538391113281,46.45109558105469,505.3399963378906,513.2198486328125,90.04425048828125,133.16302490234375,311.51409912109375,357.46588134765625,23.056730270385742,235.66409301757812,48.81663131713867,154.18763732910156,190.06983947753906,132.43572998046875,384.04010009765625,330.4884338378906,224.79129028320312,104.16692352294922,52.503883361816406,327.2051696777344,297.3244934082031,38.58209228515625,226.2202911376953,105.2733383178711,216.98316955566406,204.50018310546875,128.4659423828125,123.8985824584961
2026-01-15,144.22286987304688,211.74368286132812,281.95977783203125,262.260009765625,101.82567596435547,116.72056579589844,254.5220184326172,193.46670532226562,318.2868347167969,214.3577880859375,325.3023986816406,504.7593688964844,178.0543212890625,343.93267822265625,262.6908874511719,153.68392944335938,177.1558380126953,341.76104736328125,637.1900024414062,355.2712707519531,3465.449951171875,161.61834716796875,206.7299041748047,51.44266891479492,1143.8009033203125,492.6199951171875,212.4812774658203,54.91892623901367,643.2490844726562,88.26397705078125,28.97439193725586,82.83406066894531,571.1201782226562,69.64324951171875,353.9275207519531,74.56549835205078,36.07027053833008,194.60206604003906,83.79966735839844,79.50175476074219,163.05685424804688,210.11000061035156,103.06999969482422,238.88414001464844,204.88613891601562,276.2348327636719,60.0728874206543,114.8442153930664,378.0517578125,793.5487060546875,59.81669235229492,42.82603073120117,66.77999877929688,55.394805908203125,363.89080810546875,319.0768737792969,93.17303466796875,80.5442886352539,332.7252197265625,210.85435485839844,32.4837646484375,482.1152038574219,373.837890625,129.6478729248047,281.8502197265625,292.00164794921875,172.08291625976562,258.6777038574219,306.30548095703125,27.460132598876953,154.0988311767578,26.648828506469727,69.5496597290039,120.34732818603516,267.48193359375,337.8694763183594,437.1844177246094,571.12158203125,540.8125610351562,132.2684326171875,324.5212097167969,842.4974365234375,97.3201675415039,76.28494262695312,639.2401733398438,169.45928955078125,176.03260803222656,188.12939453125,454.6353759765625,1496.6099853515625,63.59505081176758,186.8221435546875,7623.009765625,188.53335571289062,93.63999938964844,89.39476776123047,106.87102508544922,143.75962829589844,24.619279861450195,89.45530700683594,141.48089599609375,203.324462890625,940.6965942382812,169.62689208984375,35.16177749633789,137.86741638183594,166.88999938964844,159.7703094482422,275.20928955078125,739.9234619140625,27.981081008911133,367.24212646484375,418.382080078125,209.58106994628906,198.34228515625,354.42529296875,46.055511474609375,508.19000244140625,513.6246948242188,90.29075622558594,134.71487426757812,319.53436279296875,360.5492858886719,23.17391586303711,240.2522430419922,49.257476806640625,155.2113800048828,188.72364807128906,132.32632446289062,385.4634094238281,334.43505859375,228.12643432617188,105.3501968383789,52.94550323486328,325.79364013671875,300.5419616699219,38.12681579589844,227.96604919433594,106.34505462646484,218.04434204101562,207.81533813476562,127.41020965576172,123.34722137451172
2026-01-16,139.0546417236328,211.08389282226562,280.4312744140625,265.69000244140625,102.57527160644531,117.26800537109375,256.876953125,190.3094024658203,326.1971740722656,214.98583984375,325.67694091796875,505.97137451171875,180.0354461669922,342.9552307128906,264.2217102050781,153.85333251953125,178.74317932128906,350.4191589355469,636.0399780273438,362.647705078125,3522.02001953125,160.65646362304688,203.65866088867188,51.19534683227539,1150.24853515625,493.2900085449219,211.4759063720703,55.551658630371094,642.9609375,88.71306610107422,28.462614059448242,83.01084899902344,575.193603515625,70.03406524658203,353.4295349121094,74.50604248046875,36.02058792114258,194.44285583496094,83.72062683105469,76.80477905273438,163.15496826171875,205.32000732421875,100.69000244140625,235.00050354003906,205.63258361816406,275.578369140625,60.922420501708984,114.24839782714844,371.0634460449219,793.5091552734375,60.66744613647461,43.03264236450195,66.29000091552734,54.845951080322266,364.0791015625,324.242919921875,93.88062286376953,80.45469665527344,329.9089050292969,210.0609130859375,32.27566146850586,467.6557922363281,374.833740234375,128.4288787841797,271.2591247558594,299.5675354003906,172.778076171875,260.23828125,309.48480224609375,26.97785758972168,156.3789520263672,27.183555603027344,69.51018524169922,116.74429321289062,269.4515380859375,343.86419677734375,436.1114196777344,575.6083374023438,537.6631469726562,133.87979125976562,324.61083984375,838.8345336914062,95.11817932128906,75.17835998535156,649.9317626953125,166.19093322753906,174.08981323242188,186.02410888671875,457.8211669921875,1460.6300048828125,63.38829040527344,186.0031280517578,7561.5400390625,189.76473999023438,94.69999694824219,89.206787109375,107.51896667480469,143.51441955566406,24.39105987548828,86.99720001220703,141.38307189941406,202.17555236816406,940.3878784179688,170.66888427734375,36.26458740234375,136.16390991210938,166.75,157.82008361816406,273.1311950683594,731.0673217773438,27.24525260925293,361.1736755371094,412.80865478515625,209.75010681152344,200.41673278808594,356.1171569824219,46.2137451171875,516.3099975585938,514.4910278320312,91.25706481933594,126.54045867919922,325.42987060546875,361.8323669433594,22.93954086303711,239.34849548339844,48.9733772277832,156.42396545410156,184.427734375,129.96939086914062,387.712890625,326.6010437011719,227.1169891357422,103.69168090820312,53.38712692260742,326.34033203125,304.7854919433594,37.69091796875,229.04344177246094,106.76782989501953,219.40301513671875,209.96951293945312,128.1600799560547,122.7269515991211
2026-01-20,135.26060485839844,210.7786102294922,267.2038269042969,253.8699951171875,102.30896759033203,116.54460144042969,253.26010131835938,191.56639099121094,317.4389953613281,212.4835662841797,326.2585144042969,489.3414001464844,174.32749938964844,338.6067199707031,254.98733520507812,151.80050659179688,174.66702270507812,331.3793029785156,620.52001953125,350.1217041015625,3573.97998046875,157.77084350585938,200.11924743652344,50.710601806640625,1097.7186279296875,485.3900146484375,209.40542602539062,54.81692123413086,626.6422729492188,84.74942779541016,27.57685089111328,83.9144287109375,562.138671875,69.71163940429688,349.2662658691406,72.68277740478516,35.28527069091797,192.77127075195312,81.22106170654297,78.26074981689453,162.21290588378906,205.6699981689453,97.9800033569336,233.34744262695312,200.31785583496094,271.5302734375,58.500755310058594,113.66250610351562,363.332763671875,776.1104125976562,59.670013427734375,41.930747985839844,64.48999786376953,52.590641021728516,355.94287109375,311.49737548828125,92.25614929199219,77.45829772949219,321.73956298828125,199.08180236816406,31.770273208618164,462.7628479003906,369.8447265625,127.64596557617188,266.0181579589844,285.533447265625,169.76901245117188,251.32891845703125,299.8477478027344,27.50934600830078,148.23594665527344,27.183555603027344,70.80289459228516,113.36767578125,269.88922119140625,339.7651062011719,430.339111328125,569.31298828125,529.9393920898438,131.27230834960938,312.61773681640625,820.2505493164062,96.92695617675781,74.00324249267578,629.2268676757812,154.6229248046875,173.3463897705078,179.1474609375,452.5048828125,1403.5799560546875,62.649845123291016,177.8530731201172,7536.27978515625,178.67221069335938,95.23999786376953,87.2081298828125,103.88277435302734,144.82872009277344,24.267440795898438,87.05619049072266,143.79928588867188,203.72406005859375,925.6686401367188,164.3383331298828,36.34335708618164,136.3509979248047,161.11000061035156,152.52377319335938,267.19378662109375,731.8053588867188,27.10789680480957,358.3583068847656,401.36383056640625,209.41204833984375,194.8981170654297,345.2991943359375,45.93684005737305,510.9700012207031,488.7735900878906,87.19461822509766,123.86177062988281,325.1904602050781,357.6846923828125,22.900480270385742,231.66188049316406,48.14065933227539,155.13185119628906,181.7848358154297,128.44784545898438,385.5231018066406,333.912109375,219.39764404296875,103.33281707763672,53.36750030517578,323.87518310546875,295.0035095214844,37.8555908203125,227.00836181640625,107.22994232177734,219.4724578857422,204.39044189453125,128.72250366210938,121.85681915283203
2026-01-21,139.18408203125,212.8564453125,275.0521545410156,257.44000244140625,102.70348358154297,116.30998992919922,248.49061584472656,191.67526245117188,324.4315490722656,219.74114990234375,338.6780090332031,500.43798828125,174.73941040039062,331.88446044921875,259.8563537597656,154.0626220703125,175.35292053222656,327.5932312011719,610.25,357.49810791015625,3671.679931640625,159.93507385253906,205.5575408935547,53.015628814697266,1115.32080078125,483.8299865722656,207.51416015625,57.328914642333984,642.9609375,85.10088348388672,27.803213119506836,83.72667694091797,578.2735595703125,70.04383850097656,350.3419189453125,73.01969146728516,36.29881286621094,194.43292236328125,83.01917266845703,79.62877655029297,163.61619567871094,206.47999572753906,101.94000244140625,241.03509521484375,207.56341552734375,278.35333251953125,58.99876022338867,117.04875183105469,366.1241149902344,787.2740478515625,59.99271011352539,43.88856887817383,65.7300033569336,54.327030181884766,361.5024719238281,317.6407775878906,93.20292663574219,80.56419372558594,327.95147705078125,202.89027404785156,33.05852508544922,463.8191833496094,379.2409973144531,128.39915466308594,268.6684265136719,291.5998229980469,170.71243286132812,256.7515869140625,299.15447998046875,27.263286590576172,151.6092529296875,27.786338806152344,71.05946350097656,116.1634750366211,267.7306213378906,345.2041015625,436.4988708496094,579.3638305664062,525.7835083007812,132.2098388671875,319.3115539550781,821.6578369140625,98.5882797241211,75.01189422607422,639.439697265625,154.38523864746094,175.923583984375,180.34767150878906,442.1410217285156,1442.9300537109375,64.40242767333984,183.09669494628906,7796.75,172.67410278320312,98.77999877929688,88.53397369384766,103.66034698486328,143.92636108398438,24.619279861450195,89.5634536743164,142.8797607421875,202.80494689941406,941.4036254882812,165.9406280517578,36.609214782714844,139.47247314453125,161.32000732421875,154.80068969726562,274.8728332519531,747.3135375976562,28.108623504638672,367.669921875,417.5574645996094,213.06100463867188,196.02963256835938,354.60443115234375,47.983970642089844,521.9500122070312,500.1868591308594,84.77885437011719,125.44329071044922,343.3757629394531,360.99688720703125,22.949308395385742,229.4075164794922,49.002769470214844,154.90325927734375,181.7353515625,131.5108642578125,393.48577880859375,343.1076965332031,227.01800537109375,105.21440887451172,54.43720626831055,323.33837890625,297.8524475097656,38.01057815551758,232.43519592285156,107.6822280883789,224.61959838867188,213.9701690673828,131.83055114746094,123.67617797851562
2026-01-22,138.0488739013672,214.78659057617188,279.3338928222656,269.7699890136719,101.49034118652344,114.55038452148438,248.78871154785156,193.27867126464844,317.9975891113281,221.2365264892578,342.0982971191406,504.7295837402344,173.5428924560547,335.0760498046875,260.7748718261719,151.96990966796875,172.2174072265625,324.2953796386719,607.2899780273438,365.85870361328125,3698.6298828125,159.8264617919922,205.0515594482422,53.876304626464844,1127.0589599609375,484.489990234375,205.94139099121094,57.03104782104492,645.9794921875,84.14414978027344,28.039417266845703,84.79389190673828,579.2969360351562,69.34037017822266,351.0590515136719,73.65386962890625,35.553558349609375,192.10462951660156,83.59220123291016,81.4563217163086,163.54750061035156,207.64999389648438,101.62000274658203,239.07334899902344,208.43923950195312,279.9646301269531,59.31123733520508,118.65746307373047,368.46014404296875,784.5821533203125,59.6113395690918,44.05582046508789,67.4000015258789,54.60645294189453,362.54302978515625,294.20416259765625,93.96035766601562,80.77324676513672,330.4082336425781,204.42755126953125,33.4152717590332,464.7160339355469,375.681640625,128.78564453125,264.32080078125,288.7871398925781,173.14552307128906,256.5046691894531,300.729248046875,27.115650177001953,149.6143798828125,28.865514755249023,70.92131042480469,112.9246826171875,268.5562744140625,353.0845947265625,442.74810791015625,586.9539184570312,531.0556640625,131.50669860839844,320.417236328125,815.4697875976562,99.62045288085938,75.32525634765625,650.3406982421875,159.08969116210938,174.21865844726562,180.08204650878906,449.1398620605469,1438.1099853515625,64.45165252685547,184.6148223876953,7762.31005859375,176.9442596435547,98.87999725341797,89.31561279296875,103.66034698486328,141.63121032714844,24.818973541259766,90.6056900024414,146.6654815673828,206.72119140625,935.4083862304688,167.15956115722656,36.067657470703125,139.75802612304688,164.7100067138672,156.21633911132812,282.5716857910156,753.4768676757812,27.75542640686035,361.9197998046875,422.54473876953125,214.51263427734375,194.87826538085938,348.9516296386719,48.77513122558594,509.4700012207031,508.32305908203125,84.55206298828125,126.97537231445312,345.6800842285156,356.749755859375,23.02743148803711,229.75511169433594,49.27707290649414,152.48802185058594,183.5071563720703,128.8058624267578,388.31005859375,349.7380065917969,228.9775390625,106.00972747802734,55.13398361206055,324.41192626953125,302.095947265625,38.24305725097656,233.13348388671875,107.51507568359375,227.10885620117188,208.47052001953125,131.8601531982422,123.0038070678711
2026-01-23,134.48388671875,215.9190673828125,275.39508056640625,270.0,100.91828155517578,114.0127182006836,251.6007080078125,191.6653594970703,321.57867431640625,220.0601806640625,339.8115539550781,493.3349609375,175.3082275390625,337.7988586425781,258.1181640625,150.4651641845703,175.16676330566406,318.8753356933594,613.1400146484375,359.56591796875,3700.0,156.52972412109375,202.965576171875,53.34209060668945,1117.3580322265625,478.9700012207031,207.3748016357422,56.89204406738281,624.271240234375,84.5444107055664,28.098466873168945,85.63382720947266,568.0799560546875,69.0765609741211,352.06500244140625,73.9114990234375,36.408119201660156,191.99517822265625,83.16736602783203,81.78144836425781,163.60638427734375,207.22999572753906,99.9800033569336,234.02459716796875,205.73211669921875,280.3823547363281,59.34053039550781,116.87001037597656,367.2921447753906,783.1074829101562,60.716339111328125,43.180206298828125,67.55999755859375,54.47671890258789,360.0060119628906,293.07720947265625,92.98368072509766,79.3198471069336,328.00140380859375,204.47714233398438,33.643192291259766,469.240234375,378.3831787109375,127.46757507324219,264.5292663574219,286.6016540527344,171.73533630371094,255.0922088623047,294.875732421875,27.32234001159668,150.88909912109375,28.74884605407715,71.91797637939453,110.0993423461914,265.26361083984375,352.072265625,448.63958740234375,583.9000854492188,522.963134765625,132.6102294921875,318.45489501953125,818.6436157226562,99.16826629638672,74.23827362060547,647.757568359375,161.12002563476562,173.8419952392578,176.09771728515625,463.8841857910156,1406.3599853515625,64.03812408447266,187.44137573242188,7645.14990234375,175.9313507080078,99.2300033569336,90.01811981201172,103.11878967285156,141.80776977539062,24.79963493347168,89.68144226074219,147.92355346679688,205.83204650878906,924.1747436523438,170.07908630371094,35.65410232543945,139.37400817871094,162.13999938964844,154.2562255859375,283.1258544921875,751.5221557617188,26.960731506347656,365.4713439941406,415.113525390625,216.36195373535156,194.4713134765625,346.8517150878906,48.60701370239258,501.3900146484375,502.4939880371094,84.73941040039062,124.63275909423828,345.2511291503906,353.1391906738281,23.03719711303711,222.296875,48.561920166015625,152.30911254882812,184.14065551757812,129.32298278808594,384.4183044433594,351.50408935546875,227.27532958984375,104.7294692993164,54.43720626831055,324.2330017089844,298.9083557128906,38.281803131103516,229.5522003173828,107.26927185058594,227.3369598388672,203.01058959960938,133.17242431640625,122.6577377319336
2026-01-26,135.0813446044922,217.40606689453125,275.0423278808594,272.3399963378906,101.8355484008789,115.37152862548828,253.7867431640625,194.01107788085938,318.6659240722656,219.12307739257812,344.6807861328125,497.2391357421875,176.0045623779297,337.9783935546875,259.3724060058594,155.01927185058594,174.18692016601562,323.6577453613281,605.0700073242188,361.1167297363281,3786.030029296875,157.7941131591797,203.31509399414062,55.68669128417969,1109.0810546875,483.4700012207031,209.96286010742188,56.9615478515625,633.5363159179688,85.17898559570312,28.216567993164062,84.19110870361328,566.271728515625,69.88750457763672,354.0868835449219,76.30948638916016,37.23286819458008,192.9205322265625,84.58016967773438,82.62871551513672,164.371826171875,209.41000366210938,101.30000305175781,235.71746826171875,206.71743774414062,282.142822265625,60.1900634765625,115.57906341552734,373.1025085449219,798.0319213867188,60.74567413330078,43.02280044555664,67.1500015258789,54.63638687133789,360.27362060546875,294.2640075683594,94.62808227539062,79.07097625732422,333.1546630859375,205.22097778320312,33.85129165649414,470.7350158691406,381.1044616699219,129.56858825683594,261.68048095703125,290.41400146484375,173.89035034179688,255.97128295898438,298.1640319824219,27.263286590576172,153.90631103515625,28.52523422241211,71.60220336914062,108.85896301269531,265.9798278808594,351.5462341308594,452.0771484375,574.8473510742188,525.57421875,131.7996826171875,315.46661376953125,825.0213012695312,98.96183013916016,75.570068359375,650.0714111328125,157.99034118652344,171.0269012451172,178.93101501464844,468.19500732421875,1425.6700439453125,63.9888916015625,186.2428436279297,7664.47998046875,181.1747283935547,100.23999786376953,89.6223373413086,102.69327545166016,143.07302856445312,25.022008895874023,91.44144439697266,147.2733612060547,207.80014038085938,929.2139892578125,172.77249145507812,35.93965148925781,138.24160766601562,165.77000427246094,152.96925354003906,290.0924072265625,760.5977172851562,27.215818405151367,358.4577941894531,417.6568298339844,217.82354736328125,192.6847381591797,346.6626281738281,49.150936126708984,503.010009765625,504.0195007324219,85.48878479003906,126.11541748046875,357.4112548828125,355.0688171386719,22.900480270385742,223.93551635742188,49.1693115234375,149.16830444335938,186.0510711669922,125.48426818847656,392.3212890625,346.9457702636719,228.50250244140625,103.74987030029297,54.790504455566406,326.5292053222656,299.2370300292969,38.37866973876953,231.13833618164062,107.85919952392578,228.34854125976562,203.17935180664062,133.0441436767578,122.52919006347656
2026-01-27,135.38009643554688,220.51791381835938,270.2314453125,268.0899963378906,102.53581237792969,116.74988555908203,240.7898712158203,192.77389526367188,331.8829650878906,219.88072204589844,346.28741455078125,495.0535888671875,176.6028289794922,329.8797607421875,255.91571044921875,165.672119140625,172.4819793701172,331.568603515625,610.219970703125,357.3390808105469,3799.989990234375,157.77859497070312,205.1514892578125,55.894439697265625,1094.39599609375,474.6700134277344,213.05860900878906,56.66368103027344,636.51513671875,84.69085693359375,28.236255645751953,84.74449157714844,572.5011596679688,70.38580322265625,354.7143859863281,77.96429443359375,37.43159866333008,190.25393676757812,83.6317138671875,70.93438720703125,165.89288330078125,207.36000061035156,100.16000366210938,234.76150512695312,206.27951049804688,282.5605773925781,61.156776428222656,115.62871551513672,319.6409606933594,801.1989135742188,60.7750129699707,43.23924255371094,66.29000091552734,53.03970718383789,363.325927734375,296.6675109863281,109.3679428100586,85.98955535888672,334.56280517578125,203.11839294433594,33.95038604736328,504.0784912109375,375.02105712890625,129.14242553710938,206.39236450195312,287.9932861328125,172.08291625976562,255.51693725585938,297.44097900390625,27.155019760131836,161.2174835205078,28.768291473388672,72.57913208007812,108.35689544677734,269.7002258300781,357.83868408203125,450.0901184082031,587.9817504882812,518.6477661132812,131.57504272460938,312.7273254394531,832.566650390625,98.98149108886719,75.10002899169922,647.5281372070312,156.534423828125,170.28346252441406,179.69837951660156,478.4493103027344,1425.1800537109375,62.1181640625,188.29034423828125,7499.759765625,173.68701171875,100.62000274658203,89.59265899658203,101.48443603515625,145.92724609375,25.621456146240234,90.68435668945312,146.14039611816406,207.88006591796875,922.1630859375,175.8394775390625,36.15627670288086,137.86741638183594,164.6300048828125,151.5041046142578,287.5491943359375,769.174560546875,27.34336280822754,355.9408874511719,417.0110778808594,215.94436645507812,199.781494140625,344.4233703613281,50.10032653808594,502.70001220703125,495.9586486816406,85.89305877685547,126.14508056640625,370.84820556640625,352.67169189453125,22.461023330688477,229.1890411376953,49.855072021484375,147.11087036132812,182.61631774902344,126.8367691040039,390.4699401855469,278.92608642578125,230.1453399658203,103.97293853759766,55.47746658325195,323.3185119628906,297.5137634277344,38.088069915771484,231.15829467773438,108.49829864501953,229.42953491210938,206.7332763671875,135.00765991210938,123.5575180053711
2026-01-28,133.30882263183594,215.3380584716797,264.9698791503906,268.3299865722656,102.16102600097656,116.44685363769531,240.82960510253906,195.30764770507812,335.9129333496094,221.80477905273438,337.3177795410156,496.3847961425781,174.0921173095703,332.12384033203125,252.7256622314453,145.45265197753906,169.48365783691406,332.0169372558594,549.8599853515625,354.89349365234375,3782.139892578125,156.63055419921875,202.43692016601562,56.023048400878906,1109.2095947265625,473.489990234375,209.4253387451172,57.49769973754883,640.8687744140625,82.87500762939453,28.265777587890625,83.99348449707031,574.12060546875,70.15131378173828,349.13677978515625,78.24174499511719,37.14344024658203,188.21417236328125,82.29795837402344,72.9343490600586,166.7564239501953,206.66000366210938,97.62000274658203,223.59848022460938,205.02548217773438,279.9447021484375,60.78571319580078,113.82139587402344,338.3787536621094,807.7308959960938,59.4157600402832,42.91457748413086,64.94999694824219,52.6904296875,353.4752197265625,291.69097900390625,103.92645263671875,84.51625061035156,335.8411560058594,202.80101013183594,33.05852508544922,489.5193786621094,370.0320739746094,129.49920654296875,192.57530212402344,288.2873229980469,171.24871826171875,255.0823211669922,297.89654541015625,26.28889274597168,162.3016815185547,29.234962463378906,72.09559631347656,109.06568908691406,266.6363830566406,357.6004943847656,448.5700378417969,590.2745971679688,519.6045532226562,129.35821533203125,310.8546142578125,825.0213012695312,99.07979583740234,74.67893981933594,648.5055541992188,154.4446563720703,170.5015411376953,179.38356018066406,479.49468994140625,1401.6400146484375,61.28125762939453,191.2866973876953,7626.080078125,171.60159301757812,101.37000274658203,87.66326904296875,100.106689453125,145.65261840820312,25.002674102783203,92.4738540649414,145.1552276611328,212.5355987548828,912.5029907226562,175.55438232421875,36.13658142089844,139.90576171875,161.91000366210938,151.16751098632812,288.55859375,749.108642578125,27.333553314208984,351.1656494140625,412.1927185058594,216.35202026367188,197.9750518798828,347.9265441894531,48.33010482788086,511.3500061035156,497.3241271972656,85.56767272949219,126.54045867919922,441.8436584472656,355.9142150878906,23.505949020385742,220.24114990234375,49.286869049072266,146.8922119140625,184.35842895507812,125.30525970458984,392.361083984375,290.094970703125,225.3553924560547,100.57830047607422,54.702178955078125,325.02825927734375,298.5696716308594,38.17525100708008,228.3351593017578,108.1935043334961,229.68739318847656,204.22169494628906,135.74766540527344,120.56153106689453
2026-01-29,132.71133422851562,217.07122802734375,255.94586181640625,255.67999267578125,102.34841918945312,116.53482055664062,244.27755737304688,196.35678100585938,340.4915466308594,225.92205810546875,338.0274658203125,517.93212890625,177.84835815429688,342.04766845703125,252.85403442382812,149.06005859375,171.27676391601562,329.51617431640625,509.5799865722656,356.3946228027344,3703.760009765625,155.98672485351562,203.55555725097656,56.12197494506836,1115.251708984375,476.7900085449219,210.26148986816406,59.364315032958984,662.7463989257812,84.85681915283203,30.657346725463867,84.23064422607422,580.1612548828125,69.27197265625,350.6905212402344,77.71656799316406,37.630332946777344,188.7017059326172,81.45817565917969,73.3382797241211,167.99290466308594,207.67999267578125,99.9000015258789,218.69912719726562,201.57188415527344,281.3073425292969,60.70759582519531,114.40728759765625,343.4566650390625,817.5287475585938,60.49142837524414,42.855220794677734,63.43000030517578,52.969852447509766,346.80572509765625,298.0537414550781,102.65078735351562,85.87010192871094,338.2180480957031,202.9696044921875,33.08824920654297,480.8496398925781,366.591064453125,131.18397521972656,195.21563720703125,303.0662536621094,173.89035034179688,259.6357727050781,303.49261474609375,26.397157669067383,168.0378875732422,29.400239944458008,72.4607162475586,109.49884033203125,268.3970947265625,353.3525695800781,452.0473327636719,615.2189331054688,541.8887939453125,130.5496368408203,318.5246276855469,820.7096557617188,99.2862319946289,76.60810089111328,651.5973510742188,154.8804473876953,174.19883728027344,179.4425811767578,431.57806396484375,1392.800048828125,61.635711669921875,192.27548217773438,7623.759765625,167.83787536621094,98.8499984741211,86.2385025024414,99.8917236328125,145.83897399902344,25.234718322753906,93.17195129394531,147.67726135253906,208.0598907470703,944.5009155273438,174.86630249023438,35.752567291259766,141.87515258789062,153.47999572753906,150.6923370361328,342.37139892578125,747.4232788085938,27.922210693359375,353.25482177734375,423.945556640625,213.5183563232422,198.3919219970703,352.8826904296875,47.91474533081055,480.0,497.80438232421875,85.8832015991211,129.91104125976562,445.4747619628906,352.4031066894531,24.541109085083008,224.71014404296875,50.276329040527344,146.57415771484375,187.357666015625,126.6279296875,424.0824279785156,288.3880615234375,231.16470336914062,102.79936218261719,55.281192779541016,329.8194580078125,298.3106689453125,38.56271743774414,232.0660858154297,108.55729675292969,221.28733825683594,204.16213989257812,138.63864135742188,120.35388946533203
2026-01-30,133.28890991210938,219.61192321777344,258.3170166015625,252.8699951171875,101.86512756347656,117.092041015625,247.7851104736328,196.9506378173828,321.5188293457031,223.29017639160156,336.982666015625,523.723876953125,175.82803344726562,348.7200622558594,269.1302490234375,143.5791778564453,174.0889129638672,330.0840759277344,483.5799865722656,350.101806640625,3704.2900390625,157.8406524658203,199.11764526367188,55.439369201660156,1106.509765625,480.5299987792969,213.89476013183594,59.15581512451172,654.89599609375,84.74942779541016,29.54521942138672,89.22084045410156,575.0744018554688,69.84842681884766,357.78204345703125,77.6075668334961,37.52103042602539,190.43301391601562,81.07286834716797,73.4170913696289,173.59625244140625,204.6199951171875,119.33999633789062,217.97218322753906,200.53680419921875,280.47186279296875,60.81501007080078,114.47679901123047,342.2292175292969,812.4615478515625,60.94124984741211,42.89479064941406,63.72999954223633,52.70041275024414,347.9354553222656,305.9623718261719,102.89994049072266,83.62031555175781,338.0882263183594,199.9843292236328,33.21707534790039,486.5696716308594,369.33203125,133.84986877441406,193.7565155029297,300.57696533203125,172.5794677734375,258.0553894042969,302.9676818847656,27.007387161254883,142.4269256591797,29.64329719543457,73.82250213623047,107.64810180664062,270.0981140136719,340.28125,454.0045471191406,626.791748046875,536.9655151367188,131.15512084960938,314.072021484375,829.6024780273438,101.21297454833984,77.24461364746094,650.2210083007812,151.69131469726562,174.6448974609375,180.82748413085938,428.38232421875,1373.239990234375,60.857879638671875,190.8971710205078,7635.72998046875,163.43858337402344,98.41000366210938,84.51689910888672,100.77113342285156,150.6842498779297,25.563446044921875,93.13262176513672,149.51954650878906,207.80014038085938,931.9925537109375,176.38995361328125,35.69348907470703,141.36309814453125,156.1300048828125,150.0686492919922,321.26385498046875,739.4547729492188,27.961458206176758,351.5835266113281,418.898681640625,213.85641479492188,199.43408203125,352.94244384765625,47.84552001953125,465.1199951171875,497.0133361816406,85.79446411132812,129.34762573242188,406.6900939941406,367.5814208984375,25.595802307128906,221.2441864013672,50.374290466308594,148.8999481201172,195.20712280273438,126.21025085449219,418.61798095703125,283.099609375,232.66897583007812,103.02245330810547,55.06528854370117,319.90899658203125,299.37652587890625,43.12514877319336,229.58212280273438,108.81292724609375,220.40469360351562,203.15948486328125,139.51678466796875,123.4190902709961
2026-02-02,134.82244873046875,222.2018585205078,261.40338134765625,255.57000732421875,100.9971923828125,115.67457580566406,243.71116638183594,198.70248413085938,327.5837097167969,227.0186767578125,339.7425231933594,528.6810302734375,170.35548400878906,348.69012451171875,267.638916015625,144.42620849609375,171.7863006591797,329.8947448730469,459.989990234375,350.7579040527344,3722.409912109375,156.62281799316406,203.91104125976562,55.844974517822266,1107.221923828125,487.2900085449219,217.92617797851562,59.930259704589844,688.3201904296875,82.94334411621094,31.936786651611328,90.80189514160156,591.27880859375,68.93001556396484,362.1046447753906,79.9064712524414,38.14704132080078,189.95542907714844,81.91265106201172,74.30377197265625,170.77984619140625,207.6699981689453,116.25,222.48318481445312,206.33924865722656,282.1229248046875,59.32099914550781,117.93254852294922,338.3589172363281,802.0203857421875,60.2469596862793,44.31934356689453,62.939998626708984,53.58856964111328,343.25787353515625,307.8771667480469,109.98583221435547,83.88909149169922,344.44989013671875,205.22097778320312,32.5333137512207,495.1197814941406,372.8124694824219,135.9409637451172,185.815673828125,308.4466552734375,171.9835968017578,260.9692077636719,305.1961669921875,27.036911010742188,140.6824188232422,29.067062377929688,74.33563995361328,107.1066665649414,268.8746032714844,337.6907958984375,457.1738586425781,628.5509033203125,553.4893798828125,129.21173095703125,318.0465087890625,844.8728637695312,100.96721649169922,78.1749267578125,652.5947265625,151.95872497558594,175.35858154296875,183.1026611328125,421.49298095703125,1385.6099853515625,61.2221794128418,185.38389587402344,7718.3798828125,158.94993591308594,98.01000213623047,85.23917388916016,100.12623596191406,152.22413635253906,25.776151657104492,94.39117431640625,150.91848754882812,202.84490966796875,948.0860595703125,176.88145446777344,35.27009201049805,140.0633087158203,156.9199981689453,151.08831787109375,330.5658264160156,752.9882202148438,28.569744110107422,354.69732666015625,426.3497619628906,214.49273681640625,199.59291076660156,354.6541748046875,47.519161224365234,457.8900146484375,496.89093017578125,85.0155029296875,131.04776000976562,431.8881530761719,366.1690673828125,25.683691024780273,225.56419372558594,51.58907699584961,149.25775146484375,193.00967407226562,128.9550323486328,423.10699462890625,281.77752685546875,232.79762268066406,106.95052337646484,56.29201126098633,331.8472900390625,304.7356872558594,43.21232986450195,233.12351989746094,107.9968490600586,221.31710815429688,212.47116088867188,136.55674743652344,123.53775024414062
2026-02-03,131.58607482910156,222.2215576171875,236.33985900878906,240.7899932861328,102.58513641357422,117.9620590209961,246.15553283691406,199.70216369628906,317.8778991699219,228.2149658203125,333.7397766113281,526.5650024414062,169.7964630126953,345.92742919921875,274.522705078125,146.54881286621094,170.77703857421875,319.1543273925781,451.2900085449219,347.5767517089844,3671.610107421875,160.18328857421875,184.89791870117188,57.37836456298828,1058.192626953125,493.739990234375,217.0004425048828,60.764278411865234,700.2553100585938,82.40640258789062,31.43485450744629,92.0469741821289,598.7899169921875,70.15131378173828,360.3018798828125,82.35399627685547,38.9022331237793,189.7763214111328,73.60381317138672,75.69290924072266,174.7149658203125,202.0,113.33999633789062,215.69180297851562,210.65870666503906,280.8995666503906,60.0338249206543,115.45989227294922,335.2112121582031,793.55859375,60.422977447509766,45.84281921386719,58.119998931884766,54.237213134765625,352.1175537109375,309.0938720703125,112.40760040283203,85.32258605957031,340.2554016113281,199.5677947998047,33.56391143798828,497.4715576171875,375.75067138671875,137.1995849609375,191.59263610839844,288.434326171875,161.94346618652344,275.4889221191406,311.8420715332031,27.529029846191406,135.20553588867188,29.764041900634766,75.87504577636719,110.77861022949219,270.7745666503906,348.9359130859375,460.56170654296875,620.9015502929688,548.8551635742188,129.1042938232422,317.1799011230469,849.473876953125,101.42923736572266,75.84532928466797,661.26171875,154.18714904785156,185.9350128173828,180.936279296875,409.3868713378906,1369.9000244140625,59.99143600463867,180.12030029296875,7770.85986328125,153.59732055664062,97.0999984741211,86.2385025024414,94.92791748046875,159.7274627685547,24.91565704345703,93.69306945800781,153.01690673828125,200.8368377685547,960.3654174804688,173.99142456054688,34.95500564575195,145.8237762451172,149.25,145.70291137695312,322.8868103027344,757.1370239257812,29.266326904296875,352.2102355957031,427.5021667480469,212.7229461669922,201.98495483398438,357.91851806640625,49.210269927978516,419.1400146484375,440.9075927734375,85.78459930419922,128.58653259277344,443.3599548339844,358.88824462890625,26.20127296447754,224.78958129882812,52.931217193603516,151.14622497558594,195.67233276367188,126.32958221435547,433.3290710449219,280.3863220214844,238.99290466308594,108.48296356201172,57.59724807739258,326.96661376953125,309.80596923828125,44.80094909667969,235.697265625,110.37625122070312,223.2311553955078,214.45660400390625,141.81576538085938,121.03614044189453
2026-02-04,132.42254638671875,213.80181884765625,236.77096557617188,243.41000366210938,103.31499481201172,117.28755187988281,247.96397399902344,204.997314453125,296.8602600097656,227.12832641601562,360.95428466796875,541.9134521484375,173.15060424804688,349.2885437011719,283.0459899902344,129.54811096191406,174.22610473632812,306.91937255859375,430.6499938964844,351.593017578125,3720.5,161.2460174560547,183.40469360351562,58.53582000732422,1064.205078125,503.8299865722656,205.90158081054688,63.09754943847656,689.2268676757812,84.06604766845703,31.58247947692871,93.25253295898438,601.7109375,69.95590209960938,328.64910888671875,80.42174530029297,39.597801208496094,191.6469268798828,75.7872314453125,74.12643432617188,177.84539794921875,195.8300018310547,112.25,218.6094970703125,218.97915649414062,286.608642578125,61.96725082397461,118.7766342163086,337.1414489746094,793.8555297851562,61.68444061279297,47.762001037597656,59.720001220703125,60.00522232055664,350.1949462890625,307.5081787109375,109.318115234375,85.89997100830078,332.90496826171875,203.57461547851562,34.0296630859375,491.9209899902344,381.7650451660156,139.597900390625,190.649658203125,283.279296875,163.71116638183594,285.257568359375,314.23895263671875,28.001461029052734,130.38595581054688,29.50881004333496,76.32897186279297,113.98241424560547,274.7138366699219,336.5295715332031,470.25836181640625,595.7003173828125,551.6456909179688,131.88755798339844,323.29595947265625,820.4102172851562,100.11197662353516,76.94010162353516,669.3900146484375,162.21937561035156,194.2018585205078,178.13681030273438,412.3536682128906,1389.72998046875,63.23075866699219,173.97779846191406,8025.83984375,145.65280151367188,96.73999786376953,89.41456604003906,96.22750091552734,162.99359130859375,25.892173767089844,94.78446960449219,154.54391479492188,205.34249877929688,964.0103149414062,177.32379150390625,34.59068298339844,152.32278442382812,151.33999633789062,147.395751953125,325.22216796875,772.9743041992188,29.86479949951172,352.8668518066406,427.03521728515625,216.94857788085938,195.27529907226562,367.1441345214844,50.7827033996582,418.9800109863281,438.36505126953125,85.41976928710938,130.5041046142578,417.603271484375,358.7290954589844,26.58213233947754,214.3023681640625,53.989253997802734,153.00486755371094,199.74058532714844,129.20364379882812,439.141845703125,272.2366027832031,247.1773681640625,113.22576141357422,58.313655853271484,327.9804992675781,310.2840881347656,45.537132263183594,240.206298828125,111.42829132080078,224.56008911132812,214.25807189941406,145.6243438720703,125.27798461914062
2026-02-05,129.0965576171875,215.68272399902344,228.86390686035156,238.05999755859375,103.37417602539062,117.90341186523438,241.2071990966797,212.984619140625,303.2343444824219,229.08229064941406,362.5313415527344,531.5023803710938,168.1880340576172,342.4565734863281,279.9942321777344,127.18636322021484,166.27957153320312,309.3703918457031,399.6499938964844,352.53741455078125,3605.030029296875,160.19105529785156,176.8875732421875,56.74522018432617,1043.08251953125,503.8900146484375,226.1383514404297,62.65074920654297,675.7674560546875,76.50977325439453,30.95260238647461,93.75648498535156,537.1514282226562,71.18697357177734,350.7502746582031,81.6108169555664,39.61767578125,193.13941955566406,75.91565704345703,75.20030975341797,175.8827362060547,183.86000061035156,111.16999816894531,214.84535217285156,216.52084350585938,285.6438903808594,62.21137237548828,95.98652648925781,328.876220703125,799.2294921875,60.403419494628906,46.82219696044922,58.439998626708984,60.075077056884766,348.8868103027344,305.5434875488281,112.40760040283203,82.9234848022461,330.8975830078125,197.05856323242188,33.53418731689453,511.970947265625,377.0028076171875,141.02499389648438,192.11871337890625,284.1025695800781,167.12738037109375,284.75384521484375,307.1968688964844,27.56839942932129,132.7608184814453,29.77385902404785,77.47366333007812,114.08130645751953,276.77301025390625,339.6559753417969,456.7068786621094,602.0450439453125,550.021240234375,127.6589584350586,325.1786193847656,955.9475708007812,101.20314025878906,74.2869873046875,669.170654296875,163.49700927734375,194.11265563964844,173.94256591796875,391.9246520996094,1382.8499755859375,61.734169006347656,171.6706085205078,8044.7900390625,135.53347778320312,92.86000061035156,90.27536010742188,95.9245834350586,164.31771850585938,25.611785888671875,93.89954376220703,156.25811767578125,207.36056518554688,963.641845703125,178.90643310546875,35.12239074707031,152.06674194335938,153.94000244140625,134.93211364746094,322.6888427734375,764.5670166015625,29.92366600036621,336.90972900390625,404.0462341308594,217.46559143066406,194.51101684570312,359.3117980957031,48.96303176879883,410.44000244140625,425.3697509765625,85.44934844970703,127.22248840332031,404.4555969238281,360.47967529296875,26.67002296447754,207.25131225585938,54.01864242553711,154.4559783935547,199.80990600585938,142.40048217773438,434.1153869628906,264.9649658203125,248.8498992919922,113.0414810180664,58.009429931640625,327.1654052734375,309.5569763183594,45.62431335449219,239.53793334960938,110.0616226196289,224.72869873046875,210.9423828125,144.13446044921875,125.30765533447266
2026-02-06,129.03680419921875,220.0255126953125,235.7617645263672,240.39999389648438,103.65033721923828,118.08915710449219,240.0446319580078,205.4229278564453,321.7083435058594,231.19578552246094,378.8147277832031,539.4199829101562,167.97225952148438,341.1400451660156,279.6189270019531,135.7564697265625,170.32632446289062,331.6981506347656,414.20001220703125,357.0408020019531,3681.260009765625,162.91378784179688,177.43495178222656,58.28849792480469,1044.644775390625,508.0899963378906,225.28231811523438,63.46491241455078,723.4779052734375,78.9601821899414,33.45243453979492,93.29206085205078,573.991455078125,71.16742706298828,357.8119201660156,84.04844665527344,40.35299301147461,194.890625,76.15277862548828,77.1904067993164,177.48231506347656,182.47000122070312,115.44999694824219,215.70175170898438,222.6019287109375,288.7669677734375,62.50431442260742,98.77694702148438,335.53790283203125,839.3710327148438,62.47651672363281,47.21790313720703,60.0,59.995243072509766,356.83477783203125,320.134033203125,121.74583435058594,83.8592300415039,322.6783752441406,200.66867065429688,34.663883209228516,499.9429626464844,379.7438049316406,141.2826690673828,192.50582885742188,292.9620666503906,167.8324737548828,289.9691162109375,319.3199462890625,27.96209144592285,143.92404174804688,29.94074058532715,77.98680114746094,112.74637603759766,275.7483825683594,347.04022216796875,445.3311767578125,616.2764282226562,546.8818359375,129.03594970703125,331.9421691894531,946.84521484375,101.15399169921875,75.33245086669922,688.1701049804688,170.99441528320312,201.2197723388672,178.0181121826172,399.3615417480469,1373.5699462890625,62.93537521362305,185.1841278076172,8009.83984375,141.8295135498047,94.22000122070312,88.90006256103516,96.2763442993164,167.22096252441406,26.317584991455078,95.70870971679688,156.80979919433594,202.09561157226562,974.2877807617188,179.70266723632812,35.368553161621094,155.38519287109375,155.72000122070312,135.961669921875,344.370361328125,783.3961791992188,30.345539093017578,341.1178894042969,412.31195068359375,218.67860412597656,197.18099975585938,360.247314453125,50.139888763427734,426.8800048828125,413.6645812988281,86.13957214355469,130.82041931152344,428.26702880859375,356.37176513671875,26.49424171447754,214.4215545654297,54.67502212524414,154.91319274902344,195.38528442382812,151.2613525390625,452.6385803222656,272.95684814453125,250.0078125,113.80769348144531,59.56001281738281,329.60076904296875,322.4667663574219,44.85906982421875,245.722900390625,109.55033874511719,224.91709899902344,219.06280517578125,147.06491088867188,125.98990631103516
2026-02-09,126.96552276611328,219.8581085205078,231.9796905517578,242.52999877929688,102.83171081542969,118.38241577148438,216.40582275390625,197.89089965820312,329.748291015625,232.691162109375,370.4364929199219,537.1482543945312,170.3652801513672,309.5234375,282.8287353515625,143.69876098632812,169.9637908935547,342.67767333984375,433.7699890136719,357.5478210449219,3634.2900390625,160.8736572265625,168.67221069335938,58.91175079345703,1067.903564453125,498.0799865722656,224.724853515625,64.85494995117188,739.3382568359375,81.10797119140625,32.29109573364258,93.04501342773438,597.4884033203125,71.14788818359375,361.8157958984375,85.99061584472656,40.46229934692383,193.78616333007812,73.70260620117188,74.64859771728516,179.1898193359375,186.24000549316406,114.5,215.75155639648438,223.92564392089844,286.608642578125,62.28948974609375,98.32015991210938,324.1744689941406,848.8917846679688,63.2392578125,46.02088928222656,60.13999938964844,60.574039459228516,356.864501953125,315.8855285644531,130.94454956054688,80.31532287597656,323.9766540527344,204.33828735351562,34.58460998535156,495.8074035644531,375.6520690917969,138.1311798095703,188.08872985839844,290.42376708984375,168.3091583251953,287.0157775878906,319.0228271484375,28.060516357421875,143.64578247070312,30.421756744384766,76.94078826904297,112.80571746826172,272.5751037597656,347.97320556640625,453.3786315917969,630.8140869140625,533.5172729492188,130.4519805908203,329.9200744628906,960.4588623046875,99.92520141601562,75.23382568359375,693.8848876953125,168.64715576171875,202.46871948242188,180.38232421875,411.76629638671875,1380.8800048828125,61.448638916015625,189.80848693847656,7882.25,155.50401306152344,92.72000122070312,88.35588073730469,95.8464126586914,163.27804565429688,26.153221130371094,94.32234191894531,154.99710083007812,201.33636474609375,976.6624755859375,178.73931884765625,35.132240295410156,155.08978271484375,159.74000549316406,137.53570556640625,344.4000244140625,778.1802368164062,30.178752899169922,346.3506774902344,407.9803771972656,222.7948455810547,194.72940063476562,358.8739013671875,49.98165512084961,438.8999938964844,418.2882385253906,86.25789642333984,132.7281036376953,423.9576416015625,354.173583984375,26.474712371826172,224.89881896972656,53.66596221923828,155.2908935546875,195.65255737304688,153.7972869873047,457.6451416015625,272.0195617675781,251.71002197265625,114.3702392578125,59.226341247558594,323.6365966796875,326.0528564453125,45.54682159423828,244.146728515625,109.4520263671875,228.5964813232422,215.9853973388672,149.19615173339844,125.87125396728516
2026-02-10,128.459228515625,219.0506134033203,235.99693298339844,243.5800018310547,104.33088684082031,119.446533203125,211.22894287109375,199.0885009765625,328.2520446777344,232.39207458496094,359.42645263671875,503.8000793457031,175.07286071777344,317.0835266113281,287.17431640625,143.63897705078125,173.85374450683594,339.1905212402344,446.9700012207031,361.0670471191406,3664.840087890625,169.39630126953125,170.42739868164062,58.51603317260742,1075.696044921875,500.29998779296875,219.2600555419922,65.35138702392578,739.5873413085938,82.53331756591797,32.82255172729492,92.81774139404297,584.2645263671875,72.05653381347656,358.55889892578125,85.50507354736328,40.64116287231445,198.31341552734375,73.6729736328125,74.57962799072266,178.8561553955078,185.63999938964844,115.51000213623047,218.82858276367188,228.39439392089844,298.0069580078125,63.920204162597656,100.6041259765625,322.3333435058594,847.902099609375,64.11934661865234,46.159385681152344,62.59000015258789,61.79150390625,355.60589599609375,315.4765930175781,127.66570281982422,79.90717315673828,318.2142028808594,206.69876098632812,33.71255874633789,500.3016662597656,384.2102355957031,140.3610076904297,179.9593048095703,287.5655212402344,163.6714324951172,290.6407470703125,315.2392883300781,28.257362365722656,142.71615600585938,30.441390991210938,75.79609680175781,118.06629180908203,283.0101623535156,342.4945373535156,457.5216064453125,622.1864013671875,538.5601196289062,133.25477600097656,357.95050048828125,933.4013061523438,99.6990966796875,76.85133361816406,706.2320556640625,171.76693725585938,202.35968017578125,175.970458984375,411.437744140625,1400.3299560546875,62.06893539428711,188.31031799316406,8094.27978515625,158.7811279296875,93.44000244140625,89.10783386230469,96.7649154663086,163.76846313476562,26.694656372070312,92.07072448730469,156.7211456298828,202.40533447265625,989.3338012695312,179.584716796875,35.51625061035156,154.90269470214844,162.72000122070312,138.68406677246094,343.6776123046875,752.8784790039062,30.23761749267578,354.33917236328125,409.9077453613281,221.79066467285156,193.73684692382812,362.9045104980469,49.76408386230469,437.45001220703125,377.6921081542969,88.4468765258789,130.7017822265625,395.2582092285156,359.126953125,26.767681121826172,224.2235107421875,53.97945785522461,152.3588104248047,197.40457153320312,152.33538818359375,459.2276916503906,269.5726623535156,258.61785888671875,115.12675476074219,59.4226188659668,326.8838195800781,329.0910339355469,45.90523147583008,245.8525848388672,111.02517700195312,229.806396484375,215.2011260986328,149.57107543945312,126.69194793701172
2026-02-11,128.35964965820312,217.52423095703125,225.77749633789062,232.58999633789062,104.56758880615234,120.45152282714844,204.00514221191406,202.63180541992188,339.03515625,234.56533813476562,361.32879638671875,484.1916809082031,177.00491333007812,309.1544189453125,289.5150451660156,143.539306640625,176.20538330078125,341.50201416015625,434.45001220703125,351.9310302734375,3735.85009765625,178.21739196777344,171.6734161376953,60.593528747558594,1070.8504638671875,500.0199890136719,223.2218017578125,66.6024169921875,772.0950317382812,84.0270004272461,32.56666564941406,94.181396484375,595.0244750976562,72.80884552001953,364.236083984375,84.76189422607422,41.07837677001953,199.35818481445312,70.05699920654297,75.88008880615234,182.3496856689453,175.47000122070312,115.36000061035156,219.0576171875,231.96742248535156,301.915771484375,65.4825668334961,104.65570068359375,326.89654541015625,858.5709838867188,63.219703674316406,46.51552200317383,62.11000061035156,58.588165283203125,343.2281188964844,312.8836364746094,132.44940185546875,79.45921325683594,310.9236755371094,204.88377380371094,34.71342849731445,529.6192016601562,385.1961975097656,140.7475128173828,174.10292053222656,268.887939453125,150.94000244140625,294.41387939453125,307.8505554199219,29.41875648498535,147.56964111328125,30.873323440551758,77.56246948242188,119.6385269165039,288.3719482421875,337.7404479980469,464.4761657714844,621.33642578125,535.6400756835938,132.8446044921875,357.3528137207031,951.3464965820312,99.36487579345703,77.80802917480469,659.8953247070312,171.1925048828125,206.81031799316406,174.77349853515625,402.57720947265625,1392.6500244140625,61.38956069946289,189.8184814453125,8097.25,156.07005310058594,94.11000061035156,88.47460174560547,92.67074584960938,165.9066619873047,26.81067657470703,91.25463104248047,157.62750244140625,208.16978454589844,993.584228515625,183.10386657714844,35.44732666015625,159.028564453125,155.60000610351562,139.62452697753906,330.2689514160156,776.8737182617188,30.365161895751953,357.6520080566406,404.1157531738281,224.6740264892578,195.0469970703125,365.2134094238281,51.291080474853516,438.2099914550781,367.9739074707031,89.90620422363281,130.08897399902344,406.2511901855469,361.7528076171875,27.802841186523438,226.88504028320312,52.94101333618164,149.834228515625,207.41188049316406,153.81716918945312,470.33563232421875,275.1866760253906,260.0924377441406,116.38762664794922,57.86222457885742,327.9495849609375,318.5420227050781,47.435726165771484,253.80325317382812,111.23165130615234,232.72213745117188,211.60751342773438,153.4882049560547,127.22588348388672
2026-02-12,124.35650634765625,224.0335235595703,217.56671142578125,223.49000549316406,107.84211730957031,124.57002258300781,203.4884490966797,204.44305419921875,327.57373046875,227.98568725585938,360.95428466796875,465.5995788574219,184.5664825439453,313.66253662109375,287.8952941894531,143.23040771484375,171.7274932861328,329.9545593261719,435.80999755859375,340.8663635253906,3788.7099609375,175.4447784423828,165.56910705566406,60.732025146484375,1043.9031982421875,500.010009765625,214.0739288330078,64.42800903320312,755.4476318359375,85.72569274902344,32.084415435791016,95.03121185302734,584.9799194335938,73.0140380859375,349.6546630859375,74.3177719116211,40.44242858886719,195.11947631835938,65.0381088256836,76.77662658691406,178.99354553222656,161.13999938964844,116.0199966430664,214.03875732421875,229.479248046875,299.0711975097656,67.4550552368164,105.67852783203125,332.62774658203125,947.9888916015625,61.65510177612305,45.0514030456543,58.81999969482422,55.883792877197266,337.6883544921875,312.0459289550781,131.05416870117188,79.56871795654297,308.96624755859375,201.55136108398438,33.98011779785156,533.3561401367188,384.7426452636719,140.61866760253906,177.507568359375,255.78897094726562,148.794921875,294.8485107421875,299.7487487792969,29.438444137573242,144.71202087402344,31.108922958374023,77.95719146728516,119.48031616210938,276.65362548828125,337.3533630371094,469.7914123535156,629.9641723632812,525.6738891601562,130.3152618408203,353.6971130371094,914.2283935546875,99.16826629638672,76.29901123046875,658.3195190429688,172.9356231689453,196.28346252441406,166.24652099609375,400.05841064453125,1357.9200439453125,60.1588134765625,186.7122802734375,8096.16015625,155.394775390625,95.20999908447266,90.77997589111328,90.3549575805664,163.99404907226562,26.559295654296875,88.99317932128906,158.81956481933594,205.25259399414062,979.9949340820312,185.73829650878906,36.0479621887207,153.86875915527344,150.7899932861328,137.08033752441406,329.328857421875,781.5411987304688,29.21727180480957,361.1836242675781,379.5074157714844,219.60325622558594,199.6425323486328,370.81646728515625,50.375877380371094,423.3500061035156,374.03839111328125,91.49371337890625,124.85021209716797,430.1125183105469,363.8913269042969,28.12510871887207,223.8858642578125,51.011077880859375,153.67665100097656,212.49969482421875,151.81825256347656,458.30206298828125,280.57379150390625,259.06317138671875,114.5157241821289,56.753265380859375,322.9094543457031,320.6737365722656,47.91037368774414,253.17477416992188,112.11654663085938,229.10226440429688,205.2838897705078,148.91920471191406,124.22988891601562
2026-02-13,125.28260040283203,227.97256469726562,219.7026824951172,231.22000122070312,109.44978332519531,128.0283966064453,207.12518310546875,205.38331604003906,354.0278015136719,229.05238342285156,366.4229736328125,471.9464111328125,188.4011993408203,320.85357666015625,276.2807312011719,146.2100067138672,172.63876342773438,323.9765930175781,429.6700134277344,335.5179748535156,3858.159912109375,173.55032348632812,164.8326416015625,60.544063568115234,1059.6068115234375,497.54998779296875,219.77764892578125,64.93437957763672,771.2980346679688,88.23468780517578,31.41207504272461,95.5252914428711,597.120849609375,74.97787475585938,360.0008544921875,76.15093994140625,40.61134719848633,192.91546630859375,65.74945068359375,77.31848907470703,180.30853271484375,160.33999633789062,115.7300033569336,211.6886444091797,230.5342254638672,297.55938720703125,69.77906799316406,107.48584747314453,343.2784729003906,946.3262329101562,62.447181701660156,45.91206359863281,59.36000061035156,56.78192901611328,344.5164794921875,314.5591125488281,133.0075225830078,80.7135238647461,305.6206359863281,212.97677612304688,33.653099060058594,538.4085083007812,385.5610046386719,139.98440551757812,182.7386016845703,258.6078796386719,151.22799682617188,295.9251403808594,299.6595764160156,29.221912384033203,146.03660583496094,31.727371215820312,77.64141845703125,120.91411590576172,281.14996337890625,342.911376953125,477.87860107421875,644.936767578125,516.6046752929688,132.3758544921875,352.5117492675781,932.942138671875,97.80184936523438,76.24969482421875,677.0596313476562,170.93597412109375,201.4774932861328,169.3031768798828,399.5407409667969,1360.949951171875,62.15755081176758,182.58731079101562,7507.43017578125,159.02938842773438,96.66000366210938,89.28900146484375,92.22127532958984,162.75820922851562,26.665651321411133,88.87519073486328,157.6964874267578,204.33348083496094,999.4908447265625,184.32278442382812,37.23938751220703,157.32504272460938,156.77000427246094,139.28794860839844,316.27642822265625,801.0086669921875,29.17802619934082,367.2720031738281,391.7966613769531,221.89007568359375,198.57057189941406,367.12420654296875,50.12717819213867,437.0899963378906,385.65875244140625,93.4559097290039,126.49102783203125,424.9451904296875,364.0902099609375,28.01768684387207,234.56173706054688,51.357421875,153.95574951171875,217.27073669433594,152.9519805908203,463.09954833984375,289.2760314941406,257.9844665527344,115.65049743652344,56.615867614746094,312.8489990234375,326.3815612792969,47.47446823120117,255.4392852783203,114.80650329589844,232.58328247070312,213.00723266601562,147.44918823242188,125.22855377197266
2026-02-17,123.35073852539062,229.3118438720703,215.4503173828125,225.32000732421875,109.02568054199219,128.323974609375,212.63990783691406,210.14402770996094,358.2373352050781,232.61138916015625,370.56170654296875,467.0741882324219,189.3721160888672,325.10235595703125,274.256103515625,148.0535888671875,174.06930541992188,331.31951904296875,431.94000244140625,342.5066833496094,3742.0,175.02049255371094,164.8147430419922,59.44182205200195,1060.75390625,503.4100036621094,224.5457000732422,65.95703887939453,761.8934326171875,89.67955780029297,32.311824798583984,94.51737213134766,591.8053588867188,74.84991455078125,359.142822265625,76.15093994140625,40.77033615112305,194.39144897460938,64.39592742919922,77.0426254272461,178.91131591796875,162.33999633789062,117.3499984741211,205.49472045898438,232.1465606689453,302.1644287109375,69.7400131225586,111.35867309570312,341.27899169921875,942.1497192382812,62.07558822631836,45.199790954589844,63.45000076293945,56.69211196899414,339.44244384765625,326.1976013183594,130.07749938964844,80.8528823852539,302.4248046875,215.19837951660156,33.405357360839844,532.917724609375,377.6634521484375,142.2439727783203,183.6220245361328,254.5963897705078,152.37998962402344,293.7718811035156,304.1958312988281,28.670740127563477,146.8315887451172,31.540855407714844,78.50979614257812,120.08349609375,275.22119140625,343.99322509765625,479.0906982421875,641.9718627929688,520.1626586914062,131.26254272460938,358.5382080078125,944.6394653320312,94.77412414550781,77.50228118896484,664.7623901367188,166.757568359375,198.78134155273438,169.68896484375,395.1004943847656,1353.239990234375,63.82151412963867,184.7446746826172,7421.0,152.9021759033203,92.5999984741211,91.88328552246094,91.13665771484375,158.81529235839844,26.462614059448242,90.43853759765625,157.18417358398438,207.70022583007812,1007.6524047851562,180.52838134765625,36.99322509765625,155.73968505859375,153.07000732421875,141.19857788085938,320.3534851074219,791.3945922851562,29.21727180480957,368.5851745605469,385.9351806640625,219.9214324951172,201.98495483398438,366.17877197265625,49.580047607421875,421.95001220703125,386.5157165527344,91.6416244506836,126.52069091796875,414.91986083984375,367.2034606933594,28.00792121887207,234.2737274169922,51.65428161621094,156.45755004882812,217.37962341308594,153.001708984375,468.2255554199219,285.23077392578125,260.0825500488281,113.59515380859375,57.08692932128906,318.247802734375,301.0500183105469,47.39698028564453,259.37451171875,114.46939086914062,233.27749633789062,210.2772674560547,145.20443725585938,124.1507797241211
2026-02-18,126.40786743164062,225.23492431640625,219.09521484375,229.74000549316406,106.82622528076172,125.39766693115234,213.12680053710938,207.28363037109375,368.3820495605469,233.58836364746094,376.88397216796875,476.0514221191406,183.02670288085938,322.1302185058594,278.8979797363281,147.2164764404297,174.47105407714844,332.28594970703125,430.1199951171875,344.2066345214844,3744.639892578125,180.25,169.98353576660156,61.110084533691406,1080.126220703125,499.07000732421875,223.95840454101562,63.87199783325195,749.1513061523438,85.35472106933594,32.17340087890625,94.44820404052734,589.16259765625,73.9344711303711,359.4022521972656,77.46884155273438,41.09825134277344,195.87741088867188,66.34220123291016,76.59929656982422,182.20118713378906,173.3800048828125,118.88999938964844,207.6855010986328,230.9821014404297,300.9609680175781,68.06047058105469,110.82243347167969,342.7241516113281,914.705810546875,62.18315505981445,45.48667907714844,63.0099983215332,58.20895767211914,346.3498229980469,328.69085693359375,131.56243896484375,83.29180908203125,303.5433654785156,235.51022338867188,34.455780029296875,533.1568603515625,378.1366882324219,139.9943084716797,185.7362518310547,257.0407409667969,154.11790466308594,292.5273132324219,305.8300476074219,28.68058204650879,147.84130859375,31.697919845581055,78.44071960449219,119.905517578125,277.30023193359375,349.4817810058594,482.1308288574219,642.19921875,526.192138671875,131.95591735839844,354.6135559082031,945.1384887695312,96.81881713867188,78.13350677490234,659.9750366210938,163.3253173828125,198.81124877929688,174.68447875976562,397.828369140625,1375.5699462890625,64.54026794433594,187.75099182128906,7523.1201171875,155.0869140625,92.75,92.21129608154297,92.13333129882812,161.2379150390625,26.462614059448242,90.9006576538086,154.53407287597656,203.08468627929688,995.2504272460938,179.56504821777344,36.24489212036133,154.99130249023438,155.5,141.80245971679688,315.4947204589844,790.0282592773438,29.49197769165039,376.1260070800781,393.8730163574219,215.59637451171875,203.2852020263672,364.00921630859375,51.3209228515625,442.30999755859375,394.92498779296875,90.44852447509766,128.18125915527344,423.0997619628906,375.2998962402344,27.226667404174805,234.00559997558594,52.13916015625,156.71669006347656,211.08421325683594,154.14537048339844,457.2967224121094,284.3526916503906,262.2597961425781,114.19503784179688,57.66594696044922,319.0446472167969,298.2010803222656,46.544551849365234,259.0149230957031,112.75408935546875,232.1270751953125,212.40167236328125,149.66415405273438,127.68071746826172
2026-02-19,125.81037902832031,220.9315185546875,210.6100616455078,229.10000610351562,108.29582214355469,126.53074645996094,216.9821319580078,201.13729858398438,369.37078857421875,232.03317260742188,372.6856689453125,470.7109069824219,181.23194885253906,323.44671630859375,277.2486267089844,150.6744384765625,173.99093627929688,332.7641906738281,441.1199951171875,340.6377258300781,3745.489990234375,180.04278564453125,159.5321044921875,62.12295913696289,1069.2681884765625,496.94000244140625,221.73861694335938,62.47203063964844,757.6793212890625,84.4175033569336,31.19455337524414,92.86714935302734,593.0473022460938,74.66288757324219,358.2847900390625,77.84539031982422,41.416221618652344,197.4331817626953,64.53494262695312,76.17565155029297,183.10292053222656,176.19000244140625,118.06999969482422,210.36422729492188,231.42002868652344,299.3795471191406,70.95084381103516,110.96145629882812,344.6444396972656,908.5599365234375,61.65510177612305,45.714210510253906,61.529998779296875,57.739933013916016,351.15625,333.8369445800781,129.54930114746094,81.10175323486328,303.163818359375,237.8310089111328,35.050357818603516,526.8189697265625,373.2660217285156,139.05282592773438,189.0912628173828,252.59556579589844,153.0453643798828,290.2160339355469,305.10699462890625,28.64121437072754,146.80264282226562,31.943336486816406,77.86837768554688,114.82292938232422,281.000732421875,356.01251220703125,486.9294738769531,658.7035522460938,518.498291015625,131.90708923339844,348.52734375,935.3275756835938,95.92426300048828,77.02886199951172,673.60888671875,164.2008056640625,195.7230224609375,172.48843383789062,397.5988464355469,1376.530029296875,64.5993423461914,187.6710968017578,7526.14013671875,155.454345703125,94.16999816894531,92.47967529296875,90.2279281616211,161.43409729003906,25.969520568847656,90.6056900024414,156.20884704589844,201.57614135742188,1010.15673828125,180.38095092773438,36.402435302734375,153.03176879882812,154.39999389648438,139.85223388671875,307.113037109375,780.2745971679688,29.158403396606445,374.8924255371094,392.80010986328125,220.35891723632812,203.88075256347656,355.898193359375,51.271183013916016,442.44000244140625,392.3730163574219,91.67119598388672,126.3921890258789,407.96697998046875,370.66485595703125,27.226667404174805,230.79786682128906,51.238670349121094,155.99903869628906,213.11338806152344,151.4602508544922,461.52691650390625,286.0595703125,260.25079345703125,113.62464904785156,56.8121452331543,317.67999267578125,301.6775817871094,47.116065979003906,261.56182861328125,113.24983978271484,231.4923553466797,209.2845458984375,149.95220947265625,125.85147857666016
2026-02-20,122.38481140136719,221.38449096679688,211.00198364257812,226.97999572753906,108.54238891601562,127.46676635742188,215.1339569091797,204.2550048828125,374.9139099121094,232.79083251953125,371.9412841796875,469.9736022949219,183.7034149169922,324.2147216796875,277.7029113769531,150.51498413085938,173.82435607910156,331.4291076660156,433.9100036621094,344.14697265625,3748.52001953125,182.92396545410156,162.29244995117188,61.7754020690918,1081.490966796875,498.20001220703125,223.4109344482422,63.683345794677734,756.8922119140625,85.92095184326172,31.629596710205078,93.96399688720703,591.4224853515625,74.67273712158203,360.2502746582031,78.47956085205078,42.042236328125,199.4776153564453,64.57466125488281,75.55497741699219,182.26063537597656,176.2899932861328,118.69000244140625,208.62156677246094,232.20626831054688,302.52252197265625,72.00543212890625,113.43411254882812,339.44775390625,918.535888671875,61.215057373046875,45.72410583496094,61.470001220703125,58.1590576171875,348.26251220703125,342.2940673828125,139.03700256347656,81.1415786743164,314.4890441894531,246.8562774658203,34.79270553588867,530.4463500976562,376.884521484375,140.91600036621094,188.4262237548828,253.4629364013672,152.946044921875,291.3617858886719,307.82086181640625,29.074277877807617,149.40931701660156,32.129852294921875,78.78610229492188,115.15912628173828,281.18975830078125,353.4716796875,493.2879638671875,650.5501708984375,524.62744140625,130.3445587158203,346.5749206542969,945.6475219726562,95.21647644042969,78.01515197753906,684.120849609375,166.20045471191406,196.0119171142578,173.5172119140625,396.37152099609375,1377.550048828125,64.39258575439453,189.58877563476562,7580.60009765625,147.0530242919922,93.5,92.11190032958984,89.15309143066406,161.7773895263672,25.766483306884766,94.15519714355469,158.39593505859375,203.8839111328125,1019.9246215820312,180.28262329101562,36.86521911621094,153.36654663085938,155.16000366210938,141.44607543945312,311.8035888671875,778.5072021484375,29.49197769165039,383.0400695800781,396.1878356933594,218.2411346435547,204.0699462890625,358.9037780761719,50.584781646728516,439.94000244140625,393.13580322265625,92.24309539794922,126.46138000488281,410.1017150878906,378.1943054199219,27.324323654174805,233.82615661621094,51.77302932739258,157.7134246826172,213.27178955078125,156.2238311767578,464.94091796875,286.1286315917969,263.3484191894531,114.79492950439453,57.56781005859375,319.6921081542969,304.1081237792969,47.70695495605469,264.45831298828125,113.36882019042969,228.40805053710938,213.2951202392578,146.28707885742188,127.33464813232422
2026-02-23,123.67935180664062,225.98333740234375,197.11807250976562,218.63999938964844,109.6371841430664,130.087646484375,212.9678192138672,204.0471649169922,373.086181640625,230.7371826171875,376.5763244628906,452.1287841796875,186.3906707763672,314.4803771972656,279.747314453125,147.3061981201172,172.80532836914062,329.1275939941406,423.44000244140625,319.35345458984375,3829.27001953125,181.88790893554688,154.09341430664062,63.22520065307617,1059.1124267578125,494.0899963378906,223.7891845703125,63.00818634033203,753.6344604492188,85.61830139160156,30.077285766601562,95.9501953125,585.52099609375,75.10584259033203,365.18890380859375,77.03284454345703,41.70438766479492,197.79220581054688,60.70197296142578,75.86038970947266,183.23175048828125,164.66000366210938,118.16999816894531,210.0355987548828,229.6384735107422,304.0244140625,72.89403533935547,112.23253631591797,332.4594421386719,935.8851318359375,61.91912841796875,44.56665802001953,58.400001525878906,57.061344146728516,345.8444519042969,338.0754699707031,144.75753784179688,79.29993438720703,311.2832336425781,245.07107543945312,34.92153549194336,534.103515625,371.6983642578125,139.28076171875,179.82032775878906,220.1389923095703,153.03543090820312,289.6233825683594,294.8262023925781,29.300649642944336,148.5763702392578,32.10040283203125,79.49659729003906,114.90203094482422,283.80596923828125,352.4791564941406,494.95703125,652.882568359375,494.350341796875,130.2078399658203,341.28564453125,947.4141235351562,96.93678283691406,74.20808410644531,681.7870483398438,165.48416137695312,192.08689880371094,165.00013732910156,383.6390686035156,1393.239990234375,62.1181640625,191.31666564941406,7456.830078125,140.32997131347656,95.3499984741211,90.00466918945312,85.39115142822266,165.0925750732422,26.16288948059082,91.13664245605469,162.72085571289062,203.49429321289062,1006.6945190429688,184.03770446777344,36.687984466552734,153.73390197753906,150.8800048828125,139.00086975097656,299.48345947265625,785.8662109375,28.16748809814453,363.1534118652344,386.43792724609375,219.9214324951172,201.0823974609375,362.52630615234375,50.972747802734375,420.82000732421875,381.1763610839844,92.29239654541016,123.68385314941406,406.4007873535156,382.6702575683594,27.851669311523438,230.3894500732422,49.566341400146484,157.17520141601562,217.71617126464844,152.12655639648438,457.7944030761719,278.5708923339844,261.0326232910156,113.11326599121094,54.7708740234375,305.31866455078125,309.58685302734375,48.12348175048828,262.6105651855469,114.81642150878906,228.65597534179688,200.40966796875,149.74362182617188,124.37820434570312
2026-02-24,123.8785171508789,224.95919799804688,192.75791931152344,220.91000366210938,109.74567413330078,130.44235229492188,214.60731506347656,207.66964721679688,377.46075439453125,236.11058044433594,380.00042724609375,464.5434265136719,186.52796936035156,318.4897766113281,276.0140686035156,150.973388671875,174.000732421875,324.2953796386719,442.510009765625,318.5979309082031,3784.419921875,180.06253051757812,161.96482849121094,64.26786804199219,1069.0408935546875,494.510009765625,224.9339141845703,63.07768630981445,765.3504028320312,86.5359878540039,31.253877639770508,96.94824981689453,598.5999145507812,75.57833099365234,363.5426940917969,77.42920684814453,42.20122528076172,198.0115966796875,60.63246154785156,73.0821304321289,183.6578369140625,164.3800048828125,120.94000244140625,208.3128662109375,230.25555419921875,306.5010070800781,73.47015380859375,114.48673248291016,323.818115234375,942.08056640625,62.1538200378418,44.97225570678711,59.130001068115234,57.560306549072266,348.0246276855469,344.70758056640625,151.0760498046875,80.92256927490234,310.5142517089844,249.42501831054688,35.4665641784668,524.6864624023438,379.083251953125,139.28076171875,173.34854125976562,226.02317810058594,154.28672790527344,290.9469299316406,294.459716796875,30.540786743164062,150.4729461669922,32.09058380126953,79.65449523925781,115.09980010986328,285.62640380859375,351.61566162109375,500.7293395996094,656.64794921875,496.3136901855469,130.95004272460938,341.8135681152344,955.5084228515625,95.10834503173828,74.30670928955078,695.001953125,165.60354614257812,194.54750061035156,166.9686279296875,388.1593017578125,1379.6600341796875,63.10275650024414,192.61508178710938,7504.7900390625,145.12648010253906,94.33000183105469,89.36852264404297,86.45623016357422,166.28916931152344,26.240238189697266,93.26044464111328,162.8292236328125,205.88198852539062,1020.712890625,183.8214569091797,37.5347785949707,153.24742126464844,153.57000732421875,143.32701110839844,313.19891357421875,771.0383911132812,27.902591705322266,372.1964416503906,404.0535583496094,219.47401428222656,197.6367645263672,362.984130859375,51.57956314086914,440.7200012207031,393.8797302246094,92.6572265625,125.75959014892578,395.0487060546875,379.28839111328125,27.685653686523438,240.5103302001953,49.14083480834961,157.14529418945312,219.72555541992188,153.65805053710938,461.5667419433594,270.29290771484375,263.9026184082031,113.45747375488281,54.005393981933594,306.0158996582031,316.65936279296875,48.29784393310547,264.148681640625,114.91557312011719,227.68406677246094,207.44802856445312,148.25372314453125,127.21600341796875
2026-02-25,124.19718170166016,223.4623565673828,187.63351440429688,224.80999755859375,109.9133529663086,130.51132202148438,216.74366760253906,207.18466186523438,394.4596252441406,232.30235290527344,381.4494934082031,476.5097351074219,178.96641540527344,323.8057861328125,276.83380126953125,152.10943603515625,174.6768341064453,331.0903625488281,520.1799926757812,325.1690979003906,3671.820068359375,178.55288696289062,165.724365234375,64.35723876953125,1081.62939453125,493.989990234375,225.1429443359375,61.06214141845703,763.7364501953125,83.99771118164062,31.342864990234375,95.5252914428711,592.5488891601562,75.39130401611328,362.19580078125,78.4002914428711,41.95280838012695,196.24639892578125,60.90057373046875,75.06238555908203,182.54800415039062,173.05999755859375,119.41999816894531,208.6414794921875,225.65740966796875,304.86981201171875,73.43109130859375,112.13323211669922,327.1539001464844,955.792724609375,61.99736022949219,44.15116882324219,61.61000061035156,58.198978424072266,340.056884765625,341.9649963378906,159.88607788085938,82.05741119384766,312.6214904785156,249.92091369628906,34.951263427734375,538.6875610351562,370.29827880859375,139.79611206054688,174.75804138183594,234.12498474121094,159.22238159179688,286.1860656738281,300.40240478515625,29.674659729003906,154.47084045410156,32.16912078857422,79.40779113769531,109.4931411743164,281.2991638183594,338.49468994140625,504.97161865234375,639.916259765625,507.6651306152344,130.91098022460938,346.08685302734375,961.3770141601562,95.01004791259766,74.2771224975586,671.50439453125,164.68826293945312,195.0256805419922,171.85533142089844,399.7342224121094,1379.9100341796875,62.42338943481445,195.32176208496094,7283.14013671875,146.8643341064453,91.44000244140625,88.89141082763672,89.14332580566406,165.92626953125,26.191896438598633,93.09329223632812,160.9672393798828,204.3434600830078,1009.5181884765625,186.57386779785156,37.69232177734375,150.81507873535156,154.11000061035156,144.35658264160156,309.7353820800781,783.1103515625,28.452009201049805,375.1212158203125,401.142578125,220.3191375732422,195.1670379638672,355.5399475097656,51.39055633544922,449.1700134277344,399.8356018066406,93.17982482910156,130.0988311767578,420.81536865234375,381.9739685058594,27.216901779174805,241.4666290283203,50.041324615478516,155.31130981445312,216.43927001953125,156.0547637939453,457.8740234375,280.40606689453125,261.5175476074219,111.9626693725586,55.006404876708984,311.7633056640625,304.3471984863281,47.68758010864258,262.4906921386719,114.43964385986328,226.21630859375,207.69619750976562,148.05508422851562,127.50273132324219
2026-02-26,120.46289825439453,221.26632690429688,203.19290161132812,233.4499969482422,110.4952621459961,130.1566162109375,223.78860473632812,210.5795135498047,375.2535095214844,236.230224609375,376.4869689941406,485.2079772949219,181.44769287109375,329.4010009765625,272.81414794921875,147.9539337158203,176.04861450195312,320.5193176269531,550.1900024414062,333.35076904296875,3660.0,174.31008911132812,169.19810485839844,64.44661712646484,1078.1583251953125,502.6700134277344,226.08859252929688,62.31317138671875,750.1077270507812,84.34916687011719,32.331600189208984,96.3948745727539,586.2686157226562,75.84410858154297,365.8074645996094,77.38957214355469,42.380088806152344,197.74232482910156,64.51508331298828,76.8554458618164,182.48855590820312,180.41000366210938,119.41000366210938,208.48214721679688,226.06546020507812,305.1085205078125,72.6206283569336,111.12034606933594,319.7696228027344,943.354248046875,62.70143127441406,45.18989944458008,61.88999938964844,59.6759033203125,347.56878662109375,339.92047119140625,149.79043579101562,80.4248275756836,306.7491760253906,252.07308959960938,35.38728332519531,524.0487060546875,369.82501220703125,139.8060302734375,185.4484100341797,238.5307159423828,161.7646942138672,286.71942138671875,303.20538330078125,29.851821899414062,152.2366943359375,32.453800201416016,79.43739318847656,110.74894714355469,286.11383056640625,352.4990234375,495.27496337890625,634.1150512695312,513.0269165039062,132.6883544921875,349.87939453125,972.5654296875,95.38359069824219,74.89849090576172,676.6607055664062,165.31503295898438,200.3055419921875,175.5747833251953,400.851806640625,1377.219970703125,62.96491622924805,184.66476440429688,7434.14013671875,149.26756286621094,91.33000183105469,90.90918731689453,92.3189926147461,164.36676025390625,26.201562881469727,95.86603546142578,161.3218994140625,211.5265655517578,1012.6810302734375,184.3129425048828,38.007408142089844,151.36111450195312,157.19000244140625,144.12887573242188,315.6134338378906,769.6404418945312,28.805208206176758,376.8920593261719,410.0351257324219,223.3019256591797,196.81019592285156,358.7743835449219,51.22144317626953,426.0,412.9366149902344,93.87004089355469,130.7413330078125,408.6652526855469,383.99310302734375,26.81650733947754,234.882080078125,50.96160125732422,158.17193603515625,210.9852294921875,159.60508728027344,455.00750732421875,282.8332214355469,262.70513916015625,114.69657897949219,56.19387435913086,315.45880126953125,307.7937927246094,47.35823440551758,263.0899963378906,114.80650329589844,231.9683837890625,209.84046936035156,147.53857421875,128.3036346435547
2026-02-27,120.87117004394531,228.54373168945312,204.50584411621094,245.8699951171875,111.72814178466797,131.851318359375,226.74964904785156,212.3214874267578,371.8377380371094,238.48324584960938,385.25079345703125,468.4093322753906,188.1658172607422,334.58734130859375,272.2610778808594,145.5522918701172,173.6577911376953,318.377197265625,542.4000244140625,307.0859069824219,3755.580078125,174.13246154785156,168.7637939453125,64.8041000366211,1051.4188232421875,504.95001220703125,228.17897033691406,63.94150161743164,740.045654296875,87.41463470458984,31.19455337524414,97.96604919433594,582.0419311523438,76.84814453125,371.2848815917969,78.73719787597656,42.559532165527344,200.58460998535156,63.97886657714844,78.71747589111328,185.06495666503906,176.47000122070312,117.2699966430664,209.75677490234375,224.94821166992188,306.6899719238281,72.98191833496094,109.0483627319336,316.7506408691406,969.465087890625,61.811561584472656,45.54603958129883,62.290000915527344,59.077152252197266,353.8418884277344,341.3367004394531,150.14988708496094,78.35423278808594,311.0235595703125,250.75401306152344,35.67466354370117,527.8554077148438,375.3760070800781,139.56817626953125,189.13095092773438,236.75662231445312,162.9961395263672,287.0651550292969,297.4310607910156,29.802610397338867,152.2606658935547,32.659950256347656,80.48339080810547,113.08258056640625,288.3277282714844,361.8087463378906,504.7828674316406,650.3723754882812,515.4586791992188,130.72543334960938,341.0567932128906,985.4603881835938,96.0029067993164,71.0815658569336,674.7756958007812,164.46942138671875,197.45640563964844,164.71324157714844,391.8912048339844,1366.68994140625,61.2221794128418,176.97415161132812,7517.7900390625,144.3916015625,93.87999725341797,92.00255584716797,91.50797271728516,166.4853515625,26.73332977294922,93.82088470458984,164.72073364257812,213.4547119140625,1006.9041137695312,183.6543426513672,38.38157653808594,153.21763610839844,156.58999633789062,140.93128967285156,307.7166442871094,780.5042114257812,27.304119110107422,360.72601318359375,406.1969909667969,227.6866455078125,201.7794952392578,360.8543701171875,51.072227478027344,414.0,417.0802001953125,94.92509460449219,127.1335220336914,406.8397216796875,385.3855895996094,27.353620529174805,229.2637939453125,48.794498443603516,161.13223266601562,215.91845703125,154.61276245117188,460.1632995605469,289.3549499511719,263.6104431152344,114.03768920898438,53.64228439331055,318.8852844238281,308.7998962402344,48.569068908691406,263.62933349609375,115.96656799316406,238.85108947753906,204.15220642089844,151.47189331054688,129.6286163330078
2026-03-02,117.67462921142578,230.6905059814453,201.7721710205078,246.94000244140625,111.35334014892578,131.3291015625,227.81288146972656,211.64503479003906,371.7178955078125,240.7163543701172,382.8092346191406,473.600341796875,186.5377655029297,336.91119384765625,273.01165771484375,134.690185546875,175.4019012451172,317.6498718261719,572.02001953125,305.6245422363281,3882.469970703125,174.19166564941406,166.39234924316406,64.3770980834961,1056.4422607421875,480.1700134277344,228.82598876953125,63.38548278808594,749.5000610351562,87.40486907958984,28.811704635620117,96.14783477783203,578.5528564453125,76.85798645019531,371.793701171875,78.69756317138672,43.03806686401367,201.05332946777344,63.05537796020508,80.45143127441406,187.87918090820312,176.41000366210938,114.51000213623047,205.13624572753906,225.84600830078125,301.8262634277344,72.66944122314453,99.80410766601562,291.08392333984375,961.34521484375,61.733333587646484,45.83292770385742,61.849998474121094,58.45844268798828,361.5024719238281,344.8072814941406,157.61842346191406,77.40852355957031,305.9601745605469,253.06488037109375,35.644935607910156,531.0641479492188,365.6050720214844,141.19049072265625,185.8950653076172,235.92868041992188,163.6416473388672,287.5985412597656,294.7172546386719,29.497495651245117,153.29933166503906,33.26858139038086,79.16108703613281,109.37447357177734,285.68499755859375,375.644287109375,506.0346984863281,672.2987670898438,519.2357788085938,130.96957397460938,329.8189697265625,989.8555297851562,96.43544006347656,72.23551940917969,664.4005126953125,160.6292724609375,209.02227783203125,165.1979522705078,397.6886291503906,1325.0899658203125,60.46891784667969,182.25770568847656,7415.75,148.21490478515625,95.02999877929688,93.05618286132812,92.09424591064453,164.072509765625,26.356258392333984,94.2240219116211,161.08546447753906,213.2049560546875,1009.1290283203125,180.6955108642578,38.13541793823242,159.0254669189453,158.1199951171875,139.61463928222656,297.70220947265625,789.630615234375,27.705284118652344,352.2997741699219,410.88250732421875,229.0487823486328,211.27992248535156,355.1790771484375,51.00259017944336,424.6600036621094,418.2128601074219,94.3334732055664,127.96382904052734,378.58917236328125,384.9479675292969,27.353620529174805,211.16375732421875,49.031986236572266,159.4178466796875,214.94375610351562,155.5575408935547,463.995361328125,290.9928283691406,265.59014892578125,112.5232162475586,53.61284637451172,319.25384521484375,305.0146179199219,48.41408157348633,263.34967041015625,115.62945556640625,241.0626678466797,199.87359619140625,153.1802978515625,127.51264190673828
2026-03-03,118.5409927368164,230.29660034179688,205.6522216796875,253.39999389648438,110.455810546875,129.979248046875,223.7985382080078,212.49058532714844,350.8837890625,234.52548217773438,374.1744384765625,463.9854736328125,186.58680725097656,338.1778564453125,269.66357421875,129.1295928955078,173.74598693847656,312.68817138671875,579.0900268554688,306.0122985839844,3637.169921875,171.89268493652344,165.3609161376953,62.10309982299805,1040.8968505859375,481.3599853515625,225.3121795654297,60.73448944091797,719.4730224609375,88.11753845214844,28.208580017089844,94.3790283203125,558.33642578125,76.5823745727539,370.58648681640625,78.24174499511719,42.529624938964844,201.0034637451172,63.88949203491211,79.29873657226562,187.0567169189453,175.4600067138672,109.86000061035156,203.15457153320312,220.2198028564453,296.8531799316406,72.12261962890625,98.32980346679688,281.1458740234375,967.2261352539062,61.332401275634766,45.73400115966797,62.88999938964844,57.90958023071289,361.4231872558594,333.23858642578125,147.34417724609375,76.92073822021484,303.163818359375,248.631591796875,34.94135284423828,539.9132080078125,361.76971435546875,140.41416931152344,180.2372283935547,241.7537078857422,163.6416473388672,282.4721984863281,297.3914489746094,29.103803634643555,143.95126342773438,33.33729553222656,78.2927017211914,107.19905090332031,282.2145080566406,365.2427978515625,498.4244079589844,663.4765625,522.5445556640625,130.44223022460938,335.2482604980469,994.5902709960938,95.06902313232422,71.67333221435547,655.8428344726562,157.6645965576172,211.17404174804688,164.15928649902344,403.0570068359375,1316.7099609375,58.86328887939453,179.83065795898438,7361.10009765625,147.97657775878906,93.87000274658203,91.83358764648438,93.37428283691406,161.7479705810547,25.698802947998047,92.1002197265625,157.35165405273438,213.14501953125,986.4403076171875,174.90560913085938,37.662784576416016,158.62835693359375,163.10000610351562,136.74375915527344,298.16729736328125,765.5166015625,27.477460861206055,359.014892578125,397.2745056152344,230.93788146972656,205.66331481933594,347.9278564453125,48.326622009277344,424.32000732421875,419.0718078613281,94.02781677246094,124.45484924316406,356.7428894042969,382.5309753417969,27.998153686523438,203.52330017089844,48.78459930419922,159.18861389160156,217.35069274902344,153.5685577392578,443.7502136230469,285.34918212890625,264.4659729003906,111.35295104980469,52.98476028442383,319.57257080078125,298.8385925292969,49.27619934082031,260.5130920410156,115.13370513916016,241.42962646484375,198.1264190673828,150.80641174316406,124.51663208007812
2026-03-04,120.03469848632812,232.5911102294922,205.75999450683594,257.8900146484375,111.77745819091797,131.55572509765625,224.1463165283203,213.05760192871094,357.3157958984375,234.0270233154297,376.4273986816406,467.2037353515625,187.126220703125,340.2823181152344,270.8092346191406,132.28855895996094,174.51025390625,316.3646240234375,569.8099975585938,309.38232421875,3717.0,169.2088623046875,169.33026123046875,60.45469665527344,1037.57421875,487.4800109863281,222.1566925048828,60.64513397216797,729.226318359375,88.98641967773438,27.69443702697754,94.1517562866211,572.2626342773438,76.8973617553711,367.34393310546875,80.1343765258789,42.64925765991211,199.57733154296875,64.6640396118164,79.37755584716797,184.34158325195312,177.75,108.73999786376953,203.87155151367188,221.2971649169922,296.2763366699219,72.15190887451172,98.82787322998047,288.49053955078125,964.270751953125,61.391075134277344,45.931854248046875,62.599998474121094,57.879642486572266,362.8304138183594,338.89324951171875,144.61834716796875,78.2447280883789,303.05401611328125,249.1175537109375,34.28414535522461,542.51416015625,363.928955078125,141.4990234375,181.75592041015625,246.46498107910156,165.14120483398438,283.6476135253906,296.52978515625,28.414838790893555,147.40286254882812,33.29802703857422,77.06907653808594,105.34004974365234,280.0804138183594,365.9871826171875,495.9505615234375,660.1582641601562,521.1492919921875,130.6472930908203,335.2781982421875,977.6290893554688,93.97785186767578,72.31442260742188,659.6572875976562,160.06219482421875,219.93063354492188,165.77169799804688,404.32427978515625,1286.6600341796875,58.119937896728516,182.8170166015625,7251.27001953125,151.31326293945312,94.2699966430664,90.6010513305664,93.5990219116211,160.7769317626953,25.737478256225586,91.93306732177734,155.95272827148438,211.19688415527344,985.5623168945312,175.9967498779297,37.99756622314453,163.53274536132812,162.97000122070312,138.10989379882812,284.2143859863281,786.3255615234375,27.56661033630371,357.950439453125,382.17108154296875,230.24191284179688,207.9537811279297,346.7709045410156,47.640220642089844,430.9800109863281,420.4970397949219,94.05738830566406,125.07756042480469,374.0902404785156,379.8454284667969,28.30088996887207,208.2151641845703,48.596588134765625,161.20199584960938,218.5243377685547,156.04483032226562,442.9738464355469,288.06243896484375,265.3215637207031,108.66819763183594,53.328243255615234,319.2139892578125,294.8341979980469,49.59585952758789,260.4731750488281,116.55155944824219,241.93540954589844,194.91000366210938,148.80996704101562,124.54629516601562
2026-03-05,117.61488342285156,228.80963134765625,209.6792449951172,264.1199951171875,109.88375854492188,130.0974884033203,228.19044494628906,210.51101684570312,346.0997314453125,226.14137268066406,364.8448791503906,471.16925048828125,184.02706909179688,337.8786315917969,272.9326477050781,135.76644897460938,175.67625427246094,331.54864501953125,570.489990234375,305.40582275390625,3742.02001953125,167.67947387695312,183.64952087402344,59.76951599121094,1023.5023803710938,500.3999938964844,215.029541015625,59.969974517822266,703.4334106445312,87.97109985351562,26.85401153564453,91.57266235351562,554.3289794921875,75.99175262451172,358.45440673828125,79.28219604492188,41.02424240112305,203.9753875732422,65.31941223144531,77.52538299560547,188.17645263671875,183.47999572753906,107.58000183105469,201.15301513671875,215.052490234375,285.3852844238281,69.54471588134766,95.50074768066406,283.5710144042969,948.3096923828125,61.713775634765625,46.792518615722656,63.86000061035156,57.90958023071289,357.4591369628906,326.10784912109375,134.5338134765625,75.8555679321289,300.5173034667969,238.19796752929688,34.015289306640625,532.6087646484375,356.6032409667969,139.02076721191406,179.4133758544922,252.86167907714844,162.86703491210938,279.04473876953125,290.74554443359375,27.607765197753906,142.75379943847656,32.777748107910156,76.01319122314453,103.13495635986328,275.1639099121094,357.4020080566406,486.8797912597656,650.7399291992188,522.8833618164062,131.26254272460938,332.3839111328125,930.3213500976562,91.43180847167969,71.93963623046875,632.0267944335938,155.40628051757812,216.53359985351562,160.7959747314453,409.79241943359375,1261.2099609375,57.50543975830078,183.1166534423828,7074.83984375,153.71649169921875,94.36000061035156,90.09412384033203,96.1297836303711,157.61866760253906,25.727807998657227,91.93306732177734,151.70663452148438,210.37765502929688,963.2427368164062,166.8155059814453,37.377235412597656,165.2403564453125,164.25,136.49586486816406,280.107666015625,763.7891845703125,27.477460861206055,351.5934753417969,377.33599853515625,230.34132385253906,203.0143585205078,334.5824890136719,47.15277862548828,442.29998779296875,425.7922058105469,92.62764739990234,123.69374084472656,366.43902587890625,368.5163879394531,28.29112434387207,209.74923706054688,47.97317123413086,160.4046173095703,219.34983825683594,148.77513122558594,434.32440185546875,284.9150390625,258.85516357421875,102.34479522705078,52.90625,318.5466003417969,286.1180725097656,49.57648849487305,251.27435302734375,115.10395050048828,244.05772399902344,192.18003845214844,149.74362182617188,120.85816192626953
2026-03-06,114.5876235961914,226.60374450683594,210.6590576171875,260.989990234375,109.99224853515625,129.92999267578125,227.3731689453125,211.2073516845703,324.3367919921875,221.2963409423828,366.7604064941406,463.1983642578125,184.95877075195312,339.703857421875,268.814208984375,131.41162109375,174.3044891357422,329.26708984375,574.010009765625,299.2323303222656,3641.2900390625,164.89697265625,181.56076049804688,59.39216995239258,950.0960693359375,498.9800109863281,216.78146362304688,57.934566497802734,678.3477783203125,88.28350067138672,25.499446868896484,92.45211791992188,537.5416870117188,75.95238494873047,357.63629150390625,77.9246597290039,39.82790756225586,203.05787658691406,65.79605102539062,76.76677703857422,188.21609497070312,179.1699981689453,104.25,194.68026733398438,207.91000366210938,281.1680908203125,70.07201385498047,92.36287689208984,286.69891357421875,932.5874633789062,61.332401275634766,45.96152877807617,63.099998474121094,57.27090835571289,360.2240295410156,322.2383117675781,123.10133361816406,75.04732513427734,297.91070556640625,241.4807891845703,33.90575408935547,530.9545288085938,352.89605712890625,138.59280395507812,177.82518005371094,255.12863159179688,165.04190063476562,273.7603759765625,286.7144470214844,27.80461311340332,134.2836151123047,32.96426773071289,76.02306365966797,100.0399169921875,268.9310607910156,365.13067626953125,481.5943298339844,667.40087890625,520.5712890625,129.68048095703125,323.162109375,918.2446899414062,89.35760498046875,70.84485626220703,609.1195678710938,152.6206817626953,220.43869018554688,158.54058837890625,408.0761413574219,1209.6500244140625,56.50439453125,177.60337829589844,6958.830078125,151.89918518066406,94.5999984741211,88.68267822265625,98.54328918457031,157.77008056640625,26.153221130371094,90.71385192871094,151.3519744873047,210.3976593017578,921.6367797851562,167.0907440185547,37.95817947387695,164.76382446289062,162.7100067138672,135.190673828125,276.6455993652344,758.7267456054688,26.784088134765625,336.61126708984375,368.6926574707031,229.7248992919922,208.88987731933594,329.0268859863281,46.6553840637207,437.4100036621094,426.9720458984375,91.33594512939453,119.64112091064453,351.9346923828125,362.6081848144531,27.968856811523438,205.057373046875,46.00397872924805,158.80984497070312,220.37429809570312,143.73951721191406,422.1719970703125,282.6556396484375,252.79661560058594,100.66313934326172,51.394920349121094,316.1161804199219,273.9254150390625,49.51836395263672,244.38272094726562,114.78667449951172,244.01806640625,185.16152954101562,150.1905975341797,120.067138671875
2026-03-09,116.15104675292969,223.98428344726562,205.1329345703125,260.75,109.6371841430664,129.92013549804688,217.05751037597656,206.6016082763672,338.5191650390625,224.37684631347656,374.1446533203125,459.80078125,183.0463104248047,331.9642639160156,271.0067443847656,135.58705139160156,173.1482696533203,344.48101806640625,559.0599975585938,303.58660888671875,3672.679931640625,163.25906372070312,177.1821746826172,59.68014144897461,952.3035888671875,497.20001220703125,221.26083374023438,58.30193328857422,702.1781005859375,87.6001205444336,26.09268569946289,91.89875030517578,548.4673461914062,76.03113555908203,360.9686279296875,75.51676177978516,40.475921630859375,200.2255859375,64.19732666015625,77.10174560546875,187.7206268310547,176.58999633789062,104.31999969482422,197.9664306640625,210.4836883544922,280.3425598144531,69.06624603271484,92.2732162475586,277.8892517089844,940.2594604492188,60.80434799194336,46.297882080078125,61.290000915527344,56.23306655883789,358.7276306152344,321.5292053222656,128.85252380371094,74.52845001220703,305.8259582519531,240.6377716064453,34.50321578979492,543.2316284179688,348.59722900390625,137.29893493652344,177.20977783203125,249.68797302246094,164.65460205078125,273.1875,287.1502685546875,27.745561599731445,142.7278289794922,32.68939971923828,76.77303314208984,98.82366180419922,272.8602294921875,369.7619323730469,480.4815673828125,659.8304443359375,515.9668579101562,129.0457000732422,328.2121276855469,941.119384765625,89.7901382446289,69.79939270019531,611.6459350585938,150.849853515625,214.87989807128906,158.71864318847656,408.5251770019531,1248.6199951171875,56.02865219116211,182.427490234375,6872.02978515625,150.50889587402344,94.61000061035156,87.04261016845703,96.0516128540039,159.8482208251953,25.92117691040039,89.09149932861328,152.9183807373047,206.60130310058594,930.0677490234375,170.30516052246094,37.721866607666016,161.8251495361328,163.4199981689453,137.60177612304688,289.05126953125,780.434326171875,26.70484161376953,342.3415222167969,374.3950500488281,228.82009887695312,207.36622619628906,332.53778076171875,46.943870544433594,437.2200012207031,420.2893981933594,92.20365142822266,120.52084350585938,373.4118957519531,363.9609375,26.884868621826172,205.4458770751953,46.26125717163086,157.62371826171875,216.3262481689453,145.08567810058594,426.55206298828125,283.550537109375,252.29920959472656,98.28326416015625,51.15938949584961,314.73162841796875,273.7856750488281,48.86935806274414,246.69992065429688,114.60820007324219,244.47425842285156,186.92857360839844,149.42578125,120.9866943359375
2026-03-10,114.94612121582031,223.5509796142578,197.5590057373047,253.85000610351562,109.61731719970703,130.36351013183594,211.01760864257812,206.41261291503906,345.4505615234375,225.60304260253906,372.6161804199219,454.5001220703125,182.53631591796875,320.1155090332031,271.71783447265625,136.2646942138672,170.93382263183594,341.3226318359375,529.969970703125,301.3696594238281,3726.02001953125,162.73277282714844,174.4322967529297,58.925453186035156,961.9392700195312,494.1400146484375,216.0448455810547,58.013999938964844,713.99365234375,86.41883850097656,25.914714813232422,91.39478302001953,556.960693359375,75.23381042480469,351.3807067871094,76.99320983886719,40.78497314453125,195.7477569580078,62.53901672363281,75.1904525756836,184.59921264648438,169.92999267578125,105.26000213623047,194.4014434814453,209.74549865722656,279.8751220703125,69.40801239013672,93.90689849853516,281.534423828125,951.3646240234375,60.119834899902344,45.803245544433594,59.45000076293945,55.704166412353516,352.39501953125,326.1134948730469,136.0115509033203,74.76792907714844,306.7453918457031,239.3583526611328,35.19029235839844,535.7677612304688,352.1368408203125,136.60223388671875,172.33607482910156,246.6029815673828,159.06349182128906,269.9378356933594,285.97161865234375,27.597925186157227,145.10879516601562,32.35563659667969,76.85197448730469,97.6172866821289,267.9637145996094,360.2604064941406,474.8384704589844,646.9844970703125,512.97705078125,127.08277893066406,325.3577880859375,927.664306640625,88.36473846435547,69.63172149658203,606.6730346679688,154.4512176513672,214.4116973876953,159.01541137695312,404.8830871582031,1231.72998046875,55.582645416259766,184.544921875,6783.240234375,148.36386108398438,94.70999908447266,85.57152557373047,92.94435119628906,159.1060333251953,26.25957489013672,88.22624969482422,153.69667053222656,206.7611541748047,948.2467041015625,169.93162536621094,37.53833770751953,161.32875061035156,159.52000427246094,134.70248413085938,283.55975341796875,770.878662109375,26.506736755371094,344.3809509277344,372.91961669921875,222.2480010986328,206.14132690429688,329.4757080078125,47.859073638916016,432.6499938964844,411.00164794921875,91.67119598388672,121.13367462158203,383.3475036621094,356.7298583984375,27.060649871826172,202.1685333251953,46.16230392456055,159.00918579101562,217.59934997558594,147.84779357910156,432.6881408691406,280.736572265625,248.91677856445312,99.24700927734375,50.98274612426758,313.1976318359375,271.4603271484375,49.121212005615234,246.45021057128906,113.5274658203125,233.5948486328125,187.01791381835938,147.13136291503906,119.13768768310547
2026-03-11,114.93616485595703,224.2107696533203,197.41201782226562,251.8300018310547,108.5845947265625,129.32896423339844,209.1438446044922,204.5126190185547,350.6341247558594,223.6092071533203,374.8096618652344,449.0500183105469,179.3292999267578,316.0661926269531,274.256103515625,134.0723419189453,168.35684204101562,340.3163757324219,517.5700073242188,304.1929931640625,3712.419921875,162.02774047851562,172.46324157714844,58.558040618896484,945.8399658203125,493.57000732421875,214.43228149414062,58.27214813232422,704.937744140625,85.48162841796875,25.677419662475586,88.54889678955078,554.3987426757812,74.65303802490234,349.49505615234375,77.38957214355469,40.21671676635742,197.8021697998047,61.99287033081055,74.5993423461914,190.04930114746094,169.47999572753906,102.72000122070312,194.24209594726562,209.82530212402344,275.5087585449219,69.84742736816406,91.18742370605469,288.6156311035156,968.63916015625,58.829036712646484,46.09013366699219,58.5,56.19314956665039,350.6706848144531,324.7452087402344,131.55836486816406,74.62823486328125,308.2344970703125,234.15147399902344,35.777793884277344,535.4089965820312,345.9154052734375,134.32305908203125,169.68582153320312,245.29209899902344,155.93524169921875,268.1895446777344,284.77313232421875,27.214075088500977,146.31326293945312,32.47343444824219,76.60527801513672,95.49129486083984,269.6789855957031,362.7901916503906,480.0320129394531,645.245849609375,502.2933654785156,124.92452239990234,325.7370300292969,933.258056640625,87.46035766601562,69.00050354003906,596.7372436523438,154.3716278076172,225.87794494628906,159.15390014648438,404.0049743652344,1228.9300537109375,55.20601272583008,185.8134307861328,6610.91015625,161.98870849609375,94.38999938964844,84.09049987792969,91.84996795654297,158.4825897216797,26.394933700561523,87.50202178955078,151.04656982421875,201.02667236328125,938.3590087890625,164.00411987304688,37.33993148803711,168.27828979492188,159.1300048828125,133.62644958496094,285.04205322265625,773.5046997070312,25.96194076538086,337.1982421875,372.1021423339844,222.5065155029297,206.40023803710938,321.90533447265625,47.918758392333984,432.9800109863281,404.8853454589844,91.49371337890625,124.5438003540039,385.02337646484375,343.92877197265625,26.52353858947754,204.35009765625,45.172760009765625,157.3645782470703,212.2881622314453,145.0059051513672,431.44097900390625,283.63006591796875,249.81211853027344,99.1290054321289,51.25752639770508,307.74908447265625,266.071044921875,49.0921516418457,245.67117309570312,112.33765411376953,234.5469207763672,184.4169921875,150.55809020996094,118.44554138183594
2026-03-12,111.16204833984375,221.9359588623047,192.09165954589844,249.88999938964844,109.23004913330078,130.2748565673828,203.53253173828125,203.95555114746094,336.8512268066406,214.90609741210938,365.0334777832031,438.6878662109375,176.39688110351562,315.07879638671875,286.8879089355469,131.0130157470703,167.59254455566406,334.7369384765625,499.3999938964844,300.1170959472656,3614.27001953125,158.5125274658203,168.28533935546875,55.50948715209961,917.7284545898438,491.8900146484375,218.08546447753906,56.08781433105469,698.0635986328125,84.06604766845703,23.650516510009766,86.90855407714844,537.0631713867188,75.57833099365234,351.83966064453125,77.03284454345703,39.10013961791992,192.73594665527344,60.75162124633789,74.94416046142578,195.1822967529297,161.75,100.69000244140625,185.47900390625,203.3013153076172,274.40472412109375,69.29083251953125,83.96534729003906,286.72332763671875,966.6887817382812,58.93660354614258,44.76451110839844,56.06999969482422,54.77609634399414,352.03826904296875,306.31817626953125,129.5714111328125,73.29113006591797,303.0276184082031,233.79441833496094,34.69240951538086,530.7254028320312,336.40673828125,133.77565002441406,162.4596710205078,244.11920166015625,157.51426696777344,262.3619079589844,280.1874084472656,26.50542640686035,140.77732849121094,32.74829864501953,76.58554077148438,91.50631713867188,262.1895751953125,356.4359130859375,488.8641052246094,648.5840454101562,495.6260070800781,124.75850677490234,315.6868591308594,943.3169555664062,85.89733123779297,67.84654998779297,586.5317993164062,148.33287048339844,229.19528198242188,152.70423889160156,400.9914855957031,1168.0,53.649940490722656,182.9268035888672,6439.0,158.05618286132812,92.9800033569336,82.13236236572266,89.57325744628906,157.20602416992188,25.969520568847656,85.5079345703125,148.26837158203125,204.98284912109375,900.1354370117188,169.076416015625,37.76650619506836,172.835205078125,157.4600067138672,130.66737365722656,265.1153869628906,745.4965209960938,25.080364227294922,333.3581848144531,357.09844970703125,224.485107421875,202.19773864746094,316.8783874511719,44.32759094238281,418.7200012207031,396.14501953125,91.88813018798828,121.78604888916016,373.0627746582031,335.40460205078125,26.74814796447754,197.07821655273438,43.9061393737793,155.28138732910156,213.213134765625,142.26373291015625,420.8649597167969,275.47662353515625,242.83836364746094,96.26724243164062,50.5214958190918,305.2987365722656,263.28656005859375,49.04371643066406,240.06797790527344,114.07279205322266,236.63951110839844,177.99411010742188,152.4949493408203,114.16413879394531
2026-03-13,111.04255676269531,216.33267211914062,192.67953491210938,251.1699981689453,111.25576782226562,131.6444091796875,207.24017333984375,205.08956909179688,341.10595703125,213.8294219970703,363.4653015136719,440.4713439941406,180.85926818847656,320.5643310546875,284.4188537597656,133.45449829101562,165.5544891357422,320.9776306152344,496.17999267578125,298.19842529296875,3562.85009765625,158.24441528320312,169.22499084472656,53.88093948364258,918.931640625,490.0299987792969,216.0846710205078,55.25379180908203,691.388671875,86.46109771728516,23.719724655151367,87.78800964355469,534.03271484375,76.61190032958984,349.1458740234375,77.61747741699219,39.179893493652344,193.753173828125,59.94729232788086,75.00326538085938,195.03366088867188,161.36000061035156,100.77999877929688,186.53456115722656,203.4309844970703,272.70391845703125,70.042724609375,87.54151153564453,290.44818115234375,965.1265258789062,58.662803649902344,44.97225570678711,56.7400016784668,54.21664810180664,348.3616027832031,299.31689453125,128.9224090576172,72.2334213256836,301.2786865234375,232.49020385742188,33.547279357910156,531.1139526367188,336.5059814453125,132.30262756347656,164.20664978027344,242.7393341064453,158.1001739501953,263.715087890625,280.7321472167969,26.97785758972168,141.68316650390625,32.777748107910156,76.8438720703125,93.89928436279297,263.0771179199219,357.51153564453125,492.3630676269531,641.7984619140625,496.3037109375,123.36199188232422,313.1918029785156,939.8707885742188,85.66140747070312,67.03779602050781,582.9169921875,150.1833038330078,225.32005310058594,153.1988525390625,394.69512939453125,1173.739990234375,53.50126647949219,180.0401611328125,6466.56005859375,154.03427124023438,91.54000091552734,82.68899536132812,90.49175262451172,158.2154083251953,25.698802947998047,85.15078735351562,148.41615295410156,204.97286987304688,887.8531494140625,171.6912078857422,38.20299530029297,171.4949493408203,155.88999938964844,129.34228515625,271.1341857910156,744.6577758789062,24.76339340209961,329.0207214355469,359.8200378417969,222.9936981201172,203.67161560058594,318.9530029296875,44.48675537109375,412.6300048828125,398.7784423828125,93.78129577636719,119.93766021728516,382.7688903808594,334.96697998046875,27.070415496826172,198.6421661376953,43.371788024902344,154.9225616455078,216.2168426513672,141.6953582763672,421.4436340332031,280.4880065917969,241.1869354248047,95.5985107421875,50.05043029785156,305.9362487792969,264.8934020996094,49.77022171020508,236.47235107421875,116.35325622558594,237.50076293945312,178.67909240722656,155.06747436523438,114.32234954833984
2026-03-16,111.36121368408203,218.07569885253906,195.2858428955078,249.77999877929688,112.07003021240234,132.1764373779297,211.14718627929688,206.72097778320312,345.7501525878906,214.18887329101562,363.5050048828125,437.4224853515625,181.1534881591797,325.8902893066406,285.5842590332031,136.32447814941406,165.73085021972656,323.7275085449219,489.6400146484375,296.4487609863281,3488.8798828125,159.14804077148438,171.29017639160156,54.804443359375,937.974365234375,492.2099914550781,216.5923309326172,55.45236587524414,697.156982421875,86.51051330566406,24.44150161743164,89.23072814941406,543.3235473632812,77.04500579833984,345.085205078125,78.18229675292969,39.65842819213867,192.2173614501953,60.62253189086914,74.71755981445312,195.053466796875,167.77999877929688,101.70999908447266,190.58749389648438,206.91244506835938,271.6396484375,71.25354766845703,88.41812896728516,290.8863830566406,979.6148681640625,58.73125076293945,45.18989944458008,57.56999969482422,53.70714569091797,351.1760559082031,303.62152099609375,131.84793090820312,72.7922134399414,304.2369079589844,233.79441833496094,34.015289306640625,523.3611450195312,340.029541015625,134.11404418945312,168.73294067382812,245.66664123535156,160.37437438964844,265.34490966796875,283.4261474609375,27.115650177001953,143.6406707763672,32.69921875,77.32079315185547,94.87821960449219,266.1187744140625,364.7322998046875,495.842041015625,641.003662109375,506.77813720703125,123.41082000732422,321.2059631347656,942.2081909179688,86.74274444580078,68.21147918701172,584.4747924804688,149.17848205566406,228.06956481933594,154.0198974609375,399.08563232421875,1198.7099609375,54.30408477783203,183.0067138671875,6565.93994140625,154.88832092285156,90.45999908447266,83.10646057128906,90.97054290771484,156.07789611816406,25.727807998657227,85.765869140625,149.86434936523438,204.5133056640625,892.6224365234375,171.8091583251953,38.43116760253906,172.22959899902344,155.94000244140625,128.9138641357422,279.3615417480469,755.7811279296875,25.09027099609375,337.4867248535156,362.930419921875,222.84457397460938,205.20521545410156,321.87542724609375,44.725502014160156,425.8800048828125,402.6483459472656,94.5997085571289,118.83060455322266,397.80194091796875,347.6885070800781,27.080183029174805,202.66661071777344,44.05457305908203,155.51065063476562,213.6607208251953,141.3762664794922,420.5456848144531,283.8686828613281,240.9581298828125,95.78536987304688,50.20745086669922,308.8945617675781,265.4223327636719,49.37306594848633,238.90939331054688,116.8985824584961,235.9375457763672,181.03182983398438,156.1699981689453,116.8239517211914
2026-03-17,112.27735900878906,216.41143798828125,194.64895629882812,252.9199981689453,111.44444274902344,131.6542510986328,208.4661102294922,206.18382263183594,352.0223693847656,215.2373046875,358.4233703613281,436.346435546875,181.50656127929688,320.3349304199219,282.6114501953125,134.65032958984375,167.1320343017578,320.1307373046875,506.57000732421875,298.506591796875,3439.639892578125,160.50845336914062,177.24761962890625,56.60179901123047,965.56884765625,492.5799865722656,215.3679656982422,56.57432174682617,699.36865234375,86.9157943725586,24.807334899902344,88.87499237060547,541.5690307617188,77.064697265625,333.94085693359375,78.5489273071289,40.18680953979492,192.31707763671875,60.89064025878906,73.70279693603516,196.1732177734375,169.80999755859375,104.70999908447266,194.39149475097656,213.2967987060547,271.8490905761719,71.20472717285156,88.56755065917969,294.55145263671875,972.0722045898438,59.670013427734375,45.437217712402344,58.209999084472656,55.78510284423828,353.0887451171875,301.7138977050781,129.69122314453125,73.8798599243164,309.2239074707031,234.063232421875,35.48902130126953,508.8501892089844,338.88812255859375,134.69129943847656,169.50717163085938,252.42799377441406,160.2249298095703,264.4559020996094,284.1492004394531,27.13533592224121,147.9461669921875,32.659950256347656,77.08233642578125,95.9461669921875,269.87841796875,367.37158203125,492.49261474609375,632.1913452148438,504.8646240234375,125.0710220336914,326.63525390625,940.8497314453125,86.9393539428711,68.34955596923828,581.6687622070312,148.29306030273438,232.37313842773438,156.12692260742188,398.5467834472656,1206.719970703125,54.63115692138672,181.71820068359375,6596.75,153.6171875,89.38999938964844,83.63327026367188,90.31587219238281,154.87059020996094,26.539960861206055,87.03575134277344,149.2338409423828,203.5941925048828,891.29541015625,169.89230346679688,38.12363815307617,171.4651641845703,154.1199951171875,131.1057586669922,276.4665222167969,757.91796875,25.209135055541992,347.4051818847656,356.2909240722656,223.48089599609375,202.48655700683594,319.8706359863281,45.889400482177734,429.2900085449219,408.6419677734375,94.5997085571289,120.15511322021484,420.0572204589844,347.24090576171875,27.197370529174805,203.5531768798828,44.12384033203125,154.87274169921875,212.1986541748047,142.75233459472656,424.3969421386719,285.9368896484375,241.06756591796875,96.14923095703125,50.619632720947266,307.25103759765625,264.93328857421875,48.937164306640625,237.6908721923828,116.29376220703125,235.03146362304688,180.8432159423828,157.73934936523438,120.3143310546875
2026-03-18,111.03260040283203,205.1654510498047,191.20982360839844,248.47999572753906,109.97480010986328,129.04324340820312,208.7850341796875,203.3089599609375,349.0361022949219,212.45147705078125,348.845703125,430.9660949707031,177.2108917236328,317.0436096191406,277.9399719238281,127.36573028564453,162.76193237304688,314.77044677734375,508.4100036621094,292.6611633300781,3361.97998046875,156.97337341308594,174.81613159179688,57.07844543457031,962.8839721679688,484.4700012207031,210.8985595703125,57.19983673095703,691.0200805664062,83.93062591552734,23.8878116607666,86.483642578125,541.5889282226562,76.26737976074219,324.4327697753906,76.89411926269531,39.518856048583984,184.93714904785156,59.867855072021484,71.93929290771484,196.80740356445312,164.99000549316406,104.54000091552734,190.69703674316406,211.71067810058594,261.1283264160156,70.95084381103516,85.68867492675781,293.7547302246094,968.7684936523438,58.52589797973633,44.596336364746094,57.060001373291016,54.78608703613281,350.18505859375,300.5852966308594,129.66127014160156,73.37095642089844,306.1157531738281,230.57867431640625,36.066566467285156,501.0458068847656,328.4662780761719,132.08367919921875,169.15975952148438,247.9828643798828,156.57847595214844,257.541748046875,284.9910583496094,26.643218994140625,148.0470428466797,32.01205062866211,75.48265838623047,93.69163513183594,265.11151123046875,366.8935546875,487.0299072265625,638.1026611328125,486.8159484863281,122.85417175292969,321.8846130371094,919.33349609375,85.73021697998047,67.65914916992188,567.1095581054688,144.3335418701172,235.34182739257812,157.21502685546875,390.9432678222656,1191.5400390625,52.995792388916016,180.1899871826172,6482.81982421875,151.83958435058594,87.72000122070312,78.05705261230469,88.56681823730469,151.94140625,26.414268493652344,85.99405670166016,144.53457641601562,200.97669982910156,910.3424072265625,163.31600952148438,37.746665954589844,171.4949493408203,150.11000061035156,129.98988342285156,268.1297607421875,743.01025390625,24.961502075195312,339.85443115234375,354.0179138183594,220.7168426513672,203.71144104003906,311.31280517578125,45.08362579345703,428.6700134277344,402.695556640625,93.7122802734375,119.69054412841797,405.7723388671875,343.9585876464844,26.767681121826172,195.4943389892578,43.39157485961914,152.3709259033203,205.5049591064453,139.8905029296875,425.7339172363281,282.71527099609375,235.34727478027344,95.2346420288086,50.36447525024414,297.8480529785156,257.3483581542969,48.03630065917969,237.5010986328125,114.86599731445312,232.78121948242188,182.75917053222656,156.52757263183594,116.03292846679688
2026-03-19,111.28154754638672,203.0876007080078,199.44024658203125,247.64999389648438,108.79312896728516,126.82633972167969,208.984375,203.00059509277344,356.7664794921875,211.18338012695312,347.29742431640625,432.48052978515625,179.2410125732422,316.15594482421875,280.6361999511719,130.1958465576172,161.9094696044922,318.6661376953125,502.17999267578125,293.1979675292969,3341.580078125,155.43421936035156,171.3408660888672,60.28588104248047,964.1666870117188,481.4800109863281,209.95291137695312,58.5501594543457,686.0687255859375,84.08877563476562,24.65902328491211,84.48756408691406,538.5485229492188,76.23783874511719,330.9776916503906,77.79584503173828,38.372371673583984,181.33694458007812,61.1190299987793,70.79646301269531,199.61172485351562,159.25999450683594,104.91000366210938,189.3128662109375,210.97250366210938,257.99688720703125,70.1989517211914,85.27029418945312,289.9700927734375,969.962646484375,57.99784469604492,44.01266860961914,57.02000045776367,55.49538803100586,346.48858642578125,291.2469482421875,132.87635803222656,73.63040161132812,305.5461120605469,234.07318115234375,36.773555755615234,498.6506042480469,325.76654052734375,130.7400360107422,165.21910095214844,246.77053833007812,157.91351318359375,257.4232482910156,285.2188415527344,26.72195816040039,150.95932006835938,32.82683181762695,75.06536102294922,92.67314147949219,263.3663330078125,362.2324523925781,488.2560119628906,633.3637084960938,489.4769287109375,121.59437561035156,324.2499694824219,897.9571533203125,85.39598846435547,67.66902160644531,566.6602172851562,141.97573852539062,234.88356018066406,156.8391571044922,388.1792297363281,1190.489990234375,52.96605682373047,178.3521270751953,6417.89990234375,154.44143676757812,87.91000366210938,79.74681854248047,89.61234283447266,151.14974975585938,26.501285552978516,85.22023010253906,142.69229125976562,202.48524475097656,897.9802856445312,162.02670288085938,37.349857330322266,177.05458068847656,150.6699981689453,130.79690551757812,270.59698486328125,736.3502197265625,24.971405029296875,338.4516906738281,354.63604736328125,221.74093627929688,199.89732360839844,309.57733154296875,47.57058334350586,428.25,402.2236022949219,94.5741195678711,119.55216217041016,433.5340881347656,337.94097900390625,27.089948654174805,197.6260986328125,43.4212646484375,154.17501831054688,205.47512817382812,142.39337158203125,422.0722351074219,278.8473815917969,232.96961975097656,94.95928955078125,50.344844818115234,298.53533935546875,256.5100402832031,47.929744720458984,236.85189819335938,114.65777587890625,232.821044921875,181.25022888183594,157.09373474121094,114.68818664550781
2026-03-20,110.83343505859375,201.94529724121094,195.95211791992188,247.99000549316406,105.317626953125,123.81135559082031,214.10733032226562,204.54244995117188,356.6166687011719,209.0565643310547,345.1932678222656,437.3427734375,173.38597106933594,324.7732238769531,277.5350341796875,126.29945373535156,158.11744689941406,309.3703918457031,496.2699890136719,293.7646179199219,3282.89990234375,153.051025390625,172.5278778076172,59.92839431762695,952.542236328125,480.94000244140625,206.87709045410156,57.65656280517578,678.3278198242188,81.4100341796875,23.848262786865234,84.11206817626953,531.8695068359375,73.25526428222656,326.1588134765625,76.94366455078125,38.0533447265625,178.8536834716797,61.63539123535156,70.42208862304688,199.89907836914062,156.63999938964844,100.43000030517578,188.55606079101562,208.85768127441406,255.78289794921875,68.10929870605469,85.58906555175781,290.2987976074219,954.4393310546875,56.697269439697266,43.29050064086914,57.06999969482422,55.165714263916016,342.67315673828125,286.4329528808594,124.38935852050781,72.65251159667969,298.61029052734375,231.33531188964844,36.375247955322266,492.8921813964844,318.3620910644531,132.02394104003906,168.64358520507812,238.294189453125,157.84376525878906,254.51931762695312,283.8223571777344,26.170785903930664,149.67596435546875,32.23783493041992,74.2704849243164,89.5385513305664,262.279296875,351.42620849609375,486.6112365722656,623.3492431640625,494.6393737792969,118.93806457519531,319.1300964355469,884.8616333007812,84.69804382324219,67.61969757080078,559.889892578125,140.4735107421875,231.6459197998047,159.72764587402344,381.0447082519531,1204.47998046875,51.90554428100586,172.4989471435547,6369.3798828125,148.6419219970703,87.30000305175781,79.06097412109375,90.4331283569336,148.47784423828125,26.07587242126465,84.39679718017578,142.14060974121094,205.8020782470703,892.3928833007812,161.7688446044922,36.25862121582031,174.20526123046875,149.80999755859375,129.42198181152344,262.2900390625,731.7770385742188,25.11998748779297,328.1651611328125,354.0179138183594,218.0422821044922,197.33799743652344,302.7450256347656,46.38679122924805,420.32000732421875,400.6095886230469,91.06916809082031,120.56037902832031,410.221435546875,333.8728942871094,27.646589279174805,195.08590698242188,43.698333740234375,154.4740447998047,207.34498596191406,140.4788360595703,409.430908203125,274.0249328613281,233.70579528808594,94.2708969116211,50.2957763671875,300.4378662109375,257.8872985839844,48.41408157348633,235.77320861816406,111.22716522216797,230.2422332763672,177.12051391601562,158.5935516357422,114.37178039550781
2026-03-23,111.55040740966797,201.8074188232422,195.98150634765625,247.44000244140625,106.15174865722656,126.03810119628906,216.02096557617188,206.67123413085938,361.3407897949219,212.4914093017578,347.14849853515625,441.29833984375,173.1015625,325.1123352050781,275.2140808105469,130.47315979003906,159.97915649414062,322.0003967285156,507.2799987792969,300.136962890625,3353.239990234375,155.13632202148438,175.43057250976562,62.09316635131836,969.1188354492188,479.9800109863281,205.45364379882812,57.884925842285156,699.0697631835938,80.39192199707031,25.163278579711914,84.14170837402344,546.533447265625,73.45214080810547,319.8732604980469,78.10302734375,38.82099533081055,180.7186279296875,61.50629806518555,70.23490142822266,203.34750366210938,159.97999572753906,102.44999694824219,189.2033233642578,211.77052307128906,260.4202575683594,69.00765228271484,78.98460388183594,288.0678405761719,962.2009887695312,57.11775588989258,43.97309875488281,57.709999084472656,55.33554458618164,344.2488708496094,291.17706298828125,130.7695770263672,75.55622100830078,298.84014892578125,237.65731811523438,37.351097106933594,493.59075927734375,328.4365234375,134.7908172607422,168.88182067871094,244.8682861328125,156.5884246826172,259.527099609375,287.14031982421875,26.13141632080078,150.95034790039062,33.09188461303711,74.62818145751953,92.4160385131836,263.6954345703125,344.0859680175781,476.5430603027344,612.241943359375,498.68560791015625,119.52401733398438,325.8767395019531,876.0413818359375,85.6908950805664,68.231201171875,576.7658081054688,145.80592346191406,231.6459197998047,162.54689025878906,382.1722717285156,1239.0699462890625,52.242530822753906,175.43553161621094,6530.68994140625,153.2696075439453,88.69999694824219,78.5639877319336,91.36139678955078,149.30911254882812,25.882503509521484,85.8650894165039,141.85491943359375,204.90293884277344,904.0166625976562,161.8977813720703,36.6058349609375,175.4859619140625,149.22999572753906,127.87769317626953,277.52105712890625,735.4315795898438,25.219038009643555,337.3573913574219,356.72955322265625,215.4870147705078,194.01185607910156,313.1380920410156,48.993125915527344,432.4800109863281,404.8003845214844,92.79682159423828,121.80582427978516,403.0290832519531,330.8093566894531,28.08604621887207,200.016845703125,44.39101791381836,155.98907470703125,207.63340759277344,144.0087432861328,423.9779052734375,268.00927734375,237.13796997070312,96.05088806152344,50.56074905395508,303.246826171875,263.2266845703125,48.99528503417969,241.38636779785156,111.09827423095703,226.54823303222656,182.38192749023438,160.04371643066406,113.93672943115234
2026-03-24,113.72127532958984,202.0733184814453,189.63233947753906,239.38999938964844,106.93621826171875,126.90516662597656,215.56248474121094,206.22360229492188,373.525634765625,216.65516662597656,345.81854248046875,446.5392150878906,167.0797882080078,326.1695556640625,282.7102355957031,127.76724243164062,160.26332092285156,317.78704833984375,456.6000061035156,300.2264404296875,3345.840087890625,154.8284912109375,171.1956329345703,63.04646301269531,970.5905151367188,479.3299865722656,206.2798309326172,58.162933349609375,713.9437866210938,77.68351745605469,25.18305206298828,83.52904510498047,553.0131225585938,74.1608657836914,326.5179748535156,80.12446594238281,38.7512092590332,177.64697265625,59.818206787109375,71.7225570678711,204.9131622314453,154.72999572753906,101.38999938964844,189.3029022216797,215.052490234375,263.7711181640625,69.60330200195312,71.2046890258789,289.1534118652344,959.782958984375,57.37200164794922,44.40837478637695,56.34000015258789,54.84602737426758,343.119140625,290.2681884765625,141.7926788330078,76.40438079833984,289.02606201171875,240.04672241210938,37.94855880737305,484.74847412109375,328.4464416503906,134.77093505859375,170.9563751220703,237.13113403320312,155.24343872070312,261.7890319824219,289.6065368652344,25.796777725219727,156.4193572998047,33.30784606933594,74.19100189208984,91.34810638427734,265.3907470703125,350.0019836425781,478.3274230957031,606.2014770507812,497.24053955078125,118.95759582519531,323.6511535644531,880.9659423828125,85.11090850830078,68.93146514892578,575.3577880859375,145.9153594970703,242.98265075683594,164.08013916015625,371.9344177246094,1264.4599609375,53.0156135559082,174.99603271484375,6499.93017578125,146.06988525390625,87.98999786376953,77.52030944824219,88.53750610351562,149.02212524414062,26.066204071044922,87.02582550048828,141.03721618652344,206.01187133789062,922.494873046875,162.5225830078125,36.76456069946289,182.79290771484375,142.9600067138672,128.19650268554688,271.9798278808594,740.5838623046875,25.397335052490234,341.7247009277344,360.109130859375,214.03538513183594,193.19525146484375,312.88873291015625,50.246551513671875,415.6199951171875,388.1220703125,94.32588958740234,124.82056427001953,423.917724609375,326.751220703125,28.193470001220703,205.5753631591797,44.84620666503906,157.86294555664062,210.1199188232422,143.60989379882812,429.10626220703125,270.73370361328125,238.43124389648438,96.8081283569336,51.16920471191406,302.5694885253906,266.17083740234375,49.314945220947266,245.3215789794922,112.11952209472656,223.9694061279297,179.7710723876953,164.2650604248047,114.62886047363281
2026-03-25,112.50639343261719,204.02313232421875,188.40756225585938,235.4199981689453,107.04544830322266,126.41252136230469,212.85150146484375,203.63723754882812,368.88140869140625,215.0076446533203,351.27734375,450.24566650390625,164.04928588867188,320.604248046875,286.50274658203125,128.53607177734375,160.35150146484375,318.30621337890625,460.1499938964844,298.4767761230469,3386.139892578125,157.16204833984375,169.08493041992188,62.18253707885742,975.8508911132812,476.19000244140625,210.3411102294922,58.828163146972656,716.3447265625,76.07231903076172,25.440122604370117,84.47767639160156,551.62744140625,74.25930786132812,324.3329772949219,81.08563995361328,39.44906997680664,176.37045288085938,59.37135696411133,71.11173248291016,203.2880401611328,152.9199981689453,100.05000305175781,186.3652801513672,214.63351440429688,267.81011962890625,69.51541900634766,72.82840728759766,294.89007568359375,961.1959838867188,57.166648864746094,44.88322448730469,56.63999938964844,54.72614288330078,349.3327941894531,296.1907958984375,146.1260528564453,76.44429779052734,289.4158020019531,243.70054626464844,38.46635437011719,483.0518798828125,330.0345458984375,133.4671173095703,172.95150756835938,237.91964721679688,156.24969482421875,263.1817626953125,292.59771728515625,25.954254150390625,154.18521118164062,33.356929779052734,74.76728057861328,91.16022491455078,265.291015625,350.59954833984375,490.78802490234375,620.1402587890625,501.05755615234375,118.79158020019531,326.146240234375,878.7783203125,86.39867401123047,69.42460632324219,588.578857421875,147.28826904296875,240.332763671875,163.86251831054688,370.2381286621094,1265.75,52.510135650634766,178.47198486328125,6552.2001953125,145.00730895996094,91.16000366210938,78.22602844238281,91.22460174560547,150.15025329589844,26.37559700012207,88.01791381835938,141.78594970703125,202.6450958251953,919.481689453125,164.13919067382812,36.86376190185547,179.98330688476562,143.55999755859375,129.87033081054688,277.5708312988281,748.3522338867188,25.51620101928711,344.14215087890625,359.5408935546875,214.31378173828125,194.19110107421875,321.1174011230469,51.61935806274414,410.1300048828125,385.5547180175781,94.64362335205078,125.45316314697266,412.9255676269531,325.8957824707031,28.134872436523438,209.21131896972656,44.91547775268555,159.218505859375,210.21939086914062,145.76373291015625,433.01739501953125,269.0135192871094,240.08267211914062,96.73928833007812,50.923858642578125,303.7149658203125,268.9952087402344,48.79186248779297,248.018310546875,111.76258087158203,223.8798065185547,180.60494995117188,162.1593475341797,115.40011596679688
2026-03-26,113.00430297851562,207.90309143066406,192.4541778564453,239.8300018310547,107.81005859375,126.95442962646484,209.5724334716797,206.0743865966797,338.129638671875,211.15342712402344,350.51312255859375,446.5192565917969,165.66751098632812,322.9181213378906,289.544677734375,122.94451904296875,160.11634826660156,308.9310607910156,450.4599914550781,297.6318054199219,3395.969970703125,156.2782745361328,168.1277313232422,61.924354553222656,963.0331420898438,475.2699890136719,206.7476806640625,54.28076934814453,700.55419921875,77.07067108154297,24.995195388793945,83.14366912841797,528.340576171875,75.1353759765625,317.2991943359375,81.41264343261719,39.42913055419922,168.39215087890625,60.33456039428711,70.12652587890625,205.90408325195312,151.9600067138672,93.69000244140625,187.26150512695312,208.6980743408203,263.5317687988281,69.10529327392578,69.4813461303711,293.05755615234375,958.6485595703125,58.193416595458984,44.626014709472656,55.540000915527344,54.7561149597168,352.0877990722656,284.8848876953125,135.11293029785156,75.43647766113281,280.5711364746094,235.02896118164062,38.62567901611328,479.3592834472656,325.9848937988281,134.2533721923828,173.8448486328125,238.1956024169922,155.38291931152344,258.1640625,288.8736267089844,25.855831146240234,144.9280242919922,33.445281982421875,74.21087646484375,90.09229278564453,267.6445617675781,347.93035888671875,493.9280700683594,623.2498779296875,499.0543518066406,119.28964233398438,325.0982971191406,862.606201171875,86.18241119384766,68.78351593017578,579.2821655273438,143.24916076660156,247.3659210205078,161.46864318847656,365.1790771484375,1270.0,51.60820770263672,171.04066467285156,6530.22021484375,141.819580078125,92.2699966430664,76.97362518310547,91.4493408203125,149.25962829589844,26.655982971191406,88.23617553710938,140.30819702148438,202.70504760742188,899.4270629882812,161.15394592285156,37.24073028564453,182.68370056152344,144.00999450683594,130.0596160888672,272.586669921875,755.6014404296875,25.268566131591797,331.91571044921875,353.72882080078125,216.02392578125,192.05003356933594,318.7236022949219,52.037166595458984,401.95001220703125,389.3019104003906,94.862060546875,124.20773315429688,378.5201110839844,330.8988952636719,28.24229621887207,202.41757202148438,44.49987030029297,157.0555877685547,210.44813537597656,141.00732421875,406.2082214355469,266.5277404785156,237.9537353515625,95.88370513916016,50.62944412231445,304.3325500488281,266.01116943359375,49.150272369384766,245.24168395996094,113.0515365600586,225.53262329101562,179.24493408203125,164.31471252441406,115.32100677490234
2026-03-27,109.77787780761719,206.2093048095703,188.71131896972656,229.83999633789062,107.9590072631836,128.18605041503906,206.41294860839844,201.64772033691406,336.7513732910156,208.92677307128906,346.156005859375,435.22052001953125,166.25596618652344,312.834716796875,288.5767822265625,123.43378448486328,157.56875610351562,300.2048645019531,429.94000244140625,290.5535888671875,3316.7099609375,153.42835998535156,162.07814025878906,62.77834701538086,928.6170654296875,468.489990234375,205.6328125,53.8637580871582,692.7933959960938,77.68351745605469,23.91747283935547,83.2918930053711,521.6017456054688,75.01725006103516,311.7320251464844,79.19300842285156,39.548763275146484,165.2606658935547,59.31177520751953,69.04280853271484,209.23358154296875,146.60000610351562,94.05000305175781,181.14419555664062,206.09446716308594,260.65960693359375,68.6463623046875,66.97105407714844,285.2294006347656,958.260498046875,57.450233459472656,44.46773147583008,53.900001525878906,53.86698913574219,343.6443786621094,282.4579162597656,136.6006317138672,72.82215118408203,273.5953369140625,229.14501953125,40.24877166748047,470.9062194824219,319.25537109375,131.6955108642578,168.69200134277344,232.94224548339844,152.10508728027344,255.8626251220703,280.13787841796875,26.04448699951172,144.1370391845703,33.40601348876953,75.22432708740234,89.24189758300781,263.4760437011719,341.615966796875,489.5718688964844,611.8346557617188,482.60028076171875,117.74664306640625,316.9144592285156,859.2099609375,86.36080169677734,66.77149963378906,570.125244140625,142.3040313720703,250.95223999023438,156.68087768554688,355.9989318847656,1232.0400390625,50.91441345214844,167.32498168945312,6450.759765625,138.69142150878906,90.11000061035156,75.49259185791016,89.58302307128906,151.4466094970703,26.143552780151367,86.32144927978516,140.59390258789062,198.64894104003906,886.4364013671875,162.19529724121094,37.349857330322266,186.9229278564453,137.61000061035156,126.64225006103516,260.4495849609375,736.6098022460938,24.921878814697266,327.0206604003906,350.4190368652344,214.59217834472656,188.9230499267578,314.5544128417969,53.2209587097168,380.4700012207031,383.4404296875,95.19964599609375,121.10401916503906,379.7991943359375,325.68695068359375,28.41807746887207,201.3616485595703,44.0644645690918,154.61358642578125,209.68231201171875,138.44464111328125,409.30120849609375,257.54901123046875,237.5557861328125,93.22846984863281,49.90322494506836,294.36175537109375,260.94122314453125,48.733741760253906,240.81707763671875,113.3886489868164,224.08888244628906,174.01332092285156,169.8372344970703,112.07781982421875
2026-03-30,111.54045867919922,209.87261962890625,193.56137084960938,235.67999267578125,108.91229248046875,129.19102478027344,215.23358154296875,206.18382263183594,322.71881103515625,208.0580596923828,346.38427734375,436.8346252441406,167.0797882080078,323.2073669433594,287.9545593261719,118.97051239013672,158.30361938476562,292.94635009765625,415.07000732421875,295.742919921875,3342.510009765625,153.6071014404297,164.28738403320312,60.2560920715332,928.8258666992188,474.6600036621094,205.36404418945312,53.97297668457031,664.92822265625,78.76094818115234,23.6900634765625,84.71484375,510.097900390625,76.00160217285156,309.2178039550781,76.3392105102539,39.648460388183594,168.20265197753906,60.63246154785156,69.10191345214844,208.79759216308594,148.00999450683594,94.97000122070312,183.50929260253906,202.31373596191406,261.77655029296875,70.15013122558594,67.71817016601562,283.6358947753906,959.3052978515625,57.977752685546875,44.63590621948242,54.529998779296875,53.567283630371094,337.7279968261719,272.9098205566406,128.35328674316406,72.60263061523438,272.9757385253906,225.00335693359375,39.093685150146484,466.8942565917969,321.09161376953125,133.80551147460938,165.60928344726562,233.8391571044922,156.35928344726562,253.04759216308594,281.0589904785156,26.26293182373047,138.08175659179688,33.03298568725586,75.78073120117188,83.93187713623047,262.88763427734375,338.558349609375,497.68621826171875,594.6769409179688,492.3272399902344,118.86970520019531,318.68096923828125,859.2399291992188,84.97332000732422,67.33367156982422,572.7515258789062,141.78671264648438,244.2279052734375,156.6610870361328,358.1842041015625,1247.9300537109375,50.78556823730469,164.97772216796875,6499.33984375,137.83738708496094,92.11000061035156,75.87030792236328,90.9900894165039,155.18727111816406,26.84935188293457,87.53179168701172,142.57408142089844,201.19650268554688,859.5371704101562,163.47470092773438,37.71690368652344,183.4779510498047,139.66000366210938,126.60240173339844,260.02178955078125,748.1724853515625,25.001121520996094,325.80364990234375,347.438232421875,220.4086151123047,186.3736572265625,315.0830383300781,51.261234283447266,383.1400146484375,394.1534423828125,95.89468383789062,121.99361419677734,362.1717529296875,324.3541259765625,28.10557746887207,197.87513732910156,44.173316955566406,155.28138732910156,212.78546142578125,136.5301055908203,403.0154724121094,260.3033142089844,237.99351501464844,93.3759765625,49.93266677856445,298.36602783203125,266.4103698730469,48.724056243896484,237.08160400390625,114.35041046142578,228.96775817871094,175.55203247070312,170.31399536132812,115.02437591552734
2026-03-31,113.76119232177734,214.17604064941406,194.2864227294922,239.39999389648438,109.15060424804688,129.151611328125,215.8614959716797,206.25344848632812,341.3656311035156,214.03909301757812,349.21295166015625,442.78289794921875,169.25704956054688,321.93072509765625,286.89776611328125,126.15966796875,161.8406524658203,309.02093505859375,424.69000244140625,300.70361328125,3377.780029296875,156.1293182373047,167.990478515625,60.623504638671875,956.3209838867188,479.20001220703125,210.3411102294922,55.909095764160156,705.8045043945312,80.37214660644531,25.58843231201172,84.22076416015625,536.3355102539062,76.36581420898438,313.41815185546875,76.88420867919922,40.92454528808594,168.6813507080078,60.92042922973633,70.75704956054688,205.02215576171875,150.14999389648438,100.08999633789062,189.2074737548828,207.93992614746094,265.2969665527344,71.45861053466797,71.49356079101562,291.5636291503906,975.4156494140625,58.541893005371094,45.90217590332031,55.79999923706055,55.225650787353516,340.13616943359375,283.4167175292969,135.76193237304688,74.33885955810547,286.68743896484375,230.98684692382812,38.824832916259766,472.2934265136719,326.4414978027344,134.59176635742188,172.9818878173828,238.90525817871094,156.69802856445312,258.7232360839844,291.3497314453125,26.143779754638672,147.05331420898438,32.91518020629883,75.56214904785156,85.86997985839844,266.078857421875,343.75726318359375,494.1972351074219,600.4591064453125,497.96807861328125,119.26033782958984,326.4256896972656,864.4042358398438,85.87518310546875,69.75007629394531,587.8399658203125,144.48277282714844,243.25161743164062,162.794189453125,369.3699951171875,1261.199951171875,52.35155487060547,174.1969757080078,6589.830078125,146.08975219726562,92.30999755859375,76.61579132080078,90.01296997070312,153.67318725585938,27.149072647094727,89.39691162109375,142.29823303222656,198.04953002929688,893.2210693359375,163.98049926757812,37.895469665527344,180.8668975830078,142.49000549316406,128.3061065673828,273.76055908203125,771.4877319335938,25.87279510498047,343.1512145996094,357.7763366699219,217.76388549804688,192.0998077392578,319.72100830078125,51.12196350097656,396.4800109863281,401.4684753417969,96.4804916381836,125.09732818603516,391.4808654785156,327.7151184082031,28.31065559387207,208.2151641845703,45.48941421508789,159.1786346435547,208.8965606689453,140.7081756591797,415.79644775390625,269.0533142089844,241.36599731445312,96.74911499023438,51.568660736083984,301.055419921875,271.75970458984375,48.62718963623047,249.60638427734375,114.78667449951172,228.79847717285156,181.00205993652344,168.51620483398438,116.8832778930664
2026-04-01,114.32011413574219,211.70428466796875,193.08126831054688,237.8699951171875,110.01451873779297,129.73292541503906,215.62228393554688,203.03042602539062,353.3606872558594,218.30270385742188,350.6322021484375,435.0810546875,167.72708129882812,320.4945068359375,287.6431579589844,127.50762939453125,163.37631225585938,312.99462890625,423.57000732421875,299.6796875,3426.469970703125,155.24554443359375,166.96266174316406,59.9184684753418,952.03515625,478.5,211.55947875976562,56.494895935058594,727.58251953125,79.89768981933594,26.280546188354492,84.39863586425781,548.3677368164062,76.70049285888672,316.9300537109375,77.22112274169922,41.3133544921875,171.573486328125,60.82113265991211,71.4171371459961,195.61830139160156,150.5,100.91000366210938,190.39500427246094,206.79275512695312,268.8074035644531,71.84920501708984,70.4376449584961,297.2903137207031,991.078125,58.93777847290039,46.12970733642578,55.45000076293945,55.84504699707031,347.3804931640625,292.31561279296875,142.16212463378906,74.87769317626953,294.7226257324219,236.5223388671875,37.83902359008789,473.8004150390625,327.1064758300781,134.01451110839844,176.53350830078125,239.6444854736328,157.4950714111328,258.97174072265625,292.5580749511719,25.5083065032959,151.79025268554688,32.277103424072266,75.59195709228516,84.48562622070312,271.99261474609375,352.48193359375,492.2733154296875,613.6229248046875,489.98516845703125,119.6802749633789,332.8030700683594,871.3565673828125,85.29045867919922,70.19390869140625,598.0653076171875,144.50267028808594,237.2545166015625,164.3769073486328,368.57171630859375,1274.050048828125,44.23419189453125,175.54541015625,6664.18994140625,144.22279357910156,92.0999984741211,76.98355865478516,88.83064270019531,153.0398406982422,27.603492736816406,89.36714935302734,141.95343017578125,193.17420959472656,918.6934814453125,156.036376953125,38.06411361694336,174.37403869628906,142.52000427246094,126.8116226196289,280.6050720214844,776.0908203125,26.09071159362793,352.14923095703125,367.78546142578125,219.384521484375,193.91226196289062,324.8576965332031,49.76905822753906,396.739990234375,401.30804443359375,96.71879577636719,127.61479949951172,422.8185119628906,328.5229797363281,27.646589279174805,210.85496520996094,46.221675872802734,161.5010223388672,203.1477508544922,143.93894958496094,427.1706848144531,272.424072265625,241.86341857910156,96.28691101074219,52.30238342285156,297.340087890625,279.5741882324219,47.842567443847656,255.7189483642578,115.18327331542969,230.00326538085938,179.0563201904297,159.69607543945312,115.97360229492188
2026-04-02,115.25830841064453,205.6578369140625,197.2650604248047,238.0800018310547,110.8982925415039,130.7280731201172,216.88807678222656,205.945068359375,348.0373229980469,217.9632110595703,345.3322448730469,432.3609924316406,170.3848876953125,322.289794921875,291.7377014160156,127.80718231201172,164.48597717285156,314.0529479980469,412.80999755859375,299.36053466796875,3400.5400390625,153.42835998535156,167.3516845703125,59.95819091796875,961.143798828125,477.3500061035156,213.58506774902344,55.3133659362793,714.5315551757812,83.8021240234375,25.351137161254883,84.13182830810547,547.958984375,77.35015869140625,324.05364990234375,78.7254867553711,41.09402847290039,173.86724853515625,62.10210037231445,72.40233612060547,197.1641387939453,156.4499969482422,98.30999755859375,190.7243194580078,204.87745666503906,263.56170654296875,71.73202514648438,68.85377502441406,299.521240234375,995.446533203125,59.6503791809082,45.803245544433594,56.15999984741211,56.02486801147461,345.95343017578125,280.8099670410156,147.69363403320312,72.38310241699219,294.2828674316406,236.6019744873047,38.00830078125,470.896240234375,319.23553466796875,135.5472412109375,177.41143798828125,244.59231567382812,162.37692260742188,256.6557312011719,291.7855224609375,25.130992889404297,151.4906463623047,32.36545181274414,76.22785186767578,85.52389526367188,272.9699401855469,354.5635070800781,501.01568603515625,618.7393798828125,491.76910400390625,121.95570373535156,331.2760925292969,883.3033447265625,85.85536193847656,69.75007629394531,596.3278198242188,143.7266845703125,240.81094360351562,164.0207977294922,372.6528625488281,1259.93994140625,43.798091888427734,177.18348693847656,6663.14013671875,145.36480712890625,91.41999816894531,77.3910903930664,89.6025619506836,155.37527465820312,27.38111686706543,89.3869857788086,140.997802734375,195.163330078125,906.0121459960938,156.800048828125,38.33196258544922,174.93994140625,142.64999389648438,126.3333969116211,272.17877197265625,760.7138061523438,26.219480514526367,347.17138671875,363.8974304199219,222.54031372070312,195.39608764648438,317.1776123046875,49.182132720947266,395.95001220703125,406.96185302734375,98.49608612060547,128.16207885742188,429.0540466308594,330.65728759765625,27.666120529174805,208.26498413085938,46.66697311401367,160.76344299316406,200.31312561035156,140.79791259765625,426.10308837890625,275.6854553222656,243.44520568847656,96.55243682861328,52.50068664550781,299.6210632324219,279.3246765136719,47.852256774902344,253.6015167236328,116.58130645751953,234.40419006347656,178.8577880859375,159.60667419433594,116.6163101196289
2026-04-06,114.6195297241211,203.5406036376953,194.93310546875,237.72000122070312,110.65997314453125,130.41278076171875,218.54257202148438,207.26809692382812,352.1821594238281,218.093017578125,340.00250244140625,428.8338623046875,172.74850463867188,325.31182861328125,292.30419921875,126.29945373535156,164.9318084716797,313.9331359863281,413.07000732421875,304.8953857421875,3438.35009765625,154.23269653320312,175.74818420410156,60.27595138549805,954.0338134765625,476.3800048828125,212.1581573486328,55.194217681884766,718.5365600585938,85.57147979736328,25.677419662475586,83.52904510498047,550.26171875,77.10407257080078,320.22247314453125,80.14019775390625,41.353233337402344,171.2244415283203,61.913429260253906,72.19544219970703,197.0551300048828,155.07000732421875,101.63999938964844,191.7222442626953,206.97230529785156,266.3042297363281,71.85896301269531,70.63688659667969,301.3836669921875,1011.0792846679688,59.442535400390625,45.37786102294922,56.31999969482422,56.65424728393555,348.2327575683594,288.3305969238281,146.27581787109375,73.27117919921875,297.48095703125,241.7193145751953,37.659786224365234,482.95208740234375,324.2181396484375,135.77615356445312,182.2200927734375,243.19273376464844,165.77430725097656,256.92413330078125,294.125,25.51823616027832,153.80967712402344,32.58141326904297,76.72463989257812,87.58065795898438,273.7078857421875,357.2825012207031,497.8955383300781,633.7511596679688,499.80181884765625,121.8971176147461,337.3341369628906,855.82373046875,85.50849151611328,70.06568908691406,597.6259765625,143.75653076171875,240.48219299316406,164.75282287597656,372.0741271972656,1266.6300048828125,43.63951110839844,177.43319702148438,6715.4501953125,144.53062438964844,92.12999725341797,77.63958740234375,89.74913787841797,155.0981903076172,26.90736198425293,90.38899993896484,140.6529998779297,196.29283142089844,910.0430297851562,159.02162170410156,38.41132354736328,176.05186462402344,144.36000061035156,125.267333984375,274.27789306640625,761.9019775390625,26.48692512512207,357.71563720703125,366.0508117675781,220.21710205078125,197.5869598388672,315.57177734375,49.520362854003906,397.07000732421875,409.7463073730469,97.31453704833984,129.5551300048828,452.9770202636719,331.4152526855469,27.656356811523438,208.92242431640625,47.14195251464844,161.29171752929688,197.53819274902344,143.29080200195312,429.9144592285156,279.76214599609375,244.27090454101562,95.54934692382812,52.98652648925781,302.1411437988281,281.07122802734375,47.61008834838867,253.72137451171875,115.738525390625,232.7911834716797,181.2899169921875,162.2686004638672,116.9327163696289
2026-04-07,113.661376953125,203.22547912597656,193.31642150878906,234.9600067138672,110.55074310302734,130.96453857421875,216.84820556640625,209.42672729492188,353.8700866699219,217.4240264892578,337.4517517089844,430.4878234863281,170.72816467285156,321.6215515136719,290.58489990234375,128.18661499023438,166.18016052246094,333.4422607421875,372.8699951171875,306.19183349609375,3387.0,153.87521362304688,172.97515869140625,60.82210922241211,953.0891723632812,478.0799865722656,212.30784606933594,55.045284271240234,721.7245483398438,83.93062591552734,24.916095733642578,82.14562225341797,555.0367431640625,77.36000061035156,320.15264892578125,80.37930297851562,41.29341506958008,169.81825256347656,61.059452056884766,77.06233978271484,199.71080017089844,155.89999389648438,100.26000213623047,190.6145477294922,207.0321502685547,261.54718017578125,71.75816345214844,68.90357971191406,310.5662841796875,1002.3324584960938,59.59099197387695,45.150325775146484,55.31999969482422,56.814090728759766,345.2993469238281,288.24072265625,148.292724609375,72.60263061523438,303.7471923828125,240.20602416992188,38.555973052978516,488.6007385253906,316.3968200683594,135.1192626953125,196.6859588623047,241.5467529296875,165.6846466064453,257.4807434082031,296.0662536621094,25.28986167907715,154.68756103515625,32.68939971923828,75.42304992675781,84.66361999511719,268.4324035644531,352.5715637207031,493.0309143066406,623.6174926757812,496.59271240234375,121.38929748535156,330.278076171875,855.6738891601562,85.6472396850586,70.22349548339844,593.5817260742188,143.6072998046875,244.48690795898438,166.61253356933594,371.48541259765625,1270.0,42.31139373779297,177.89266967773438,6492.240234375,142.1770782470703,91.36000061035156,77.36127471923828,89.51463317871094,151.61485290527344,26.201562881469727,90.33939361572266,139.2047882080078,196.76263427734375,910.9110107421875,156.19505310058594,38.550209045410156,173.44081115722656,143.9199981689453,123.61344146728516,266.3291015625,759.1361694335938,26.358156204223633,348.6777038574219,368.23406982421875,219.73849487304688,197.09898376464844,313.1480407714844,50.08738708496094,397.8999938964844,405.923583984375,97.76133728027344,130.56015014648438,468.3860168457031,331.1858825683594,27.382917404174805,210.16761779785156,47.32997131347656,157.0655517578125,199.457763671875,139.80076599121094,430.87225341796875,305.982421875,244.8379669189453,95.95254516601562,53.24432373046875,301.3642272949219,277.2987060546875,47.0966911315918,255.73890686035156,115.94673919677734,232.30328369140625,178.61952209472656,162.8049774169922,115.48910522460938
2026-04-08,116.69554138183594,208.36593627929688,189.92626953125,240.64999389648438,112.07003021240234,132.7282257080078,220.06748962402344,210.9586639404297,385.2410888671875,230.14495849609375,347.188232421875,451.4512634277344,172.7877197265625,328.8923645019531,294.77880859375,135.1161651611328,166.94305419921875,350.0759582519531,391.5299987792969,315.4764099121094,3464.929931640625,155.99029541015625,180.54611206054688,62.71876525878906,995.927734375,479.75,214.6627197265625,57.874996185302734,768.6878662109375,84.53358459472656,27.71421241760254,84.53697967529297,594.7819213867188,77.5864028930664,324.183349609375,83.38804626464844,42.01121520996094,174.11656188964844,60.57288360595703,77.6239013671875,191.13931274414062,160.69000244140625,106.3499984741211,195.78382873535156,216.15977478027344,272.7666320800781,73.47774505615234,71.16484069824219,316.94036865234375,1012.6514282226562,60.1749267578125,47.66307830810547,56.630001068115234,59.321624755859375,346.87506103515625,307.6764831542969,164.84735107421875,76.57401275634766,314.5506896972656,251.6752166748047,37.639869689941406,504.10968017578125,333.6573486328125,138.24444580078125,197.9230499267578,238.26461791992188,167.16912841796875,267.8877258300781,306.5888366699219,25.657245635986328,167.02081298828125,32.35563659667969,76.79419708251953,87.6399917602539,273.9671936035156,360.5093994140625,498.9023742675781,624.4122924804688,505.40277099609375,123.13737487792969,347.8932800292969,870.2177734375,87.8572998046875,73.32042694091797,623.4690551757812,148.40249633789062,231.09800720214844,174.12063598632812,373.52099609375,1322.760009765625,42.747493743896484,181.8680419921875,6755.5,142.66368103027344,93.05999755859375,79.07091522216797,87.83396911621094,153.18829345703125,26.559295654296875,93.45454406738281,142.75140380859375,198.0020751953125,963.871337890625,159.61668395996094,38.83789825439453,166.7891082763672,144.32000732421875,127.04077911376953,277.8195495605469,774.3734130859375,27.21001625061035,374.484619140625,388.7707214355469,215.87974548339844,202.63592529296875,334.80194091796875,51.60940933227539,410.1600036621094,412.43634033203125,98.17835998535156,135.45578002929688,495.9463806152344,339.104736328125,26.709087371826172,222.1712188720703,48.77470397949219,161.1123046875,196.56349182128906,150.1412353515625,448.4523620605469,304.2423400878906,247.8224639892578,98.78479766845703,54.890235900878906,307.74908447265625,291.9994812011719,46.53486251831055,269.3323974609375,116.28385162353516,230.431396484375,186.1641845703125,155.16680908203125,118.40599060058594
2026-04-09,115.1684799194336,209.16358947753906,183.81971740722656,225.1300048828125,113.51981353759766,135.13232421875,217.6654815673828,213.3958282470703,397.3160705566406,233.1404571533203,352.9348449707031,451.2519836425781,176.46551513671875,324.5438232421875,295.90185546875,137.47259521484375,166.9529571533203,354.34918212890625,351.3299865722656,316.9024963378906,3548.18994140625,154.37171936035156,176.15716552734375,62.97694778442383,996.00732421875,485.20001220703125,215.33126831054688,61.02242660522461,784.1197509765625,85.57147979736328,27.536239624023438,85.02117156982422,609.0770263671875,78.68887329101562,321.7190246582031,82.86002349853516,42.36014938354492,173.67776489257812,58.785484313964844,77.67315673828125,188.6322784423828,154.5500030517578,109.7699966430664,192.5904541015625,217.78578186035156,271.72943115234375,74.93050384521484,73.0077133178711,315.58587646484375,1026.492919921875,59.83842086791992,48.573204040527344,56.40999984741211,60.1707878112793,340.81005859375,312.6302795410156,169.5401611328125,76.56404113769531,316.1797180175781,255.3987274169922,37.53033447265625,506.175537109375,337.0518798828125,139.73736572265625,196.85557556152344,233.77015686035156,161.37066650390625,271.5356140136719,308.938232421875,26.233142852783203,172.50582885742188,32.36545181274414,77.67848205566406,87.9366455078125,272.5111999511719,356.5255432128906,501.7134704589844,619.8123779296875,502.7272644042969,122.67838287353516,352.2347106933594,872.46533203125,87.1239242553711,73.62618255615234,624.607421875,149.7256622314453,222.67018127441406,176.237548828125,372.26373291015625,1335.0,43.609779357910156,183.69590759277344,6798.75,137.38204956054688,94.4000015258789,80.76067352294922,85.85040283203125,155.8502960205078,26.317584991455078,91.58942413330078,144.48532104492188,199.79129028320312,980.7731323242188,159.92413330078125,39.492637634277344,159.9090576171875,139.19000244140625,127.27989959716797,274.4669189453125,766.704833984375,27.883581161499023,384.2008972167969,393.685546875,216.3683319091797,202.34713745117188,334.8617858886719,52.265968322753906,404.9200134277344,400.5057373046875,99.04218292236328,137.80409240722656,500.4131774902344,338.237060546875,26.21103858947754,227.74966430664062,49.95226287841797,164.46133422851562,196.4739532470703,152.18539428710938,459.0682678222656,305.16705322265625,249.85191345214844,99.955078125,55.85200881958008,307.0817565917969,292.4385986328125,46.28300857543945,270.61083984375,117.77111053466797,232.09420776367188,189.91664123535156,153.99476623535156,118.64330291748047
2026-04-10,114.839111328125,204.7715606689453,177.39694213867188,218.4499969482422,112.65589904785156,134.29481506347656,212.84153747558594,209.8843231201172,398.9939880371094,234.55833435058594,348.3891296386719,444.7158508300781,175.8378448486328,311.7475891113281,296.8658447265625,140.53797912597656,168.2112274169922,370.9628601074219,345.94000244140625,312.6441650390625,3430.449951171875,153.14039611816406,173.02503967285156,62.39107131958008,993.7102661132812,479.8999938964844,215.05186462402344,62.889041900634766,787.6963500976562,85.29470825195312,27.66477394104004,83.34129333496094,614.2108764648438,78.13764190673828,320.0827941894531,81.91356658935547,42.11091232299805,174.4556427001953,57.51444625854492,78.1559066772461,186.83871459960938,152.5800018310547,107.86000061035156,189.2174530029297,216.58871459960938,272.5472106933594,74.83168029785156,72.39009857177734,310.26751708984375,1025.1695556640625,60.51143264770508,48.6424560546875,56.09000015258789,58.30262756347656,333.6814270019531,307.96612548828125,170.97796630859375,76.25470733642578,315.53009033203125,255.7571563720703,37.43075942993164,494.4789733886719,334.8285827636719,136.58233642578125,191.69772338867188,227.44244384765625,160.0057373046875,268.8916320800781,308.4803161621094,26.382081985473633,173.5065460205078,32.08076858520508,76.97303771972656,87.9761962890625,260.2149658203125,352.1632080078125,501.5639343261719,609.7283935546875,497.82550048828125,123.43035125732422,353.4024353027344,864.6439208984375,86.43017578125,72.86673736572266,630.6288452148438,149.5465850830078,221.77359008789062,175.72314453125,370.0684814453125,1325.010009765625,42.24201583862305,188.41041564941406,6750.0400390625,137.6112518310547,93.01000213623047,79.46849822998047,83.61277770996094,155.4247589111328,26.027530670166016,91.07353973388672,143.007568359375,194.04383850097656,982.0103149414062,159.13070678710938,39.33391189575195,158.1021728515625,133.44000244140625,127.58875274658203,275.5115051269531,747.753173828125,27.23973274230957,378.9437255859375,394.78216552734375,214.03514099121094,200.72389221191406,335.2407531738281,51.649200439453125,392.239990234375,392.105224609375,98.11878204345703,138.72947692871094,502.7715148925781,338.24700927734375,26.11038589477539,228.89523315429688,49.08146286010742,161.0724334716797,194.6538543701172,149.87200927734375,464.65557861328125,302.6016845703125,249.21522521972656,100.01407623291016,55.18769073486328,303.1671142578125,294.89373779296875,45.268306732177734,266.95526123046875,116.54164123535156,228.45994567871094,187.75253295898438,151.4818115234375,116.5372085571289
2026-04-13,117.27442932128906,203.32395935058594,189.66937255859375,227.13999938964844,110.99758911132812,132.48190307617188,221.76185607910156,213.96282958984375,395.2386779785156,234.11898803710938,347.1981506347656,453.40411376953125,177.45606994628906,324.5438232421875,296.80621337890625,145.05117797851562,167.9833526611328,379.1499328613281,359.6300048828125,322.9360046386719,3514.469970703125,154.3419189453125,176.80552673339844,62.12295913696289,1017.9138793945312,480.19000244140625,213.7147674560547,63.862064361572266,788.7622680664062,86.07559967041016,27.43736457824707,82.98556518554688,616.34423828125,77.2221908569336,318.3866882324219,82.04307556152344,42.22057342529297,175.20361328125,60.106170654296875,76.93425750732422,190.03939819335938,159.61000061035156,108.13999938964844,195.4644775390625,218.7035369873047,274.4520263671875,71.54074096679688,74.26286315917969,314.78912353515625,1051.6385498046875,60.15513229370117,45.30861282348633,58.790000915527344,59.76118850708008,339.266845703125,311.5116882324219,174.9019317626953,76.66382598876953,319.01800537109375,260.41650390625,38.446441650390625,496.42510986328125,338.6201477050781,138.41366577148438,197.76341247558594,234.40097045898438,163.70201110839844,272.8576354980469,312.2732238769531,25.855831146240234,176.6525421142578,31.48195457458496,75.91984558105469,88.78703308105469,263.4560546875,356.5056457519531,507.2658996582031,615.6595458984375,507.7288818359375,122.94205474853516,358.8516540527344,863.6151123046875,87.2131118774414,74.32644653320312,634.3834228515625,152.00387573242188,224.43344116210938,179.1853790283203,383.539306640625,1345.8900146484375,42.52944564819336,189.08961486816406,6781.68994140625,155.08047485351562,94.01000213623047,81.27754211425781,87.27700805664062,154.25704956054688,26.43360710144043,92.8096923828125,141.4509735107422,199.48143005371094,987.2584838867188,161.41180419921875,39.18510437011719,159.24388122558594,134.2100067138672,130.75706481933594,280.9532775878906,745.3468017578125,27.56661033630371,376.060791015625,406.52593994140625,212.85858154296875,200.57452392578125,333.5152587890625,51.649200439453125,417.7699890136719,405.9424743652344,95.54716491699219,140.9185791015625,512.914306640625,346.3154602050781,25.271617889404297,233.42770385742188,49.48717498779297,158.80984497070312,191.39154052734375,149.54293823242188,471.8692321777344,311.22247314453125,250.04092407226562,100.32877349853516,56.03047561645508,308.17742919921875,296.5604248046875,44.658695220947266,268.713134765625,115.33200073242188,230.00326538085938,192.1105499267578,151.61094665527344,118.73229217529297
2026-04-14,120.15888214111328,207.0561981201172,188.10813903808594,228.58999633789062,111.07703399658203,133.46717834472656,219.18045043945312,213.75393676757812,395.1487731933594,234.0091552734375,348.3197021484375,460.30889892578125,174.74197387695312,322.1700744628906,294.7987060546875,148.4959716796875,169.41995239257812,380.17828369140625,380.8599853515625,326.0674133300781,3508.5,154.6398162841797,180.6658172607422,61.0604362487793,1048.6507568359375,477.5400085449219,214.4831085205078,64.19965362548828,791.2728881835938,85.27493286132812,28.366777420043945,83.16343688964844,613.6326904296875,77.5864028930664,319.1649169921875,82.30210876464844,42.38008499145508,175.66236877441406,59.619606018066406,76.47122192382812,185.32260131835938,163.5500030517578,107.80999755859375,198.19882202148438,217.9453887939453,272.38763427734375,71.52098083496094,76.12565612792969,312.08013916015625,1052.166015625,60.72917175292969,44.141273498535156,59.02000045776367,59.65129852294922,338.3907165527344,317.6040954589844,172.5555419921875,79.28813171386719,330.38116455078125,263.3136901855469,37.351097106933594,497.66259765625,340.1585693359375,138.1150665283203,195.74818420410156,236.8157501220703,161.44039916992188,270.6112365722656,309.7247009277344,25.83597183227539,179.36207580566406,31.06965446472168,75.4131088256836,87.83776092529297,268.1332092285156,354.1252746582031,498.0749816894531,607.6023559570312,512.3012084960938,123.38151550292969,365.9776306152344,861.8370361328125,87.33204650878906,74.99711608886719,629.8998413085938,151.76510620117188,223.07861328125,181.36163330078125,392.2604064941406,1341.530029296875,43.808006286621094,196.28123474121094,6843.7099609375,162.4348907470703,93.5199966430664,81.4067611694336,86.81775665283203,154.0987091064453,26.211233139038086,93.39501953125,142.2391357421875,196.5027313232422,982.7786254882812,158.1587677001953,39.29423141479492,157.61570739746094,133.64999389648438,132.35116577148438,280.07781982421875,754.3832397460938,27.48736572265625,372.0904846191406,404.0236511230469,211.11366271972656,201.9687042236328,332.7372741699219,51.22144317626953,418.79998779296875,401.37408447265625,95.4776611328125,141.07778930664062,533.0599365234375,344.9591064453125,25.28148651123047,235.9678955078125,49.0121955871582,159.75674438476562,188.9746551513672,150.44036865234375,469.5046081542969,312.40570068359375,250.7373046875,101.5088882446289,55.61404037475586,310.149658203125,296.2709655761719,44.71769332885742,267.96405029296875,115.5104751586914,226.11012268066406,192.42820739746094,148.23387145996094,119.750732421875
2026-04-15,119.54006958007812,206.9469757080078,191.6950225830078,239.32000732421875,109.9648666381836,132.4129180908203,222.42962646484375,217.0863800048828,393.7704772949219,229.7555389404297,345.6101379394531,466.4465026855469,175.31649780273438,327.2167663574219,293.387451171875,146.7585906982422,169.707275390625,396.0931091308594,402.17999267578125,328.1617126464844,3536.419921875,154.43128967285156,185.224365234375,59.650352478027344,1042.7239990234375,474.0899963378906,211.36988830566406,58.13314437866211,767.2830810546875,84.64231872558594,28.495311737060547,82.50135803222656,599.5768432617188,76.26737976074219,316.8502197265625,82.05303955078125,41.971336364746094,175.98150634765625,59.9671516418457,73.88013458251953,183.23175048828125,179.93499755859375,108.87000274658203,197.7297821044922,214.9327850341797,269.6351318359375,70.512939453125,76.30496215820312,309.9189147949219,1047.797607421875,60.6697883605957,43.92363357543945,61.290000915527344,59.31163024902344,337.39508056640625,313.5391540527344,168.0124969482422,77.61176300048828,334.2688293457031,264.66766357421875,37.38097381591797,487.6027526855469,336.38690185546875,138.0951690673828,197.90309143066406,241.28062438964844,164.45921325683594,262.7985534667969,304.5579833984375,25.816112518310547,174.58816528320312,31.118738174438477,74.82688903808594,87.45211791992188,265.9991149902344,354.48382568359375,496.370361328125,607.1254272460938,519.08984375,122.76862335205078,363.0234375,862.4663696289062,86.32115936279297,76.45681762695312,616.0596313476562,150.46185302734375,222.18203735351562,189.5522918701172,410.3312683105469,1315.8499755859375,45.03700637817383,198.63848876953125,6767.2099609375,169.22128295898438,93.5999984741211,80.5121841430664,88.19551086425781,153.23777770996094,26.2885799407959,93.93074798583984,141.2539520263672,201.1406707763672,961.5865478515625,155.89752197265625,39.04622268676758,160.27639770507812,136.5800018310547,132.56039428710938,280.8537902832031,752.8056030273438,27.5864200592041,368.4593505859375,396.1778564453125,210.25616455078125,197.56704711914062,327.98956298828125,52.14659118652344,438.45001220703125,406.4143981933594,94.79255676269531,142.0330352783203,519.229736328125,340.3314514160156,25.123598098754883,233.24839782714844,49.07156753540039,159.70689392089844,189.16363525390625,150.93894958496094,461.5127258300781,312.2664794921875,246.748046875,101.85308074951172,55.891666412353516,314.6718444824219,290.672119140625,44.27523422241211,257.06732177734375,113.8744888305664,223.95944213867188,191.46527099609375,148.0054168701172,119.4046630859375
2026-04-16,118.02298736572266,207.51295471191406,191.6950225830078,243.16000366210938,111.49408721923828,132.58041381835938,223.33660888671875,212.7492218017578,389.4158935546875,229.89532470703125,346.7713928222656,457.30987548828125,176.91127014160156,334.4576721191406,295.4049377441406,148.73561096191406,168.0626220703125,397.8403625488281,393.0799865722656,324.8707275390625,3489.2900390625,153.73619079589844,184.09718322753906,60.17665100097656,1019.20654296875,475.1199951171875,212.6371307373047,59.284889221191406,769.7637939453125,85.8680191040039,27.002321243286133,82.62982940673828,606.9835815429688,76.88751983642578,321.6292419433594,84.18506622314453,42.58944320678711,177.03863525390625,60.106170654296875,75.65349578857422,186.4423370361328,179.3300018310547,108.33000183105469,193.37881469726562,213.64593505859375,268.4982604980469,70.760009765625,75.04981231689453,314.5401306152344,1065.6295166015625,59.86811828613281,44.24020004272461,62.439998626708984,59.59135818481445,333.45245361328125,297.91864013671875,165.8258514404297,77.88118743896484,332.56982421875,263.1941833496094,37.98838806152344,482.0039978027344,334.6399841308594,137.62738037109375,200.28746032714844,247.3914794921875,163.1440887451172,264.0111999511719,308.5599670410156,25.855831146240234,173.26385498046875,31.207088470458984,74.6977310180664,87.80809020996094,265.6300964355469,351.98394775390625,497.6463317871094,603.5389404296875,517.6721801757812,121.69109344482422,361.7060546875,866.382080078125,84.8841323852539,76.03270721435547,607.1123657226562,149.77540588378906,225.3798370361328,185.2987060546875,419.35174560546875,1290.8399658203125,45.294700622558594,198.1190948486328,6703.58984375,177.72171020507812,92.70999908447266,80.20404815673828,90.02273559570312,156.73101806640625,26.317584991455078,93.23628997802734,140.9879608154297,203.3796844482422,954.841796875,154.95533752441406,39.02638244628906,162.15277099609375,138.27000427246094,133.9751739501953,264.57818603515625,744.887451171875,27.655757904052734,368.7985534667969,401.57122802734375,209.04969787597656,195.03758239746094,332.4779357910156,51.46018981933594,441.1499938964844,412.27587890625,95.11029052734375,141.1971893310547,531.4310913085938,337.47906494140625,26.051177978515625,235.56942749023438,48.91324234008789,156.96588134765625,196.0562286376953,150.26089477539062,459.2279052734375,314.6031494140625,249.7723388671875,103.3183822631836,55.00921630859375,313.86505126953125,285.2129821777344,45.99590301513672,255.18959045410156,115.44107055664062,223.1131134033203,190.1052703857422,150.9553985595703,117.70396423339844
2026-04-17,121.63603973388672,206.9072723388672,195.30165100097656,242.02000427246094,111.92108154296875,131.69366455078125,220.8748016357422,215.02723693847656,396.4471435546875,235.90631103515625,352.6370544433594,454.53997802734375,180.63571166992188,330.9269714355469,290.0084533691406,150.8324432373047,172.2832489013672,405.8976135253906,402.8500061035156,330.7845153808594,3572.3798828125,157.43014526367188,191.52850341796875,59.36237716674805,1046.2442626953125,474.5799865722656,213.5251922607422,60.8834228515625,791.67138671875,87.6867904663086,28.890804290771484,84.79389190673828,625.21630859375,76.53314971923828,326.80731201171875,85.92854309082031,43.1876106262207,178.6841583251953,60.87078094482422,76.15595245361328,182.32009887695312,183.88999938964844,112.5,194.3468017578125,218.53395080566406,274.0531005859375,69.91998291015625,75.90650177001953,321.7408142089844,1083.26220703125,62.03559875488281,45.28882598876953,63.970001220703125,60.46050262451172,334.8164367675781,303.7513732910156,164.12844848632812,81.14411163330078,339.19586181640625,266.24072265625,36.99262619018555,487.02392578125,346.79876708984375,139.1800079345703,204.6571502685547,249.82595825195312,160.64337158203125,270.6211853027344,308.8984375,26.342365264892578,178.91563415527344,31.432870864868164,75.25413513183594,91.75352478027344,269.9382629394531,348.9363098144531,490.6783752441406,588.3384399414062,520.4276123046875,126.47570037841797,377.18548583984375,865.423095703125,85.41930389404297,77.00914001464844,621.1323852539062,153.75482177734375,212.87754821777344,186.7825164794922,421.87628173828125,1340.5799560546875,45.62177276611328,201.44520568847656,7000.919921875,174.4530792236328,93.70999908447266,80.93959045410156,89.85662078857422,156.02841186523438,26.646312713623047,95.40895080566406,144.75131225585938,202.49008178710938,986.570068359375,156.49258422851562,38.70893478393555,155.24293518066406,139.74000549316406,135.69879150390625,284.0074462890625,749.4506225585938,27.86376953125,385.9366455078125,414.4515075683594,207.05552673339844,195.60520935058594,344.6563415527344,52.38534164428711,449.5799865722656,417.73150634765625,93.35284423828125,144.70970153808594,547.3597412109375,342.4059143066406,26.159725189208984,245.19223022460938,50.041324615478516,160.15542602539062,196.60325622558594,155.4062042236328,475.03204345703125,322.78643798828125,249.8419647216797,104.67550659179688,56.44691467285156,315.7774963378906,291.1311950683594,45.76975631713867,263.0500183105469,114.88582611083984,222.98367309570312,198.02880859375,145.45274353027344,121.0064697265625
2026-04-20,120.727783203125,202.27027893066406,192.74241638183594,245.30999755859375,110.49115753173828,131.31924438476562,222.32997131347656,214.0225067138672,391.1337585449219,236.46548461914062,347.5356140136719,454.9285583496094,179.9423370361328,331.07659912109375,294.3216552734375,152.57980346679688,174.7304229736328,398.9985046386719,403.75,328.969482421875,3582.5,157.52944946289062,191.5484619140625,58.75663757324219,1042.545166015625,472.0799865722656,210.72128295898438,61.21107482910156,796.921630859375,86.55005645751953,28.68317222595215,83.05386352539062,634.6167602539062,75.83426666259766,322.26776123046875,87.38310241699219,43.576416015625,178.20545959472656,59.83806228637695,75.44660949707031,181.58680725097656,189.8000030517578,111.05999755859375,195.0952606201172,221.3570098876953,274.9306945800781,69.7519760131836,77.5501480102539,318.0657653808594,1098.53662109375,62.777889251708984,45.071189880371094,64.13999938964844,60.91006088256836,330.68463134765625,303.2220458984375,165.12692260742188,80.36579895019531,335.1982727050781,266.3402404785156,36.52461624145508,477.1736755371094,348.376953125,138.28427124023438,209.84490966796875,250.06251525878906,160.0157012939453,271.03863525390625,315.5683898925781,26.312576293945312,180.3018798828125,31.354337692260742,74.99580383300781,93.06867218017578,268.4523620605469,347.1634826660156,496.5797119140625,577.4993896484375,515.785400390625,127.98818969726562,377.97393798828125,858.0911865234375,84.23993682861328,76.63434600830078,626.4547729492188,150.6210174560547,213.305908203125,188.6422119140625,417.1664733886719,1324.6600341796875,46.06778335571289,201.82476806640625,7096.97021484375,176.96435546875,92.83000183105469,80.24381256103516,90.96077728271484,155.35549926757812,26.60763931274414,95.42880249023438,142.34750366210938,203.68954467773438,994.1928100585938,156.2545623779297,38.42124557495117,154.6273956298828,140.75,137.01394653320312,280.8139953613281,748.2922973632812,28.04206657409668,388.5701904296875,412.4277648925781,207.8432159423828,194.97781372070312,343.0405578613281,51.92774200439453,460.95001220703125,417.8919677734375,92.7173843383789,149.43617248535156,539.3654174804688,337.4391784667969,25.83408546447754,246.70639038085938,50.308502197265625,159.16867065429688,197.28953552246094,153.17257690429688,476.15948486328125,321.6429748535156,250.8765869140625,105.33439636230469,56.516319274902344,312.7095947265625,294.18511962890625,45.66160202026367,263.93896484375,114.16202545166016,223.21267700195312,201.34771728515625,146.6843719482422,121.87045288085938
2026-04-21,121.8556137084961,203.67030334472656,192.1100311279297,245.47999572753906,109.1903305053711,129.94969177246094,223.71534729003906,215.20628356933594,393.8403625488281,233.1903839111328,342.2752990722656,459.4022216796875,173.10757446289062,334.437744140625,292.9601135253906,151.7011260986328,170.54942321777344,401.5345153808594,404.9200134277344,328.88970947265625,3606.179931640625,155.59310913085938,190.3813934326172,59.82909393310547,1037.0062255859375,468.5,204.47488403320312,61.27064514160156,798.9678344726562,83.94050598144531,27.051759719848633,81.34366607666016,636.9893188476562,74.39710998535156,311.67218017578125,89.36568450927734,43.237457275390625,175.78204345703125,60.0267333984375,76.21505737304688,184.2920379638672,182.4499969482422,110.16999816894531,194.13723754882812,219.74098205566406,270.1038513183594,68.91195678710938,75.56781768798828,326.7803039550781,1088.9541015625,61.21413040161133,45.209686279296875,63.2599983215332,60.96999740600586,324.0936279296875,286.373046875,165.19680786132812,78.87902069091797,330.271240234375,264.3192138671875,37.98838806152344,470.237548828125,341.3595886230469,138.49327087402344,216.848388671875,252.00418090820312,158.04302978515625,269.41845703125,311.5962829589844,26.253002166748047,178.30941772460938,30.991121292114258,74.2208023071289,93.75096130371094,272.6707763671875,338.9268493652344,493.2801513671875,568.2301025390625,510.4942626953125,124.30087280273438,374.71038818359375,841.3197631835938,81.26676177978516,76.41736602783203,613.6130981445312,147.7061004638672,219.51223754882812,187.2672119140625,423.2433166503906,1324.27001953125,45.978580474853516,199.64732360839844,6933.5,180.54190063476562,93.80999755859375,78.39501190185547,91.53728485107422,153.30703735351562,26.404600143432617,94.97244262695312,140.20968627929688,207.40789794921875,970.4963989257812,151.9899139404297,37.90538787841797,158.2312469482422,140.92999267578125,135.0611572265625,270.0697021484375,746.2454223632812,28.081687927246094,385.826904296875,408.7790222167969,204.702392578125,186.39358520507812,333.74462890625,52.49476623535156,467.5799865722656,419.7136535644531,92.48902130126953,152.8094024658203,559.5010986328125,326.4285583496094,25.538049697875977,242.24362182617188,50.536094665527344,158.7301025390625,194.3355712890625,150.07144165039062,478.03521728515625,344.0450134277344,249.95140075683594,104.54766082763672,56.3576774597168,308.7252502441406,290.1431884765625,45.49445343017578,257.3170166015625,112.61528015136719,222.45596313476562,201.6068572998047,147.35980224609375,117.36187744140625
2026-04-22,120.23873138427734,199.08294677734375,187.8413543701172,247.57000732421875,108.4753646850586,129.6836700439453,220.37646484375,213.03770446777344,402.9790344238281,230.11500549316406,343.327392578125,466.8052062988281,174.64291381835938,325.9999694824219,294.92791748046875,147.9068603515625,169.72708129882812,421.98211669921875,403.1499938964844,331.9912109375,3589.989990234375,154.5603790283203,178.9501190185547,62.10309982299805,1056.516357421875,465.3999938964844,200.1143798828125,60.218196868896484,807.3722534179688,85.01793670654297,26.636491775512695,81.8805923461914,637.2185668945312,73.80650329589844,307.591552734375,89.46531677246094,43.048038482666016,174.18638610839844,58.398216247558594,75.298828125,184.6289520263672,182.27000427246094,107.69000244140625,183.6589813232422,215.6410369873047,268.19903564453125,68.56605529785156,76.36473846435547,326.8699645996094,1096.85498046875,61.065677642822266,44.3292350769043,63.2599983215332,60.800167083740234,319.3345642089844,275.946044921875,168.50173950195312,78.82913208007812,337.5268859863281,265.41436767578125,38.94432067871094,470.3972473144531,336.9725036621094,137.4581756591797,216.88829040527344,248.23910522460938,158.23233032226562,265.4822998046875,311.6161804199219,26.352294921875,180.97500610351562,31.226720809936523,74.15125274658203,93.89012908935547,271.8729553222656,330.32171630859375,493.0608215332031,551.8175048828125,509.3062438964844,123.1640396118164,366.4067687988281,828.3141479492188,82.47586059570312,75.91436767578125,609.7686157226562,145.02993774414062,221.22569274902344,188.9884490966797,431.984375,1310.0699462890625,45.274879455566406,202.26426696777344,6610.77001953125,186.84996032714844,93.91999816894531,77.41096496582031,91.29300689697266,152.1887969970703,25.911508560180664,96.65898132324219,140.7318115234375,202.62002563476562,952.277587890625,162.6019287109375,37.478816986083984,159.49208068847656,140.60000610351562,135.5692901611328,264.2698059082031,745.4666137695312,27.943012237548828,374.3749084472656,405.7682800292969,204.69241333007812,180.15956115722656,334.28326416015625,54.066524505615234,477.260009765625,423.8572692871094,91.72447967529297,151.6451873779297,579.4668579101562,328.4731140136719,25.636728286743164,220.18887329101562,50.41735076904297,157.95265197753906,187.90048217773438,145.75376892089844,476.109619140625,351.5123596191406,248.1109619140625,103.55440521240234,56.119712829589844,310.0699768066406,289.53436279296875,45.209312438964844,261.2022705078125,112.4169692993164,222.96376037597656,196.63345336914062,148.4921112060547,116.7064437866211
2026-04-23,114.2003402709961,199.52976989746094,176.1617889404297,231.97999572753906,111.26570129394531,133.0927734375,218.64222717285156,215.4251251220703,403.40850830078125,234.648193359375,346.00714111328125,457.9574890136719,177.3173828125,322.70867919921875,301.7753601074219,149.95376586914062,171.7482452392578,419.27642822265625,392.6400146484375,317.6803894042969,3597.199951171875,153.7659912109375,176.30677795410156,64.03947448730469,1047.5667724609375,470.54998779296875,204.27532958984375,61.10186004638672,833.6934204101562,86.51051330566406,26.34975814819336,83.24278259277344,654.8731689453125,75.42083740234375,310.6744689941406,88.25981903076172,46.03886795043945,177.1383514404297,54.71419143676758,78.37478637695312,185.8973388671875,177.0,107.70999908447266,178.2003173828125,227.5917205810547,270.71221923828125,69.5147933959961,76.1057357788086,344.88665771484375,1109.801025390625,62.00590896606445,44.96236801147461,61.54999923706055,61.049922943115234,317.3134460449219,281.9884948730469,169.24061584472656,78.35016632080078,337.5468444824219,259.6498718261719,39.48203659057617,473.0818786621094,337.6275939941406,138.95111083984375,214.44406127929688,227.7578582763672,156.89727783203125,271.4859313964844,310.29217529296875,28.32822036743164,181.31158447265625,31.1481876373291,75.7906723022461,93.62173461914062,264.1940612792969,328.88751220703125,506.4584655761719,526.34423828125,501.5392761230469,124.55789947509766,367.5145568847656,835.176513671875,83.04076385498047,75.01683807373047,618.0068359375,144.0947723388672,220.25938415527344,186.6143341064453,414.8514709472656,1264.3599853515625,44.38285827636719,199.4075927734375,6669.009765625,175.66885375976562,93.23999786376953,79.01127624511719,88.86972045898438,154.07891845703125,25.785818099975586,96.23239135742188,143.54940795898438,205.23886108398438,971.6837158203125,167.79885864257812,38.23276138305664,158.38015747070312,135.8300018310547,133.4570770263672,259.0866394042969,764.8776245117188,28.131214141845703,370.23504638671875,407.6524963378906,213.4169464111328,178.5562286376953,336.7867736816406,54.45449447631836,456.8500061035156,414.3901672363281,93.2436294555664,150.50088500976562,587.2012939453125,328.7723083496094,26.258405685424805,216.89161682128906,50.862648010253906,157.8330535888672,193.022705078125,146.032958984375,484.43072509765625,352.54644775390625,269.8580017089844,105.93428802490234,56.14945983886719,307.66943359375,292.12921142578125,46.42852783203125,269.1226501464844,114.58837127685547,231.79550170898438,191.74977111816406,149.51516723632812,115.25655364990234
2026-04-24,115.32817840576172,197.3056182861328,176.2408447265625,237.44000244140625,110.34220886230469,132.74790954589844,214.6654815673828,211.76441955566406,416.5221862792969,232.60125732421875,341.9676208496094,462.43115234375,176.52496337890625,320.2950439453125,299.89703369140625,149.48448181152344,170.78720092773438,422.09197998046875,397.1199951171875,313.22259521484375,3577.909912109375,151.074951171875,179.79800415039062,68.45838928222656,1039.1143798828125,469.32000732421875,199.41590881347656,60.53591537475586,829.2516479492188,85.34412384033203,26.863901138305664,84.16748046875,658.6812133789062,75.07630920410156,307.4818115234375,88.67826080322266,45.27122116088867,175.4230194091797,54.724124908447266,77.46044921875,183.52902221679688,176.77999877929688,108.52999877929688,176.88304138183594,224.22998046875,268.7575378417969,68.05215454101562,77.520263671875,343.36285400390625,1103.3031005859375,61.61991500854492,44.21051788330078,60.84000015258789,61.02994155883789,311.8375549316406,284.2456970214844,175.62083435058594,77.88118743896484,342.1141052246094,258.2461242675781,40.18902587890625,431.5950012207031,333.3893737792969,133.81546020507812,214.72340393066406,228.64491271972656,157.8636932373047,267.6690673828125,306.8974609375,29.013338088989258,193.2533416748047,31.158004760742188,76.138427734375,93.49250793457031,263.0771179199219,316.22882080078125,508.69140625,510.1105651855469,503.3262634277344,124.22179412841797,366.42669677734375,827.1953735351562,82.57495880126953,76.63434600830078,614.4219360351562,145.23886108398438,223.28781127929688,186.0406036376953,423.7023010253906,1282.449951171875,44.29365539550781,208.0275421142578,6503.9501953125,172.67926025390625,93.12999725341797,77.48054504394531,87.76557159423828,153.82162475585938,26.10487937927246,98.55386352539062,147.08203125,200.8008270263672,972.2723388671875,162.84988403320312,38.44108581542969,161.67623901367188,137.1699981689453,148.30226135253906,264.46875,750.4491577148438,27.497272491455078,370.33477783203125,399.94622802734375,209.17930603027344,173.53712463378906,336.8266906738281,55.857139587402344,500.82000732421875,412.27587890625,92.53865814208984,149.993408203125,585.832275390625,326.6380310058594,25.853822708129883,213.84341430664062,50.199649810791016,156.51734924316406,188.77574157714844,145.4745635986328,485.3187255859375,352.9044189453125,267.31121826171875,105.24588775634766,55.10837173461914,308.2073059082031,291.4905090332031,45.60260772705078,266.73553466796875,113.6266098022461,228.5395965576172,189.9158935546875,147.90609741210938,116.06095123291016
2026-04-27,115.39804077148438,195.98501586914062,174.8673553466797,235.02999877929688,111.1266860961914,133.0829315185547,214.34652709960938,213.07749938964844,404.3572998046875,232.62123107910156,337.6304016113281,476.12115478515625,173.64247131347656,322.9281005859375,300.5132141113281,148.4160919189453,172.66964721679688,417.5391845703125,402.5899963378906,317.9696044921875,3562.260009765625,149.16839599609375,177.07484436035156,67.90229797363281,1050.937744140625,472.80999755859375,201.90049743652344,61.46922302246094,827.2553100585938,82.47758483886719,26.468406677246094,83.69021606445312,658.7111206054688,74.8597640991211,309.4472961425781,87.9310531616211,45.321067810058594,173.56805419921875,54.24748611450195,77.87786102294922,183.10292053222656,174.05999755859375,106.7699966430664,180.24606323242188,225.67642211914062,267.15191650390625,67.76555633544922,77.02218627929688,354.686767578125,1084.4862060546875,61.67930221557617,44.794193267822266,61.27000045776367,61.94903564453125,311.1605529785156,284.2057189941406,167.7528839111328,77.79137420654297,348.31036376953125,256.1951904296875,39.96000289916992,444.8783874511719,329.8260803222656,136.06478881835938,223.09365844726562,224.77142333984375,156.36924743652344,268.1163330078125,310.232421875,27.95090675354004,189.7578125,30.382490158081055,74.95606231689453,92.6972427368164,262.7081298828125,319.1669006347656,509.1399841308594,510.01116943359375,505.58245849609375,123.95487976074219,359.9595031738281,827.4051513671875,82.17853546142578,76.6047592163086,608.8798828125,145.02000427246094,226.34616088867188,188.12782287597656,423.9018859863281,1274.699951171875,44.73966598510742,216.3578338623047,6482.52978515625,172.36036682128906,91.97000122070312,77.01338195800781,87.87305450439453,152.49559020996094,25.90184211730957,98.95069885253906,147.30039978027344,201.8903350830078,972.1427001953125,159.57701110839844,38.43116760253906,162.91722106933594,136.41000366210938,149.70706176757812,257.5346984863281,743.3297729492188,27.99254035949707,369.47686767578125,405.6686096191406,205.51002502441406,172.66079711914062,335.2308044433594,54.94193649291992,498.5400085449219,412.6817626953125,91.80391693115234,153.25717163085938,595.4354248046875,328.134033203125,25.18280601501465,208.71324157714844,50.69442367553711,156.96588134765625,181.76377868652344,146.05291748046875,484.79986572265625,352.67572021484375,267.5201416015625,106.44566345214844,55.495059967041016,308.4364013671875,290.74200439453125,46.31053924560547,266.8953552246094,114.14219665527344,225.22396850585938,191.41090393066406,147.19094848632812,117.05403137207031
2026-04-28,114.64948272705078,196.29281616210938,175.63809204101562,234.85000610351562,111.4146499633789,133.5952606201172,212.71197509765625,215.26596069335938,380.63677978515625,228.6072540283203,337.02496337890625,473.62030029296875,176.71315002441406,320.8336181640625,301.47723388671875,143.50350952148438,181.80445861816406,399.19818115234375,406.30999755859375,315.0376281738281,3563.090087890625,148.47329711914062,172.9452362060547,67.19725799560547,1043.8775634765625,478.1600036621094,205.16339111328125,61.55858612060547,816.3555908203125,85.17608642578125,26.003700256347656,85.1816635131836,640.4385375976562,74.7317886352539,311.2730712890625,86.53627014160156,45.09177017211914,173.74757385253906,54.73405075073242,80.48174285888672,186.6504364013672,171.97000122070312,106.18000030517578,178.6094512939453,223.59153747558594,266.2344055175781,67.14295196533203,76.80303955078125,361.2699890136719,1071.1024169921875,64.48020935058594,44.4361572265625,61.599998474121094,61.70927429199219,312.3055114746094,288.8399658203125,152.8157958984375,78.77923583984375,347.2909851074219,246.71717834472656,40.63711929321289,431.0561218261719,326.6101989746094,138.1349639892578,229.17930603027344,229.68968200683594,155.72164916992188,266.8539733886719,310.0532531738281,28.586381912231445,180.66641235351562,31.207088470458984,77.8473892211914,91.77275848388672,258.85870361328125,323.569091796875,508.68145751953125,508.95806884765625,506.7704772949219,128.8877716064453,357.62408447265625,834.0777587890625,81.16766357421875,77.20639038085938,613.1637573242188,145.27865600585938,231.7056884765625,188.30589294433594,428.3222961425781,1262.47998046875,44.63064193725586,212.92184448242188,6442.35986328125,165.3846435546875,91.56999969482422,76.89410400390625,88.90880584716797,154.6627655029297,25.60211753845215,99.26817321777344,148.064697265625,202.93988037109375,960.0899047851562,164.52598571777344,38.67917251586914,163.93980407714844,137.11000061035156,149.44801330566406,254.570068359375,730.6787109375,28.061878204345703,365.9754333496094,400.055908203125,207.54408264160156,174.95123291015625,323.431396484375,55.35974884033203,483.8900146484375,409.1422119140625,92.24079132080078,151.72479248046875,578.6174926757812,320.5741882324219,25.71567153930664,203.51333618164062,50.61526107788086,156.68679809570312,185.7123565673828,143.43038940429688,479.6615295410156,364.6871032714844,266.3561706542969,102.21694946289062,55.7330207824707,308.0877380371094,290.8817138671875,46.44819641113281,262.8602600097656,114.79658508300781,226.3690185546875,186.7763671875,149.5449676513672,115.84247589111328
2026-04-29,111.08633422851562,202.44898986816406,178.11825561523438,235.8699951171875,110.51102447509766,132.46218872070312,211.10731506347656,211.21730041503906,382.1149597167969,227.52886962890625,335.486572265625,473.6501770019531,176.50514221191406,321.6414794921875,300.6324768066406,148.156494140625,182.66641235351562,404.809326171875,400.5400085449219,314.7882995605469,3523.56005859375,144.29275512695312,173.54371643066406,68.32929229736328,1033.5556640625,475.3800048828125,202.37945556640625,61.300437927246094,808.550048828125,84.87955474853516,25.291812896728516,84.00839233398438,636.949462890625,73.56041717529297,310.71435546875,89.23616790771484,44.543453216552734,173.47830200195312,54.316993713378906,83.38377380371094,190.47540283203125,169.3300018310547,101.33999633789062,178.42982482910156,221.70616149902344,255.9125213623047,67.14295196533203,75.39846801757812,375.10369873046875,1083.7099609375,64.75733184814453,43.4714469909668,62.02000045776367,61.689292907714844,337.2457580566406,283.21697998046875,151.66754150390625,76.45427703857422,347.1011047363281,251.9639434814453,41.63288497924805,433.9103698730469,320.40673828125,135.9951171875,242.54776000976562,223.8350830078125,155.612060546875,264.07086181640625,307.86309814453125,28.725391387939453,181.38949584960938,31.25617027282715,78.36405944824219,88.18415069580078,256.4353942871094,320.1031188964844,503.1190185546875,506.4942321777344,524.3510131835938,128.22544860839844,353.25274658203125,821.721435546875,78.66028594970703,77.87706756591797,611.9754638671875,143.1297607421875,240.89064025878906,185.061279296875,423.5426330566406,1240.1500244140625,43.99631881713867,209.00640869140625,6207.5,163.26202392578125,91.69000244140625,76.13867950439453,91.89881896972656,153.67318725585938,25.38941192626953,98.8415756225586,145.37478637695312,200.57093811035156,945.3632202148438,161.3721466064453,38.351802825927734,172.2395477294922,137.5,155.42593383789062,252.69976806640625,685.3363647460938,27.744905471801758,358.57354736328125,398.9692687988281,207.70362854003906,172.07322692871094,317.02801513671875,55.40948486328125,481.2200012207031,408.8779296875,91.98263549804688,149.95359802246094,642.8416137695312,314.2909851074219,25.409767150878906,204.45968627929688,50.120487213134766,155.56048583984375,197.10057067871094,141.19677734375,478.28466796875,368.6345520019531,263.4114685058594,104.84268951416016,55.693359375,333.5475769042969,295.4925231933594,45.82875442504883,261.0524597167969,113.5373764038086,229.3162384033203,180.57705688476562,153.62725830078125,113.0419921875
2026-04-30,115.32817840576172,209.8264923095703,176.58668518066406,237.0,112.85449981689453,135.0928955078125,205.7152557373047,216.1214599609375,394.00018310546875,235.14744567871094,343.6549072265625,473.0623474121094,180.98240661621094,310.83001708984375,298.19757080078125,147.04815673828125,181.30906677246094,416.7703857421875,401.760009765625,322.1680908203125,3704.030029296875,147.99664306640625,167.9378204345703,69.18328857421875,1059.6287841796875,473.6000061035156,192.46104431152344,66.6917724609375,888.4617919921875,87.75598907470703,26.211336135864258,84.8734359741211,668.9091186523438,75.53895568847656,307.30224609375,91.15898132324219,45.291160583496094,174.2362518310547,52.529598236083984,82.77752685546875,191.55551147460938,168.64999389648438,102.19999694824219,178.5795135498047,225.85598754882812,259.8916931152344,68.67476654052734,76.41453552246094,374.8945617675781,1077.500732421875,64.70783996582031,44.684791564941406,62.650001525878906,59.73122024536133,342.79132080078125,289.56903076171875,163.98867797851562,76.72369384765625,381.71026611328125,250.03250122070312,42.12080764770508,433.5810546875,326.3521423339844,136.16432189941406,235.88348388671875,227.65928649902344,157.50502014160156,256.45697021484375,311.82525634765625,29.192066192626953,174.8118896484375,32.26728439331055,78.25476837158203,89.76473236083984,256.0962829589844,319.25653076171875,499.560302734375,514.6011352539062,502.078369140625,127.70149993896484,360.97747802734375,814.2996215820312,80.24597930908203,79.00143432617188,618.1865844726562,145.76614379882812,247.3459930419922,189.5465850830078,406.8987121582031,1276.6099853515625,43.96658706665039,199.33767700195312,6315.8701171875,160.83047485351562,99.4000015258789,77.41096496582031,90.51129150390625,156.83987426757812,25.8148250579834,100.1114501953125,146.00010681152344,201.19065856933594,907.3690795898438,163.71273803710938,37.14152526855469,177.85873413085938,136.3000030517578,178.91917419433594,262.39947509765625,706.0054931640625,28.279794692993164,357.7655334472656,407.6524963378906,208.61097717285156,175.33963012695312,320.77825927734375,56.58333206176758,482.6000061035156,407.0279235839844,94.4450454711914,152.0830078125,673.1600341796875,314.2909851074219,25.784746170043945,210.84500122070312,50.96160125732422,156.23826599121094,194.44497680664062,144.62696838378906,491.42486572265625,368.37603759765625,268.0871887207031,106.99638366699219,56.179203033447266,328.5472717285156,301.14129638671875,47.22494888305664,269.5621337890625,116.93824768066406,231.54656982421875,180.6069793701172,153.28955078125,114.17410278320312
2026-05-01,114.3001480102539,205.1398468017578,177.69337463378906,244.35000610351562,112.76512908935547,134.89584350585938,207.41958618164062,215.45497131347656,388.5968933105469,230.1349639892578,327.3480529785156,465.489990234375,179.89280700683594,311.510009765625,299.2113037109375,142.0856475830078,181.75491333007812,420.6142883300781,402.30999755859375,318.80731201171875,3594.080078125,148.26475524902344,169.2046356201172,68.63713073730469,1055.7308349609375,473.010009765625,194.81591796875,67.1385726928711,888.0225830078125,88.23045349121094,26.35964584350586,86.76260375976562,655.381591796875,74.84007263183594,303.30145263671875,91.50767517089844,44.95220184326172,169.1500701904297,52.062889099121094,81.58490753173828,188.89984130859375,175.83999633789062,100.87999725341797,174.78738403320312,225.2375030517578,258.8046569824219,69.06018829345703,78.99456787109375,371.1697082519531,1079.68994140625,64.5,44.66490173339844,62.13999938964844,58.97196578979492,344.3245849609375,286.1533203125,158.01780700683594,75.60610961914062,382.989501953125,241.3509521484375,41.4835205078125,432.2237548828125,321.4687805175781,135.16903686523438,233.08010864257812,228.86175537109375,154.17738342285156,253.93223571777344,311.06866455078125,28.884258270263672,172.4059600830078,31.933517456054688,78.07592010498047,87.92568969726562,255.13893127441406,312.1054992675781,506.31890869140625,509.43499755859375,494.6308288574219,127.0886001586914,354.2707214355469,813.1209716796875,79.28465270996094,79.12965393066406,613.6130981445312,141.76681518554688,245.21412658691406,189.12889099121094,413.5443115234375,1267.0699462890625,44.00623321533203,198.21897888183594,6154.14013671875,171.23428344726562,96.66999816894531,76.61579132080078,90.89237976074219,155.7711181640625,25.457090377807617,100.2900161743164,146.16883850097656,199.22152709960938,880.2403564453125,165.011962890625,37.30025100708008,174.92007446289062,136.52999877929688,176.35862731933594,264.18023681640625,700.3739013671875,27.923202514648438,361.3267822265625,406.1770324707031,205.95872497558594,173.2682647705078,317.1776123046875,56.62311935424805,489.0199890136719,402.1480712890625,93.99822998046875,151.24716186523438,726.4120483398438,293.9453125,25.774879455566406,206.63128662109375,50.397560119628906,156.31800842285156,195.001953125,142.3335418701172,485.3785705566406,366.6856994628906,264.9435119628906,105.78677368164062,55.82225799560547,326.744384765625,296.7301025390625,47.303611755371094,264.62811279296875,116.46231842041016,227.7828826904297,179.3910369873047,151.72019958496094,113.36971282958984
2026-05-04,111.96464538574219,206.68882751464844,177.97991943359375,247.5399932861328,111.60331726074219,132.678955078125,206.34317016601562,218.7177734375,390.89404296875,230.0850372314453,321.42279052734375,468.5899963378906,179.16970825195312,314.9200134277344,296.5080871582031,140.8175506591797,180.75425720214844,415.84185791015625,393.75,318.3385925292969,3482.239990234375,145.2857666015625,165.164794921875,68.52790069580078,1046.3536376953125,468.5199890136719,196.6319580078125,65.6539077758789,873.1602172851562,89.13983917236328,25.38079833984375,84.88337707519531,654.6737670898438,74.5053939819336,302.96221923828125,92.2847671508789,44.58333206176758,166.4374542236328,51.49687957763672,81.50540161132812,190.53485107421875,172.57000732421875,97.6500015258789,173.67967224121094,220.31956481933594,254.8953094482422,68.19051361083984,81.0167465209961,370.3928527832031,1077.868896484375,64.56928253173828,44.63506317138672,62.810001373291016,60.02093505859375,347.5503845214844,280.1707458496094,159.71522521972656,75.53626251220703,379.41168212890625,237.5478057861328,41.802162170410156,426.3255615234375,310.0941162109375,133.178466796875,237.39991760253906,226.18084716796875,155.8611297607422,250.13522338867188,306.270263671875,28.665815353393555,171.1136016845703,32.169315338134766,77.68842315673828,83.85993957519531,252.31668090820312,307.3746643066406,491.99420166015625,514.780029296875,503.8952941894531,127.58287811279297,346.5559387207031,806.9577026367188,77.599853515625,77.86720275878906,602.4290771484375,140.83164978027344,251.579833984375,186.980712890625,412.72607421875,1260.5400390625,42.707847595214844,198.24893188476562,5932.1201171875,179.66494750976562,93.9800033569336,75.42301177978516,90.36473846435547,152.98046875,25.428085327148438,98.67292022705078,142.3572998046875,199.1515655517578,865.7930297851562,167.79885864257812,37.4986572265625,177.1836395263672,138.19000244140625,167.76039123535156,258.1415710449219,708.15234375,27.398218154907227,353.4261169433594,399.07891845703125,205.94876098632812,172.18276977539062,309.68701171875,55.33985137939453,497.5,400.91162109375,93.71028900146484,147.34658813476562,738.0137329101562,290.10552978515625,25.755144119262695,204.48956298828125,48.96271896362305,154.13514709472656,193.3708038330078,139.3420867919922,485.3985290527344,368.6445007324219,262.0485534667969,94.71343231201172,54.77125549316406,325.5690002441406,287.1491394042969,46.77266311645508,261.90142822265625,115.45098876953125,226.86685180664062,175.1053466796875,152.65386962890625,111.89995574951172
2026-05-05,117.30437469482422,204.65330505371094,176.88311767578125,249.42999267578125,110.85856628417969,135.02392578125,205.11724853515625,217.36489868164062,410.3099365234375,234.18887329101562,327.1197509765625,474.6499938964844,176.43580627441406,314.54998779296875,302.0536193847656,136.48410034179688,183.5382843017578,426.6846923828125,380.6000061035156,315.0874938964844,3540.919921875,143.16075134277344,167.20965576171875,67.53156280517578,1043.0323486328125,465.5199890136719,196.5720977783203,63.950035095214844,902.9150390625,88.07229614257812,25.479673385620117,85.83790588378906,672.7669677734375,73.75728607177734,305.19708251953125,93.94854736328125,44.89238357543945,168.79104614257812,51.50680923461914,80.19352722167969,190.89158630371094,166.13999938964844,98.54000091552734,174.26846313476562,222.92318725585938,256.94970703125,68.06204223632812,82.53089141845703,367.5743408203125,1073.1522216796875,65.56890106201172,44.08806610107422,57.279998779296875,60.630332946777344,347.6300354003906,286.3230895996094,161.85194396972656,75.98529052734375,384.0388488769531,233.60525512695312,41.54326629638672,427.932373046875,313.07177734375,133.51686096191406,238.96621704101562,225.73733520507812,154.70542907714844,253.0177764892578,308.0124206542969,28.71546173095703,173.06910705566406,31.990982055664062,77.9765625,85.68903350830078,256.4353942871094,301.42877197265625,498.7129821777344,505.61993408203125,496.24810791015625,128.6702880859375,353.82159423828125,800.1253051757812,77.09441375732422,78.8041763305664,605.2350463867188,142.08517456054688,259.5195617675781,188.21392822265625,410.4909362792969,1302.4200439453125,42.67811584472656,196.271240234375,6004.330078125,184.70741271972656,95.0,75.16458129882812,90.72626495361328,153.42578125,25.5731143951416,100.07176208496094,143.82632446289062,197.65223693847656,870.721923828125,168.06663513183594,37.05224609375,178.9607391357422,137.5500030517578,185.863525390625,262.61834716796875,701.22265625,27.77462387084961,359.1421203613281,434.5893859863281,203.28652954101562,172.15289306640625,311.65191650390625,55.70792007446289,502.510009765625,400.08099365234375,93.70036315917969,147.943603515625,770.4606323242188,294.4638977050781,25.557785034179688,206.14317321777344,49.42780685424805,154.45411682128906,193.2613983154297,140.9873809814453,476.3690185546875,361.8035583496094,262.64544677734375,96.44425964355469,55.128196716308594,320.7678527832031,290.9316101074219,46.54651641845703,263.11993408203125,114.24134826660156,223.52134704589844,179.67010498046875,153.83584594726562,111.76092529296875
2026-05-06,117.46406555175781,203.5809326171875,172.49588012695312,243.0800018310547,108.82291412353516,130.60983276367188,196.25674438476562,216.7779998779297,428.0877990722656,241.01864624023438,328.62835693359375,475.2900085449219,178.45652770996094,308.2699890136719,298.3565979003906,138.26141357421875,184.71728515625,424.7677307128906,385.8599853515625,321.021240234375,3541.7900390625,143.74661254882812,167.89791870117188,66.42562866210938,1067.5540771484375,469.8299865722656,191.07406616210938,67.65670776367188,925.213623046875,89.19914245605469,27.209957122802734,87.65747833251953,713.5189819335938,72.89105987548828,252.15924072265625,91.29845428466797,45.46063995361328,168.9007568359375,50.9705924987793,86.3255615234375,183.47947692871094,167.97000122070312,103.91999816894531,174.557861328125,226.6240997314453,262.70404052734375,67.99286651611328,86.33617401123047,373.19146728515625,1082.60546875,65.47982788085938,44.46599197387695,56.11000061035156,60.34062194824219,345.7483215332031,305.4492492675781,181.2921600341797,78.52977752685547,394.90234375,241.7491912841797,40.228858947753906,428.5910339355469,320.64495849609375,132.8599853515625,245.75021362304688,222.49462890625,152.83238220214844,258.9518127441406,313.4877624511719,28.358007431030273,181.39747619628906,31.287555694580078,78.72174835205078,90.00331115722656,256.2359313964844,300.9805908203125,500.2879638671875,510.915283203125,491.06683349609375,128.80868530273438,358.3526611328125,742.8486328125,76.9061050415039,79.06061553955078,614.6016845703125,145.78602600097656,244.8455352783203,192.29148864746094,413.0653381347656,1327.0400390625,43.490840911865234,207.5880584716797,6099.7998046875,193.35731506347656,94.77999877929688,76.24801635742188,89.2898941040039,154.33621215820312,25.650461196899414,100.74638366699219,146.80410766601562,196.712646484375,900.624267578125,169.12783813476562,36.585994720458984,170.4822998046875,136.77000427246094,191.8613739013672,285.59918212890625,719.974609375,27.943012237548828,371.2425537109375,457.9373779296875,199.1087188720703,176.00685119628906,322.7930603027344,54.8723030090332,504.4200134277344,399.7978515625,93.00532531738281,150.49093627929688,785.859619140625,291.5516662597656,25.232145309448242,215.33763122558594,50.268917083740234,154.9425048828125,192.1175994873047,148.40618896484375,487.07470703125,365.1942138671875,266.8436584472656,98.23408508300781,55.683448791503906,317.5505065917969,295.1332702636719,46.644840240478516,270.161376953125,112.97222137451172,219.5684814453125,185.84947204589844,147.6875762939453,110.45006561279297
2026-05-07,118.42222595214844,201.27734375,178.04910278320312,251.0399932861328,108.00865173339844,129.8216094970703,201.2700653076172,212.55027770996094,410.1301574707031,234.37860107421875,326.6235046386719,458.8399963378906,178.07020568847656,313.5899963378906,293.1688232421875,136.41419982910156,184.0732879638672,411.9080810546875,426.8900146484375,317.82000732421875,3554.8798828125,152.18710327148438,170.85049438476562,63.297142028808594,1061.7568359375,475.0799865722656,184.87754821777344,66.97914123535156,894.031494140625,90.01957702636719,26.69581413269043,86.86203002929688,680.741943359375,72.8024673461914,255.07252502441406,91.81652069091797,44.32412338256836,169.5789031982422,51.576316833496094,86.8224868774414,180.84361267089844,171.35000610351562,102.72000122070312,175.2963409423828,220.35946655273438,255.85269165039062,67.76555633544922,84.96149444580078,371.40875244140625,1061.5098876953125,65.18290710449219,44.11790084838867,56.810001373291016,60.84012985229492,346.2361755371094,302.25323486328125,182.12086486816406,78.24040985107422,395.0622253417969,240.83323669433594,38.95427703857422,428.1618957519531,320.238037109375,132.04385375976562,246.53834533691406,227.9845428466797,155.5323486328125,253.9918670654297,304.8964538574219,28.31829071044922,176.10023498535156,31.228111267089844,77.9268798828125,87.21990203857422,257.3428649902344,299.9646911621094,492.29327392578125,509.0773010253906,500.1016845703125,128.8679962158203,351.3564453125,753.9263916015625,77.26288604736328,77.7389907836914,599.6331176757812,143.01039123535156,241.33892822265625,189.12889099121094,419.8606262207031,1319.2900390625,44.01613998413086,211.2537841796875,6008.85009765625,193.91537475585938,94.58000183105469,77.0034408569336,92.10401916503906,154.6627655029297,25.60211753845215,99.23841094970703,144.9777374267578,195.66311645507812,884.8499755859375,169.70306396484375,36.476871490478516,167.0968780517578,147.64999389648438,201.8046417236328,279.42120361328125,708.0424194335938,27.685474395751953,352.6878967285156,447.1705627441406,200.9633026123047,176.0466766357422,319.38189697265625,52.723567962646484,505.19000244140625,404.6210632324219,90.92022705078125,148.04312133789062,765.8939208984375,293.4466247558594,24.92624282836914,209.25115966796875,49.220001220703125,153.97567749023438,193.15199279785156,130.14833068847656,468.7463073730469,367.6402282714844,263.5209045410156,98.44060516357422,54.840660095214844,320.02081298828125,288.3567199707031,46.30070877075195,265.25732421875,111.82206726074219,220.4944610595703,182.8096160888672,145.591796875,86.70558166503906
2026-05-08,115.39804077148438,200.1255340576172,178.2763671875,244.5,108.30655670166016,129.17652893066406,198.21023559570312,212.03298950195312,434.89935302734375,232.0520782470703,329.2139587402344,465.55999755859375,174.86083984375,312.7900085449219,293.58624267578125,127.8371353149414,182.37908935546875,429.3205261230469,403.5400085449219,315.1672668457031,3496.18994140625,148.3839111328125,165.51390075683594,63.65582275390625,1078.7509765625,475.94000244140625,183.25108337402344,66.59053802490234,895.7882080078125,89.52533721923828,26.082799911499023,87.05095672607422,677.42236328125,72.0287094116211,260.48004150390625,96.2100830078125,44.692996978759766,166.51724243164062,51.31814193725586,89.99285888671875,179.9716033935547,163.92999267578125,100.41999816894531,170.80564880371094,219.29208374023438,253.52903747558594,68.14109802246094,85.86798095703125,376.5378723144531,1066.8035888671875,64.86619567871094,43.92893600463867,55.47999954223633,60.37059020996094,345.0115661621094,296.7800598144531,186.6539306640625,78.62956237792969,396.8111877441406,239.03121948242188,39.66127395629883,434.3195495605469,315.086669921875,131.3969268798828,274.31280517578125,228.12355041503906,155.24343872070312,253.22650146484375,300.74517822265625,28.6260986328125,186.6807403564453,31.119131088256836,77.91693878173828,87.85610961914062,253.42364501953125,298.4309387207031,491.6054382324219,503.2156982421875,494.65081787109375,127.83001708984375,352.4842224121094,735.2770385742188,75.46907806396484,77.00914001464844,589.5375366210938,142.55274963378906,243.93899536132812,192.03289794921875,414.22283935546875,1124.4599609375,43.74853515625,214.94947814941406,5974.06982421875,195.27066040039062,92.95999908447266,74.36940002441406,91.78156280517578,153.01016235351562,25.238479614257812,99.7046890258789,145.33506774902344,193.9138946533203,878.8300170898438,169.5840606689453,35.62372589111328,170.3234405517578,146.64999389648438,218.2837677001953,273.82025146484375,713.8238525390625,27.368501663208008,357.57598876953125,452.4941711425781,199.43775939941406,175.3595428466797,316.00067138671875,52.99216079711914,516.47998046875,396.54144287109375,90.8805160522461,148.74960327148438,782.0823974609375,284.7099304199219,24.82756233215332,205.40602111816406,49.11000061035156,152.8593292236328,192.58506774902344,133.0998992919922,465.11456298828125,377.8221130371094,263.2821350097656,99.10932922363281,55.05879211425781,317.54058837890625,283.1570739746094,46.42852783203125,265.3871765136719,110.71158599853516,214.44068908691406,181.4940185546875,143.59535217285156,82.25659942626953
2026-05-11,111.24602508544922,201.34683227539062,170.30226135253906,236.07000732421875,109.2201156616211,129.7124481201172,197.91123962402344,212.67959594726562,443.0691833496094,231.8124542236328,327.1197509765625,463.70001220703125,175.79196166992188,312.07000732421875,302.6201171875,122.28551483154297,185.5396270751953,427.75299072265625,394.3599853515625,311.4674072265625,3427.800048828125,142.1478729248047,157.404296875,64.36322021484375,1075.2606201171875,479.54998779296875,182.1035919189453,65.6439437866211,925.0738525390625,89.62418365478516,25.153390884399414,86.24556732177734,700.4599609375,72.60407257080078,259.1032409667969,98.3520736694336,44.603271484375,164.2234649658203,48.905155181884766,91.65258026123047,183.06329345703125,157.3300018310547,96.6500015258789,166.17526245117188,219.43174743652344,250.4175262451172,69.7519760131836,82.4312744140625,380.20294189453125,1080.8740234375,65.49961853027344,43.06368637084961,54.38999938964844,60.250709533691406,342.52252197265625,300.3955383300781,207.0726318359375,75.12715148925781,386.537353515625,241.31112670898438,40.089447021484375,425.5171813964844,309.0816955566406,131.4864959716797,273.6144714355469,221.95779418945312,157.2360382080078,250.57257080078125,298.6545715332031,28.506946563720703,184.28378295898438,31.951351165771484,78.15541076660156,86.5737533569336,254.38101196289062,301.1299743652344,502.80999755859375,508.9183654785156,496.9768981933594,128.23532104492188,352.62396240234375,724.3690795898438,73.87347412109375,76.91051483154297,585.143798828125,142.6024932861328,251.5200653076172,190.05380249023438,411.7681579589844,1078.530029296875,42.01405715942383,219.18453979492188,5910.669921875,193.16796875,91.3499984741211,73.55433654785156,91.73270416259766,147.8544158935547,25.36624526977539,99.39714813232422,142.29774475097656,196.82260131835938,874.3599853515625,180.6126251220703,35.95109558105469,174.09605407714844,145.9199981689453,236.65591430664062,262.10101318359375,711.70703125,26.576074600219727,342.2633972167969,455.2556457519531,197.1544189453125,177.8690948486328,311.8913269042969,54.64350128173828,516.1900024414062,397.3720703125,92.17129516601562,149.4262237548828,833.415771484375,281.82763671875,24.54139518737793,205.32632446289062,47.970001220703125,148.42385864257812,189.820068359375,132.96029663085938,475.4211730957031,382.25677490234375,261.9888610839844,98.3422622680664,54.02762222290039,322.5906677246094,282.13909912109375,46.43836212158203,267.80426025390625,111.8121566772461,213.18614196777344,175.51397705078125,148.6708984375,76.13923645019531
2026-05-12,112.68326568603516,206.39093017578125,167.75291442871094,234.8699951171875,108.72361755371094,130.9430694580078,196.7451171875,214.34085083007812,430.66461181640625,230.8538818359375,333.7695617675781,470.1199951171875,177.1291961669922,316.3500061035156,301.7256774902344,127.67738342285156,185.29193115234375,418.6374206542969,393.6600036621094,313.45196533203125,3409.81005859375,146.47735595703125,160.15737915039062,65.00086975097656,1086.3780517578125,484.9599914550781,182.1634521484375,65.32508850097656,910.4510498046875,90.44461059570312,24.570037841796875,86.94158172607422,702.3540649414062,72.72310638427734,260.3304138183594,98.9199447631836,44.3939094543457,164.971435546875,47.39579772949219,94.5645523071289,184.26229858398438,155.19000244140625,94.88999938964844,165.91578674316406,216.1797332763672,251.01588439941406,70.43387603759766,84.56303405761719,391.7061462402344,1075.3115234375,65.21260070800781,43.08357620239258,54.880001068115234,60.21074676513672,344.9418640136719,297.0797119140625,197.9366455078125,76.27466583251953,383.5891418457031,235.92498779296875,41.52334976196289,428.83056640625,308.148681640625,132.48178100585938,294.65484619140625,217.65863037109375,155.23345947265625,249.8966827392578,303.5126953125,28.963693618774414,180.9040985107422,32.14950180053711,79.51661682128906,85.3510513305664,256.6448059082031,308.22125244140625,502.28167724609375,517.6114501953125,498.9735412597656,127.74105072021484,349.5400695800781,733.8785400390625,76.13308715820312,78.15579223632812,580.3107299804688,142.47317504882812,251.0319366455078,190.82952880859375,406.8887023925781,1072.449951171875,41.97441101074219,220.52297973632812,5795.66015625,186.18228149414062,91.83999633789062,73.65373229980469,91.56659698486328,150.26901245117188,25.425214767456055,100.04199981689453,142.8436737060547,198.33192443847656,881.3400268554688,185.39297485351562,36.06021499633789,174.16554260253906,144.22000122070312,209.5360870361328,256.78857421875,722.3311157226562,26.89304542541504,336.31793212890625,453.68048095703125,201.7908935546875,178.14793395996094,310.7742004394531,55.349796295166016,513.2100219726562,400.3641662597656,92.74717712402344,149.704833984375,808.2236938476562,293.6660461425781,24.896636962890625,212.9070281982422,47.790000915527344,149.76943969726562,192.25685119628906,131.35487365722656,466.6011962890625,394.138916015625,264.22723388671875,96.8081283569336,54.017704010009766,325.8147277832031,278.7757568359375,47.12662887573242,268.6931457519531,111.62377166748047,216.7108612060547,174.80633544921875,149.614501953125,76.4073715209961
2026-05-13,112.52356719970703,207.0264129638672,157.74325561523438,231.02999877929688,108.326416015625,126.98322296142578,191.363037109375,214.41046142578125,436.06787109375,231.0735626220703,333.9283752441406,469.17999267578125,172.22598266601562,310.8999938964844,304.30963134765625,124.45223999023438,184.7371063232422,416.13140869140625,376.82000732421875,308.7647705078125,3366.7900390625,143.17066955566406,154.6412353515625,65.17025756835938,1087.9691162109375,485.5199890136719,185.9452362060547,65.33505249023438,900.6292114257812,88.5863037109375,24.748008728027344,87.36912536621094,707.348388671875,72.22711181640625,255.09246826171875,101.4903335571289,44.26430892944336,163.10650634765625,45.64812088012695,97.50634002685547,184.31185913085938,149.07000732421875,93.93000030517578,165.6463623046875,214.09483337402344,248.9415283203125,69.79151153564453,81.81365966796875,398.0204772949219,1071.97802734375,65.1532211303711,43.53112030029297,52.369998931884766,59.36157989501953,339.86419677734375,294.34307861328125,206.1939697265625,75.64602661132812,398.79998779296875,230.99681091308594,40.846229553222656,426.68487548828125,300.2975769042969,132.00404357910156,304.1324768066406,213.1112518310547,154.22720336914062,248.5945587158203,298.9034729003906,29.102703094482422,184.73521423339844,32.506168365478516,79.7451400756836,84.46632385253906,253.7228240966797,303.6995544433594,511.64208984375,516.558349609375,489.81890869140625,127.85967254638672,349.5001220703125,736.3657836914062,75.52853393554688,77.5992431640625,575.9669189453125,146.34315490722656,248.14295959472656,192.76885986328125,404.3342590332031,1025.530029296875,41.964500427246094,225.56710815429688,5720.10009765625,189.10211181640625,89.69999694824219,72.79891204833984,88.99339294433594,147.7158660888672,25.5136661529541,99.62532043457031,141.18605041503906,195.87303161621094,882.3699951171875,186.36492919921875,35.46500015258789,170.5815887451172,140.80999755859375,212.38555908203125,262.83721923828125,718.806396484375,26.377965927124023,330.8113708496094,453.59075927734375,203.07713317871094,177.3711700439453,305.5477600097656,55.091156005859375,509.2799987792969,383.7330627441406,91.02944946289062,150.82925415039062,816.767578125,301.2856750488281,24.41311264038086,206.8603973388672,46.540000915527344,146.54998779296875,189.25314331054688,132.32211303710938,469.95355224609375,398.8818054199219,263.2821350097656,96.81795501708984,52.2924690246582,319.7160339355469,273.99530029296875,46.41869354248047,264.45831298828125,111.24699401855469,215.50608825683594,171.48741149902344,150.5481719970703,73.82536315917969
2026-05-14,113.04257202148438,209.28038024902344,162.0415802001953,233.86000061035156,108.83284759521484,127.6283187866211,197.02418518066406,215.31570434570312,440.01300048828125,231.79248046875,333.71002197265625,472.0400085449219,168.8878631591797,315.4100036621094,298.0187072753906,128.99539184570312,181.8440704345703,439.0950622558594,388.19000244140625,311.9161682128906,3379.52001953125,143.45864868164062,154.09262084960938,64.37318420410156,1097.843505859375,484.05999755859375,193.95779418945312,66.49089813232422,918.5159912109375,86.30294036865234,24.916095733642578,88.3335952758789,714.2068481445312,72.67350769042969,260.5099792480469,115.09941864013672,45.7796630859375,165.5,45.727561950683594,96.55225372314453,184.946044921875,153.6999969482422,94.97000122070312,164.1993408203125,213.83547973632812,248.20355224609375,69.90022277832031,80.51866912841797,395.1023254394531,1074.3663330078125,64.3515396118164,43.73997497558594,53.459999084472656,58.8620719909668,339.12744140625,291.17706298828125,207.96127319335938,77.58183288574219,396.9311218261719,233.39617919921875,41.11508560180664,431.83453369140625,302.08416748046875,133.6263427734375,300.6407165527344,216.81468200683594,155.143798828125,249.26052856445312,298.56500244140625,28.894187927246094,189.05271911621094,33.090702056884766,79.93392181396484,84.74466705322266,253.3239288330078,306.37872314453125,510.0371398925781,517.0252685546875,489.1200866699219,125.7738265991211,352.773681640625,746.4046630859375,76.28174591064453,78.69247436523438,574.4091186523438,144.3733367919922,247.87399291992188,193.46502685546875,408.5451354980469,1041.9100341796875,41.6473388671875,235.465576171875,5680.60986328125,194.9318389892578,89.68000030517578,72.6199951171875,87.91462707519531,147.1221160888672,25.307275772094727,99.97254943847656,141.65257263183594,196.79261779785156,880.4299926757812,190.28245544433594,35.4947624206543,170.2738037109375,139.85000610351562,199.34373474121094,264.0111389160156,711.8068237304688,26.546356201171875,333.2354431152344,455.1360168457031,208.07254028320312,174.95123291015625,308.3804016113281,55.459224700927734,510.0199890136719,381.2506408691406,92.20108032226562,152.99844360351562,804.1865844726562,304.69659423828125,24.32430076599121,205.89413452148438,47.130001068115234,147.35000610351562,187.17442321777344,129.86912536621094,480.5794677734375,396.82354736328125,267.9479064941406,96.7884521484375,52.966697692871094,321.92193603515625,274.544189453125,46.27121353149414,269.1026611328125,111.63999938964844,217.87582397460938,173.07212829589844,151.75,74.95748138427734
2026-05-15,111.48555755615234,208.90306091308594,166.81419372558594,236.6199951171875,105.61553192138672,124.20438385009766,199.28665161132812,216.2308807373047,436.077880859375,227.55882263183594,326.30999755859375,470.3800048828125,169.01663208007812,317.2200012207031,293.5564270019531,124.81169891357422,179.1690216064453,424.51812744140625,391.8800048828125,312.6242370605469,3321.14990234375,142.4656524658203,153.74349975585938,63.88498306274414,1075.8375244140625,482.70001220703125,194.7760009765625,64.43827819824219,886.6651611328125,85.66044616699219,24.362403869628906,87.62763977050781,694.3492431640625,71.06647491455078,257.7099914550781,117.76942443847656,45.52045822143555,168.30999755859375,46.79999923706055,95.30000305175781,189.36557006835938,159.1999969482422,93.55999755859375,161.57479858398438,210.25425720214844,246.9469757080078,68.34864044189453,79.97078704833984,391.0886535644531,1054.225830078125,63.223262786865234,43.023902893066406,55.33000183105469,58.66227340698242,333.0342712402344,281.17950439453125,191.5164794921875,74.69808197021484,393.08343505859375,224.75445556640625,41.58309555053711,422.1539306640625,295.29510498046875,133.28794860839844,304.4018249511719,217.73806762695312,153.78883361816406,246.18911743164062,296.4743957519531,28.725391387939453,180.20201110839844,33.318572998046875,80.30155181884766,81.8121566772461,249.71383666992188,302.1658020019531,504.51458740234375,512.6539306640625,493.3729553222656,124.2712173461914,352.4742736816406,759.72998046875,75.46907806396484,79.28877258300781,557.86279296875,145.46768188476562,254.0603790283203,191.45606994628906,421.0081481933594,1031.6400146484375,41.50857925415039,225.05770874023438,5563.6201171875,192.2810516357422,88.48999786376953,71.01000213623047,90.59669494628906,147.5674285888672,24.89449691772461,99.73445129394531,140.52101135253906,199.64134216308594,862.719970703125,188.0509490966797,34.60193634033203,174.9300079345703,141.91000366210938,200.74855041503906,258.9473876953125,697.2086791992188,26.407682418823242,326.01312255859375,447.3599853515625,207.71360778808594,170.46990966796875,299.32391357421875,55.091156005859375,502.4200134277344,380.52386474609375,89.78832244873047,152.09295654296875,794.9031982421875,305.9432678222656,23.712493896484375,204.32022094726562,46.959999084472656,147.42999267578125,184.220458984375,128.95175170898438,465.5435791015625,391.61334228515625,269.1615905761719,97.29000091552734,52.66924285888672,325.1459655761719,267.298583984375,45.5927734375,263.5793762207031,109.16000366210938,218.8715057373047,168.07879638671875,157.9199981689453,73.7061996459961
2026-05-18,111.894775390625,207.92999267578125,175.4404754638672,243.49000549316406,106.62838745117188,126.71526336669922,206.4627685546875,220.05076599121094,413.0565185546875,225.3221893310547,324.3900146484375,471.17999267578125,175.60374450683594,326.57000732421875,291.49920654296875,121.5366439819336,183.5382843017578,420.0451965332031,399.3699951171875,311.3876037597656,3365.739990234375,141.35348510742188,154.68115234375,65.96731567382812,1079.795166015625,488.3800048828125,199.33607482910156,64.27885437011719,862.3502807617188,88.8828353881836,24.780214309692383,89.40744018554688,675.7476196289062,71.55255126953125,261.8699951171875,118.43692779541016,46.058807373046875,174.50999450683594,51.400001525878906,95.39938354492188,194.33999633789062,162.6699981689453,94.61000061035156,163.52076721191406,210.31411743164062,248.53265380859375,67.6370849609375,79.70182800292969,392.4730224609375,1057.39013671875,64.75733184814453,43.759864807128906,56.65999984741211,58.95198440551758,341.6065368652344,285.6339416503906,178.27676391601562,72.94188690185547,392.87353515625,225.88943481445312,42.59877395629883,421.9443664550781,297.5779724121094,135.91549682617188,305.2797546386719,221.16348266601562,155.4127960205078,247.9584197998047,299.3813171386719,29.22185516357422,175.64500427246094,33.46718215942383,80.67910766601562,83.3231430053711,254.8696746826172,309.9044494628906,509.2496337890625,524.8739013671875,504.9435729980469,126.78215026855469,358.472412109375,775.1129150390625,76.62861633300781,80.90874481201172,554.9869384765625,151.74520874023438,258.54327392578125,191.63510131835938,422.6246643066406,1074.8399658203125,42.19245910644531,222.0612030029297,5716.77978515625,185.96304321289062,91.73999786376953,71.12999725341797,93.51629638671875,147.508056640625,24.89449691772461,101.58965301513672,141.33493041992188,203.90945434570312,858.4299926757812,189.9254150390625,34.65153884887695,179.8000030517578,144.05999755859375,202.890625,251.28709411621094,628.7409057617188,26.71474838256836,325.0754089355469,436.3599853515625,213.8955535888672,175.22012329101562,301.9969787597656,56.851924896240234,498.42999267578125,393.9835510253906,89.5897445678711,152.9785614013672,740.3121948242188,312.38604736328125,24.107208251953125,199.73793029785156,47.04999923706055,150.25,189.6211395263672,130.79647827148438,459.3775939941406,388.9087829589844,273.7079772949219,95.52999877929688,52.99644470214844,332.023193359375,265.8015441894531,45.97623825073242,259.8539123535156,109.55000305175781,221.76893615722656,168.59707641601562,160.49000549316406,77.18196868896484
2026-05-19,110.35773468017578,212.24923706054688,174.6993865966797,244.16000366210938,108.23704528808594,127.94589233398438,202.77503967285156,223.40310668945312,406.40478515625,220.94873046875,330.75,463.760009765625,181.26966857910156,323.6600036621094,289.96868896484375,119.02043914794922,183.3995819091797,410.4204406738281,392.3399963378906,308.4656066894531,3347.280029296875,145.92127990722656,154.1524658203125,65.23003387451172,1030.4930419921875,480.4599914550781,199.9347686767578,61.219852447509766,858.5573120117188,91.2749252319336,23.765527725219727,89.50686645507812,657.395263671875,72.72310638427734,266.1700134277344,114.9499740600586,45.93917465209961,172.1999969482422,50.880001068115234,93.60052490234375,197.25,154.64999389648438,94.2699966430664,166.6941680908203,207.04214477539062,245.06210327148438,69.8508071899414,75.84673309326172,400.6397705078125,1043.2701416015625,65.06414031982422,43.33221435546875,56.029998779296875,58.142784118652344,338.6495666503906,284.9248352050781,175.56092834472656,72.472900390625,384.6684875488281,227.68150329589844,42.79792785644531,403.88055419921875,300.1883850097656,134.3827667236328,309.81903076171875,220.74647521972656,153.5397491455078,245.8809814453125,294.3738708496094,28.64595603942871,174.05799865722656,33.99227523803711,81.39449310302734,82.50800323486328,252.9948272705078,306.9065856933594,504.4747619628906,523.204833984375,498.86376953125,126.9996337890625,357.9833984375,761.0485229492188,77.87734985351562,80.57083129882812,531.8899536132812,148.59152221679688,262.0199890136719,188.54212951660156,416.51788330078125,1050.77001953125,42.04378890991211,220.35317993164062,5773.52001953125,180.83090209960938,91.91999816894531,70.94000244140625,93.50640869140625,148.80441284179688,25.21882438659668,100.3396224975586,140.2530059814453,202.7799530029297,852.5599975585938,189.99484252929688,34.96898651123047,182.3800048828125,145.19000244140625,194.8901824951172,245.92489624023438,629.3599853515625,26.585979461669922,319.9080505371094,422.2900085449219,214.34423828125,173.7661895751953,298.276611328125,56.47390365600586,493.8699951171875,387.3669738769531,90.66207122802734,150.13272094726562,732.8274536132812,316.90399169921875,24.649940490722656,195.31503295898438,46.77000045776367,150.67999267578125,192.37620544433594,131.2551727294922,446.99566650390625,387.02947998046875,270.15643310546875,96.83000183105469,52.84771728515625,329.2982482910156,258.9451904296875,46.939815521240234,254.97984313964844,111.48999786376953,221.380615234375,171.18841552734375,162.5500030517578,78.37366485595703
2026-05-20,113.56156921386719,210.799560546875,177.0906219482422,243.6300048828125,107.9292221069336,127.8962631225586,202.9345245361328,220.8167266845703,426.32000732421875,224.3736114501953,331.57000732421875,457.2699890136719,182.280029296875,321.1499938964844,287.4046325683594,122.86463928222656,184.96498107910156,417.0998840332031,398.44000244140625,308.9742431640625,3419.360107421875,145.92127990722656,156.55642700195312,66.54519653320312,1045.6773681640625,480.8999938964844,198.7972412109375,63.36214828491211,870.9442749023438,91.57146453857422,25.894380569458008,89.83499145507812,667.7726440429688,72.3659896850586,264.75,113.92381286621094,45.79960250854492,171.36000061035156,51.29999923706055,92.70606231689453,191.3300018310547,160.72999572753906,98.23999786376953,170.76571655273438,210.4637451171875,247.96420288085938,68.92182922363281,77.89879608154297,394.6043395996094,1065.06005859375,65.59858703613281,43.441612243652344,56.40999984741211,58.97196578979492,338.2612609863281,299.79632568359375,180.4134979248047,75.97531127929688,384.6684875488281,236.4227752685547,42.12080764770508,395.8766174316406,308.2677917480469,136.04489135742188,303.3842468261719,223.3974609375,151.1287078857422,249.26052856445312,300.625732421875,28.487089157104492,182.94700622558594,33.2789421081543,81.02687072753906,86.79244995117188,256.714599609375,307.90252685546875,505.0329895019531,519.191162109375,497.20654296875,128.76913452148438,369.0216064453125,753.8464965820312,77.4511947631836,82.00196838378906,541.2066040039062,149.0093536376953,258.3699951171875,196.68728637695312,420.1499938964844,1082.6700439453125,43.798091888427734,223.20985412597656,5990.3701171875,187.50767517089844,92.22000122070312,71.2699966430664,93.94186401367188,147.73565673828125,25.346590042114258,101.99640655517578,141.3845672607422,202.51007080078125,859.4400024414062,187.07901000976562,35.157470703125,179.33999633789062,147.9600067138672,201.76478576660156,252.58038330078125,649.760009765625,27.26944923400879,328.43719482421875,436.2300109863281,211.58230590820312,174.12469482421875,306.9042663574219,56.98124313354492,498.92999267578125,393.60601806640625,90.8110122680664,153.30691528320312,750.5348510742188,320.634033203125,24.600603103637695,200.6145477294922,48.0,159.2100067138672,189.1337890625,135.4033203125,450.6673278808594,381.12322998046875,264.4261779785156,98.87000274658203,54.037532806396484,330.1366882324219,262.7376708984375,47.018470764160156,258.815185546875,110.6500015258789,218.64248657226562,179.65016174316406,156.27999877929688,79.15819549560547
2026-05-21,114.56963348388672,212.9840087890625,175.75665283203125,240.19000244140625,109.0711669921875,128.63067626953125,206.72190856933594,213.3162384033203,427.3599853515625,222.83590698242188,337.4200134277344,450.57000732421875,182.0422821044922,324.2200012207031,288.3984680175781,124.67191314697266,182.4088134765625,413.9149169921875,389.8399963378906,308.85455322265625,3438.179931640625,145.22618103027344,159.27957153320312,65.55882263183594,1057.7891845703125,479.9800109863281,200.17425537109375,61.95720291137695,864.3465576171875,90.97838592529297,26.043598175048828,89.92447662353516,636.780029296875,73.05046844482422,265.44000244140625,117.75946044921875,45.759727478027344,172.36000061035156,52.31999969482422,92.74581146240234,191.00999450683594,159.27000427246094,102.62000274658203,172.97116088867188,207.2615966796875,249.50001525878906,69.49502563476562,78.60607147216797,388.2402648925781,1078.4200439453125,65.08393859863281,43.29243087768555,55.81999969482422,58.96197509765625,337.225830078125,301.38433837890625,191.5963592529297,77.04299926757812,383.2393493652344,238.72259521484375,41.78224563598633,391.7748107910156,311.4439697265625,135.3780517578125,302.9652099609375,251.16824340820312,150.92945861816406,248.4255828857422,301.6411437988281,28.576452255249023,184.21800231933594,33.18977737426758,80.64929962158203,88.3034439086914,255.04917907714844,305.0939025878906,512.8881225585938,519.3897705078125,498.78387451171875,128.52200317382812,369.8299865722656,765.6534423828125,77.4511947631836,83.78095245361328,537.2022705078125,150.82000732421875,248.42999267578125,199.4122772216797,419.0899963378906,1090.449951171875,43.99631881713867,219.25445556640625,6047.8701171875,189.11209106445312,92.33999633789062,71.62999725341797,93.27877044677734,147.3002471923828,25.50383949279785,103.09762573242188,142.3374481201172,198.88168334960938,864.72998046875,186.91041564941406,35.881649017333984,174.0500030517578,145.83999633789062,212.6246795654297,258.97723388671875,642.5900268554688,27.447744369506836,373.98583984375,440.25,207.48426818847656,175.25,308.5400085449219,56.95140075683594,503.9800109863281,392.3978271484375,90.90037536621094,152.92880249023438,809.882568359375,312.6653137207031,25.005184173583984,201.79000854492188,47.88999938964844,157.4600067138672,189.8697967529297,138.7138671875,446.62652587890625,380.3078918457031,264.06805419921875,98.25,54.09702682495117,330.5060119628906,261.55999755859375,47.46092987060547,254.85000610351562,112.11000061035156,216.8104248046875,191.30126953125,155.2899932861328,79.51570129394531
2026-05-22,114.73930358886719,214.17552185058594,177.1103973388672,240.99000549316406,110.51102447509766,130.59571838378906,204.07073974609375,215.4649200439453,432.1600036621094,224.1838836669922,339.29998779296875,452.30999755859375,182.11163330078125,324.7799987792969,287.68292236328125,131.86106872558594,183.93458557128906,413.485595703125,386.0,310.9288635253906,3406.5,146.59652709960938,160.65611267089844,65.81786346435547,1066.9873046875,486.3800048828125,200.2440948486328,62.913761138916016,878.2607421875,90.40507507324219,25.84463882446289,90.093505859375,639.5499877929688,73.93334197998047,274.9100036621094,119.96123504638672,45.38088607788086,172.92999267578125,52.75,92.68618774414062,191.42999267578125,160.25,106.66999816894531,171.64390563964844,209.38638305664062,252.63148498535156,70.34494018554688,87.97982025146484,393.09051513671875,1079.7900390625,65.5194091796875,43.700191497802734,57.130001068115234,59.071868896484375,341.38751220703125,302.4629821777344,193.7530517578125,78.61958312988281,379.1518249511719,239.64849853515625,41.29432678222656,393.28179931640625,310.7392578125,135.3780517578125,307.2251892089844,252.03204345703125,152.4039764404297,250.68191528320312,305.0059814453125,28.914047241210938,188.83799743652344,33.47709274291992,80.95732116699219,88.33326721191406,259.21771240234375,310.72113037109375,515.948486328125,529.7718505859375,497.7056884765625,129.63906860351562,369.1499938964844,765.23388671875,77.89716339111328,83.54241943359375,535.7144165039062,152.44000244140625,254.64999389648438,199.92942810058594,418.57000732421875,1103.0899658203125,44.273834228515625,215.07933044433594,6036.990234375,191.41407775878906,91.73999786376953,72.7699966430664,96.00043487548828,149.00233459472656,25.454696655273438,103.0281753540039,143.3697509765625,199.4214324951172,866.9600219726562,187.43605041503906,36.03045654296875,177.69000244140625,148.22999572753906,237.28359985351562,254.77899169921875,638.8800048828125,27.56661033630371,376.85882568359375,452.2900085449219,208.3218231201172,177.00999450683594,309.0799865722656,56.98124313354492,524.739990234375,394.16290283203125,92.1415023803711,153.1875,812.15087890625,315.63739013671875,24.92624282836914,202.77999877929688,48.380001068115234,158.27000427246094,190.4367218017578,138.09564208984375,449.99884033203125,386.2638854980469,264.50579833984375,101.0199966430664,54.3647346496582,328.2701721191406,260.6499938964844,47.53958511352539,256.4100036621094,113.41000366210938,216.95977783203125,191.85940551757812,154.9199981689453,80.75704956054688
2026-05-26,114.85907745361328,211.61375427246094,174.89700317382812,238.22999572753906,110.25283813476562,129.91091918945312,203.28335571289062,211.70474243164062,454.8900146484375,229.09652709960938,335.94000244140625,455.5,183.2012176513672,319.2900085449219,287.8121032714844,139.34976196289062,183.3797607421875,421.3431701660156,385.29998779296875,309.87176513671875,3100.110107421875,146.71568298339844,162.8905029296875,66.48541259765625,1071.3626708984375,483.6199951171875,199.9347686767578,64.6574935913086,906.86767578125,89.59453582763672,26.57083511352539,89.33783721923828,668.75,73.6059799194336,270.7799987792969,117.88898468017578,46.46755599975586,171.08999633789062,51.810001373291016,90.1717529296875,184.7100067138672,154.0,111.44000244140625,172.4522247314453,214.8729248046875,253.53900146484375,70.40423583984375,86.26644897460938,386.2782287597656,1077.6300048828125,65.45012664794922,44.20741271972656,55.61000061035156,60.26069641113281,343.1298522949219,314.09844970703125,195.8697967529297,79.61742401123047,384.6085205078125,237.4781036376953,40.90597915649414,391.6351013183594,308.22808837890625,134.72116088867188,300.97991943359375,248.9044952392578,150.0825958251953,248.90269470214844,305.3643493652344,29.341005325317383,201.13900756835938,32.565608978271484,79.94385528564453,88.7607192993164,257.7417907714844,312.2051086425781,513.3466796875,529.43408203125,492.1849365234375,129.04592895507812,373.80999755859375,753.5668334960938,76.9061050415039,82.75728607177734,560.1295776367188,154.02999877929688,248.0500030517578,200.6554412841797,416.0299987792969,1101.3299560546875,44.541439056396484,214.60987854003906,6032.81982421875,192.3906707763672,89.87000274658203,72.7300033569336,93.82310485839844,144.16323852539062,25.40555763244629,103.8813705444336,141.9007110595703,198.6917724609375,868.030029296875,180.03738403320312,35.83205032348633,173.8800048828125,144.8800048828125,247.90438842773438,266.3291015625,634.6199951171875,27.982635498046875,380.8490905761719,456.29998779296875,206.44729614257812,178.97000122070312,311.25,57.67759323120117,534.5599975585938,389.3302307128906,90.90037536621094,157.73487854003906,845.1574096679688,312.1666564941406,24.68941307067871,208.60000610351562,48.68000030517578,158.97000122070312,190.07867431640625,140.2195587158203,460.3852844238281,374.71978759765625,269.6988220214844,101.97000122070312,54.751426696777344,325.8746337890625,268.94000244140625,47.677242279052734,261.4700012207031,112.98999786376953,214.5502166748047,197.71983337402344,149.80999755859375,79.67459869384766
2026-05-27,115.61761474609375,213.8776397705078,174.2646026611328,237.0,110.34220886230469,128.5909881591797,202.1770477294922,207.7555389404297,448.25,226.04110717773438,336.05999755859375,443.1700134277344,183.23094177246094,318.5400085449219,283.96600341796875,140.02874755859375,184.5092315673828,421.193359375,391.32000732421875,311.6867980957031,3027.47998046875,146.20925903320312,167.94778442382812,62.968353271484375,1064.3421630859375,479.9200134277344,199.40591430664062,64.27885437011719,908.2451171875,89.82188415527344,27.834218978881836,90.7696304321289,667.8499755859375,73.62582397460938,267.010009765625,119.22398376464844,46.995933532714844,169.86000061035156,53.15999984741211,91.50350189208984,182.39999389648438,157.5800018310547,114.37000274658203,172.77157592773438,212.84788513183594,261.8663024902344,70.8193130493164,90.84872436523438,389.8835754394531,1070.219970703125,65.94499206542969,44.57538986206055,55.619998931884766,59.85110092163086,341.1883850097656,316.8150634765625,190.59788513183594,83.93805694580078,384.5985107421875,236.9205780029297,39.43224334716797,391.3656311035156,315.4836730957031,131.0684814453125,305.5491027832031,253.38235473632812,149.15603637695312,248.78341674804688,297.93780517578125,29.887115478515625,195.718994140625,31.921630859375,81.09642028808594,90.42081451416016,257.5423278808594,307.8029479980469,506.2690734863281,527.6854858398438,494.2115478515625,129.08547973632812,385.8599853515625,755.6344604492188,75.30059814453125,82.68771362304688,573.5703735351562,155.1699981689453,247.0500030517578,200.50625610351562,412.6700134277344,1093.8399658203125,45.57221603393555,212.35250854492188,6098.080078125,190.2979736328125,89.0199966430664,71.79000091552734,93.45691680908203,146.20179748535156,25.759366989135742,103.74248504638672,146.39715576171875,196.82260131835938,856.6799926757812,180.54318237304688,35.554283142089844,174.6300048828125,142.25999450683594,232.54110717773438,273.7506408691406,627.739990234375,27.824148178100586,375.3126220703125,456.0799865722656,205.00152587890625,176.58999633789062,309.9700012207031,56.2053108215332,525.9199829101562,392.4638977050781,90.61243438720703,157.13784790039062,870.0396118164062,305.1254577636719,24.56113052368164,208.75,48.459999084472656,157.00999450683594,189.78028869628906,138.43466186523438,456.6437683105469,381.8292236328125,277.94598388671875,104.47000122070312,54.225921630859375,327.00250244140625,275.6499938964844,47.431434631347656,260.80999755859375,113.13999938964844,214.6597442626953,202.5038604736328,147.89999389648438,78.9297866821289
2026-05-28,135.1201171875,217.08482360839844,176.28036499023438,240.9499969482422,108.16754150390625,126.79466247558594,201.97769165039062,206.19375610351562,449.67999267578125,225.11248779296875,336.4800109863281,439.8500061035156,184.91485595703125,318.29998779296875,281.8988342285156,147.45753479003906,183.12216186523438,425.9059143066406,439.32000732421875,314.259765625,3007.080078125,147.37106323242188,169.3941650390625,64.47281646728516,1040.6258544921875,477.4200134277344,199.41590881347656,63.58135986328125,886.0263061523438,90.03933715820312,27.7944278717041,91.13752746582031,668.6799926757812,72.584228515625,267.7099914550781,118.19782257080078,45.67000198364258,173.05999755859375,53.849998474121094,92.3979721069336,183.02999877929688,156.6999969482422,114.30999755859375,180.25604248046875,211.989990234375,259.5426330566406,69.45549774169922,90.52000427246094,391.15838623046875,1069.43994140625,65.57879638671875,44.515716552734375,55.83000183105469,59.1118278503418,347.430908203125,320.42059326171875,182.69000244140625,84.16755676269531,385.88775634765625,235.30772399902344,39.16339111328125,383.6211853027344,318.8186340332031,128.36131286621094,307.9734191894531,262.338134765625,147.75125122070312,248.1373291015625,295.3992614746094,29.82754135131836,192.76300048828125,31.614500045776367,79.89418029785156,89.21798706054688,262.0299987792969,313.50982666015625,500.39764404296875,533.716064453125,492.9237060546875,129.32273864746094,385.760009765625,756.1439208984375,74.8942642211914,81.45535278320312,574.3192749023438,152.85000610351562,251.3300018310547,202.67431640625,426.989990234375,1163.5,46.94989013671875,214.00057983398438,6160.5400390625,202.99378967285156,89.2300033569336,71.20999908447266,94.52578735351562,144.7668914794922,25.690570831298828,102.50237274169922,144.828857421875,194.4236602783203,852.8099975585938,177.1017303466797,35.0483512878418,176.7100067138672,138.7899932861328,242.39471435546875,279.83905029296875,621.52001953125,27.56661033630371,369.86590576171875,454.79998779296875,203.09707641601562,178.9600067138672,305.1400146484375,54.8325080871582,480.6400146484375,394.2384033203125,89.39115905761719,156.82937622070312,880.0924682617188,306.8109436035156,24.55126190185547,210.3300018310547,47.79999923706055,154.88999938964844,187.989990234375,144.97598266601562,451.2360534667969,380.35760498046875,265.6199951171875,106.66999816894531,53.98796081542969,324.3474426269531,276.75,47.205284118652344,261.20001220703125,111.66999816894531,213.47488403320312,204.9158172607422,146.9600067138672,77.72815704345703
2026-05-29,135.2698211669922,216.18125915527344,184.8473663330078,231.30999755859375,107.2142562866211,125.712890625,200.44281005859375,205.00999450683594,450.05999755859375,225.51190185546875,336.7900085449219,445.7099914550781,185.19223022460938,316.05999755859375,276.89990234375,148.53590393066406,180.82359313964844,446.06402587890625,448.7200012207031,315.6060791015625,2935.18994140625,146.090087890625,167.01014709472656,63.64585876464844,1041.013671875,474.4800109863281,196.37252807617188,63.641143798828125,874.2481689453125,90.44461059570312,27.913803100585938,89.61624145507812,646.6300048828125,71.98902893066406,269.3599853515625,119.97119140625,45.2599983215332,171.25999450683594,55.7599983215332,90.42021179199219,182.4600067138672,159.2899932861328,113.8499984741211,182.29180908203125,211.36000061035156,255.30419921875,69.11949157714844,88.94999694824219,391.5965881347656,1068.0400390625,64.7771224975586,43.95877456665039,56.560001373291016,58.262664794921875,345.30029296875,323.35693359375,181.16000366210938,83.05995178222656,376.2035827636719,232.888427734375,38.685420989990234,377.7828674316406,314.7789611816406,126.52999877929688,304.7011413574219,295.6789245605469,147.30291748046875,245.79153442382812,297.9676818847656,29.817611694335938,192.17100524902344,30.792186737060547,78.50315856933594,89.24781036376953,260.05999755859375,313.908203125,496.12115478515625,527.0,493.1533203125,127.5927734375,375.6000061035156,741.6199951171875,73.14999389648438,82.18086242675781,580.8099975585938,153.1300048828125,248.77000427246094,206.8612823486328,450.239990234375,1180.5799560546875,45.81999969482422,210.8942108154297,6104.7998046875,224.9972381591797,86.87999725341797,70.83999633789062,95.98064422607422,142.6887664794922,25.729883193969727,102.80000305175781,142.4962615966797,190.3154754638672,844.6300048828125,175.9215087890625,35.107872009277344,175.8800048828125,138.72999572753906,250.09628295898438,283.1618347167969,614.780029296875,27.735000610351562,363.0126647949219,451.05999755859375,199.85653686523438,179.66000366210938,303.8399963378906,54.26548385620117,475.6199951171875,401.1352844238281,88.49754333496094,154.869140625,879.173095703125,304.2777099609375,24.472318649291992,213.41000366210938,48.209999084472656,154.75,187.52999877929688,145.04579162597656,450.2781982421875,378.15020751953125,262.6400146484375,106.69000244140625,54.38456344604492,325.75482177734375,282.9200134277344,47.00864028930664,261.1600036621094,111.05000305175781,210.54757690429688,202.89256286621094,145.25999450683594,77.15218353271484
2026-06-01,135.7189483642578,211.4250946044922,194.25424194335938,248.16000366210938,104.35441589355469,122.85465240478516,205.416259765625,207.2100067138672,458.1700134277344,223.02561950683594,329.1300048828125,447.1499938964844,185.7568359375,320.4100036621094,277.1682434082031,146.1195526123047,181.18026733398438,459.2431640625,476.8800048828125,312.68408203125,3020.949951171875,144.3126220703125,168.82557678222656,62.73919677734375,1015.0101928710938,470.2900085449219,194.72610473632812,64.87670135498047,863.7576293945312,89.98003387451172,27.366668701171875,87.92593383789062,643.5,70.01496887207031,264.69000244140625,120.87779998779297,45.86000061035156,172.89999389648438,57.15999984741211,90.06243133544922,185.8300018310547,164.77999877929688,110.81999969482422,179.4976043701172,207.5399932861328,249.7892303466797,68.27945709228516,85.58000183105469,401.0282287597656,1050.77001953125,65.13341522216797,43.74992370605469,59.04999923706055,58.66227340698242,337.71368408203125,324.1958923339844,176.6999969482422,82.50116729736328,372.35589599609375,235.7557373046875,39.18330383300781,370.218017578125,308.3769836425781,126.56999969482422,327.5372314453125,318.1378479003906,144.42361450195312,244.33038330078125,295.2499084472656,29.98641014099121,194.00399780273438,30.564315795898438,78.13553619384766,89.57585906982422,256.8699951171875,308.34075927734375,495.842041015625,516.5,494.42120361328125,126.66352844238281,376.9599914550781,734.8200073242188,73.3184814453125,81.33609008789062,570.9600219726562,150.92999267578125,258.6600036621094,209.85479736328125,460.5199890136719,1183.5699462890625,45.93000030517578,224.09881591796875,6121.31005859375,247.28968811035156,86.63999938964844,69.33999633789062,101.3843765258789,140.0465545654297,25.18933868408203,102.9000015258789,139.24057006835938,192.58447265625,823.2999877929688,171.24032592773438,34.244808197021484,180.24000549316406,145.0800018310547,228.14735412597656,287.55902099609375,600.6599731445312,27.34000015258789,365.41680908203125,456.7099914550781,200.2454071044922,174.41000366210938,294.8599853515625,54.464439392089844,492.2900085449219,405.4493713378906,86.51173400878906,158.9985809326172,920.6035766601562,298.6626892089844,24.225622177124023,211.08999633789062,46.869998931884766,152.75,186.74000549316406,138.4147186279297,447.4546203613281,377.7027587890625,263.5,109.0199966430664,53.09559631347656,322.1714782714844,281.55999755859375,46.92998123168945,256.010009765625,108.5999984741211,211.59303283691406,201.46731567382812,149.3800048828125,77.02307891845703
2026-06-02,134.79074096679688,213.8776397705078,184.00746154785156,236.66000366210938,106.03258514404297,126.14956665039062,205.0873565673828,210.4600067138672,490.04998779296875,227.3890838623047,328.260009765625,445.3999938964844,183.77574157714844,317.8599853515625,277.5657653808594,148.17645263671875,181.68556213378906,480.8090515136719,490.1199951171875,310.12109375,3029.360107421875,143.41891479492188,166.79071044921875,64.3034439086914,1013.2501831054688,471.510009765625,194.4567108154297,66.1820068359375,908.1253051757812,88.8828353881836,27.495990753173828,87.766845703125,672.6699829101562,71.27479553222656,264.8399963378906,127.52294158935547,46.13999938964844,173.30999755859375,55.13999938964844,88.9493179321289,187.5500030517578,156.9499969482422,110.79000091552734,175.74539184570312,211.83999633789062,255.56350708007812,70.0879898071289,83.41000366210938,387.4534606933594,1071.800048828125,65.52930450439453,44.48588180541992,56.459999084472656,60.10085678100586,336.1306457519531,317.324462890625,200.39999389648438,81.55323028564453,358.1744384765625,239.96707153320312,39.96000289916992,366.6152648925781,309.2007751464844,127.16999816894531,320.124755859375,326.8851013183594,141.85316467285156,247.08370971679688,299.6102600097656,30.14527702331543,204.52000427246094,31.148853302001953,77.90701293945312,90.36117553710938,257.70001220703125,306.876708984375,494.3467712402344,513.4299926757812,476.8805847167969,127.4840316772461,373.760009765625,736.780029296875,73.09053802490234,82.31005859375,576.9299926757812,152.89999389648438,263.05999755859375,213.8030548095703,441.30999755859375,1170.0,43.72999954223633,222.56060791015625,6180.9599609375,243.73207092285156,86.2300033569336,70.33000183105469,99.75138092041016,140.5215606689453,25.110713958740234,103.30999755859375,139.77658081054688,196.73265075683594,836.3200073242188,172.2321014404297,34.552337646484375,182.55999755859375,142.33999633789062,239.9537353515625,289.29998779296875,602.9199829101562,28.030000686645508,362.6236267089844,463.4100036621094,201.0829620361328,174.25999450683594,293.0,56.26499938964844,508.3500061035156,394.9479675292969,88.91456604003906,158.98863220214844,925.9497680664062,292.5190734863281,24.31443214416504,214.72999572753906,48.119998931884766,153.69000244140625,188.8300018310547,138.2551727294922,457.8809814453125,375.7738037109375,264.67999267578125,108.93000030517578,54.13668441772461,316.7315979003906,281.8399963378906,47.067630767822266,264.510009765625,110.2300033569336,211.01553344726562,203.1616668701172,149.55999755859375,75.86117553710938
2026-06-03,137.13621520996094,215.59542846679688,175.32188415527344,229.60000610351562,105.48644256591797,125.3556137084961,201.8282012939453,209.33999633789062,500.7699890136719,227.88832092285156,338.2200012207031,440.92999267578125,180.51686096191406,315.6000061035156,280.52734375,147.3976287841797,181.497314453125,478.4727478027344,481.4800109863281,299.7494812011719,3061.64990234375,144.59066772460938,164.36679077148438,64.034423828125,985.3175659179688,475.3699951171875,195.42459106445312,67.33785247802734,924.4650268554688,87.59783172607422,27.028440475463867,84.38623046875,682.3300170898438,69.65784454345703,263.6400146484375,126.02853393554688,46.439998626708984,174.72000122070312,53.5099983215332,90.80781555175781,189.7100067138672,154.5800018310547,107.36000061035156,177.71131896972656,213.50999450683594,254.97509765625,70.02869415283203,82.05000305175781,389.6843566894531,1077.0,65.46002960205078,46.20643997192383,55.08000183105469,60.54042053222656,335.5631408691406,314.248291015625,200.75999450683594,81.52328491210938,355.466064453125,236.8907012939453,41.029998779296875,362.5035095214844,310.6400146484375,125.94000244140625,326.7690734863281,303.45318603515625,137.9376983642578,248.7535858154297,299.50079345703125,30.333932876586914,212.51100158691406,31.07950210571289,78.25476837158203,88.9297103881836,258.9200134277344,302.2255554199219,505.97003173828125,512.030029296875,470.7608337402344,131.02304077148438,376.75,739.530029296875,77.25297546386719,80.46150970458984,583.1500244140625,151.64999389648438,267.2099914550781,208.98956298828125,427.3399963378906,1169.3199462890625,43.810001373291016,214.5,6119.41015625,229.53146362304688,87.37999725341797,69.91999816894531,97.43548583984375,141.05592346191406,24.904325485229492,101.19000244140625,139.1512451171875,193.37413024902344,850.760009765625,174.49334716796875,34.740821838378906,184.67999267578125,139.72000122070312,249.08999633789062,286.4200134277344,618.9500122070312,27.399999618530273,358.5535583496094,461.7300109863281,203.6055908203125,172.5500030517578,296.489990234375,56.849998474121094,498.0199890136719,390.0567626953125,88.89470672607422,157.09805297851562,940.019775390625,294.2145690917969,23.238834381103516,218.38999938964844,47.41999816894531,157.89999389648438,181.4499969482422,139.2124481201172,464.7853088378906,374.8590087890625,262.1300048828125,108.66999816894531,52.6890754699707,311.8207092285156,285.29998779296875,45.86808395385742,262.7799987792969,110.05000305175781,217.05935668945312,206.4207763671875,152.52999877929688,77.05286407470703
2026-06-04,138.10435485839844,223.3502197265625,176.7349090576172,233.63999938964844,106.24111938476562,126.82443237304688,210.3000030517578,210.83999633789062,501.70001220703125,228.4175262451172,345.6000061035156,455.0899963378906,192.07650756835938,322.239990234375,281.1037902832031,146.5489044189453,187.44187927246094,418.248046875,513.2000122070312,311.67681884765625,3081.93994140625,148.5130157470703,167.07000732421875,65.86768341064453,1016.8299560546875,478.6300048828125,201.3018035888672,68.2944107055664,938.738525390625,92.70819854736328,27.704896926879883,84.61491394042969,678.0999755859375,69.79672241210938,270.32000732421875,129.51548767089844,46.22999954223633,179.9600067138672,53.400001525878906,94.23658752441406,188.35000610351562,160.07000732421875,108.95999908447266,186.25360107421875,213.47000122070312,253.63873291015625,70.96754455566406,82.9000015258789,407.7807312011719,1089.1500244140625,67.20193481445312,46.90262222290039,56.22999954223633,61.409568786621094,340.00360107421875,327.2420959472656,197.6999969482422,83.04000091552734,369.0478820800781,240.8929901123047,41.220001220703125,361.10626220703125,309.95001220703125,127.33000183105469,348.9766540527344,299.62066650390625,141.53433227539062,249.60841369628906,309.4957580566406,29.84739875793457,213.11000061035156,31.40644645690918,76.32720947265625,91.33536529541016,260.9700012207031,308.5299987792969,507.45001220703125,519.0499877929688,480.9537658691406,135.30348205566406,385.29998779296875,756.9500122070312,81.1973876953125,82.94612121582031,580.8599853515625,152.77000427246094,267.04998779296875,217.07505798339844,428.04998779296875,1180.47998046875,43.619998931884766,218.66000366210938,6177.27001953125,235.5206298828125,88.4000015258789,69.8499984741211,98.45487976074219,140.6699981689453,25.248308181762695,103.51000213623047,139.7368621826172,195.29327392578125,872.22998046875,173.55116271972656,34.879703521728516,184.13999938964844,138.7899932861328,242.57000732421875,293.2799987792969,628.72998046875,28.43000030517578,365.8258056640625,462.239990234375,207.30479431152344,179.41000366210938,300.0899963378906,58.0099983215332,494.4800109863281,397.4645080566406,89.6989517211914,161.9439239501953,925.3302001953125,300.40802001953125,22.46914291381836,220.75,49.18000030517578,158.6300048828125,177.02000427246094,140.0699920654297,462.71002197265625,394.21844482421875,263.8999938964844,110.22000122070312,54.98938751220703,319.5862731933594,283.05999755859375,44.117916107177734,262.5199890136719,111.2300033569336,218.0649871826172,207.39752197265625,152.0399932861328,78.9695053100586
2026-06-05,135.17999267578125,225.62403869628906,176.1321563720703,229.9600067138672,108.50515747070312,128.1642303466797,216.13999938964844,221.00999450683594,453.010009765625,226.21084594726562,349.5799865722656,454.6600036621094,192.28451538085938,328.5299987792969,280.60687255859375,138.60089111328125,187.96697998046875,385.1204833984375,486.1199951171875,309.8119201660156,3116.429931640625,150.10182189941406,165.83999633789062,62.36058807373047,995.5999755859375,488.1300048828125,205.26318359375,66.91935729980469,902.6055908203125,93.4001235961914,27.267189025878906,88.07508087158203,651.219970703125,71.4632797241211,275.0400085449219,121.1866455078125,46.9900016784668,179.85000610351562,53.209999084472656,95.33975219726562,187.30999755859375,156.8000030517578,108.12999725341797,183.91844177246094,214.75999450683594,257.26885986328125,72.46971893310547,83.48999786376953,413.8460693359375,1080.949951171875,67.48895263671875,46.53464126586914,54.43000030517578,61.21975326538086,344.9219665527344,327.5916442871094,177.5800018310547,82.11000061035156,365.5400085449219,235.52674865722656,39.18000030517578,371.38568115234375,310.7799987792969,132.13999938964844,349.2559814453125,282.8112487792969,140.97640991210938,251.19879150390625,310.9691162109375,30.314075469970703,192.9199981689453,31.38663101196289,78.97014617919922,89.95360565185547,265.1499938964844,307.8299865722656,507.8999938964844,523.760009765625,490.2581481933594,135.9658203125,392.510009765625,775.6599731445312,80.93971252441406,83.96977233886719,575.8300170898438,153.75999450683594,262.010009765625,210.76976013183594,416.6700134277344,1154.3299560546875,42.97999954223633,205.10000610351562,6182.5498046875,212.93917846679688,90.33000183105469,70.33999633789062,99.49405670166016,141.9199981689453,25.5922908782959,105.22000122070312,145.4541778564453,203.929443359375,882.3400268554688,176.8240203857422,35.455081939697266,183.0800018310547,137.0,215.94000244140625,280.0,635.4500122070312,28.540000915527344,365.6562194824219,446.7099914550781,209.4285888671875,180.99000549316406,305.29998779296875,54.869998931884766,464.8500061035156,401.55157470703125,90.77129364013672,160.94888305664062,846.8661499023438,304.84619140625,22.449405670166016,212.64999389648438,49.20000076293945,160.7100067138672,178.10000610351562,140.10000610351562,456.8399963378906,397.201416015625,272.32000732421875,108.54000091552734,55.21743392944336,322.9700012207031,281.3800048828125,44.609535217285156,260.3999938964844,112.94999694824219,220.39999389648438,204.29786682128906,149.9199981689453,78.89006805419922
2026-06-08,132.43527221679688,221.4934539794922,172.35752868652344,225.0399932861328,106.4000015258789,125.8121337890625,212.52000427246094,215.02000427246094,492.1700134277344,225.6117401123047,345.7300109863281,449.3800048828125,187.31199645996094,325.8500061035156,275.0613098144531,143.38368225097656,185.87648010253906,395.9732971191406,471.05999755859375,311.44744873046875,3074.0400390625,148.94000244140625,162.3000030517578,64.60233306884766,994.77001953125,487.0,204.0358428955078,67.10867309570312,913.9445190429688,90.73126983642578,26.869274139404297,85.57938385009766,672.6799926757812,70.34232330322266,274.0799865722656,123.68729400634766,47.11000061035156,173.64999389648438,52.9900016784668,96.48268127441406,189.24000549316406,152.49000549316406,109.7300033569336,183.15003967285156,216.19000244140625,256.7103576660156,70.00892639160156,84.63999938964844,416.4554443359375,1062.739990234375,66.64768981933594,45.74895095825195,52.720001220703125,61.09987258911133,339.36639404296875,321.6390686035156,187.5399932861328,83.7699966430664,361.1700134277344,234.19265747070312,40.5,360.5973205566406,309.7099914550781,127.58999633789062,355.1421203613281,278.81988525390625,138.5354766845703,250.8707733154297,309.7147521972656,30.53251838684082,210.80599975585938,31.000242233276367,79.0297622680664,90.20211791992188,262.010009765625,302.1000061035156,501.9200134277344,520.0700073242188,484.85723876953125,135.5802764892578,391.4200134277344,766.6400146484375,79.9684829711914,83.8604507446289,553.97998046875,153.85000610351562,266.1700134277344,211.07806396484375,411.739990234375,1138.8800048828125,43.22999954223633,208.63999938964844,6191.10986328125,211.0856475830078,89.0199966430664,69.62999725341797,97.90065002441406,140.67999267578125,25.17951202392578,105.02999877929688,144.0248565673828,200.1710968017578,883.1400146484375,174.61236572265625,35.06818771362305,183.4199981689453,136.07000732421875,217.77000427246094,272.0,611.3400268554688,28.559999465942383,371.94085693359375,451.6600036621094,204.33346557617188,178.66000366210938,299.54998779296875,56.54999923706055,473.4800109863281,394.5979309082031,88.36846923828125,161.00857543945312,876.1453247070312,300.7271728515625,22.202709197998047,205.61000061035156,48.83000183105469,159.75,178.42999267578125,140.89999389648438,458.9200134277344,404.2610778808594,268.6700134277344,107.69999694824219,54.88032150268555,319.0772399902344,269.9800109863281,44.67836380004883,259.6300048828125,111.25,216.13999938964844,201.816162109375,151.75,78.27435302734375
2026-06-09,135.21990966796875,223.8268280029297,171.408935546875,224.0800018310547,107.98999786376953,126.79466247558594,217.0500030517578,217.17999267578125,499.2099914550781,229.4559783935547,344.57000732421875,449.19000244140625,189.025634765625,331.5899963378906,281.23297119140625,153.83792114257812,185.12350463867188,391.5403137207031,452.510009765625,317.5108642578125,3137.75,152.0399932861328,163.99000549316406,63.31706619262695,1011.9600219726562,487.7699890136719,212.2080535888672,70.98473358154297,913.0062866210938,91.50227355957031,27.585521697998047,87.29953002929688,669.22998046875,72.04854583740234,279.57000732421875,119.91141510009766,47.279998779296875,179.8699951171875,52.939998626708984,96.46279907226562,186.75999450683594,155.6699981689453,112.4800033569336,188.0199432373047,220.97000122070312,263.72125244140625,70.42400360107422,86.55999755859375,422.7099914550781,1059.8399658203125,67.16234588623047,46.32578659057617,54.029998779296875,62.71827697753906,344.165283203125,330.02862548828125,173.94000244140625,83.76000213623047,362.2900085449219,236.8011016845703,39.619998931884766,374.150146484375,321.3299865722656,128.97000122070312,362.3251647949219,275.51361083984375,141.03619384765625,255.00572204589844,311.2976379394531,31.257354736328125,213.93699645996094,31.04977798461914,80.81820678710938,92.0113296508789,271.239990234375,308.1700134277344,515.5900268554688,530.1300048828125,494.41119384765625,137.3201446533203,393.6099853515625,784.22998046875,81.2469482421875,85.04312896728516,572.25,156.38999938964844,258.1499938964844,209.0989532470703,403.4100036621094,1162.7900390625,44.650001525878906,208.19000244140625,6406.56982421875,205.0964813232422,89.48999786376953,71.2699966430664,99.24663543701172,142.77999877929688,25.258136749267578,106.66000366210938,147.5684051513672,200.04116821289062,905.530029296875,177.0223846435547,35.46500015258789,179.0,136.97000122070312,205.4199981689453,282.260009765625,616.1799926757812,28.600000381469727,390.2062072753906,460.4700012207031,209.56817626953125,181.55999755859375,310.54998779296875,55.849998474121094,465.2699890136719,401.91107177734375,90.22520446777344,162.4414520263672,845.4072265625,313.1739501953125,22.40993309020996,210.91000366210938,49.43000030517578,164.8699951171875,179.4600067138672,145.6199951171875,470.760009765625,410.6545715332031,271.2799987792969,107.87000274658203,55.54463577270508,324.4472351074219,279.0,45.012664794921875,265.7699890136719,113.0999984741211,221.3000030517578,212.4606170654297,148.91000366210938,81.63095092773438
2026-06-10,131.36732482910156,223.3601531982422,168.47422790527344,221.27999877929688,108.7699966430664,127.558837890625,220.13999938964844,223.33999633789062,497.010009765625,221.44798278808594,337.7300109863281,450.6199951171875,190.67984008789062,336.3299865722656,274.80291748046875,148.99522399902344,184.86590576171875,371.51202392578125,447.5899963378906,312.484619140625,3110.050048828125,147.7899932861328,160.63999938964844,62.78901290893555,1010.6799926757812,483.67999267578125,215.83016967773438,67.72645568847656,854.5746459960938,92.30292510986328,25.85458755493164,89.43726348876953,630.52001953125,72.87191009521484,281.239990234375,118.35723114013672,46.40999984741211,180.39999389648438,51.810001373291016,97.4168930053711,189.8000030517578,151.0,111.18000030517578,183.2498321533203,213.75999450683594,256.29150390625,70.66118621826172,85.38999938964844,404.55999755859375,1038.3299560546875,66.9149169921875,45.778785705566406,53.279998779296875,60.000953674316406,339.57550048828125,318.3132019042969,168.1699981689453,79.4000015258789,353.32000732421875,230.69813537597656,39.72999954223633,372.59326171875,318.9200134277344,129.25999450683594,363.6021423339844,270.4201354980469,139.82070922851562,248.6641387939453,307.75360107421875,31.475799560546875,213.56399536132812,31.545148849487305,83.05377197265625,89.31739807128906,268.6300048828125,303.0,509.1600036621094,525.02001953125,488.2615051269531,138.18019104003906,386.2300109863281,790.4400024414062,79.53240966796875,85.59967803955078,552.8699951171875,156.85000610351562,263.2799987792969,205.5286102294922,397.3599853515625,1133.030029296875,43.959999084472656,200.4199981689453,6305.0400390625,200.56224060058594,90.45999908447266,69.66000366210938,100.05818176269531,144.32000732421875,25.15985679626465,109.20999908447266,147.94558715820312,204.10935974121094,875.5999755859375,181.44570922851562,35.58000183105469,181.72000122070312,135.0800018310547,191.1999969482422,268.7300109863281,601.6500244140625,28.579999923706055,375.5121154785156,440.07000732421875,211.97116088867188,177.41000366210938,303.9100036621094,55.5099983215332,460.5400085449219,403.3869323730469,90.38406372070312,160.99862670898438,815.4085693359375,308.0177307128906,22.90332794189453,202.0,49.7599983215332,167.66000366210938,185.5500030517578,140.9199981689453,449.1199951171875,405.1460266113281,267.0299987792969,103.26000213623047,56.32793426513672,322.3611145019531,272.6700134277344,46.163055419921875,256.5199890136719,114.01000213623047,224.27999877929688,206.2513427734375,150.6199951171875,80.72725677490234
2026-06-11,129.30130004882812,223.18142700195312,165.52964782714844,205.57000732421875,108.25,127.50921630859375,220.89999389648438,219.57000732421875,552.6400146484375,225.87136840820312,354.05999755859375,450.3800048828125,187.52000427246094,335.1700134277344,276.4029846191406,152.2303466796875,182.65650939941406,384.9607238769531,446.20001220703125,317.62054443359375,3081.6201171875,147.35000610351562,163.58999633789062,63.2473258972168,1016.5800170898438,485.7900085449219,220.67962646484375,69.4901123046875,895.9678955078125,90.97838592529297,27.973491668701172,88.88046264648438,655.6900024414062,72.26679229736328,281.4800109863281,121.37593841552734,47.369998931884766,181.8800048828125,51.18000030517578,99.86176300048828,185.82000732421875,154.58999633789062,114.37000274658203,180.4156951904297,218.52999877929688,262.9134521484375,71.49132537841797,88.0199966430664,399.17999267578125,1043.1800537109375,65.96479034423828,46.13682174682617,53.060001373291016,59.78116989135742,357.2875061035156,332.3457336425781,176.5500030517578,80.8499984741211,356.55999755859375,237.52789306640625,39.7599983215332,377.7529296875,326.010009765625,128.39999389648438,367.82220458984375,272.8924255371094,138.46572875976562,252.91836547851562,312.0840759277344,31.009122848510742,241.16400146484375,31.06959342956543,82.00057983398438,94.38716125488281,265.2699890136719,312.1700134277344,515.4400024414062,548.6799926757812,485.6958312988281,136.51942443847656,396.8900146484375,787.1900024414062,79.61170196533203,87.04075622558594,565.5399780273438,157.91000366210938,260.80999755859375,211.4957733154297,390.3399963378906,1141.25,45.959999084472656,204.8699951171875,6479.7001953125,183.4617462158203,90.0999984741211,70.12999725341797,98.24703979492188,143.72999572753906,25.720056533813477,109.69000244140625,147.2408447265625,202.1702117919922,902.3699951171875,179.2836456298828,35.459999084472656,178.10000610351562,118.38999938964844,202.9600067138672,287.9599914550781,611.47998046875,28.889999389648438,392.3409729003906,457.5899963378906,207.4443817138672,184.2100067138672,316.8900146484375,56.0,456.2900085449219,391.0501403808594,90.89044189453125,164.0335235595703,867.4714965820312,304.8262634277344,22.696102142333984,207.74000549316406,50.68000030517578,168.33999633789062,185.82000732421875,145.38999938964844,460.1400146484375,403.2468566894531,268.2799987792969,108.6500015258789,57.14097595214844,318.4583740234375,280.19000244140625,46.153221130371094,262.0899963378906,113.06999969482422,218.7899932861328,218.0120849609375,146.60000610351562,80.83649444580078
2026-06-12,129.5907440185547,226.12049865722656,168.2568359375,198.42999267578125,109.0,128.2535400390625,218.69000244140625,221.6300048828125,567.25,226.7799835205078,355.20001220703125,459.1300048828125,187.17999267578125,335.30999755859375,279.8813781738281,153.5683135986328,185.3018341064453,381.4662780761719,441.7300109863281,324.55157470703125,3116.300048828125,146.24000549316406,164.94000244140625,62.9085693359375,1032.0,489.25,223.36378479003906,69.65950775146484,908.8839111328125,91.09700775146484,29.02796745300293,88.94011688232422,659.5800170898438,72.98102569580078,281.6700134277344,120.6486587524414,47.56999969482422,176.27999877929688,52.16999816894531,101.33264923095703,187.22000122070312,150.5800018310547,113.83000183105469,179.72714233398438,217.42999267578125,264.6886291503906,72.09416961669922,89.68000030517578,404.07000732421875,1055.8499755859375,66.64768981933594,46.31584167480469,53.779998779296875,60.080875396728516,358.6415710449219,334.8825378417969,179.1999969482422,81.5,358.1600036621094,237.0500030517578,39.599998474121094,386.40557861328125,328.3900146484375,129.6199951171875,378.3274230957031,270.3009948730469,140.00999450683594,255.88043212890625,319.28167724609375,31.485727310180664,254.5399932861328,31.644222259521484,82.09000396728516,89.76473236083984,266.1600036621094,307.7900085449219,523.5700073242188,540.3300170898438,489.1600341796875,137.33990478515625,402.5400085449219,784.0499877929688,79.48285675048828,88.2929916381836,577.3300170898438,158.32000732421875,263.5799865722656,212.8682098388672,390.739990234375,1131.489990234375,44.93000030517578,205.19000244140625,6374.93017578125,183.49163818359375,91.0199966430664,70.75,99.59302520751953,144.27000427246094,25.759366989135742,111.12000274658203,148.50143432617188,203.0198516845703,903.47998046875,182.78460693359375,35.849998474121094,179.4499969482422,113.68000030517578,211.72000122070312,294.3800048828125,612.1400146484375,29.270000457763672,402.9949645996094,459.3399963378906,209.29898071289062,183.52999877929688,317.29998779296875,56.18000030517578,453.8900146484375,396.31976318359375,91.63512420654297,166.7997589111328,930.3765869140625,311.3687744140625,23.2684383392334,210.3800048828125,51.65999984741211,168.41000366210938,189.10000610351562,147.4199981689453,458.25,406.20001220703125,272.70001220703125,108.0999984741211,58.439857482910156,321.7922058105469,286.4700012207031,47.303611755371094,265.20001220703125,113.44000244140625,219.4499969482422,222.7960968017578,147.00999450683594,79.0191650390625
2026-06-15,130.33929443359375,220.02389526367188,163.39529418945312,198.60000610351562,109.56999969482422,128.33294677734375,215.74000549316406,221.80999755859375,585.780029296875,230.4499969482422,350.5299987792969,459.8800048828125,185.75999450683594,329.510009765625,281.2131042480469,158.35110473632812,182.775390625,393.3175048828125,443.2099914550781,334.4644470214844,3105.47998046875,145.52000427246094,174.63999938964844,62.23106384277344,1042.8699951171875,495.5199890136719,225.90823364257812,70.87512969970703,932.20068359375,88.73999786376953,29.963069915771484,90.06368255615234,679.7100219726562,73.06038665771484,281.42999267578125,119.72212219238281,47.38999938964844,174.74000549316406,50.81999969482422,100.06053161621094,180.39999389648438,168.08999633789062,112.5,180.72506713867188,220.6699981689453,267.8500061035156,71.2936782836914,90.0,401.8900146484375,1064.3800048828125,65.49961853027344,45.84840393066406,47.90999984741211,60.22073745727539,357.95458984375,341.83392333984375,187.8800048828125,84.06999969482422,367.1099853515625,238.1699981689453,38.18000030517578,389.19000244140625,329.82000732421875,129.82000732421875,379.364990234375,266.796142578125,140.10000610351562,260.92987060546875,317.96759033203125,31.545305252075195,256.4200134277344,31.16866683959961,80.91000366210938,89.21798706054688,265.0299987792969,304.1700134277344,521.47998046875,530.3599853515625,489.81890869140625,135.7582244873047,400.6300048828125,779.780029296875,79.66124725341797,87.1202621459961,588.8900146484375,158.22999572753906,250.86000061035156,216.78663635253906,399.760009765625,1154.469970703125,45.20000076293945,212.4499969482422,6335.0,191.97213745117188,90.26000213623047,71.80999755859375,99.86024475097656,146.25,25.552978515625,110.58999633789062,149.3451385498047,203.40966796875,918.8599853515625,180.31507873535156,36.16999816894531,173.25999450683594,114.8499984741211,220.80999755859375,313.6700134277344,614.97998046875,28.600000381469727,411.3544921875,463.57000732421875,207.48426818847656,183.63999938964844,320.239990234375,53.709999084472656,454.3800048828125,401.2015075683594,91.27767944335938,166.54103088378906,1018.0740966796875,307.1201171875,22.982271194458008,216.13999938964844,48.47999954223633,167.3300018310547,188.86000061035156,150.99000549316406,472.5400085449219,411.0400085449219,267.32000732421875,108.83000183105469,57.299617767333984,323.21954345703125,292.989990234375,46.281044006347656,268.8900146484375,114.0,216.94000244140625,222.54693603515625,140.9199981689453,79.39653015136719
2026-06-16,128.09361267089844,220.89767456054688,163.55340576171875,201.3800048828125,110.4800033569336,128.76962280273438,215.89999389648438,223.08999633789062,568.22998046875,231.89999389648438,347.8399963378906,471.3299865722656,184.47000122070312,331.45001220703125,278.7484130859375,158.57077026367188,183.02308654785156,376.1147155761719,435.3900146484375,339.809814453125,3127.7900390625,145.16000366210938,175.72000122070312,61.29450988769531,1052.22998046875,494.95001220703125,227.22537231445312,70.89506530761719,943.7093505859375,88.12999725341797,30.73900604248047,90.14322662353516,699.969970703125,73.43733978271484,281.4599914550781,119.12435913085938,46.900001525878906,176.7100067138672,51.04999923706055,100.10028076171875,180.11000061035156,170.02999877929688,110.16999816894531,180.97454833984375,222.6300048828125,273.8699951171875,71.21461486816406,87.58000183105469,397.79998779296875,1094.6800537109375,65.71735382080078,45.79867935180664,49.83000183105469,61.369606018066406,362.5145263671875,351.2921142578125,177.4199981689453,82.51000213623047,371.1000061035156,234.9600067138672,37.20000076293945,396.92999267578125,337.0899963378906,131.02000427246094,368.62030029296875,268.8811950683594,141.27999877929688,264.18017578125,329.6549377441406,31.773677825927734,237.3300018310547,31.148853302001953,80.27999877929688,89.24781036376953,264.760009765625,310.45001220703125,518.1699829101562,535.9500122070312,500.4909973144531,134.87841796875,399.1000061035156,785.4299926757812,80.59284210205078,86.86186218261719,603.5700073242188,161.6300048828125,250.47000122070312,219.62103271484375,393.8299865722656,1151.5699462890625,45.040000915527344,207.41000366210938,6437.580078125,187.6770782470703,90.68000030517578,73.51000213623047,99.24663543701172,146.1199951171875,25.5922908782959,111.16999816894531,151.360107421875,204.56915283203125,938.510009765625,182.5465850830078,36.380001068115234,172.0,118.18000030517578,214.07000732421875,312.8399963378906,614.72998046875,29.0,405.7582092285156,466.30999755859375,208.42152404785156,186.77000427246094,322.44000244140625,53.06999969482422,448.3800048828125,409.886474609375,91.11880493164062,170.44161987304688,1030.6051025390625,309.7530822753906,22.853988647460938,217.0,49.130001068115234,166.32000732421875,184.36000061035156,149.38999938964844,475.3399963378906,407.6499938964844,267.45001220703125,110.0199966430664,58.390281677246094,332.5022888183594,300.8299865722656,45.946739196777344,272.1199951171875,114.66999816894531,218.58999633789062,226.42398071289062,141.86000061035156,78.78083038330078
2026-06-17,124.09131622314453,219.66644287109375,154.15638732910156,193.07000732421875,108.91999816894531,127.30081176757812,216.08999633789062,221.66000366210938,592.9199829101562,231.27000427246094,341.6600036621094,471.9700012207031,181.08999633789062,326.69000244140625,280.01055908203125,160.8673095703125,177.97021484375,392.2791442871094,423.010009765625,339.6103820800781,3059.6298828125,141.61000061035156,171.6300048828125,59.849822998046875,1057.3800048828125,491.2799987792969,225.7884979248047,69.24100494384766,954.14990234375,85.7699966430664,29.75416374206543,90.06368255615234,717.780029296875,72.72310638427734,277.0899963378906,116.89270782470703,45.56999969482422,169.63999938964844,48.81999969482422,98.54988861083984,177.5800018310547,165.66000366210938,105.72000122070312,177.39198303222656,220.7899932861328,269.05999755859375,70.06822204589844,82.45999908447266,391.2699890136719,1088.52001953125,63.96554946899414,44.63506317138672,48.77000045776367,60.62034606933594,361.2401123046875,356.58551025390625,175.39999389648438,79.58000183105469,362.1000061035156,231.88999938964844,36.22999954223633,388.1600036621094,327.4800109863281,129.63999938964844,361.14794921875,260.4814453125,134.58999633789062,260.5322570800781,331.9645080566406,30.671527862548828,238.72999572753906,31.039871215820312,79.93000030517578,85.96737670898438,259.55999755859375,313.1700134277344,515.8499755859375,532.3200073242188,492.1649475097656,131.58653259277344,394.6099853515625,779.7999877929688,77.44127655029297,85.32140350341797,591.0800170898438,159.22999572753906,244.61000061035156,223.7284393310547,378.9100036621094,1129.530029296875,44.189998626708984,204.64999389648438,6275.93994140625,182.8937225341797,88.4000015258789,72.72000122070312,96.57445526123047,141.58999633789062,25.474353790283203,110.22000122070312,149.44439697265625,204.32925415039062,945.969970703125,177.96456909179688,35.33000183105469,167.1699981689453,116.94000244140625,212.97000122070312,301.4700012207031,607.9299926757812,28.649999618530273,402.8652648925781,458.69000244140625,206.82618713378906,192.5800018310547,313.79998779296875,50.33000183105469,461.739990234375,395.4777526855469,89.6095962524414,170.25257873535156,1065.310302734375,300.3382263183594,22.143503189086914,212.1999969482422,48.16999816894531,164.1300048828125,181.30999755859375,145.8699951171875,472.510009765625,399.5299987792969,258.04998779296875,105.12999725341797,57.41859817504883,329.76739501953125,294.82000732421875,45.071659088134766,271.8599853515625,112.54000091552734,215.85000610351562,220.41404724121094,140.74000549316406,76.72515869140625
2026-06-18,126.81607818603516,214.95994567871094,126.45942687988281,193.82000732421875,108.66999816894531,126.72518920898438,214.05999755859375,221.1699981689453,617.1099853515625,237.4199981689453,337.6000061035156,467.42999267578125,176.0500030517578,317.739990234375,278.4800720214844,163.7130126953125,175.6815643310547,410.70001220703125,423.3999938964844,337.0773010253906,3064.47998046875,143.97999572753906,171.77999877929688,58.19590759277344,1050.0899658203125,489.4599914550781,221.28829956054688,71.55269622802734,983.9945678710938,82.05000305175781,30.709163665771484,88.96995544433594,716.8599853515625,72.79254150390625,271.8299865722656,119.09447479248047,45.630001068115234,170.85000610351562,43.70000076293945,97.71504974365234,173.6300048828125,173.4600067138672,109.11000061035156,176.80320739746094,223.57000732421875,269.1199951171875,71.0466079711914,84.80999755859375,388.5,1092.18994140625,63.43109893798828,45.639549255371094,47.86000061035156,60.96999740600586,348.476318359375,357.19476318359375,194.9199981689453,79.29000091552734,367.4599914550781,234.1999969482422,34.93000030517578,375.1700134277344,334.2799987792969,128.25,359.8011169433594,247.32582092285156,133.8800048828125,262.5003356933594,323.761474609375,30.542448043823242,259.55999755859375,31.29746437072754,79.38999938964844,89.19811248779297,255.82000732421875,294.82000732421875,512.1500244140625,510.95001220703125,488.9703369140625,130.98350524902344,396.20001220703125,750.6300048828125,78.63054656982422,85.05307006835938,609.1199951171875,160.60000610351562,242.91000366210938,221.94822692871094,379.3999938964844,1144.8399658203125,45.20000076293945,210.69000244140625,6490.93017578125,183.6510772705078,86.83999633789062,73.2699966430664,97.22765350341797,142.02000427246094,24.776559829711914,109.56999969482422,149.26573181152344,204.779052734375,953.27001953125,176.93312072753906,35.380001068115234,166.13999938964844,114.75,226.11000061035156,312.510009765625,609.9400024414062,28.6200008392334,412.0029296875,473.7900085449219,204.34344482421875,185.60000610351562,320.7900085449219,48.09000015258789,455.510009765625,388.7606506347656,90.04647827148438,167.47637939453125,1069.4674072265625,306.98046875,21.71918296813965,217.63999938964844,48.33000183105469,163.80999755859375,181.6699981689453,143.5,483.3999938964844,400.9599914550781,256.8800048828125,104.86000061035156,57.646644592285156,326.6331787109375,302.8399963378906,44.609535217285156,273.8299865722656,112.16999816894531,214.60000610351562,226.16485595703125,137.80999755859375,78.16511535644531
2026-06-22,126.2471694946289,228.38438415527344,123.34685516357422,187.72000122070312,109.69999694824219,129.3154754638672,209.0800018310547,222.55999755859375,640.1799926757812,241.5500030517578,344.7200012207031,471.4100036621094,176.42999267578125,313.6300048828125,281.3621520996094,165.7100067138672,178.22781372070312,392.1300048828125,410.0299987792969,337.1471252441406,2949.06005859375,140.7100067138672,167.77000427246094,58.933197021484375,1051.739990234375,488.69000244140625,222.25619506835938,71.5925521850586,1020.3870849609375,83.12000274658203,30.032705307006836,88.16456604003906,724.9299926757812,73.20919036865234,271.2799987792969,121.07705688476562,46.20000076293945,169.4499969482422,41.83000183105469,100.67671966552734,175.05999755859375,172.0800018310547,105.56999969482422,177.8210906982422,229.39999389648438,269.3399963378906,71.35296630859375,84.52999877929688,394.82000732421875,1115.93994140625,64.06452941894531,45.86829376220703,47.18000030517578,61.66999816894531,341.8554382324219,354.6778869628906,209.8300018310547,80.43000030517578,348.7799987792969,236.33999633789062,35.16999816894531,376.989990234375,326.6199951171875,129.5,359.8709716796875,250.423583984375,131.33999633789062,263.7130126953125,329.993408203125,30.651670455932617,269.1600036621094,31.951351165771484,79.52999877929688,86.92168426513672,254.42999267578125,285.8299865722656,516.7100219726562,493.6000061035156,483.2798767089844,130.6177520751953,384.19000244140625,744.8499755859375,78.56117248535156,87.0208740234375,609.8800048828125,163.22000122070312,247.2899932861328,225.8467559814453,367.3399963378906,1164.0699462890625,43.189998626708984,208.64999389648438,6352.5498046875,174.4630584716797,85.62999725341797,72.4800033569336,94.94145965576172,140.7100067138672,24.64879608154297,111.2300033569336,146.58572387695312,207.28794860839844,962.1400146484375,171.74612426757812,35.59000015258789,168.41000366210938,115.0,221.89999389648438,309.3599853515625,612.5,28.75,409.91802978515625,478.0799865722656,203.76512145996094,181.8300018310547,316.8999938964844,47.95000076293945,464.5799865722656,385.4209899902344,90.96987915039062,172.84963989257812,1093.260498046875,303.8787841796875,21.807994842529297,212.69000244140625,48.7599983215332,164.1699981689453,180.05999755859375,149.1999969482422,491.5899963378906,406.67999267578125,259.9100036621094,107.23999786376953,58.182064056396484,325.994384765625,304.3900146484375,44.59970474243164,276.75,113.04000091552734,213.30999755859375,225.30772399902344,138.47000122070312,75.36463928222656
2026-06-23,126.42682647705078,233.10081481933594,125.5009536743164,188.77999877929688,111.69999694824219,132.72947692871094,215.77999877929688,231.5500030517578,585.8800048828125,234.0800018310547,347.010009765625,466.1099853515625,179.3800048828125,320.739990234375,280.7062683105469,158.6999969482422,180.5561065673828,380.1499938964844,433.0400085449219,336.85791015625,3046.4599609375,143.9199981689453,168.94000244140625,58.46492004394531,1015.3300170898438,492.80999755859375,228.41278076171875,70.49649047851562,982.41748046875,84.33000183105469,28.570363998413086,90.9088363647461,699.0499877929688,74.72693634033203,281.1000061035156,120.69847106933594,46.15999984741211,168.8000030517578,40.95000076293945,100.94505310058594,175.97999572753906,171.52000427246094,103.62999725341797,178.59947204589844,223.5399932861328,268.6600036621094,72.08429718017578,83.76000213623047,395.1000061035156,1115.9300537109375,65.02455139160156,45.351131439208984,47.29999923706055,60.34000015258789,348.80487060546875,356.0262145996094,194.07000732421875,78.94999694824219,346.0799865722656,236.41000366210938,35.11000061035156,386.9200134277344,324.45001220703125,131.3300018310547,358.2846984863281,263.0530090332031,133.0,260.06512451171875,332.6414794921875,30.651670455932617,244.49000549316406,32.23866653442383,80.30999755859375,86.83221435546875,258.5899963378906,293.7699890136719,512.260009765625,503.6700134277344,487.2532043457031,132.35760498046875,386.8299865722656,763.9099731445312,79.90901184082031,87.48797607421875,604.1799926757812,161.83999633789062,248.52000427246094,224.79257202148438,373.94000244140625,1156.6400146484375,42.380001068115234,200.0399932861328,6389.56982421875,164.58740234375,87.54000091552734,71.75,96.98023223876953,142.0500030517578,24.294984817504883,112.36000061035156,149.74217224121094,215.59426879882812,947.5800170898438,177.2207489013672,36.290000915527344,170.33999633789062,112.33000183105469,204.1300048828125,309.5299987792969,618.030029296875,29.290000915527344,406.017578125,456.3599853515625,208.4913330078125,186.38999938964844,322.8999938964844,47.790000915527344,461.5,378.5809020996094,91.63512420654297,172.86953735351562,1037.8499755859375,309.17462158203125,22.50861358642578,203.0500030517578,49.66999816894531,164.35000610351562,184.57000732421875,150.52999877929688,474.3399963378906,409.25,258.6099853515625,105.83000183105469,59.54043960571289,327.87091064453125,299.0899963378906,45.946739196777344,270.260009765625,114.13999938964844,218.83999633789062,225.387451171875,139.72999572753906,76.30805969238281
2026-06-24,131.37730407714844,233.2299041748047,127.61551666259766,192.61000061035156,113.31999969482422,133.9402618408203,220.75999450683594,233.5399932861328,588.969970703125,235.3800048828125,351.42999267578125,460.95001220703125,174.4600067138672,325.4800109863281,277.00921630859375,162.77999877929688,181.90353393554688,382.07000732421875,456.7300109863281,341.6248474121094,3087.77001953125,147.77000427246094,181.25,56.1733512878418,982.5999755859375,494.80999755859375,232.50387573242188,73.79463195800781,992.6085815429688,82.13999938964844,28.759374618530273,91.35626220703125,694.8699951171875,75.87764739990234,284.4700012207031,119.28376770019531,46.060001373291016,170.92999267578125,41.439998626708984,101.24320983886719,171.4499969482422,177.92999267578125,105.69999694824219,188.47897338867188,224.30999755859375,276.2900085449219,73.34927368164062,83.2699966430664,384.0,1095.0,65.5392074584961,46.007530212402344,48.189998626708984,60.38999938964844,342.8112487792969,365.42449951171875,205.8300018310547,78.94999694824219,345.0400085449219,240.02000427246094,33.900001525878906,387.760009765625,342.8599853515625,132.32000732421875,360.788818359375,261.08709716796875,130.02000427246094,262.0928039550781,331.95458984375,31.177921295166016,240.47999572753906,32.288204193115234,80.5999984741211,92.39901733398438,265.17999267578125,287.2699890136719,515.72998046875,491.6400146484375,493.5826110839844,132.88153076171875,383.55999755859375,766.5499877929688,79.41348266601562,84.07909393310547,616.6199951171875,165.91000366210938,246.50999450683594,218.65634155273438,365.4599914550781,1203.1800537109375,41.81999969482422,199.0,6764.830078125,156.98385620117188,87.81999969482422,72.62999725341797,95.30764770507812,142.27000427246094,23.626678466796875,106.69999694824219,150.91342163085938,220.40213012695312,961.0900268554688,177.30999755859375,36.91999816894531,168.63999938964844,112.93000030517578,197.41000366210938,320.95001220703125,623.4299926757812,29.489999771118164,413.2398986816406,460.3699951171875,212.95828247070312,185.05999755859375,333.1300048828125,46.61000061035156,463.92999267578125,380.6528015136719,92.07200622558594,168.0336151123047,993.25,312.8448181152344,22.07442855834961,198.5500030517578,49.790000915527344,165.1699981689453,180.7899932861328,149.75,483.1499938964844,405.79998779296875,259.9599914550781,106.13999938964844,59.59992980957031,331.61395263671875,307.2900085449219,44.91434097290039,272.4800109863281,115.61000061035156,223.25999450683594,234.8757781982422,136.89999389648438,77.62885284423828
2026-06-25,135.24984741210938,241.4215850830078,124.32508850097656,189.72999572753906,114.52999877929688,135.96484375,217.86000061035156,231.60000610351562,668.0,240.9499969482422,352.82000732421875,453.2900085449219,168.72000122070312,315.95001220703125,278.2017822265625,165.14999389648438,184.41015625,378.9100036621094,444.7300109863281,341.5251159667969,3059.0400390625,151.3800048828125,177.0500030517578,56.73129653930664,971.9199829101562,487.80999755859375,234.24009704589844,75.7276840209961,1055.052734375,79.52999877929688,28.311717987060547,90.54093933105469,727.5900268554688,76.4827651977539,286.95001220703125,118.52659606933594,47.439998626708984,169.08999633789062,39.150001525878906,104.01604461669922,172.24000549316406,176.91000366210938,102.58999633789062,192.80999755859375,230.72999572753906,281.20001220703125,73.87305450439453,81.5,387.32000732421875,1087.6099853515625,66.47943878173828,46.6639289855957,47.529998779296875,61.72999954223633,343.1896057128906,370.89764404296875,228.00999450683594,78.52999877929688,342.19000244140625,235.41000366210938,34.66999816894531,386.94000244140625,345.0,130.3699951171875,375.114990234375,256.43048095703125,124.48999786376953,268.9711608886719,333.6170654296875,32.290000915527344,258.79998779296875,32.70431137084961,80.41999816894531,93.30362701416016,266.3399963378906,288.5199890136719,522.280029296875,505.0199890136719,488.101806640625,136.49964904785156,378.9100036621094,763.8099975585938,79.79999542236328,84.1089096069336,628.9400024414062,167.97000122070312,253.55999755859375,219.8298797607422,352.8299865722656,1243.4200439453125,40.900001525878906,195.74000549316406,6814.43994140625,151.9314422607422,86.9000015258789,73.62999725341797,95.72332000732422,139.52000427246094,23.263038635253906,105.44000244140625,147.399658203125,215.44432067871094,989.9099731445312,178.92999267578125,37.0,171.75999450683594,112.55000305175781,204.89999389648438,322.6499938964844,620.1400146484375,29.979999542236328,409.1099853515625,479.3900146484375,212.87852478027344,186.58999633789062,339.0799865722656,47.41999816894531,455.0199890136719,373.83160400390625,93.43000030517578,168.67044067382812,1025.3599853515625,315.2683410644531,22.12376594543457,200.07000732421875,50.66999816894531,155.19000244140625,181.57000732421875,146.0,503.4599914550781,415.5299987792969,267.7300109863281,109.30999755859375,60.69059371948242,329.9071044921875,312.9700012207031,45.29780197143555,282.45001220703125,117.06999969482422,223.0800018310547,239.26112365722656,137.5500030517578,77.28128051757812
2026-06-26,135.74888610839844,251.55943298339844,127.44754028320312,196.25999450683594,118.31999969482422,137.64207458496094,226.00999450683594,239.61000061035156,626.8400268554688,237.52000427246094,358.3299865722656,452.80999755859375,175.58999633789062,328.69000244140625,276.07501220703125,163.72000122070312,188.36328125,365.0199890136719,464.8299865722656,339.43084716796875,3128.699951171875,155.9199981689453,181.4600067138672,56.352691650390625,964.7100219726562,498.6600036621094,237.40321350097656,73.3263168334961,995.6229858398438,82.62000274658203,28.918540954589844,91.54518127441406,685.8699951171875,78.1790771484375,286.1300048828125,113.3459701538086,47.65999984741211,171.89999389648438,40.029998779296875,103.69800567626953,171.05999755859375,183.08999633789062,104.55999755859375,196.19000244140625,225.9600067138672,283.6499938964844,74.78226470947266,80.54000091552734,395.17999267578125,1091.300048828125,67.67699432373047,46.84294509887695,49.45000076293945,61.47999954223633,345.1907653808594,368.5406188964844,221.0500030517578,78.0999984741211,334.69000244140625,232.50999450683594,34.209999084472656,391.67999267578125,348.8599853515625,133.88999938964844,383.8399963378906,269.6953430175781,123.86000061035156,266.0985412597656,327.57427978515625,33.400001525878906,248.63999938964844,32.88264465332031,82.62999725341797,92.96563720703125,271.4700012207031,291.25,519.6199951171875,507.3999938964844,498.18487548828125,139.10943603515625,377.30999755859375,763.510009765625,80.9800033569336,85.42078399658203,616.0599975585938,164.00999450683594,254.05999755859375,210.8692169189453,372.9700012207031,1263.75,40.75,192.52999877929688,6828.6201171875,148.0150604248047,89.55000305175781,73.19000244140625,98.87055206298828,141.38999938964844,23.872379302978516,107.75,147.9158172607422,224.24041748046875,968.9199829101562,180.77000427246094,37.02000045776367,171.64999389648438,115.72000122070312,189.38999938964844,318.1300048828125,632.9000244140625,30.059999465942383,411.1600036621094,476.82000732421875,215.76010131835938,187.99000549316406,344.07000732421875,47.0,454.3399963378906,386.14947509765625,94.2699966430664,167.27737426757812,899.9000244140625,331.82415771484375,22.419801712036133,197.74000549316406,50.4900016784668,155.42999267578125,182.67999267578125,146.0,477.8900146484375,427.8900146484375,268.3500061035156,108.13999938964844,60.39314270019531,335.6065368652344,311.3500061035156,45.759925842285156,269.5299987792969,118.8499984741211,225.52999877929688,238.39402770996094,136.5399932861328,75.56324768066406
2026-06-29,132.5749969482422,252.5126495361328,123.25791931152344,195.24000549316406,114.58999633789062,136.92752075195312,227.1199951171875,241.3800048828125,694.6400146484375,237.72000122070312,360.54998779296875,446.7900085449219,168.6699981689453,327.57000732421875,269.6747741699219,166.4199981689453,190.86000061035156,372.45001220703125,510.6000061035156,339.9494323730469,3153.6201171875,155.19000244140625,182.41000366210938,56.103607177734375,950.1699829101562,496.0,235.7069091796875,73.1668930053711,1031.27685546875,78.62999725341797,29.03791618347168,91.87330627441406,691.0900268554688,77.30612182617188,281.6499938964844,117.2613296508789,48.0099983215332,169.0800018310547,38.7400016784668,102.94268798828125,168.47000122070312,184.82000732421875,101.27999877929688,192.77999877929688,224.0,278.6000061035156,74.5747299194336,79.37000274658203,388.0299987792969,1085.1700439453125,68.33999633789062,47.14131164550781,48.83000183105469,60.66999816894531,346.5448303222656,373.2447509765625,255.69000244140625,77.33999633789062,351.2799987792969,233.75999450683594,34.09000015258789,392.3299865722656,350.80999755859375,133.49000549316406,388.8999938964844,276.01995849609375,122.91000366210938,265.8600158691406,327.91278076171875,33.5,278.3900146484375,31.971166610717773,82.6500015258789,90.31147003173828,279.5799865722656,289.3800048828125,511.05999755859375,502.07000732421875,508.787109375,139.04022216796875,374.8800048828125,747.530029296875,80.93000030517578,85.46054077148438,581.22998046875,162.42999267578125,259.2200012207031,210.5609130859375,368.57000732421875,1258.8199462890625,41.47999954223633,194.97000122070312,6821.02978515625,147.2477264404297,90.16000366210938,72.91999816894531,98.7814712524414,138.67999267578125,23.951004028320312,108.51000213623047,147.3500213623047,219.7624053955078,963.7899780273438,182.8699951171875,36.7400016784668,174.0500030517578,113.88999938964844,188.72000122070312,321.44000244140625,631.8099975585938,30.270000457763672,397.6099853515625,482.3299865722656,214.05508422851562,187.3300018310547,344.29998779296875,46.380001068115234,447.260009765625,386.5279235839844,93.91000366210938,169.3371124267578,968.530029296875,329.6399841308594,21.531694412231445,198.3000030517578,50.58000183105469,151.22999572753906,173.97000122070312,146.55999755859375,480.3500061035156,419.82000732421875,272.70001220703125,108.01000213623047,60.76000213623047,341.0164794921875,303.82000732421875,43.36082077026367,268.29998779296875,118.44000244140625,223.3699951171875,239.37075805664062,136.05999755859375,72.74291229248047
2026-06-30,132.8300018310547,249.86151123046875,122.96148681640625,194.4199981689453,113.04000091552734,135.77627563476562,229.57000732421875,237.94000244140625,723.0,241.94000244140625,362.1199951171875,458.760009765625,163.57000732421875,331.69000244140625,291.3699951171875,176.32000732421875,188.69000244140625,377.75,560.6099853515625,337.32659912109375,3195.93994140625,151.3300018310547,178.24000549316406,55.296573638916016,961.5599975585938,500.3900146484375,237.0439910888672,73.08717346191406,1062.92822265625,75.7300033569336,28.421144485473633,91.15740966796875,713.2100219726562,75.8875732421875,282.9800109863281,117.02222442626953,47.529998779296875,170.0800018310547,38.72999954223633,102.81348419189453,165.75999450683594,184.52999877929688,99.29000091552734,190.47999572753906,224.27999877929688,278.6099853515625,73.57657623291016,78.94999694824219,386.7300109863281,1042.3900146484375,67.93000030517578,47.76787185668945,49.04999923706055,61.09000015258789,352.6877746582031,373.2647399902344,255.42999267578125,77.08000183105469,353.3299865722656,237.5399932861328,33.95000076293945,389.8900146484375,352.67999267578125,132.52000427246094,397.2200012207031,279.20709228515625,123.11000061035156,270.4700012207031,325.86199951171875,32.72999954223633,301.7099914550781,31.6739444732666,81.2699966430664,89.95360565185547,280.0,290.5899963378906,518.9400024414062,509.4599914550781,512.740478515625,137.3498077392578,370.5899963378906,755.5999755859375,78.2300033569336,84.08903503417969,576.7000122070312,161.91000366210938,255.6699981689453,207.8955841064453,373.0199890136719,1277.510009765625,41.04999923706055,200.08999633789062,6813.39990234375,146.04193115234375,92.08999633789062,71.5999984741211,97.31672668457031,135.39999389648438,23.66598892211914,107.77999877929688,145.55343627929688,218.35302734375,978.1199951171875,180.91000366210938,36.349998474121094,169.0500030517578,113.61000061035156,184.7899932861328,317.5299987792969,623.5399780273438,30.200000762939453,401.4100036621094,495.0799865722656,212.45974731445312,189.72999572753906,344.32000732421875,46.4900016784668,446.07000732421875,385.2980041503906,92.70999908447266,168.760009765625,965.0,314.8399963378906,20.42649269104004,201.61000061035156,49.81999969482422,151.5,167.72999572753906,146.3800048828125,491.1600036621094,415.6300048828125,272.0,107.5,60.400001525878906,342.45379638671875,295.010009765625,41.63032531738281,269.6000061035156,116.7699966430664,222.8800048828125,232.3242950439453,136.72000122070312,71.36254119873047
2026-07-01,133.38999938964844,249.28561401367188,129.57200622558594,199.75999450683594,112.19000244140625,134.02957153320312,239.6699981689453,243.1199951171875,650.9099731445312,237.1300048828125,361.3299865722656,479.67999267578125,166.0800018310547,343.55999755859375,306.3999938964844,172.22000122070312,190.42999267578125,369.3399963378906,593.9600219726562,347.04998779296875,3218.14990234375,152.89999389648438,182.63999938964844,53.62273025512695,980.3800048828125,499.739990234375,237.72000122070312,71.81175994873047,989.57421875,76.52999877929688,28.37140655517578,92.23125457763672,682.3200073242188,75.31221008300781,288.4200134277344,116.57390594482422,48.33000183105469,174.22999572753906,41.06999969482422,104.16511535644531,165.69000244140625,188.8699951171875,100.33000183105469,193.72000122070312,217.1699981689453,278.3699951171875,72.6377182006836,82.47000122070312,416.19000244140625,1013.6199951171875,68.62999725341797,47.48939895629883,50.72999954223633,61.79999923706055,361.2699890136719,374.47320556640625,220.6300048828125,75.5199966430664,357.8900146484375,237.63999938964844,33.0099983215332,393.239990234375,350.8399963378906,133.88999938964844,409.4200134277344,284.2112121582031,126.7300033569336,268.9700012207031,332.5718078613281,33.369998931884766,266.19000244140625,31.426258087158203,81.29000091552734,86.54393005371094,283.8800048828125,292.2300109863281,533.5499877929688,521.8200073242188,521.565673828125,138.33836364746094,368.32000732421875,768.0599975585938,79.19999694824219,86.6630859375,579.239990234375,159.9600067138672,264.8699951171875,210.7001495361328,384.2799987792969,1300.3800048828125,43.060001373291016,197.5800018310547,6643.72998046875,142.00596618652344,92.69000244140625,70.63999938964844,101.6515884399414,141.16000366210938,23.46942710876465,108.93000030517578,146.33758544921875,225.1999969482422,963.8099975585938,177.69000244140625,35.619998931884766,174.5,119.77999877929688,181.9199981689453,306.29998779296875,624.719970703125,30.799999237060547,398.0199890136719,482.82000732421875,214.0850067138672,191.77999877929688,346.04998779296875,45.09000015258789,454.5299987792969,414.9700012207031,91.37000274658203,169.6699981689453,915.1900024414062,313.3900146484375,20.20939826965332,201.44000244140625,50.88999938964844,151.35000610351562,173.05999755859375,143.99000549316406,484.5799865722656,426.5400085449219,277.7300109863281,109.54000091552734,61.959999084472656,350.4289855957031,295.0299987792969,41.28619384765625,264.0,116.22000122070312,224.0800018310547,227.39076232910156,136.27999877929688,71.94844818115234
2026-07-02,130.69000244140625,259.2248840332031,135.71810913085938,207.47999572753906,115.0199966430664,137.4634246826172,252.44000244140625,250.3300018310547,603.0399780273438,234.6199951171875,374.1499938964844,489.1600036621094,166.02999877929688,357.4599914550781,314.19000244140625,164.58999633789062,193.9600067138672,360.45001220703125,597.0399780273438,351.9599914550781,3159.280029296875,158.0800018310547,184.55999755859375,52.586544036865234,995.72998046875,507.7799987792969,238.94000244140625,69.81893157958984,961.7459106445312,76.5999984741211,27.764583587646484,94.58773803710938,661.7000122070312,77.10772705078125,296.510009765625,112.27000427246094,48.88999938964844,181.3699951171875,41.9900016784668,104.07567596435547,169.1999969482422,192.00999450683594,104.69000244140625,197.92999267578125,213.7100067138672,283.3599853515625,74.77238464355469,83.70999908447266,417.8900146484375,1002.02001953125,69.83000183105469,48.33475875854492,52.33000183105469,62.650001525878906,373.5400085449219,377.04998779296875,196.7899932861328,76.0,356.17999267578125,240.02000427246094,32.959999084472656,410.5,357.8999938964844,137.85000610351562,396.75,287.4579162597656,132.99000549316406,272.760009765625,332.9700012207031,33.29999923706055,235.5500030517578,31.763113021850586,84.13999938964844,87.68711853027344,286.9800109863281,302.07000732421875,546.6400146484375,545.9099731445312,538.4873046875,140.56260681152344,372.95001220703125,786.2999877929688,83.19000244140625,89.50547790527344,599.4199829101562,160.44000244140625,266.3500061035156,212.75880432128906,390.489990234375,1308.4300537109375,44.09000015258789,194.8300018310547,6750.7900390625,139.78370666503906,90.25,73.13999938964844,105.25408172607422,144.22000122070312,23.90186309814453,110.87000274658203,150.28810119628906,232.22000122070312,962.8900146484375,182.27000427246094,36.88999938964844,176.4199981689453,124.55000305175781,176.25,296.29998779296875,654.27001953125,30.280000686645508,398.2200012207031,471.70001220703125,217.33999633789062,199.25,352.4800109863281,45.130001068115234,437.1600036621094,439.8900146484375,93.05999755859375,170.69000244140625,820.1599731445312,326.5400085449219,20.30807876586914,197.44000244140625,50.97999954223633,154.25999450683594,177.52000427246094,144.2100067138672,478.1300048828125,425.3599853515625,282.25,110.66000366210938,61.72999954223633,361.45849609375,303.19000244140625,41.84663772583008,262.19000244140625,118.83000183105469,230.39999389648438,226.7728271484375,137.08999633789062,74.28218841552734
2026-07-06,130.60000610351562,252.95945739746094,135.33273315429688,207.5399932861328,112.98999786376953,134.95254516601562,249.77000427246094,248.3699951171875,592.7899780273438,237.13999938964844,366.44000244140625,507.5,162.11000061035156,356.9100036621094,308.8599853515625,166.80999755859375,194.35000610351562,373.8999938964844,622.3499755859375,356.0299987792969,2957.7099609375,155.5399932861328,181.02999877929688,53.0548210144043,1011.2100219726562,506.5799865722656,237.52000427246094,69.84882354736328,968.1240234375,74.91999816894531,27.366668701171875,92.85765838623047,678.239990234375,75.67925262451172,298.54998779296875,113.9800033569336,48.810001373291016,178.24000549316406,41.369998931884766,101.45191955566406,168.10000610351562,188.4600067138672,105.66999816894531,193.6199951171875,214.74000549316406,283.7200012207031,73.96199798583984,84.9000015258789,408.1700134277344,998.8400268554688,69.93000030517578,48.04634475708008,51.779998779296875,63.599998474121094,376.8800048828125,378.67999267578125,194.8000030517578,77.8499984741211,364.8999938964844,245.22000122070312,33.0,417.07000732421875,350.6499938964844,137.63999938964844,392.8599853515625,297.3866882324219,134.91000366210938,274.2699890136719,337.7200012207031,31.75,233.30999755859375,31.39653778076172,82.95999908447266,87.13043975830078,284.3900146484375,301.2699890136719,540.52001953125,538.0,532.2078247070312,139.1588592529297,379.75,784.22998046875,83.05999755859375,89.90301513671875,605.2999877929688,159.14999389648438,268.989990234375,220.88409423828125,386.739990234375,1295.56005859375,43.34000015258789,195.5500030517578,6693.66015625,143.2615966796875,84.23999786376953,73.48999786376953,104.3039779663086,143.2899932861328,23.312177658081055,112.55000305175781,148.2036590576172,231.6699981689453,971.3599853515625,184.75999450683594,36.11000061035156,177.3300018310547,124.9800033569336,186.47999572753906,287.7799987792969,649.8099975585938,30.479999542236328,396.32000732421875,482.8699951171875,214.5800018310547,201.3699951171875,349.1300048828125,45.720001220703125,442.2699890136719,447.2200012207031,92.94999694824219,175.9600067138672,868.260009765625,324.7300109863281,20.30807876586914,200.14999389648438,51.41999816894531,151.30999755859375,181.7899932861328,145.49000549316406,487.239990234375,417.989990234375,282.5899963378906,110.0199966430664,62.83000183105469,356.5875549316406,304.8399963378906,41.36484909057617,261.30999755859375,116.62999725341797,228.97999572753906,223.08514404296875,136.44000244140625,74.89788818359375
2026-07-07,131.13999938964844,252.85023498535156,140.45118713378906,212.3800048828125,114.43000030517578,136.49082946777344,254.6699981689453,251.4600067138672,554.5,231.6999969482422,368.1000061035156,507.8399963378906,165.25,359.82000732421875,305.04998779296875,158.61000061035156,195.38999938964844,370.7799987792969,640.4600219726562,349.5799865722656,3074.860107421875,156.3000030517578,181.9499969482422,54.27035140991211,1009.4299926757812,504.0,239.7100067138672,68.42394256591797,938.3792114257812,77.22000122070312,26.540992736816406,94.48831176757812,660.1400146484375,76.40340423583984,304.4800109863281,111.79000091552734,48.5099983215332,181.8300018310547,43.939998626708984,103.68807220458984,174.00999450683594,195.72000122070312,106.08000183105469,194.19000244140625,214.0500030517578,283.0799865722656,75.73999786376953,84.44000244140625,418.8500061035156,1022.9299926757812,70.1500015258789,46.8528938293457,52.709999084472656,62.54999923706055,374.6400146484375,366.9800109863281,185.3800048828125,76.02999877929688,363.6199951171875,248.67999267578125,33.790000915527344,423.1099853515625,345.2099914550781,139.63999938964844,394.6199951171875,303.9496154785156,136.4499969482422,271.0899963378906,339.2200012207031,31.489999771118164,216.47000122070312,32.18912887573242,84.05000305175781,86.225830078125,283.8599853515625,295.3999938964844,538.22998046875,535.3800048828125,530.7303466796875,140.08810424804688,380.75,807.3300170898438,83.83000183105469,91.1055679321289,594.1699829101562,158.00999450683594,266.3299865722656,220.82440185546875,388.8399963378906,1295.5899658203125,43.209999084472656,196.92999267578125,6693.68994140625,141.1090850830078,86.6500015258789,73.43000030517578,107.00584411621094,144.97999572753906,23.656160354614258,112.87999725341797,151.6181640625,234.39999389648438,957.510009765625,187.7899932861328,36.38999938964844,178.83999633789062,125.04000091552734,182.97000122070312,282.260009765625,676.22998046875,30.59000015258789,395.30999755859375,468.8999938964844,222.4600067138672,200.85000610351562,342.260009765625,46.41999816894531,436.6300048828125,443.4599914550781,94.58999633789062,179.94000244140625,827.6400146484375,329.739990234375,20.81134033203125,197.83999633789062,51.36000061035156,154.11000061035156,184.72999572753906,146.3000030517578,475.739990234375,428.19000244140625,283.1199951171875,111.95999908447266,62.88999938964844,351.54693603515625,299.8999938964844,41.87613296508789,259.19000244140625,117.68000030517578,237.2100067138672,221.74960327148438,141.69000244140625,75.76187133789062
2026-07-08,129.07000732421875,250.95375061035156,135.55999755859375,206.0399932861328,113.19000244140625,134.87315368652344,256.6099853515625,251.1699981689453,570.5,231.33999633789062,367.989990234375,490.5799865722656,165.0399932861328,357.510009765625,296.75,158.22000122070312,189.1199951171875,388.69000244140625,599.7999877929688,336.3900146484375,3070.169921875,150.55999755859375,174.2899932861328,57.368953704833984,990.3400268554688,494.7900085449219,237.14999389648438,66.50086212158203,946.324462890625,76.9000015258789,25.506410598754883,92.50965881347656,669.2100219726562,75.5800552368164,309.57000732421875,113.81999969482422,48.689998626708984,180.1699981689453,42.43000030517578,103.82720947265625,175.97000122070312,189.35000610351562,102.22000122070312,190.77000427246094,211.47000122070312,274.1199951171875,74.77999877929688,81.80000305175781,416.0799865722656,1015.969970703125,68.30999755859375,46.25616455078125,50.599998474121094,61.27000045776367,374.30999755859375,356.0299987792969,184.02999877929688,76.23999786376953,358.7099914550781,243.52999877929688,34.970001220703125,410.6099853515625,336.2099914550781,138.74000549316406,396.2900085449219,299.898681640625,137.1699981689453,265.1000061035156,330.6199951171875,30.969999313354492,221.17999267578125,32.179222106933594,83.4000015258789,83.09449768066406,277.739990234375,293.44000244140625,527.6699829101562,527.9600219726562,518.989990234375,136.28216552734375,371.1600036621094,818.6599731445312,82.01000213623047,89.54523468017578,570.0,154.6999969482422,280.67999267578125,216.87615966796875,383.3399963378906,1248.97998046875,42.88999938964844,204.1199951171875,6429.1298828125,140.00294494628906,84.9800033569336,72.06999969482422,105.4817123413086,142.50999450683594,23.636505126953125,110.73999786376953,147.30039978027344,232.89999389648438,939.1300048828125,187.07000732421875,35.9900016784668,187.80999755859375,122.61000061035156,186.55999755859375,280.95001220703125,662.8800048828125,29.81999969482422,380.3599853515625,463.6099853515625,220.4600067138672,194.91000366210938,330.57000732421875,47.43000030517578,434.5,430.7900085449219,95.33000183105469,177.4199981689453,860.02001953125,326.8500061035156,20.840944290161133,196.24000549316406,49.689998626708984,152.7899932861328,180.13999938964844,140.13999938964844,472.2900085449219,425.6000061035156,280.94000244140625,109.94000244140625,61.0,346.88555908203125,286.5899963378906,41.73847961425781,259.0,116.23999786376953,233.94000244140625,217.59349060058594,141.1300048828125,74.58010864257812
2026-07-09,133.58999633789062,248.1437530517578,139.05999755859375,208.5800018310547,111.7699966430664,132.83865356445312,253.75999450683594,248.63999938964844,588.6599731445312,232.99000549316406,363.6199951171875,500.1600036621094,165.0,355.55999755859375,295.8500061035156,162.24000549316406,189.4600067138672,401.1099853515625,582.0,346.7200012207031,3010.389892578125,150.85000610351562,175.52000427246094,56.9903450012207,1019.6799926757812,495.45001220703125,233.77000427246094,67.56702423095703,936.6524047851562,76.68000030517578,26.58078384399414,90.49122619628906,673.3900146484375,74.39958190917969,302.4599914550781,118.30999755859375,49.349998474121094,177.69000244140625,43.400001525878906,102.17742156982422,174.0500030517578,192.35000610351562,104.26000213623047,195.97999572753906,211.57000732421875,273.0299987792969,74.63999938964844,81.98999786376953,420.3900146484375,1034.8699951171875,68.08999633789062,46.09703826904297,51.650001525878906,61.150001525878906,374.6000061035156,359.0400085449219,192.3800048828125,76.6500015258789,356.239990234375,244.50999450683594,34.119998931884766,409.010009765625,338.7300109863281,138.52000427246094,397.760009765625,293.1967468261719,135.11000061035156,265.4800109863281,335.4700012207031,30.719999313354492,229.52000427246094,32.0999641418457,82.62999725341797,83.8499984741211,277.6300048828125,289.8699951171875,525.5599975585938,518.260009765625,523.2000122070312,134.44345092773438,372.4700012207031,792.8099975585938,82.38999938964844,90.5887680053711,571.9000244140625,155.33999633789062,283.29998779296875,220.91392517089844,384.3599853515625,1288.02001953125,42.779998779296875,202.77999877929688,6471.43994140625,143.72000122070312,85.12000274658203,72.0,105.1650161743164,137.86000061035156,23.833066940307617,111.66999816894531,145.7618865966797,229.52000427246094,949.1699829101562,181.1699981689453,35.65999984741211,189.82000732421875,123.79000091552734,191.11000061035156,288.0799865722656,667.9500122070312,30.579999923706055,387.5799865722656,467.4800109863281,218.69000244140625,195.1999969482422,332.0299987792969,47.2400016784668,443.3699951171875,432.9599914550781,94.62000274658203,180.16000366210938,890.0900268554688,327.1099853515625,20.762001037597656,198.91000366210938,51.369998931884766,150.89999389648438,181.47999572753906,139.92999267578125,472.0,431.67999267578125,285.0400085449219,110.73999786376953,61.900001525878906,347.5543518066406,288.7300109863281,41.53200149536133,259.7699890136719,114.88999938964844,231.6699981689453,219.0386505126953,137.4600067138672,74.56024932861328
2026-07-10,134.2899932861328,246.32667541503906,135.22999572753906,208.4499969482422,112.94000244140625,134.4066925048828,253.08999633789062,251.61000061035156,602.5,233.97999572753906,363.3900146484375,506.760009765625,168.58999633789062,356.94000244140625,299.5299987792969,159.05999755859375,191.83999633789062,399.9700012207031,565.7999877929688,350.5799865722656,3072.639892578125,151.94000244140625,178.38999938964844,57.34902572631836,1036.1099853515625,493.7099914550781,235.8000030517578,69.09154510498047,950.6464233398438,79.66000366210938,26.69021224975586,91.7142105102539,675.9500122070312,74.79637908935547,303.44000244140625,121.30999755859375,49.40999984741211,179.63999938964844,42.56999969482422,103.5091781616211,176.39999389648438,191.82000732421875,105.98999786376953,199.0500030517578,215.3300018310547,274.30999755859375,75.19999694824219,82.66000366210938,416.2300109863281,1051.2099609375,68.69000244140625,46.23627853393555,50.45000076293945,62.20000076293945,375.05999755859375,359.2699890136719,190.88999938964844,77.8499984741211,355.0299987792969,243.11000061035156,34.38999938964844,406.5899963378906,343.29998779296875,138.77999877929688,392.2200012207031,285.5118713378906,135.25999450683594,268.80999755859375,336.4700012207031,31.670000076293945,231.52000427246094,31.822553634643555,83.48999786376953,84.2699966430664,276.80999755859375,290.7699890136719,529.7899780273438,523.219970703125,526.739990234375,133.7020263671875,376.1099853515625,805.9600219726562,83.87000274658203,91.085693359375,577.719970703125,157.52000427246094,283.739990234375,221.06309509277344,385.1000061035156,1296.1700439453125,44.369998931884766,210.9600067138672,6479.39013671875,140.63999938964844,86.27999877929688,73.08999633789062,106.43182373046875,137.3800048828125,23.75444221496582,112.2300033569336,145.95046997070312,230.72000122070312,961.27001953125,181.6199951171875,35.779998779296875,188.36000061035156,124.73999786376953,189.16000366210938,285.3699951171875,664.52001953125,31.020000457763672,394.8999938964844,472.1199951171875,219.1999969482422,195.92999267578125,333.989990234375,47.7599983215332,445.5,430.5,94.19999694824219,180.22000122070312,910.3400268554688,329.7799987792969,21.1299991607666,200.36000061035156,51.66999816894531,151.33999633789062,187.61000061035156,140.72999572753906,479.70001220703125,424.6199951171875,286.9599914550781,112.47000122070312,62.40999984741211,348.3229064941406,295.25,42.119998931884766,261.2099914550781,114.95999908447266,233.3300018310547,221.01206970214844,138.8800048828125,75.03691864013672
2026-07-13,134.0399932861328,246.2472381591797,138.52000427246094,212.22000122070312,113.43000030517578,134.60519409179688,261.2300109863281,256.45001220703125,575.3900146484375,232.10000610351562,360.45001220703125,518.22998046875,169.5,367.3500061035156,301.9599914550781,155.99000549316406,194.52999877929688,384.04998779296875,547.030029296875,354.42999267578125,3078.97998046875,153.8300018310547,175.8000030517578,57.44865798950195,1031.56005859375,496.8500061035156,233.66000366210938,68.3641586303711,929.7451782226562,79.83999633789062,26.471357345581055,92.6786880493164,664.3900146484375,75.1435775756836,306.1300048828125,119.25,49.63999938964844,183.75,44.15999984741211,105.2484130859375,182.1999969482422,189.57000732421875,107.80000305175781,200.16000366210938,214.27000427246094,271.8500061035156,75.97000122070312,81.1500015258789,425.1700134277344,1039.530029296875,69.72000122070312,46.79322052001953,51.18000030517578,62.310001373291016,372.7799987792969,353.4200134277344,183.11000061035156,76.72000122070312,350.6700134277344,243.61000061035156,35.209999084472656,390.739990234375,337.1099853515625,140.77999877929688,406.0,288.1628723144531,137.6699981689453,271.5,334.5299987792969,31.25,222.25,31.94144630432129,84.25,82.83999633789062,276.67999267578125,288.69000244140625,524.0599975585938,520.6799926757812,537.7000122070312,134.33470153808594,362.8699951171875,812.280029296875,83.56999969482422,92.45719146728516,569.3499755859375,157.6999969482422,296.8800048828125,219.87960815429688,390.989990234375,1299.530029296875,43.7599983215332,203.52999877929688,6437.990234375,131.5399932861328,87.27999877929688,73.41999816894531,109.6087417602539,138.49000549316406,24.059110641479492,113.61000061035156,147.27061462402344,234.47999572753906,951.260009765625,180.19000244140625,36.06999969482422,198.2899932861328,125.41999816894531,183.97999572753906,288.6099853515625,663.0900268554688,31.06999969482422,374.489990234375,460.45001220703125,223.3800048828125,196.38999938964844,328.9700012207031,47.36000061035156,433.82000732421875,437.8399963378906,94.41000366210938,178.1699981689453,860.6599731445312,331.45001220703125,21.549999237060547,198.17999267578125,51.95000076293945,150.52999877929688,188.41000366210938,136.1300048828125,479.8999938964844,429.0899963378906,289.1300048828125,112.88999938964844,62.34000015258789,357.08660888671875,292.7799987792969,42.68000030517578,260.8599853515625,115.87000274658203,236.7100067138672,215.9290313720703,144.50999450683594,74.86810302734375
2026-07-14,135.1999969482422,243.0500030517578,134.55999755859375,205.9199981689453,112.94999694824219,133.92041015625,253.8300018310547,250.35000610351562,595.7000122070312,233.9600067138672,355.25,518.5999755859375,168.8300018310547,358.8900146484375,299.3999938964844,158.3699951171875,191.75,389.1099853515625,547.260009765625,355.05999755859375,3032.070068359375,150.64999389648438,174.85000610351562,57.568214416503906,1025.43994140625,491.0899963378906,230.11000061035156,69.51004028320312,931.6117553710938,79.05000305175781,26.36193084716797,90.51111602783203,675.5399780273438,74.47894287109375,302.2799987792969,117.08999633789062,49.91999816894531,184.3300018310547,43.029998779296875,105.52668762207031,181.75999450683594,187.7899932861328,106.5999984741211,199.0500030517578,214.14999389648438,269.75,76.58000183105469,80.86000061035156,426.7900085449219,1023.5399780273438,68.72000122070312,45.49037170410156,49.540000915527344,60.68000030517578,369.5,353.7300109863281,187.63999938964844,76.87000274658203,357.3299865722656,241.38999938964844,35.41999816894531,363.6000061035156,337.739990234375,138.14999389648438,406.7699890136719,215.52394104003906,137.61000061035156,272.2799987792969,342.8900146484375,30.260000228881836,230.3699951171875,32.23866653442383,83.08000183105469,83.70999908447266,275.67999267578125,290.010009765625,522.5399780273438,514.989990234375,538.02001953125,132.14999389648438,363.19000244140625,803.3699951171875,79.30000305175781,91.97021484375,573.75,156.5800018310547,303.3999938964844,226.423583984375,384.92999267578125,1314.8299560546875,42.86000061035156,211.8000030517578,6378.7998046875,127.94000244140625,85.75,72.55999755859375,108.39141082763672,135.4499969482422,23.833066940307617,112.91999816894531,144.99758911132812,226.5800018310547,964.5499877929688,175.9499969482422,36.099998474121094,201.4499969482422,122.51000213623047,178.10000610351562,283.0899963378906,656.1199951171875,30.920000076293945,368.9700012207031,469.7699890136719,220.02999877929688,193.38999938964844,328.5,47.540000915527344,425.8999938964844,438.8699951171875,93.36000061035156,183.64999389648438,878.3099975585938,311.07000732421875,21.280000686645508,200.97999572753906,51.95000076293945,150.33999633789062,187.1300048828125,135.36000061035156,483.54998779296875,425.19000244140625,288.29998779296875,113.66999816894531,62.13999938964844,355.3598327636719,291.8900146484375,42.470001220703125,262.0199890136719,115.05000305175781,234.27000427246094,219.60675048828125,145.08999633789062,73.55723571777344
2026-07-15,134.7100067138672,244.11000061035156,137.02000427246094,208.97999572753906,111.37999725341797,131.49884033203125,247.77000427246094,239.47999572753906,579.4299926757812,233.52000427246094,358.32000732421875,527.280029296875,168.6300048828125,355.1499938964844,293.69000244140625,157.0399932861328,190.2899932861328,394.2799987792969,541.1199951171875,358.44000244140625,2970.570068359375,154.8800048828125,182.8000030517578,57.0401611328125,1093.4000244140625,488.3500061035156,224.94000244140625,68.49369049072266,912.6069946289062,79.47000122070312,26.451461791992188,90.9486083984375,666.1300048828125,73.42742156982422,296.57000732421875,111.7699966430664,49.43000030517578,192.3699951171875,43.18000030517578,105.25835418701172,181.60000610351562,190.16000366210938,106.52999877929688,200.7899932861328,212.25999450683594,270.25,76.68000030517578,82.30999755859375,390.3299865722656,1022.5999755859375,68.26000213623047,45.11244583129883,50.36000061035156,60.52000045776367,365.6300048828125,360.3500061035156,174.41000366210938,77.63999938964844,370.2099914550781,241.75999450683594,35.25,378.8500061035156,341.44000244140625,134.5,407.7799987792969,209.69573974609375,139.83999633789062,271.4100036621094,346.9100036621094,30.280000686645508,224.5,31.90181541442871,82.44999694824219,85.29000091552734,271.989990234375,286.82000732421875,514.1500244140625,514.4600219726562,535.2100219726562,131.77000427246094,369.04998779296875,796.3499755859375,80.47000122070312,91.6323013305664,569.3200073242188,160.52999877929688,299.17999267578125,227.2987823486328,395.6300048828125,1316.550048828125,42.77000045776367,212.5,6497.56982421875,132.49000549316406,82.7300033569336,72.19999694824219,108.86647033691406,135.39999389648438,24.393266677856445,112.95999908447266,146.9530029296875,205.22000122070312,952.9500122070312,180.8800048828125,35.709999084472656,196.16000366210938,123.61000061035156,177.97999572753906,292.1700134277344,664.4500122070312,31.479999542236328,374.0799865722656,461.9200134277344,217.33999633789062,195.88999938964844,332.2900085449219,47.54999923706055,425.2799987792969,444.4800109863281,92.77999877929688,186.58999633789062,828.2999877929688,316.44000244140625,21.43000030517578,201.33999633789062,52.79999923706055,150.97000122070312,187.6199951171875,140.25999450683594,480.20001220703125,418.5199890136719,288.3599853515625,112.94000244140625,63.0099983215332,354.4814758300781,289.1099853515625,42.83000183105469,259.7099914550781,112.97000122070312,232.8000030517578,222.0984344482422,144.50999450683594,74.01405334472656
2026-07-16,136.10000610351562,254.38999938964844,144.61000061035156,217.05999755859375,113.0999984741211,132.12408447265625,255.92999267578125,241.86000061035156,560.9299926757812,237.3000030517578,371.5799865722656,533.2100219726562,168.9199981689453,368.6300048828125,297.2900085449219,153.13999938964844,195.5,374.45001220703125,541.75,361.57000732421875,3062.159912109375,159.92999267578125,184.61000061035156,56.332763671875,1087.050048828125,493.1199951171875,228.72000122070312,69.09154510498047,875.5457763671875,78.7300033569336,26.720056533813477,93.53378295898438,647.8300170898438,73.79446411132812,307.989990234375,109.66000366210938,50.88999938964844,206.25,44.560001373291016,105.84471893310547,183.86000061035156,186.36000061035156,109.02999877929688,205.00999450683594,217.50999450683594,275.7099914550781,78.05000305175781,82.83999633789062,372.8500061035156,1009.1400146484375,70.0,46.4152946472168,51.720001220703125,62.45000076293945,368.82000732421875,345.7300109863281,158.38999938964844,77.72000122070312,353.80999755859375,250.99000549316406,35.040000915527344,385.739990234375,348.0199890136719,136.64999389648438,386.4800109863281,217.48983764648438,141.75999450683594,282.9700012207031,343.1499938964844,31.3799991607666,219.3699951171875,32.23866653442383,84.91999816894531,86.4000015258789,281.94000244140625,284.42999267578125,520.739990234375,513.52001953125,551.5399780273438,134.86000061035156,371.1400146484375,841.3099975585938,83.55999755859375,93.12306213378906,576.9299926757812,161.77000427246094,305.8500061035156,217.17449951171875,401.1000061035156,1335.0899658203125,44.56999969482422,207.39999389648438,6701.10009765625,124.20999908447266,86.25,75.0,113.51803588867188,139.42999267578125,24.707763671875,113.12000274658203,150.37742614746094,205.8000030517578,958.3400268554688,189.83999633789062,36.380001068115234,201.32000732421875,127.36000061035156,170.61000061035156,293.95001220703125,678.9400024414062,32.400001525878906,388.1099853515625,468.6700134277344,224.50999450683594,194.36000061035156,338.1400146484375,47.08000183105469,417.0299987792969,457.3800048828125,93.1500015258789,185.66000366210938,745.489990234375,331.20001220703125,21.979999542236328,202.57000732421875,53.25,154.7899932861328,192.85000610351562,144.19000244140625,475.0,423.3800048828125,299.4200134277344,117.18000030517578,64.01000213623047,364.4629211425781,293.4700012207031,43.880001068115234,263.8900146484375,114.48999786376953,242.25,227.62001037597656,145.9499969482422,76.37757873535156
